ISO-10303-21;
HEADER;
/* Generated by software containing ST-Developer
 * from STEP Tools, Inc. (www.steptools.com) 
 */

FILE_DESCRIPTION(
/* description */ ('',
'CAx-IF Rec.Pracs.---Representation and Presentation of Product Manufa
cturing Information (PMI)---4.0---2014-10-13'),
/* implementation_level */ '2;1');

FILE_NAME(
/* name */ 'DoubleThreadHolder.step',
/* time_stamp */ '2025-03-02T00:26:59-08:00',
/* author */ (''),
/* organization */ (''),
/* preprocessor_version */ 'ST-DEVELOPER v20',
/* originating_system */ 'Autodesk Translation Framework v13.20.0.188',

/* authorisation */ '');

FILE_SCHEMA (('AP242_MANAGED_MODEL_BASED_3D_ENGINEERING_MIM_LF { 1 0 10303 442 1 1 4 }'));
ENDSEC;

DATA;
#10=MECHANICAL_DESIGN_GEOMETRIC_PRESENTATION_REPRESENTATION('',(#13),#9784);
#11=SHAPE_REPRESENTATION_RELATIONSHIP('SRR','None',#9791,#12);
#12=ADVANCED_BREP_SHAPE_REPRESENTATION('',(#14),#9783);
#13=STYLED_ITEM('',(#9801),#14);
#14=MANIFOLD_SOLID_BREP('Body1',#1232);
#15=PLANE('',#1263);
#16=PLANE('',#1269);
#17=PLANE('',#1275);
#18=PLANE('',#1276);
#19=PLANE('',#1278);
#20=PLANE('',#1284);
#21=PLANE('',#1307);
#22=PLANE('',#1313);
#23=PLANE('',#1319);
#24=PLANE('',#1320);
#25=PLANE('',#1322);
#26=PLANE('',#1328);
#27=ELLIPSE('',#1257,5.5001900585047,1.95337064627898);
#28=ELLIPSE('',#1301,5.5001900585047,1.95337064627898);
#29=CONICAL_SURFACE('',#1249,2.87496193869026,0.0174532925199433);
#30=CONICAL_SURFACE('',#1252,2.87496193869026,0.0174532925199433);
#31=CONICAL_SURFACE('',#1255,2.87496193869026,0.0174532925199433);
#32=CONICAL_SURFACE('',#1258,1.95535866910269,0.794124809657429);
#33=CONICAL_SURFACE('',#1261,1.70598766330767,0.0174532925199433);
#34=CONICAL_SURFACE('',#1264,1.95535866910269,0.794124809657429);
#35=CONICAL_SURFACE('',#1267,1.70598766330767,0.0174532925199433);
#36=CONICAL_SURFACE('',#1270,1.95535866910269,0.79412480965742);
#37=CONICAL_SURFACE('',#1273,1.70598766330767,0.0174532925199433);
#38=CONICAL_SURFACE('',#1293,2.87496193869026,0.0174532925199433);
#39=CONICAL_SURFACE('',#1296,2.87496193869026,0.0174532925199433);
#40=CONICAL_SURFACE('',#1299,2.87496193869026,0.0174532925199433);
#41=CONICAL_SURFACE('',#1302,1.95535866910269,0.794124809657429);
#42=CONICAL_SURFACE('',#1305,1.70598766330767,0.0174532925199433);
#43=CONICAL_SURFACE('',#1308,1.95535866910269,0.794124809657429);
#44=CONICAL_SURFACE('',#1311,1.70598766330767,0.0174532925199433);
#45=CONICAL_SURFACE('',#1314,1.95535866910269,0.79412480965742);
#46=CONICAL_SURFACE('',#1317,1.70598766330767,0.0174532925199433);
#47=FACE_BOUND('',#215,.T.);
#48=FACE_BOUND('',#216,.T.);
#49=FACE_BOUND('',#223,.T.);
#50=FACE_BOUND('',#227,.T.);
#51=FACE_BOUND('',#231,.T.);
#52=FACE_BOUND('',#235,.T.);
#53=FACE_BOUND('',#237,.T.);
#54=FACE_BOUND('',#239,.T.);
#55=FACE_BOUND('',#243,.T.);
#56=FACE_BOUND('',#247,.T.);
#57=FACE_BOUND('',#248,.T.);
#58=FACE_BOUND('',#250,.T.);
#59=FACE_BOUND('',#255,.T.);
#60=FACE_BOUND('',#263,.T.);
#61=FACE_BOUND('',#264,.T.);
#62=FACE_BOUND('',#271,.T.);
#63=FACE_BOUND('',#275,.T.);
#64=FACE_BOUND('',#279,.T.);
#65=FACE_BOUND('',#283,.T.);
#66=FACE_BOUND('',#285,.T.);
#67=FACE_BOUND('',#287,.T.);
#68=FACE_BOUND('',#291,.T.);
#69=FACE_BOUND('',#295,.T.);
#70=FACE_BOUND('',#296,.T.);
#71=FACE_BOUND('',#298,.T.);
#72=FACE_BOUND('',#303,.T.);
#73=CIRCLE('',#1247,0.15);
#74=CIRCLE('',#1248,184.984414293315);
#75=CIRCLE('',#1250,2.84852544838074);
#76=CIRCLE('',#1251,0.15);
#77=CIRCLE('',#1253,2.84852544838074);
#78=CIRCLE('',#1254,0.149999999999999);
#79=CIRCLE('',#1256,2.84852544838074);
#80=CIRCLE('',#1259,1.72641637900082);
#81=CIRCLE('',#1260,2.08254021990736);
#82=CIRCLE('',#1262,1.65539265027973);
#83=CIRCLE('',#1265,1.72641637900082);
#84=CIRCLE('',#1266,2.08254021990736);
#85=CIRCLE('',#1268,1.65539265027973);
#86=CIRCLE('',#1271,1.72641637900082);
#87=CIRCLE('',#1272,2.08254021990735);
#88=CIRCLE('',#1274,1.65539265027973);
#89=CIRCLE('',#1277,1.125);
#90=CIRCLE('',#1279,1.125);
#91=CIRCLE('',#1282,1.12862618806925);
#92=CIRCLE('',#1283,1.125);
#93=CIRCLE('',#1287,207.874410624193);
#94=CIRCLE('',#1291,0.15);
#95=CIRCLE('',#1292,184.984414293315);
#96=CIRCLE('',#1294,2.84852544838074);
#97=CIRCLE('',#1295,0.15);
#98=CIRCLE('',#1297,2.84852544838074);
#99=CIRCLE('',#1298,0.149999999999999);
#100=CIRCLE('',#1300,2.84852544838074);
#101=CIRCLE('',#1303,1.72641637900082);
#102=CIRCLE('',#1304,2.08254021990736);
#103=CIRCLE('',#1306,1.65539265027973);
#104=CIRCLE('',#1309,1.72641637900082);
#105=CIRCLE('',#1310,2.08254021990736);
#106=CIRCLE('',#1312,1.65539265027973);
#107=CIRCLE('',#1315,1.72641637900082);
#108=CIRCLE('',#1316,2.08254021990735);
#109=CIRCLE('',#1318,1.65539265027973);
#110=CIRCLE('',#1321,1.125);
#111=CIRCLE('',#1323,1.125);
#112=CIRCLE('',#1326,1.12862618806922);
#113=CIRCLE('',#1327,1.125);
#114=CIRCLE('',#1331,207.874410624193);
#115=B_SPLINE_SURFACE_WITH_KNOTS('',3,3,((#1639,#1640,#1641,#1642,#1643,
#1644,#1645,#1646,#1647,#1648,#1649,#1650,#1651,#1652,#1653,#1654,#1655,
#1656,#1657,#1658,#1659),(#1660,#1661,#1662,#1663,#1664,#1665,#1666,#1667,
#1668,#1669,#1670,#1671,#1672,#1673,#1674,#1675,#1676,#1677,#1678,#1679,
#1680),(#1681,#1682,#1683,#1684,#1685,#1686,#1687,#1688,#1689,#1690,#1691,
#1692,#1693,#1694,#1695,#1696,#1697,#1698,#1699,#1700,#1701),(#1702,#1703,
#1704,#1705,#1706,#1707,#1708,#1709,#1710,#1711,#1712,#1713,#1714,#1715,
#1716,#1717,#1718,#1719,#1720,#1721,#1722),(#1723,#1724,#1725,#1726,#1727,
#1728,#1729,#1730,#1731,#1732,#1733,#1734,#1735,#1736,#1737,#1738,#1739,
#1740,#1741,#1742,#1743)),.UNSPECIFIED.,.F.,.T.,.F.,(4,1,4),(4,2,2,2,1,
2,2,2,2,2,4),(-0.000180391164744585,0.5,1.),(0.,0.231430216238178,0.468625726137859,
0.511007100928549,0.675036074037833,0.839065047147117,1.11926691092223,
1.32619935163971,1.51001685380151,1.76902192719885,1.83902405162572),
 .UNSPECIFIED.);
#116=B_SPLINE_SURFACE_WITH_KNOTS('',3,3,((#1812,#1813,#1814,#1815,#1816,
#1817,#1818,#1819,#1820,#1821,#1822,#1823,#1824,#1825,#1826,#1827,#1828,
#1829,#1830,#1831,#1832,#1833,#1834,#1835,#1836,#1837,#1838,#1839),(#1840,
#1841,#1842,#1843,#1844,#1845,#1846,#1847,#1848,#1849,#1850,#1851,#1852,
#1853,#1854,#1855,#1856,#1857,#1858,#1859,#1860,#1861,#1862,#1863,#1864,
#1865,#1866,#1867),(#1868,#1869,#1870,#1871,#1872,#1873,#1874,#1875,#1876,
#1877,#1878,#1879,#1880,#1881,#1882,#1883,#1884,#1885,#1886,#1887,#1888,
#1889,#1890,#1891,#1892,#1893,#1894,#1895),(#1896,#1897,#1898,#1899,#1900,
#1901,#1902,#1903,#1904,#1905,#1906,#1907,#1908,#1909,#1910,#1911,#1912,
#1913,#1914,#1915,#1916,#1917,#1918,#1919,#1920,#1921,#1922,#1923),(#1924,
#1925,#1926,#1927,#1928,#1929,#1930,#1931,#1932,#1933,#1934,#1935,#1936,
#1937,#1938,#1939,#1940,#1941,#1942,#1943,#1944,#1945,#1946,#1947,#1948,
#1949,#1950,#1951),(#1952,#1953,#1954,#1955,#1956,#1957,#1958,#1959,#1960,
#1961,#1962,#1963,#1964,#1965,#1966,#1967,#1968,#1969,#1970,#1971,#1972,
#1973,#1974,#1975,#1976,#1977,#1978,#1979),(#1980,#1981,#1982,#1983,#1984,
#1985,#1986,#1987,#1988,#1989,#1990,#1991,#1992,#1993,#1994,#1995,#1996,
#1997,#1998,#1999,#2000,#2001,#2002,#2003,#2004,#2005,#2006,#2007),(#2008,
#2009,#2010,#2011,#2012,#2013,#2014,#2015,#2016,#2017,#2018,#2019,#2020,
#2021,#2022,#2023,#2024,#2025,#2026,#2027,#2028,#2029,#2030,#2031,#2032,
#2033,#2034,#2035),(#2036,#2037,#2038,#2039,#2040,#2041,#2042,#2043,#2044,
#2045,#2046,#2047,#2048,#2049,#2050,#2051,#2052,#2053,#2054,#2055,#2056,
#2057,#2058,#2059,#2060,#2061,#2062,#2063),(#2064,#2065,#2066,#2067,#2068,
#2069,#2070,#2071,#2072,#2073,#2074,#2075,#2076,#2077,#2078,#2079,#2080,
#2081,#2082,#2083,#2084,#2085,#2086,#2087,#2088,#2089,#2090,#2091),(#2092,
#2093,#2094,#2095,#2096,#2097,#2098,#2099,#2100,#2101,#2102,#2103,#2104,
#2105,#2106,#2107,#2108,#2109,#2110,#2111,#2112,#2113,#2114,#2115,#2116,
#2117,#2118,#2119),(#2120,#2121,#2122,#2123,#2124,#2125,#2126,#2127,#2128,
#2129,#2130,#2131,#2132,#2133,#2134,#2135,#2136,#2137,#2138,#2139,#2140,
#2141,#2142,#2143,#2144,#2145,#2146,#2147),(#2148,#2149,#2150,#2151,#2152,
#2153,#2154,#2155,#2156,#2157,#2158,#2159,#2160,#2161,#2162,#2163,#2164,
#2165,#2166,#2167,#2168,#2169,#2170,#2171,#2172,#2173,#2174,#2175),(#2176,
#2177,#2178,#2179,#2180,#2181,#2182,#2183,#2184,#2185,#2186,#2187,#2188,
#2189,#2190,#2191,#2192,#2193,#2194,#2195,#2196,#2197,#2198,#2199,#2200,
#2201,#2202,#2203),(#2204,#2205,#2206,#2207,#2208,#2209,#2210,#2211,#2212,
#2213,#2214,#2215,#2216,#2217,#2218,#2219,#2220,#2221,#2222,#2223,#2224,
#2225,#2226,#2227,#2228,#2229,#2230,#2231),(#2232,#2233,#2234,#2235,#2236,
#2237,#2238,#2239,#2240,#2241,#2242,#2243,#2244,#2245,#2246,#2247,#2248,
#2249,#2250,#2251,#2252,#2253,#2254,#2255,#2256,#2257,#2258,#2259),(#2260,
#2261,#2262,#2263,#2264,#2265,#2266,#2267,#2268,#2269,#2270,#2271,#2272,
#2273,#2274,#2275,#2276,#2277,#2278,#2279,#2280,#2281,#2282,#2283,#2284,
#2285,#2286,#2287),(#2288,#2289,#2290,#2291,#2292,#2293,#2294,#2295,#2296,
#2297,#2298,#2299,#2300,#2301,#2302,#2303,#2304,#2305,#2306,#2307,#2308,
#2309,#2310,#2311,#2312,#2313,#2314,#2315),(#2316,#2317,#2318,#2319,#2320,
#2321,#2322,#2323,#2324,#2325,#2326,#2327,#2328,#2329,#2330,#2331,#2332,
#2333,#2334,#2335,#2336,#2337,#2338,#2339,#2340,#2341,#2342,#2343),(#2344,
#2345,#2346,#2347,#2348,#2349,#2350,#2351,#2352,#2353,#2354,#2355,#2356,
#2357,#2358,#2359,#2360,#2361,#2362,#2363,#2364,#2365,#2366,#2367,#2368,
#2369,#2370,#2371),(#2372,#2373,#2374,#2375,#2376,#2377,#2378,#2379,#2380,
#2381,#2382,#2383,#2384,#2385,#2386,#2387,#2388,#2389,#2390,#2391,#2392,
#2393,#2394,#2395,#2396,#2397,#2398,#2399),(#2400,#2401,#2402,#2403,#2404,
#2405,#2406,#2407,#2408,#2409,#2410,#2411,#2412,#2413,#2414,#2415,#2416,
#2417,#2418,#2419,#2420,#2421,#2422,#2423,#2424,#2425,#2426,#2427),(#2428,
#2429,#2430,#2431,#2432,#2433,#2434,#2435,#2436,#2437,#2438,#2439,#2440,
#2441,#2442,#2443,#2444,#2445,#2446,#2447,#2448,#2449,#2450,#2451,#2452,
#2453,#2454,#2455),(#2456,#2457,#2458,#2459,#2460,#2461,#2462,#2463,#2464,
#2465,#2466,#2467,#2468,#2469,#2470,#2471,#2472,#2473,#2474,#2475,#2476,
#2477,#2478,#2479,#2480,#2481,#2482,#2483),(#2484,#2485,#2486,#2487,#2488,
#2489,#2490,#2491,#2492,#2493,#2494,#2495,#2496,#2497,#2498,#2499,#2500,
#2501,#2502,#2503,#2504,#2505,#2506,#2507,#2508,#2509,#2510,#2511),(#2512,
#2513,#2514,#2515,#2516,#2517,#2518,#2519,#2520,#2521,#2522,#2523,#2524,
#2525,#2526,#2527,#2528,#2529,#2530,#2531,#2532,#2533,#2534,#2535,#2536,
#2537,#2538,#2539),(#2540,#2541,#2542,#2543,#2544,#2545,#2546,#2547,#2548,
#2549,#2550,#2551,#2552,#2553,#2554,#2555,#2556,#2557,#2558,#2559,#2560,
#2561,#2562,#2563,#2564,#2565,#2566,#2567),(#2568,#2569,#2570,#2571,#2572,
#2573,#2574,#2575,#2576,#2577,#2578,#2579,#2580,#2581,#2582,#2583,#2584,
#2585,#2586,#2587,#2588,#2589,#2590,#2591,#2592,#2593,#2594,#2595),(#2596,
#2597,#2598,#2599,#2600,#2601,#2602,#2603,#2604,#2605,#2606,#2607,#2608,
#2609,#2610,#2611,#2612,#2613,#2614,#2615,#2616,#2617,#2618,#2619,#2620,
#2621,#2622,#2623),(#2624,#2625,#2626,#2627,#2628,#2629,#2630,#2631,#2632,
#2633,#2634,#2635,#2636,#2637,#2638,#2639,#2640,#2641,#2642,#2643,#2644,
#2645,#2646,#2647,#2648,#2649,#2650,#2651)),.UNSPECIFIED.,.F.,.F.,.F.,(4,
2,2,2,2,2,2,2,2,2,2,2,2,2,4),(4,2,2,2,2,2,2,2,2,2,2,2,2,4),(0.0415163583748863,
0.05556837092939,0.1111367418588,0.1667051127882,0.2500576691823,0.3334102255764,
0.4167627819704,0.5001153383645,0.5834294486371,0.6667435589097,0.7500576691823,
0.8333717794548,0.8889145196366,0.9444572598183,0.958336576065371),(0.0217199587355497,
0.03808414399237,0.1142524319771,0.2285048639542,0.2887425392622,0.3489802145701,
0.4092178898781,0.4694555651861,0.4902785828737,0.5111016005614,0.531924618249,
0.5527476359367,0.594393671312,0.630146983977725),.UNSPECIFIED.);
#117=B_SPLINE_SURFACE_WITH_KNOTS('',3,3,((#2887,#2888,#2889,#2890,#2891,
#2892,#2893,#2894,#2895,#2896,#2897,#2898,#2899,#2900,#2901,#2902,#2903,
#2904,#2905,#2906,#2907,#2908,#2909,#2910,#2911),(#2912,#2913,#2914,#2915,
#2916,#2917,#2918,#2919,#2920,#2921,#2922,#2923,#2924,#2925,#2926,#2927,
#2928,#2929,#2930,#2931,#2932,#2933,#2934,#2935,#2936),(#2937,#2938,#2939,
#2940,#2941,#2942,#2943,#2944,#2945,#2946,#2947,#2948,#2949,#2950,#2951,
#2952,#2953,#2954,#2955,#2956,#2957,#2958,#2959,#2960,#2961),(#2962,#2963,
#2964,#2965,#2966,#2967,#2968,#2969,#2970,#2971,#2972,#2973,#2974,#2975,
#2976,#2977,#2978,#2979,#2980,#2981,#2982,#2983,#2984,#2985,#2986),(#2987,
#2988,#2989,#2990,#2991,#2992,#2993,#2994,#2995,#2996,#2997,#2998,#2999,
#3000,#3001,#3002,#3003,#3004,#3005,#3006,#3007,#3008,#3009,#3010,#3011)),
 .UNSPECIFIED.,.F.,.T.,.F.,(4,1,4),(4,2,2,2,2,2,1,2,2,2,2,2,4),(0.,0.5,
1.00062179956433),(-1.84414615600613,-1.63856188997924,-1.52334654209327,
-1.41412398299849,-1.30798867839671,-1.07465834260071,-0.814932129180984,
-0.55520591576126,-0.439046538075243,-0.311967687890478,-0.216518938686424,
-0.0441763963033672,0.),.UNSPECIFIED.);
#118=B_SPLINE_SURFACE_WITH_KNOTS('',3,3,((#3233,#3234,#3235,#3236,#3237,
#3238,#3239,#3240,#3241,#3242,#3243,#3244,#3245,#3246,#3247,#3248,#3249,
#3250,#3251,#3252),(#3253,#3254,#3255,#3256,#3257,#3258,#3259,#3260,#3261,
#3262,#3263,#3264,#3265,#3266,#3267,#3268,#3269,#3270,#3271,#3272),(#3273,
#3274,#3275,#3276,#3277,#3278,#3279,#3280,#3281,#3282,#3283,#3284,#3285,
#3286,#3287,#3288,#3289,#3290,#3291,#3292),(#3293,#3294,#3295,#3296,#3297,
#3298,#3299,#3300,#3301,#3302,#3303,#3304,#3305,#3306,#3307,#3308,#3309,
#3310,#3311,#3312),(#3313,#3314,#3315,#3316,#3317,#3318,#3319,#3320,#3321,
#3322,#3323,#3324,#3325,#3326,#3327,#3328,#3329,#3330,#3331,#3332)),
 .UNSPECIFIED.,.F.,.T.,.F.,(4,1,4),(4,1,2,2,2,1,1,1,2,2,2,4),(0.,0.5,1.00013091964508),
(0.,0.202038750893016,0.404077501786031,0.587156946987326,0.767932325709955,
0.920656027140121,1.07337972857029,1.22610343000045,1.37882713143062,1.57160253102652,
1.76709303474593,1.83470135811003),.UNSPECIFIED.);
#119=B_SPLINE_SURFACE_WITH_KNOTS('',3,3,((#3519,#3520,#3521,#3522,#3523,
#3524,#3525,#3526,#3527,#3528),(#3529,#3530,#3531,#3532,#3533,#3534,#3535,
#3536,#3537,#3538),(#3539,#3540,#3541,#3542,#3543,#3544,#3545,#3546,#3547,
#3548),(#3549,#3550,#3551,#3552,#3553,#3554,#3555,#3556,#3557,#3558),(#3559,
#3560,#3561,#3562,#3563,#3564,#3565,#3566,#3567,#3568),(#3569,#3570,#3571,
#3572,#3573,#3574,#3575,#3576,#3577,#3578),(#3579,#3580,#3581,#3582,#3583,
#3584,#3585,#3586,#3587,#3588),(#3589,#3590,#3591,#3592,#3593,#3594,#3595,
#3596,#3597,#3598),(#3599,#3600,#3601,#3602,#3603,#3604,#3605,#3606,#3607,
#3608),(#3609,#3610,#3611,#3612,#3613,#3614,#3615,#3616,#3617,#3618),(#3619,
#3620,#3621,#3622,#3623,#3624,#3625,#3626,#3627,#3628),(#3629,#3630,#3631,
#3632,#3633,#3634,#3635,#3636,#3637,#3638),(#3639,#3640,#3641,#3642,#3643,
#3644,#3645,#3646,#3647,#3648),(#3649,#3650,#3651,#3652,#3653,#3654,#3655,
#3656,#3657,#3658),(#3659,#3660,#3661,#3662,#3663,#3664,#3665,#3666,#3667,
#3668),(#3669,#3670,#3671,#3672,#3673,#3674,#3675,#3676,#3677,#3678)),
 .UNSPECIFIED.,.F.,.F.,.F.,(4,2,2,2,2,2,2,4),(4,2,2,2,4),(-2.37843300938338E-5,
0.1186561003173,0.2373122006345,0.3559683009518,0.474624401269,0.7373122006345,
0.8686561003173,1.00100110933488),(0.172131901093324,0.5,0.625,0.75,0.865708884590716),
 .UNSPECIFIED.);
#120=B_SPLINE_SURFACE_WITH_KNOTS('',3,3,((#4043,#4044,#4045,#4046,#4047,
#4048,#4049,#4050,#4051,#4052,#4053,#4054,#4055,#4056,#4057,#4058,#4059,
#4060,#4061,#4062,#4063,#4064,#4065,#4066,#4067,#4068,#4069,#4070,#4071,
#4072,#4073,#4074),(#4075,#4076,#4077,#4078,#4079,#4080,#4081,#4082,#4083,
#4084,#4085,#4086,#4087,#4088,#4089,#4090,#4091,#4092,#4093,#4094,#4095,
#4096,#4097,#4098,#4099,#4100,#4101,#4102,#4103,#4104,#4105,#4106),(#4107,
#4108,#4109,#4110,#4111,#4112,#4113,#4114,#4115,#4116,#4117,#4118,#4119,
#4120,#4121,#4122,#4123,#4124,#4125,#4126,#4127,#4128,#4129,#4130,#4131,
#4132,#4133,#4134,#4135,#4136,#4137,#4138),(#4139,#4140,#4141,#4142,#4143,
#4144,#4145,#4146,#4147,#4148,#4149,#4150,#4151,#4152,#4153,#4154,#4155,
#4156,#4157,#4158,#4159,#4160,#4161,#4162,#4163,#4164,#4165,#4166,#4167,
#4168,#4169,#4170),(#4171,#4172,#4173,#4174,#4175,#4176,#4177,#4178,#4179,
#4180,#4181,#4182,#4183,#4184,#4185,#4186,#4187,#4188,#4189,#4190,#4191,
#4192,#4193,#4194,#4195,#4196,#4197,#4198,#4199,#4200,#4201,#4202),(#4203,
#4204,#4205,#4206,#4207,#4208,#4209,#4210,#4211,#4212,#4213,#4214,#4215,
#4216,#4217,#4218,#4219,#4220,#4221,#4222,#4223,#4224,#4225,#4226,#4227,
#4228,#4229,#4230,#4231,#4232,#4233,#4234),(#4235,#4236,#4237,#4238,#4239,
#4240,#4241,#4242,#4243,#4244,#4245,#4246,#4247,#4248,#4249,#4250,#4251,
#4252,#4253,#4254,#4255,#4256,#4257,#4258,#4259,#4260,#4261,#4262,#4263,
#4264,#4265,#4266),(#4267,#4268,#4269,#4270,#4271,#4272,#4273,#4274,#4275,
#4276,#4277,#4278,#4279,#4280,#4281,#4282,#4283,#4284,#4285,#4286,#4287,
#4288,#4289,#4290,#4291,#4292,#4293,#4294,#4295,#4296,#4297,#4298),(#4299,
#4300,#4301,#4302,#4303,#4304,#4305,#4306,#4307,#4308,#4309,#4310,#4311,
#4312,#4313,#4314,#4315,#4316,#4317,#4318,#4319,#4320,#4321,#4322,#4323,
#4324,#4325,#4326,#4327,#4328,#4329,#4330),(#4331,#4332,#4333,#4334,#4335,
#4336,#4337,#4338,#4339,#4340,#4341,#4342,#4343,#4344,#4345,#4346,#4347,
#4348,#4349,#4350,#4351,#4352,#4353,#4354,#4355,#4356,#4357,#4358,#4359,
#4360,#4361,#4362),(#4363,#4364,#4365,#4366,#4367,#4368,#4369,#4370,#4371,
#4372,#4373,#4374,#4375,#4376,#4377,#4378,#4379,#4380,#4381,#4382,#4383,
#4384,#4385,#4386,#4387,#4388,#4389,#4390,#4391,#4392,#4393,#4394),(#4395,
#4396,#4397,#4398,#4399,#4400,#4401,#4402,#4403,#4404,#4405,#4406,#4407,
#4408,#4409,#4410,#4411,#4412,#4413,#4414,#4415,#4416,#4417,#4418,#4419,
#4420,#4421,#4422,#4423,#4424,#4425,#4426),(#4427,#4428,#4429,#4430,#4431,
#4432,#4433,#4434,#4435,#4436,#4437,#4438,#4439,#4440,#4441,#4442,#4443,
#4444,#4445,#4446,#4447,#4448,#4449,#4450,#4451,#4452,#4453,#4454,#4455,
#4456,#4457,#4458),(#4459,#4460,#4461,#4462,#4463,#4464,#4465,#4466,#4467,
#4468,#4469,#4470,#4471,#4472,#4473,#4474,#4475,#4476,#4477,#4478,#4479,
#4480,#4481,#4482,#4483,#4484,#4485,#4486,#4487,#4488,#4489,#4490),(#4491,
#4492,#4493,#4494,#4495,#4496,#4497,#4498,#4499,#4500,#4501,#4502,#4503,
#4504,#4505,#4506,#4507,#4508,#4509,#4510,#4511,#4512,#4513,#4514,#4515,
#4516,#4517,#4518,#4519,#4520,#4521,#4522),(#4523,#4524,#4525,#4526,#4527,
#4528,#4529,#4530,#4531,#4532,#4533,#4534,#4535,#4536,#4537,#4538,#4539,
#4540,#4541,#4542,#4543,#4544,#4545,#4546,#4547,#4548,#4549,#4550,#4551,
#4552,#4553,#4554),(#4555,#4556,#4557,#4558,#4559,#4560,#4561,#4562,#4563,
#4564,#4565,#4566,#4567,#4568,#4569,#4570,#4571,#4572,#4573,#4574,#4575,
#4576,#4577,#4578,#4579,#4580,#4581,#4582,#4583,#4584,#4585,#4586),(#4587,
#4588,#4589,#4590,#4591,#4592,#4593,#4594,#4595,#4596,#4597,#4598,#4599,
#4600,#4601,#4602,#4603,#4604,#4605,#4606,#4607,#4608,#4609,#4610,#4611,
#4612,#4613,#4614,#4615,#4616,#4617,#4618),(#4619,#4620,#4621,#4622,#4623,
#4624,#4625,#4626,#4627,#4628,#4629,#4630,#4631,#4632,#4633,#4634,#4635,
#4636,#4637,#4638,#4639,#4640,#4641,#4642,#4643,#4644,#4645,#4646,#4647,
#4648,#4649,#4650),(#4651,#4652,#4653,#4654,#4655,#4656,#4657,#4658,#4659,
#4660,#4661,#4662,#4663,#4664,#4665,#4666,#4667,#4668,#4669,#4670,#4671,
#4672,#4673,#4674,#4675,#4676,#4677,#4678,#4679,#4680,#4681,#4682),(#4683,
#4684,#4685,#4686,#4687,#4688,#4689,#4690,#4691,#4692,#4693,#4694,#4695,
#4696,#4697,#4698,#4699,#4700,#4701,#4702,#4703,#4704,#4705,#4706,#4707,
#4708,#4709,#4710,#4711,#4712,#4713,#4714),(#4715,#4716,#4717,#4718,#4719,
#4720,#4721,#4722,#4723,#4724,#4725,#4726,#4727,#4728,#4729,#4730,#4731,
#4732,#4733,#4734,#4735,#4736,#4737,#4738,#4739,#4740,#4741,#4742,#4743,
#4744,#4745,#4746),(#4747,#4748,#4749,#4750,#4751,#4752,#4753,#4754,#4755,
#4756,#4757,#4758,#4759,#4760,#4761,#4762,#4763,#4764,#4765,#4766,#4767,
#4768,#4769,#4770,#4771,#4772,#4773,#4774,#4775,#4776,#4777,#4778)),
 .UNSPECIFIED.,.F.,.F.,.F.,(4,3,1,1,1,1,1,1,1,1,1,1,1,1,1,3,4),(4,3,1,1,
1,1,1,1,1,1,1,1,1,1,1,1,1,1,1,1,1,1,1,1,3,4),(-0.914659272325655,0.03145771045237,
0.05556837092939,0.1111367418588,0.1667051127882,0.2500576691823,0.3334102255764,
0.4167627819704,0.5001153383645,0.5834294486371,0.6667435589097,0.7500576691823,
0.8333717794548,0.8889145196366,0.9444572598183,0.9696659701732,1.92289139257902),
(-0.398152496317435,0.01374896733739,0.03808414399237,0.1142524319771,0.2285048639542,
0.2887425392622,0.3489802145701,0.4092178898781,0.4694555651861,0.4902785828737,
0.5111016005614,0.531924618249,0.5527476359367,0.594393671312,0.6360397066873,
0.6733725618716,0.7107054170559,0.7480382722403,0.7667046998324,0.7853711274246,
0.8390283455684,0.8926855637123,0.9284570424749,0.9642285212374,0.9995971042844,
1.19408792949295),.UNSPECIFIED.);
#121=B_SPLINE_SURFACE_WITH_KNOTS('',3,1,((#4970,#4971),(#4972,#4973),(#4974,
#4975),(#4976,#4977),(#4978,#4979),(#4980,#4981),(#4982,#4983),(#4984,#4985),
(#4986,#4987),(#4988,#4989),(#4990,#4991),(#4992,#4993),(#4994,#4995),(#4996,
#4997),(#4998,#4999),(#5000,#5001)),.UNSPECIFIED.,.F.,.F.,.F.,(4,3,3,3,
3,4),(2,2),(-0.0373096029856769,-0.00776174370071139,1.00000001190814E-6,
0.400529443160419,0.776275370072342,0.784038113773065),(0.,0.512001758390548),
 .UNSPECIFIED.);
#122=B_SPLINE_SURFACE_WITH_KNOTS('',3,3,((#5044,#5045,#5046,#5047,#5048,
#5049,#5050,#5051,#5052,#5053,#5054,#5055,#5056,#5057),(#5058,#5059,#5060,
#5061,#5062,#5063,#5064,#5065,#5066,#5067,#5068,#5069,#5070,#5071),(#5072,
#5073,#5074,#5075,#5076,#5077,#5078,#5079,#5080,#5081,#5082,#5083,#5084,
#5085),(#5086,#5087,#5088,#5089,#5090,#5091,#5092,#5093,#5094,#5095,#5096,
#5097,#5098,#5099),(#5100,#5101,#5102,#5103,#5104,#5105,#5106,#5107,#5108,
#5109,#5110,#5111,#5112,#5113),(#5114,#5115,#5116,#5117,#5118,#5119,#5120,
#5121,#5122,#5123,#5124,#5125,#5126,#5127),(#5128,#5129,#5130,#5131,#5132,
#5133,#5134,#5135,#5136,#5137,#5138,#5139,#5140,#5141),(#5142,#5143,#5144,
#5145,#5146,#5147,#5148,#5149,#5150,#5151,#5152,#5153,#5154,#5155),(#5156,
#5157,#5158,#5159,#5160,#5161,#5162,#5163,#5164,#5165,#5166,#5167,#5168,
#5169),(#5170,#5171,#5172,#5173,#5174,#5175,#5176,#5177,#5178,#5179,#5180,
#5181,#5182,#5183),(#5184,#5185,#5186,#5187,#5188,#5189,#5190,#5191,#5192,
#5193,#5194,#5195,#5196,#5197),(#5198,#5199,#5200,#5201,#5202,#5203,#5204,
#5205,#5206,#5207,#5208,#5209,#5210,#5211),(#5212,#5213,#5214,#5215,#5216,
#5217,#5218,#5219,#5220,#5221,#5222,#5223,#5224,#5225),(#5226,#5227,#5228,
#5229,#5230,#5231,#5232,#5233,#5234,#5235,#5236,#5237,#5238,#5239),(#5240,
#5241,#5242,#5243,#5244,#5245,#5246,#5247,#5248,#5249,#5250,#5251,#5252,
#5253),(#5254,#5255,#5256,#5257,#5258,#5259,#5260,#5261,#5262,#5263,#5264,
#5265,#5266,#5267)),.UNSPECIFIED.,.F.,.F.,.F.,(4,3,1,1,1,1,1,1,3,4),(4,
3,1,1,1,1,3,4),(-0.767809149487783,-0.009511753710567,0.1186561003173,0.2373122006345,
0.3559683009518,0.474624401269,0.7373122006345,0.8686561003173,1.010528843634,
1.31822407050296),(-0.0333122197592166,0.1360638598665,0.5,0.625,0.75,0.875,
0.8869971182728,1.58898512721031),.UNSPECIFIED.);
#123=B_SPLINE_SURFACE_WITH_KNOTS('',3,1,((#5354,#5355),(#5356,#5357),(#5358,
#5359),(#5360,#5361),(#5362,#5363),(#5364,#5365),(#5366,#5367),(#5368,#5369),
(#5370,#5371),(#5372,#5373),(#5374,#5375),(#5376,#5377),(#5378,#5379),(#5380,
#5381),(#5382,#5383),(#5384,#5385),(#5386,#5387),(#5388,#5389),(#5390,#5391),
(#5392,#5393),(#5394,#5395),(#5396,#5397),(#5398,#5399),(#5400,#5401),(#5402,
#5403),(#5404,#5405),(#5406,#5407),(#5408,#5409)),.UNSPECIFIED.,.F.,.F.,
 .F.,(4,3,3,3,3,3,3,3,3,4),(2,2),(-3.15355937372556,-3.12203003312934,-3.09111891489774,
-2.6232897060774,-2.14988646754573,-1.63621787109457,-1.02371816930571,
-0.43220951078025,-7.0917385790518E-6,0.0309040264930126),(0.,0.624780232477936),
 .UNSPECIFIED.);
#124=B_SPLINE_SURFACE_WITH_KNOTS('',3,1,((#5412,#5413),(#5414,#5415),(#5416,
#5417),(#5418,#5419),(#5420,#5421),(#5422,#5423),(#5424,#5425),(#5426,#5427),
(#5428,#5429),(#5430,#5431),(#5432,#5433),(#5434,#5435),(#5436,#5437),(#5438,
#5439),(#5440,#5441),(#5442,#5443),(#5444,#5445),(#5446,#5447),(#5448,#5449),
(#5450,#5451),(#5452,#5453),(#5454,#5455)),.UNSPECIFIED.,.F.,.F.,.F.,(4,
3,3,3,3,3,3,4),(2,2),(-0.0153207762849078,7.08899352593506E-6,0.304960366289155,
0.687120000956293,1.10330920129514,1.5327936168369,1.54812148211534,1.57010192317522),
(0.,0.513753548193644),.UNSPECIFIED.);
#125=B_SPLINE_SURFACE_WITH_KNOTS('',3,1,((#5457,#5458),(#5459,#5460),(#5461,
#5462),(#5463,#5464),(#5465,#5466),(#5467,#5468),(#5469,#5470),(#5471,#5472),
(#5473,#5474),(#5475,#5476),(#5477,#5478),(#5479,#5480),(#5481,#5482),(#5483,
#5484),(#5485,#5486),(#5487,#5488),(#5489,#5490),(#5491,#5492),(#5493,#5494),
(#5495,#5496),(#5497,#5498),(#5499,#5500),(#5501,#5502),(#5503,#5504),(#5505,
#5506),(#5507,#5508),(#5509,#5510),(#5511,#5512),(#5513,#5514),(#5515,#5516),
(#5517,#5518),(#5519,#5520),(#5521,#5522),(#5523,#5524),(#5525,#5526),(#5527,
#5528),(#5529,#5530),(#5531,#5532),(#5533,#5534),(#5535,#5536),(#5537,#5538),
(#5539,#5540),(#5541,#5542),(#5543,#5544),(#5545,#5546),(#5547,#5548),(#5549,
#5550),(#5551,#5552),(#5553,#5554),(#5555,#5556),(#5557,#5558),(#5559,#5560),
(#5561,#5562),(#5563,#5564),(#5565,#5566)),.UNSPECIFIED.,.F.,.F.,.F.,(4,
3,3,3,3,3,3,3,3,3,3,3,3,3,3,3,3,3,4),(2,2),(-0.000180449330120149,9.99999999141417E-7,
0.0114668206140666,0.015085008553469,0.0337581344072187,0.0695883341403365,
0.103514740677193,0.134002299272855,0.152714211351194,0.168587959766638,
0.186651554147978,0.215035299363811,0.255134154615071,0.290950261338613,
0.314205301455971,0.322086552040256,0.325698739125924,0.337158349449768,
0.338057412983444),(0.,0.516937565138047),.UNSPECIFIED.);
#126=B_SPLINE_SURFACE_WITH_KNOTS('',3,1,((#5567,#5568),(#5569,#5570),(#5571,
#5572),(#5573,#5574),(#5575,#5576),(#5577,#5578),(#5579,#5580),(#5581,#5582),
(#5583,#5584),(#5585,#5586),(#5587,#5588),(#5589,#5590),(#5591,#5592),(#5593,
#5594),(#5595,#5596),(#5597,#5598),(#5599,#5600),(#5601,#5602),(#5603,#5604),
(#5605,#5606),(#5607,#5608),(#5609,#5610),(#5611,#5612),(#5613,#5614),(#5615,
#5616),(#5617,#5618),(#5619,#5620),(#5621,#5622),(#5623,#5624),(#5625,#5626),
(#5627,#5628),(#5629,#5630),(#5631,#5632),(#5633,#5634),(#5635,#5636),(#5637,
#5638),(#5639,#5640),(#5641,#5642),(#5643,#5644),(#5645,#5646)),
 .UNSPECIFIED.,.F.,.F.,.F.,(4,3,3,3,3,3,3,3,3,3,3,3,3,4),(2,2),(-19.323966270996,
-0.288911807778014,-0.285361122060626,-0.273288144596313,-0.259140499784056,
-0.222118802415648,-0.182262877228041,-0.144520273289151,-0.104978234711184,
-0.0715798013334275,-0.0457248341338131,-0.0224322619968789,-0.0156121730627911,
-0.00355344315306732),(0.,0.517042374971135),.UNSPECIFIED.);
#127=B_SPLINE_SURFACE_WITH_KNOTS('',3,1,((#5648,#5649),(#5650,#5651),(#5652,
#5653),(#5654,#5655),(#5656,#5657),(#5658,#5659),(#5660,#5661),(#5662,#5663),
(#5664,#5665),(#5666,#5667),(#5668,#5669),(#5670,#5671),(#5672,#5673),(#5674,
#5675),(#5676,#5677),(#5678,#5679),(#5680,#5681),(#5682,#5683),(#5684,#5685),
(#5686,#5687),(#5688,#5689),(#5690,#5691),(#5692,#5693),(#5694,#5695),(#5696,
#5697),(#5698,#5699),(#5700,#5701),(#5702,#5703),(#5704,#5705),(#5706,#5707),
(#5708,#5709)),.UNSPECIFIED.,.F.,.F.,.F.,(4,3,3,3,3,3,3,3,3,3,4),(2,2),
(-21.9808351899852,-3.8655672826722,-3.54320728609912,-3.14293832054971,
-2.54159880790118,-1.93170635592648,-1.46406317528921,-0.958710593575183,
-0.502019109336074,-9.99999999744258E-7,0.0386546628267223),(0.,0.643458723511399),
 .UNSPECIFIED.);
#128=B_SPLINE_SURFACE_WITH_KNOTS('',3,3,((#5710,#5711,#5712,#5713,#5714,
#5715,#5716,#5717,#5718,#5719,#5720,#5721,#5722,#5723,#5724,#5725,#5726,
#5727,#5728,#5729,#5730),(#5731,#5732,#5733,#5734,#5735,#5736,#5737,#5738,
#5739,#5740,#5741,#5742,#5743,#5744,#5745,#5746,#5747,#5748,#5749,#5750,
#5751),(#5752,#5753,#5754,#5755,#5756,#5757,#5758,#5759,#5760,#5761,#5762,
#5763,#5764,#5765,#5766,#5767,#5768,#5769,#5770,#5771,#5772),(#5773,#5774,
#5775,#5776,#5777,#5778,#5779,#5780,#5781,#5782,#5783,#5784,#5785,#5786,
#5787,#5788,#5789,#5790,#5791,#5792,#5793),(#5794,#5795,#5796,#5797,#5798,
#5799,#5800,#5801,#5802,#5803,#5804,#5805,#5806,#5807,#5808,#5809,#5810,
#5811,#5812,#5813,#5814)),.UNSPECIFIED.,.F.,.T.,.F.,(4,1,4),(4,2,2,2,1,
2,2,2,2,2,4),(-0.000180391164744585,0.5,1.),(0.,0.231430216238178,0.468625726137859,
0.511007100928549,0.675036074037833,0.839065047147117,1.11926691092223,
1.32619935163971,1.51001685380151,1.76902192719885,1.83902405162572),
 .UNSPECIFIED.);
#129=B_SPLINE_SURFACE_WITH_KNOTS('',3,3,((#5883,#5884,#5885,#5886,#5887,
#5888,#5889,#5890,#5891,#5892,#5893,#5894,#5895,#5896,#5897,#5898,#5899,
#5900,#5901,#5902,#5903,#5904,#5905,#5906,#5907,#5908,#5909,#5910),(#5911,
#5912,#5913,#5914,#5915,#5916,#5917,#5918,#5919,#5920,#5921,#5922,#5923,
#5924,#5925,#5926,#5927,#5928,#5929,#5930,#5931,#5932,#5933,#5934,#5935,
#5936,#5937,#5938),(#5939,#5940,#5941,#5942,#5943,#5944,#5945,#5946,#5947,
#5948,#5949,#5950,#5951,#5952,#5953,#5954,#5955,#5956,#5957,#5958,#5959,
#5960,#5961,#5962,#5963,#5964,#5965,#5966),(#5967,#5968,#5969,#5970,#5971,
#5972,#5973,#5974,#5975,#5976,#5977,#5978,#5979,#5980,#5981,#5982,#5983,
#5984,#5985,#5986,#5987,#5988,#5989,#5990,#5991,#5992,#5993,#5994),(#5995,
#5996,#5997,#5998,#5999,#6000,#6001,#6002,#6003,#6004,#6005,#6006,#6007,
#6008,#6009,#6010,#6011,#6012,#6013,#6014,#6015,#6016,#6017,#6018,#6019,
#6020,#6021,#6022),(#6023,#6024,#6025,#6026,#6027,#6028,#6029,#6030,#6031,
#6032,#6033,#6034,#6035,#6036,#6037,#6038,#6039,#6040,#6041,#6042,#6043,
#6044,#6045,#6046,#6047,#6048,#6049,#6050),(#6051,#6052,#6053,#6054,#6055,
#6056,#6057,#6058,#6059,#6060,#6061,#6062,#6063,#6064,#6065,#6066,#6067,
#6068,#6069,#6070,#6071,#6072,#6073,#6074,#6075,#6076,#6077,#6078),(#6079,
#6080,#6081,#6082,#6083,#6084,#6085,#6086,#6087,#6088,#6089,#6090,#6091,
#6092,#6093,#6094,#6095,#6096,#6097,#6098,#6099,#6100,#6101,#6102,#6103,
#6104,#6105,#6106),(#6107,#6108,#6109,#6110,#6111,#6112,#6113,#6114,#6115,
#6116,#6117,#6118,#6119,#6120,#6121,#6122,#6123,#6124,#6125,#6126,#6127,
#6128,#6129,#6130,#6131,#6132,#6133,#6134),(#6135,#6136,#6137,#6138,#6139,
#6140,#6141,#6142,#6143,#6144,#6145,#6146,#6147,#6148,#6149,#6150,#6151,
#6152,#6153,#6154,#6155,#6156,#6157,#6158,#6159,#6160,#6161,#6162),(#6163,
#6164,#6165,#6166,#6167,#6168,#6169,#6170,#6171,#6172,#6173,#6174,#6175,
#6176,#6177,#6178,#6179,#6180,#6181,#6182,#6183,#6184,#6185,#6186,#6187,
#6188,#6189,#6190),(#6191,#6192,#6193,#6194,#6195,#6196,#6197,#6198,#6199,
#6200,#6201,#6202,#6203,#6204,#6205,#6206,#6207,#6208,#6209,#6210,#6211,
#6212,#6213,#6214,#6215,#6216,#6217,#6218),(#6219,#6220,#6221,#6222,#6223,
#6224,#6225,#6226,#6227,#6228,#6229,#6230,#6231,#6232,#6233,#6234,#6235,
#6236,#6237,#6238,#6239,#6240,#6241,#6242,#6243,#6244,#6245,#6246),(#6247,
#6248,#6249,#6250,#6251,#6252,#6253,#6254,#6255,#6256,#6257,#6258,#6259,
#6260,#6261,#6262,#6263,#6264,#6265,#6266,#6267,#6268,#6269,#6270,#6271,
#6272,#6273,#6274),(#6275,#6276,#6277,#6278,#6279,#6280,#6281,#6282,#6283,
#6284,#6285,#6286,#6287,#6288,#6289,#6290,#6291,#6292,#6293,#6294,#6295,
#6296,#6297,#6298,#6299,#6300,#6301,#6302),(#6303,#6304,#6305,#6306,#6307,
#6308,#6309,#6310,#6311,#6312,#6313,#6314,#6315,#6316,#6317,#6318,#6319,
#6320,#6321,#6322,#6323,#6324,#6325,#6326,#6327,#6328,#6329,#6330),(#6331,
#6332,#6333,#6334,#6335,#6336,#6337,#6338,#6339,#6340,#6341,#6342,#6343,
#6344,#6345,#6346,#6347,#6348,#6349,#6350,#6351,#6352,#6353,#6354,#6355,
#6356,#6357,#6358),(#6359,#6360,#6361,#6362,#6363,#6364,#6365,#6366,#6367,
#6368,#6369,#6370,#6371,#6372,#6373,#6374,#6375,#6376,#6377,#6378,#6379,
#6380,#6381,#6382,#6383,#6384,#6385,#6386),(#6387,#6388,#6389,#6390,#6391,
#6392,#6393,#6394,#6395,#6396,#6397,#6398,#6399,#6400,#6401,#6402,#6403,
#6404,#6405,#6406,#6407,#6408,#6409,#6410,#6411,#6412,#6413,#6414),(#6415,
#6416,#6417,#6418,#6419,#6420,#6421,#6422,#6423,#6424,#6425,#6426,#6427,
#6428,#6429,#6430,#6431,#6432,#6433,#6434,#6435,#6436,#6437,#6438,#6439,
#6440,#6441,#6442),(#6443,#6444,#6445,#6446,#6447,#6448,#6449,#6450,#6451,
#6452,#6453,#6454,#6455,#6456,#6457,#6458,#6459,#6460,#6461,#6462,#6463,
#6464,#6465,#6466,#6467,#6468,#6469,#6470),(#6471,#6472,#6473,#6474,#6475,
#6476,#6477,#6478,#6479,#6480,#6481,#6482,#6483,#6484,#6485,#6486,#6487,
#6488,#6489,#6490,#6491,#6492,#6493,#6494,#6495,#6496,#6497,#6498),(#6499,
#6500,#6501,#6502,#6503,#6504,#6505,#6506,#6507,#6508,#6509,#6510,#6511,
#6512,#6513,#6514,#6515,#6516,#6517,#6518,#6519,#6520,#6521,#6522,#6523,
#6524,#6525,#6526),(#6527,#6528,#6529,#6530,#6531,#6532,#6533,#6534,#6535,
#6536,#6537,#6538,#6539,#6540,#6541,#6542,#6543,#6544,#6545,#6546,#6547,
#6548,#6549,#6550,#6551,#6552,#6553,#6554),(#6555,#6556,#6557,#6558,#6559,
#6560,#6561,#6562,#6563,#6564,#6565,#6566,#6567,#6568,#6569,#6570,#6571,
#6572,#6573,#6574,#6575,#6576,#6577,#6578,#6579,#6580,#6581,#6582),(#6583,
#6584,#6585,#6586,#6587,#6588,#6589,#6590,#6591,#6592,#6593,#6594,#6595,
#6596,#6597,#6598,#6599,#6600,#6601,#6602,#6603,#6604,#6605,#6606,#6607,
#6608,#6609,#6610),(#6611,#6612,#6613,#6614,#6615,#6616,#6617,#6618,#6619,
#6620,#6621,#6622,#6623,#6624,#6625,#6626,#6627,#6628,#6629,#6630,#6631,
#6632,#6633,#6634,#6635,#6636,#6637,#6638),(#6639,#6640,#6641,#6642,#6643,
#6644,#6645,#6646,#6647,#6648,#6649,#6650,#6651,#6652,#6653,#6654,#6655,
#6656,#6657,#6658,#6659,#6660,#6661,#6662,#6663,#6664,#6665,#6666),(#6667,
#6668,#6669,#6670,#6671,#6672,#6673,#6674,#6675,#6676,#6677,#6678,#6679,
#6680,#6681,#6682,#6683,#6684,#6685,#6686,#6687,#6688,#6689,#6690,#6691,
#6692,#6693,#6694),(#6695,#6696,#6697,#6698,#6699,#6700,#6701,#6702,#6703,
#6704,#6705,#6706,#6707,#6708,#6709,#6710,#6711,#6712,#6713,#6714,#6715,
#6716,#6717,#6718,#6719,#6720,#6721,#6722)),.UNSPECIFIED.,.F.,.F.,.F.,(4,
2,2,2,2,2,2,2,2,2,2,2,2,2,4),(4,2,2,2,2,2,2,2,2,2,2,2,2,4),(0.0415163583748863,
0.05556837092939,0.1111367418588,0.1667051127882,0.2500576691823,0.3334102255764,
0.4167627819704,0.5001153383645,0.5834294486371,0.6667435589097,0.7500576691823,
0.8333717794548,0.8889145196366,0.9444572598183,0.958336576065371),(0.0217199587355497,
0.03808414399237,0.1142524319771,0.2285048639542,0.2887425392622,0.3489802145701,
0.4092178898781,0.4694555651861,0.4902785828737,0.5111016005614,0.531924618249,
0.5527476359367,0.594393671312,0.630146983977725),.UNSPECIFIED.);
#130=B_SPLINE_SURFACE_WITH_KNOTS('',3,3,((#6958,#6959,#6960,#6961,#6962,
#6963,#6964,#6965,#6966,#6967,#6968,#6969,#6970,#6971,#6972,#6973,#6974,
#6975,#6976,#6977,#6978,#6979,#6980,#6981,#6982),(#6983,#6984,#6985,#6986,
#6987,#6988,#6989,#6990,#6991,#6992,#6993,#6994,#6995,#6996,#6997,#6998,
#6999,#7000,#7001,#7002,#7003,#7004,#7005,#7006,#7007),(#7008,#7009,#7010,
#7011,#7012,#7013,#7014,#7015,#7016,#7017,#7018,#7019,#7020,#7021,#7022,
#7023,#7024,#7025,#7026,#7027,#7028,#7029,#7030,#7031,#7032),(#7033,#7034,
#7035,#7036,#7037,#7038,#7039,#7040,#7041,#7042,#7043,#7044,#7045,#7046,
#7047,#7048,#7049,#7050,#7051,#7052,#7053,#7054,#7055,#7056,#7057),(#7058,
#7059,#7060,#7061,#7062,#7063,#7064,#7065,#7066,#7067,#7068,#7069,#7070,
#7071,#7072,#7073,#7074,#7075,#7076,#7077,#7078,#7079,#7080,#7081,#7082)),
 .UNSPECIFIED.,.F.,.T.,.F.,(4,1,4),(4,2,2,2,2,2,1,2,2,2,2,2,4),(0.,0.5,
1.00062179956433),(-1.84414615600613,-1.63856188997924,-1.52334654209327,
-1.41412398299849,-1.30798867839671,-1.07465834260071,-0.814932129180984,
-0.55520591576126,-0.439046538075243,-0.311967687890478,-0.216518938686424,
-0.0441763963033672,0.),.UNSPECIFIED.);
#131=B_SPLINE_SURFACE_WITH_KNOTS('',3,3,((#7304,#7305,#7306,#7307,#7308,
#7309,#7310,#7311,#7312,#7313,#7314,#7315,#7316,#7317,#7318,#7319,#7320,
#7321,#7322,#7323),(#7324,#7325,#7326,#7327,#7328,#7329,#7330,#7331,#7332,
#7333,#7334,#7335,#7336,#7337,#7338,#7339,#7340,#7341,#7342,#7343),(#7344,
#7345,#7346,#7347,#7348,#7349,#7350,#7351,#7352,#7353,#7354,#7355,#7356,
#7357,#7358,#7359,#7360,#7361,#7362,#7363),(#7364,#7365,#7366,#7367,#7368,
#7369,#7370,#7371,#7372,#7373,#7374,#7375,#7376,#7377,#7378,#7379,#7380,
#7381,#7382,#7383),(#7384,#7385,#7386,#7387,#7388,#7389,#7390,#7391,#7392,
#7393,#7394,#7395,#7396,#7397,#7398,#7399,#7400,#7401,#7402,#7403)),
 .UNSPECIFIED.,.F.,.T.,.F.,(4,1,4),(4,1,2,2,2,1,1,1,2,2,2,4),(0.,0.5,1.00013091964508),
(0.,0.202038750893016,0.404077501786031,0.587156946987326,0.767932325709955,
0.920656027140121,1.07337972857029,1.22610343000045,1.37882713143062,1.57160253102652,
1.76709303474593,1.83470135811003),.UNSPECIFIED.);
#132=B_SPLINE_SURFACE_WITH_KNOTS('',3,3,((#7590,#7591,#7592,#7593,#7594,
#7595,#7596,#7597,#7598,#7599),(#7600,#7601,#7602,#7603,#7604,#7605,#7606,
#7607,#7608,#7609),(#7610,#7611,#7612,#7613,#7614,#7615,#7616,#7617,#7618,
#7619),(#7620,#7621,#7622,#7623,#7624,#7625,#7626,#7627,#7628,#7629),(#7630,
#7631,#7632,#7633,#7634,#7635,#7636,#7637,#7638,#7639),(#7640,#7641,#7642,
#7643,#7644,#7645,#7646,#7647,#7648,#7649),(#7650,#7651,#7652,#7653,#7654,
#7655,#7656,#7657,#7658,#7659),(#7660,#7661,#7662,#7663,#7664,#7665,#7666,
#7667,#7668,#7669),(#7670,#7671,#7672,#7673,#7674,#7675,#7676,#7677,#7678,
#7679),(#7680,#7681,#7682,#7683,#7684,#7685,#7686,#7687,#7688,#7689),(#7690,
#7691,#7692,#7693,#7694,#7695,#7696,#7697,#7698,#7699),(#7700,#7701,#7702,
#7703,#7704,#7705,#7706,#7707,#7708,#7709),(#7710,#7711,#7712,#7713,#7714,
#7715,#7716,#7717,#7718,#7719),(#7720,#7721,#7722,#7723,#7724,#7725,#7726,
#7727,#7728,#7729),(#7730,#7731,#7732,#7733,#7734,#7735,#7736,#7737,#7738,
#7739),(#7740,#7741,#7742,#7743,#7744,#7745,#7746,#7747,#7748,#7749)),
 .UNSPECIFIED.,.F.,.F.,.F.,(4,2,2,2,2,2,2,4),(4,2,2,2,4),(-2.37843300938338E-5,
0.1186561003173,0.2373122006345,0.3559683009518,0.474624401269,0.7373122006345,
0.8686561003173,1.00100110933488),(0.172131901093324,0.5,0.625,0.75,0.865708884590716),
 .UNSPECIFIED.);
#133=B_SPLINE_SURFACE_WITH_KNOTS('',3,3,((#8114,#8115,#8116,#8117,#8118,
#8119,#8120,#8121,#8122,#8123,#8124,#8125,#8126,#8127,#8128,#8129,#8130,
#8131,#8132,#8133,#8134,#8135,#8136,#8137,#8138,#8139,#8140,#8141,#8142,
#8143,#8144,#8145),(#8146,#8147,#8148,#8149,#8150,#8151,#8152,#8153,#8154,
#8155,#8156,#8157,#8158,#8159,#8160,#8161,#8162,#8163,#8164,#8165,#8166,
#8167,#8168,#8169,#8170,#8171,#8172,#8173,#8174,#8175,#8176,#8177),(#8178,
#8179,#8180,#8181,#8182,#8183,#8184,#8185,#8186,#8187,#8188,#8189,#8190,
#8191,#8192,#8193,#8194,#8195,#8196,#8197,#8198,#8199,#8200,#8201,#8202,
#8203,#8204,#8205,#8206,#8207,#8208,#8209),(#8210,#8211,#8212,#8213,#8214,
#8215,#8216,#8217,#8218,#8219,#8220,#8221,#8222,#8223,#8224,#8225,#8226,
#8227,#8228,#8229,#8230,#8231,#8232,#8233,#8234,#8235,#8236,#8237,#8238,
#8239,#8240,#8241),(#8242,#8243,#8244,#8245,#8246,#8247,#8248,#8249,#8250,
#8251,#8252,#8253,#8254,#8255,#8256,#8257,#8258,#8259,#8260,#8261,#8262,
#8263,#8264,#8265,#8266,#8267,#8268,#8269,#8270,#8271,#8272,#8273),(#8274,
#8275,#8276,#8277,#8278,#8279,#8280,#8281,#8282,#8283,#8284,#8285,#8286,
#8287,#8288,#8289,#8290,#8291,#8292,#8293,#8294,#8295,#8296,#8297,#8298,
#8299,#8300,#8301,#8302,#8303,#8304,#8305),(#8306,#8307,#8308,#8309,#8310,
#8311,#8312,#8313,#8314,#8315,#8316,#8317,#8318,#8319,#8320,#8321,#8322,
#8323,#8324,#8325,#8326,#8327,#8328,#8329,#8330,#8331,#8332,#8333,#8334,
#8335,#8336,#8337),(#8338,#8339,#8340,#8341,#8342,#8343,#8344,#8345,#8346,
#8347,#8348,#8349,#8350,#8351,#8352,#8353,#8354,#8355,#8356,#8357,#8358,
#8359,#8360,#8361,#8362,#8363,#8364,#8365,#8366,#8367,#8368,#8369),(#8370,
#8371,#8372,#8373,#8374,#8375,#8376,#8377,#8378,#8379,#8380,#8381,#8382,
#8383,#8384,#8385,#8386,#8387,#8388,#8389,#8390,#8391,#8392,#8393,#8394,
#8395,#8396,#8397,#8398,#8399,#8400,#8401),(#8402,#8403,#8404,#8405,#8406,
#8407,#8408,#8409,#8410,#8411,#8412,#8413,#8414,#8415,#8416,#8417,#8418,
#8419,#8420,#8421,#8422,#8423,#8424,#8425,#8426,#8427,#8428,#8429,#8430,
#8431,#8432,#8433),(#8434,#8435,#8436,#8437,#8438,#8439,#8440,#8441,#8442,
#8443,#8444,#8445,#8446,#8447,#8448,#8449,#8450,#8451,#8452,#8453,#8454,
#8455,#8456,#8457,#8458,#8459,#8460,#8461,#8462,#8463,#8464,#8465),(#8466,
#8467,#8468,#8469,#8470,#8471,#8472,#8473,#8474,#8475,#8476,#8477,#8478,
#8479,#8480,#8481,#8482,#8483,#8484,#8485,#8486,#8487,#8488,#8489,#8490,
#8491,#8492,#8493,#8494,#8495,#8496,#8497),(#8498,#8499,#8500,#8501,#8502,
#8503,#8504,#8505,#8506,#8507,#8508,#8509,#8510,#8511,#8512,#8513,#8514,
#8515,#8516,#8517,#8518,#8519,#8520,#8521,#8522,#8523,#8524,#8525,#8526,
#8527,#8528,#8529),(#8530,#8531,#8532,#8533,#8534,#8535,#8536,#8537,#8538,
#8539,#8540,#8541,#8542,#8543,#8544,#8545,#8546,#8547,#8548,#8549,#8550,
#8551,#8552,#8553,#8554,#8555,#8556,#8557,#8558,#8559,#8560,#8561),(#8562,
#8563,#8564,#8565,#8566,#8567,#8568,#8569,#8570,#8571,#8572,#8573,#8574,
#8575,#8576,#8577,#8578,#8579,#8580,#8581,#8582,#8583,#8584,#8585,#8586,
#8587,#8588,#8589,#8590,#8591,#8592,#8593),(#8594,#8595,#8596,#8597,#8598,
#8599,#8600,#8601,#8602,#8603,#8604,#8605,#8606,#8607,#8608,#8609,#8610,
#8611,#8612,#8613,#8614,#8615,#8616,#8617,#8618,#8619,#8620,#8621,#8622,
#8623,#8624,#8625),(#8626,#8627,#8628,#8629,#8630,#8631,#8632,#8633,#8634,
#8635,#8636,#8637,#8638,#8639,#8640,#8641,#8642,#8643,#8644,#8645,#8646,
#8647,#8648,#8649,#8650,#8651,#8652,#8653,#8654,#8655,#8656,#8657),(#8658,
#8659,#8660,#8661,#8662,#8663,#8664,#8665,#8666,#8667,#8668,#8669,#8670,
#8671,#8672,#8673,#8674,#8675,#8676,#8677,#8678,#8679,#8680,#8681,#8682,
#8683,#8684,#8685,#8686,#8687,#8688,#8689),(#8690,#8691,#8692,#8693,#8694,
#8695,#8696,#8697,#8698,#8699,#8700,#8701,#8702,#8703,#8704,#8705,#8706,
#8707,#8708,#8709,#8710,#8711,#8712,#8713,#8714,#8715,#8716,#8717,#8718,
#8719,#8720,#8721),(#8722,#8723,#8724,#8725,#8726,#8727,#8728,#8729,#8730,
#8731,#8732,#8733,#8734,#8735,#8736,#8737,#8738,#8739,#8740,#8741,#8742,
#8743,#8744,#8745,#8746,#8747,#8748,#8749,#8750,#8751,#8752,#8753),(#8754,
#8755,#8756,#8757,#8758,#8759,#8760,#8761,#8762,#8763,#8764,#8765,#8766,
#8767,#8768,#8769,#8770,#8771,#8772,#8773,#8774,#8775,#8776,#8777,#8778,
#8779,#8780,#8781,#8782,#8783,#8784,#8785),(#8786,#8787,#8788,#8789,#8790,
#8791,#8792,#8793,#8794,#8795,#8796,#8797,#8798,#8799,#8800,#8801,#8802,
#8803,#8804,#8805,#8806,#8807,#8808,#8809,#8810,#8811,#8812,#8813,#8814,
#8815,#8816,#8817),(#8818,#8819,#8820,#8821,#8822,#8823,#8824,#8825,#8826,
#8827,#8828,#8829,#8830,#8831,#8832,#8833,#8834,#8835,#8836,#8837,#8838,
#8839,#8840,#8841,#8842,#8843,#8844,#8845,#8846,#8847,#8848,#8849)),
 .UNSPECIFIED.,.F.,.F.,.F.,(4,3,1,1,1,1,1,1,1,1,1,1,1,1,1,3,4),(4,3,1,1,
1,1,1,1,1,1,1,1,1,1,1,1,1,1,1,1,1,1,1,1,3,4),(-0.914659272325655,0.03145771045237,
0.05556837092939,0.1111367418588,0.1667051127882,0.2500576691823,0.3334102255764,
0.4167627819704,0.5001153383645,0.5834294486371,0.6667435589097,0.7500576691823,
0.8333717794548,0.8889145196366,0.9444572598183,0.9696659701732,1.92289139257902),
(-0.398152496317435,0.01374896733739,0.03808414399237,0.1142524319771,0.2285048639542,
0.2887425392622,0.3489802145701,0.4092178898781,0.4694555651861,0.4902785828737,
0.5111016005614,0.531924618249,0.5527476359367,0.594393671312,0.6360397066873,
0.6733725618716,0.7107054170559,0.7480382722403,0.7667046998324,0.7853711274246,
0.8390283455684,0.8926855637123,0.9284570424749,0.9642285212374,0.9995971042844,
1.19408792949295),.UNSPECIFIED.);
#134=B_SPLINE_SURFACE_WITH_KNOTS('',3,1,((#9041,#9042),(#9043,#9044),(#9045,
#9046),(#9047,#9048),(#9049,#9050),(#9051,#9052),(#9053,#9054),(#9055,#9056),
(#9057,#9058),(#9059,#9060),(#9061,#9062),(#9063,#9064),(#9065,#9066),(#9067,
#9068),(#9069,#9070),(#9071,#9072)),.UNSPECIFIED.,.F.,.F.,.F.,(4,3,3,3,
3,4),(2,2),(-0.0373096029856769,-0.00776174370071139,1.00000001190814E-6,
0.400529443160419,0.776275370072342,0.784038113773065),(0.,0.512001758390548),
 .UNSPECIFIED.);
#135=B_SPLINE_SURFACE_WITH_KNOTS('',3,3,((#9115,#9116,#9117,#9118,#9119,
#9120,#9121,#9122,#9123,#9124,#9125,#9126,#9127,#9128),(#9129,#9130,#9131,
#9132,#9133,#9134,#9135,#9136,#9137,#9138,#9139,#9140,#9141,#9142),(#9143,
#9144,#9145,#9146,#9147,#9148,#9149,#9150,#9151,#9152,#9153,#9154,#9155,
#9156),(#9157,#9158,#9159,#9160,#9161,#9162,#9163,#9164,#9165,#9166,#9167,
#9168,#9169,#9170),(#9171,#9172,#9173,#9174,#9175,#9176,#9177,#9178,#9179,
#9180,#9181,#9182,#9183,#9184),(#9185,#9186,#9187,#9188,#9189,#9190,#9191,
#9192,#9193,#9194,#9195,#9196,#9197,#9198),(#9199,#9200,#9201,#9202,#9203,
#9204,#9205,#9206,#9207,#9208,#9209,#9210,#9211,#9212),(#9213,#9214,#9215,
#9216,#9217,#9218,#9219,#9220,#9221,#9222,#9223,#9224,#9225,#9226),(#9227,
#9228,#9229,#9230,#9231,#9232,#9233,#9234,#9235,#9236,#9237,#9238,#9239,
#9240),(#9241,#9242,#9243,#9244,#9245,#9246,#9247,#9248,#9249,#9250,#9251,
#9252,#9253,#9254),(#9255,#9256,#9257,#9258,#9259,#9260,#9261,#9262,#9263,
#9264,#9265,#9266,#9267,#9268),(#9269,#9270,#9271,#9272,#9273,#9274,#9275,
#9276,#9277,#9278,#9279,#9280,#9281,#9282),(#9283,#9284,#9285,#9286,#9287,
#9288,#9289,#9290,#9291,#9292,#9293,#9294,#9295,#9296),(#9297,#9298,#9299,
#9300,#9301,#9302,#9303,#9304,#9305,#9306,#9307,#9308,#9309,#9310),(#9311,
#9312,#9313,#9314,#9315,#9316,#9317,#9318,#9319,#9320,#9321,#9322,#9323,
#9324),(#9325,#9326,#9327,#9328,#9329,#9330,#9331,#9332,#9333,#9334,#9335,
#9336,#9337,#9338)),.UNSPECIFIED.,.F.,.F.,.F.,(4,3,1,1,1,1,1,1,3,4),(4,
3,1,1,1,1,3,4),(-0.767809149487783,-0.009511753710567,0.1186561003173,0.2373122006345,
0.3559683009518,0.474624401269,0.7373122006345,0.8686561003173,1.010528843634,
1.31822407050296),(-0.0333122197592166,0.1360638598665,0.5,0.625,0.75,0.875,
0.8869971182728,1.58898512721031),.UNSPECIFIED.);
#136=B_SPLINE_SURFACE_WITH_KNOTS('',3,1,((#9425,#9426),(#9427,#9428),(#9429,
#9430),(#9431,#9432),(#9433,#9434),(#9435,#9436),(#9437,#9438),(#9439,#9440),
(#9441,#9442),(#9443,#9444),(#9445,#9446),(#9447,#9448),(#9449,#9450),(#9451,
#9452),(#9453,#9454),(#9455,#9456),(#9457,#9458),(#9459,#9460),(#9461,#9462),
(#9463,#9464),(#9465,#9466),(#9467,#9468),(#9469,#9470),(#9471,#9472),(#9473,
#9474),(#9475,#9476),(#9477,#9478),(#9479,#9480)),.UNSPECIFIED.,.F.,.F.,
 .F.,(4,3,3,3,3,3,3,3,3,4),(2,2),(-3.15355937372556,-3.12203003312934,-3.09111891489774,
-2.6232897060774,-2.14988646754573,-1.63621787109457,-1.02371816930571,
-0.43220951078025,-7.0917385790518E-6,0.0309040264930126),(0.,0.624780232477936),
 .UNSPECIFIED.);
#137=B_SPLINE_SURFACE_WITH_KNOTS('',3,1,((#9483,#9484),(#9485,#9486),(#9487,
#9488),(#9489,#9490),(#9491,#9492),(#9493,#9494),(#9495,#9496),(#9497,#9498),
(#9499,#9500),(#9501,#9502),(#9503,#9504),(#9505,#9506),(#9507,#9508),(#9509,
#9510),(#9511,#9512),(#9513,#9514),(#9515,#9516),(#9517,#9518),(#9519,#9520),
(#9521,#9522),(#9523,#9524),(#9525,#9526)),.UNSPECIFIED.,.F.,.F.,.F.,(4,
3,3,3,3,3,3,4),(2,2),(-0.0153207762849078,7.08899352593506E-6,0.304960366289155,
0.687120000956293,1.10330920129514,1.5327936168369,1.54812148211534,1.57010192317522),
(0.,0.513753548193644),.UNSPECIFIED.);
#138=B_SPLINE_SURFACE_WITH_KNOTS('',3,1,((#9528,#9529),(#9530,#9531),(#9532,
#9533),(#9534,#9535),(#9536,#9537),(#9538,#9539),(#9540,#9541),(#9542,#9543),
(#9544,#9545),(#9546,#9547),(#9548,#9549),(#9550,#9551),(#9552,#9553),(#9554,
#9555),(#9556,#9557),(#9558,#9559),(#9560,#9561),(#9562,#9563),(#9564,#9565),
(#9566,#9567),(#9568,#9569),(#9570,#9571),(#9572,#9573),(#9574,#9575),(#9576,
#9577),(#9578,#9579),(#9580,#9581),(#9582,#9583),(#9584,#9585),(#9586,#9587),
(#9588,#9589),(#9590,#9591),(#9592,#9593),(#9594,#9595),(#9596,#9597),(#9598,
#9599),(#9600,#9601),(#9602,#9603),(#9604,#9605),(#9606,#9607),(#9608,#9609),
(#9610,#9611),(#9612,#9613),(#9614,#9615),(#9616,#9617),(#9618,#9619),(#9620,
#9621),(#9622,#9623),(#9624,#9625),(#9626,#9627),(#9628,#9629),(#9630,#9631),
(#9632,#9633),(#9634,#9635),(#9636,#9637)),.UNSPECIFIED.,.F.,.F.,.F.,(4,
3,3,3,3,3,3,3,3,3,3,3,3,3,3,3,3,3,4),(2,2),(-0.000180449330120149,9.99999999141417E-7,
0.0114668206140666,0.015085008553469,0.0337581344072187,0.0695883341403365,
0.103514740677193,0.134002299272855,0.152714211351194,0.168587959766638,
0.186651554147978,0.215035299363811,0.255134154615071,0.290950261338613,
0.314205301455971,0.322086552040256,0.325698739125924,0.337158349449768,
0.338057412983444),(0.,0.516937565138047),.UNSPECIFIED.);
#139=B_SPLINE_SURFACE_WITH_KNOTS('',3,1,((#9638,#9639),(#9640,#9641),(#9642,
#9643),(#9644,#9645),(#9646,#9647),(#9648,#9649),(#9650,#9651),(#9652,#9653),
(#9654,#9655),(#9656,#9657),(#9658,#9659),(#9660,#9661),(#9662,#9663),(#9664,
#9665),(#9666,#9667),(#9668,#9669),(#9670,#9671),(#9672,#9673),(#9674,#9675),
(#9676,#9677),(#9678,#9679),(#9680,#9681),(#9682,#9683),(#9684,#9685),(#9686,
#9687),(#9688,#9689),(#9690,#9691),(#9692,#9693),(#9694,#9695),(#9696,#9697),
(#9698,#9699),(#9700,#9701),(#9702,#9703),(#9704,#9705),(#9706,#9707),(#9708,
#9709),(#9710,#9711),(#9712,#9713),(#9714,#9715),(#9716,#9717)),
 .UNSPECIFIED.,.F.,.F.,.F.,(4,3,3,3,3,3,3,3,3,3,3,3,3,4),(2,2),(-19.323966270996,
-0.288911807778014,-0.285361122060626,-0.273288144596313,-0.259140499784056,
-0.222118802415648,-0.182262877228041,-0.144520273289151,-0.104978234711184,
-0.0715798013334275,-0.0457248341338131,-0.0224322619968789,-0.0156121730627911,
-0.00355344315306732),(0.,0.517042374971135),.UNSPECIFIED.);
#140=B_SPLINE_SURFACE_WITH_KNOTS('',3,1,((#9719,#9720),(#9721,#9722),(#9723,
#9724),(#9725,#9726),(#9727,#9728),(#9729,#9730),(#9731,#9732),(#9733,#9734),
(#9735,#9736),(#9737,#9738),(#9739,#9740),(#9741,#9742),(#9743,#9744),(#9745,
#9746),(#9747,#9748),(#9749,#9750),(#9751,#9752),(#9753,#9754),(#9755,#9756),
(#9757,#9758),(#9759,#9760),(#9761,#9762),(#9763,#9764),(#9765,#9766),(#9767,
#9768),(#9769,#9770),(#9771,#9772),(#9773,#9774),(#9775,#9776),(#9777,#9778),
(#9779,#9780)),.UNSPECIFIED.,.F.,.F.,.F.,(4,3,3,3,3,3,3,3,3,3,4),(2,2),
(-21.9808351899852,-3.8655672826722,-3.54320728609912,-3.14293832054971,
-2.54159880790118,-1.93170635592648,-1.46406317528921,-0.958710593575183,
-0.502019109336074,-9.99999999744258E-7,0.0386546628267223),(0.,0.643458723511399),
 .UNSPECIFIED.);
#141=FACE_OUTER_BOUND('',#212,.T.);
#142=FACE_OUTER_BOUND('',#213,.T.);
#143=FACE_OUTER_BOUND('',#214,.T.);
#144=FACE_OUTER_BOUND('',#217,.T.);
#145=FACE_OUTER_BOUND('',#218,.T.);
#146=FACE_OUTER_BOUND('',#219,.T.);
#147=FACE_OUTER_BOUND('',#220,.T.);
#148=FACE_OUTER_BOUND('',#221,.T.);
#149=FACE_OUTER_BOUND('',#222,.T.);
#150=FACE_OUTER_BOUND('',#224,.T.);
#151=FACE_OUTER_BOUND('',#225,.T.);
#152=FACE_OUTER_BOUND('',#226,.T.);
#153=FACE_OUTER_BOUND('',#228,.T.);
#154=FACE_OUTER_BOUND('',#229,.T.);
#155=FACE_OUTER_BOUND('',#230,.T.);
#156=FACE_OUTER_BOUND('',#232,.T.);
#157=FACE_OUTER_BOUND('',#233,.T.);
#158=FACE_OUTER_BOUND('',#234,.T.);
#159=FACE_OUTER_BOUND('',#236,.T.);
#160=FACE_OUTER_BOUND('',#238,.T.);
#161=FACE_OUTER_BOUND('',#240,.T.);
#162=FACE_OUTER_BOUND('',#241,.T.);
#163=FACE_OUTER_BOUND('',#242,.T.);
#164=FACE_OUTER_BOUND('',#244,.T.);
#165=FACE_OUTER_BOUND('',#245,.T.);
#166=FACE_OUTER_BOUND('',#246,.T.);
#167=FACE_OUTER_BOUND('',#249,.T.);
#168=FACE_OUTER_BOUND('',#251,.T.);
#169=FACE_OUTER_BOUND('',#252,.T.);
#170=FACE_OUTER_BOUND('',#253,.T.);
#171=FACE_OUTER_BOUND('',#254,.T.);
#172=FACE_OUTER_BOUND('',#256,.T.);
#173=FACE_OUTER_BOUND('',#257,.T.);
#174=FACE_OUTER_BOUND('',#258,.T.);
#175=FACE_OUTER_BOUND('',#259,.T.);
#176=FACE_OUTER_BOUND('',#260,.T.);
#177=FACE_OUTER_BOUND('',#261,.T.);
#178=FACE_OUTER_BOUND('',#262,.T.);
#179=FACE_OUTER_BOUND('',#265,.T.);
#180=FACE_OUTER_BOUND('',#266,.T.);
#181=FACE_OUTER_BOUND('',#267,.T.);
#182=FACE_OUTER_BOUND('',#268,.T.);
#183=FACE_OUTER_BOUND('',#269,.T.);
#184=FACE_OUTER_BOUND('',#270,.T.);
#185=FACE_OUTER_BOUND('',#272,.T.);
#186=FACE_OUTER_BOUND('',#273,.T.);
#187=FACE_OUTER_BOUND('',#274,.T.);
#188=FACE_OUTER_BOUND('',#276,.T.);
#189=FACE_OUTER_BOUND('',#277,.T.);
#190=FACE_OUTER_BOUND('',#278,.T.);
#191=FACE_OUTER_BOUND('',#280,.T.);
#192=FACE_OUTER_BOUND('',#281,.T.);
#193=FACE_OUTER_BOUND('',#282,.T.);
#194=FACE_OUTER_BOUND('',#284,.T.);
#195=FACE_OUTER_BOUND('',#286,.T.);
#196=FACE_OUTER_BOUND('',#288,.T.);
#197=FACE_OUTER_BOUND('',#289,.T.);
#198=FACE_OUTER_BOUND('',#290,.T.);
#199=FACE_OUTER_BOUND('',#292,.T.);
#200=FACE_OUTER_BOUND('',#293,.T.);
#201=FACE_OUTER_BOUND('',#294,.T.);
#202=FACE_OUTER_BOUND('',#297,.T.);
#203=FACE_OUTER_BOUND('',#299,.T.);
#204=FACE_OUTER_BOUND('',#300,.T.);
#205=FACE_OUTER_BOUND('',#301,.T.);
#206=FACE_OUTER_BOUND('',#302,.T.);
#207=FACE_OUTER_BOUND('',#304,.T.);
#208=FACE_OUTER_BOUND('',#305,.T.);
#209=FACE_OUTER_BOUND('',#306,.T.);
#210=FACE_OUTER_BOUND('',#307,.T.);
#211=FACE_OUTER_BOUND('',#308,.T.);
#212=EDGE_LOOP('',(#788,#789,#790,#791,#792,#793));
#213=EDGE_LOOP('',(#794,#795,#796,#797,#798));
#214=EDGE_LOOP('',(#799,#800,#801,#802,#803,#804,#805,#806,#807,#808,#809));
#215=EDGE_LOOP('',(#810));
#216=EDGE_LOOP('',(#811));
#217=EDGE_LOOP('',(#812,#813,#814,#815,#816));
#218=EDGE_LOOP('',(#817,#818,#819,#820,#821));
#219=EDGE_LOOP('',(#822,#823,#824,#825,#826));
#220=EDGE_LOOP('',(#827,#828,#829,#830,#831));
#221=EDGE_LOOP('',(#832,#833,#834,#835,#836));
#222=EDGE_LOOP('',(#837,#838,#839,#840,#841,#842,#843,#844));
#223=EDGE_LOOP('',(#845));
#224=EDGE_LOOP('',(#846,#847,#848,#849));
#225=EDGE_LOOP('',(#850,#851,#852,#853));
#226=EDGE_LOOP('',(#854));
#227=EDGE_LOOP('',(#855));
#228=EDGE_LOOP('',(#856,#857,#858,#859));
#229=EDGE_LOOP('',(#860,#861,#862,#863));
#230=EDGE_LOOP('',(#864));
#231=EDGE_LOOP('',(#865));
#232=EDGE_LOOP('',(#866,#867,#868,#869));
#233=EDGE_LOOP('',(#870,#871,#872,#873));
#234=EDGE_LOOP('',(#874));
#235=EDGE_LOOP('',(#875));
#236=EDGE_LOOP('',(#876));
#237=EDGE_LOOP('',(#877));
#238=EDGE_LOOP('',(#878));
#239=EDGE_LOOP('',(#879));
#240=EDGE_LOOP('',(#880,#881,#882,#883,#884));
#241=EDGE_LOOP('',(#885,#886,#887,#888,#889));
#242=EDGE_LOOP('',(#890));
#243=EDGE_LOOP('',(#891));
#244=EDGE_LOOP('',(#892,#893,#894,#895,#896));
#245=EDGE_LOOP('',(#897,#898,#899,#900));
#246=EDGE_LOOP('',(#901,#902,#903,#904,#905,#906,#907,#908,#909,#910,#911));
#247=EDGE_LOOP('',(#912,#913));
#248=EDGE_LOOP('',(#914,#915));
#249=EDGE_LOOP('',(#916,#917,#918,#919,#920,#921,#922,#923));
#250=EDGE_LOOP('',(#924,#925));
#251=EDGE_LOOP('',(#926,#927,#928,#929));
#252=EDGE_LOOP('',(#930,#931,#932,#933));
#253=EDGE_LOOP('',(#934,#935,#936,#937));
#254=EDGE_LOOP('',(#938,#939,#940,#941,#942,#943,#944,#945));
#255=EDGE_LOOP('',(#946,#947));
#256=EDGE_LOOP('',(#948,#949,#950,#951));
#257=EDGE_LOOP('',(#952,#953,#954,#955));
#258=EDGE_LOOP('',(#956,#957,#958,#959));
#259=EDGE_LOOP('',(#960,#961,#962,#963));
#260=EDGE_LOOP('',(#964,#965,#966,#967,#968,#969));
#261=EDGE_LOOP('',(#970,#971,#972,#973,#974));
#262=EDGE_LOOP('',(#975,#976,#977,#978,#979,#980,#981,#982,#983,#984,#985));
#263=EDGE_LOOP('',(#986));
#264=EDGE_LOOP('',(#987));
#265=EDGE_LOOP('',(#988,#989,#990,#991,#992));
#266=EDGE_LOOP('',(#993,#994,#995,#996,#997));
#267=EDGE_LOOP('',(#998,#999,#1000,#1001,#1002));
#268=EDGE_LOOP('',(#1003,#1004,#1005,#1006,#1007));
#269=EDGE_LOOP('',(#1008,#1009,#1010,#1011,#1012));
#270=EDGE_LOOP('',(#1013,#1014,#1015,#1016,#1017,#1018,#1019,#1020));
#271=EDGE_LOOP('',(#1021));
#272=EDGE_LOOP('',(#1022,#1023,#1024,#1025));
#273=EDGE_LOOP('',(#1026,#1027,#1028,#1029));
#274=EDGE_LOOP('',(#1030));
#275=EDGE_LOOP('',(#1031));
#276=EDGE_LOOP('',(#1032,#1033,#1034,#1035));
#277=EDGE_LOOP('',(#1036,#1037,#1038,#1039));
#278=EDGE_LOOP('',(#1040));
#279=EDGE_LOOP('',(#1041));
#280=EDGE_LOOP('',(#1042,#1043,#1044,#1045));
#281=EDGE_LOOP('',(#1046,#1047,#1048,#1049));
#282=EDGE_LOOP('',(#1050));
#283=EDGE_LOOP('',(#1051));
#284=EDGE_LOOP('',(#1052));
#285=EDGE_LOOP('',(#1053));
#286=EDGE_LOOP('',(#1054));
#287=EDGE_LOOP('',(#1055));
#288=EDGE_LOOP('',(#1056,#1057,#1058,#1059,#1060));
#289=EDGE_LOOP('',(#1061,#1062,#1063,#1064,#1065));
#290=EDGE_LOOP('',(#1066));
#291=EDGE_LOOP('',(#1067));
#292=EDGE_LOOP('',(#1068,#1069,#1070,#1071,#1072));
#293=EDGE_LOOP('',(#1073,#1074,#1075,#1076));
#294=EDGE_LOOP('',(#1077,#1078,#1079,#1080,#1081,#1082,#1083,#1084,#1085,
#1086,#1087));
#295=EDGE_LOOP('',(#1088,#1089));
#296=EDGE_LOOP('',(#1090,#1091));
#297=EDGE_LOOP('',(#1092,#1093,#1094,#1095,#1096,#1097,#1098,#1099));
#298=EDGE_LOOP('',(#1100,#1101));
#299=EDGE_LOOP('',(#1102,#1103,#1104,#1105));
#300=EDGE_LOOP('',(#1106,#1107,#1108,#1109));
#301=EDGE_LOOP('',(#1110,#1111,#1112,#1113));
#302=EDGE_LOOP('',(#1114,#1115,#1116,#1117,#1118,#1119,#1120,#1121));
#303=EDGE_LOOP('',(#1122,#1123));
#304=EDGE_LOOP('',(#1124,#1125,#1126,#1127));
#305=EDGE_LOOP('',(#1128,#1129,#1130,#1131));
#306=EDGE_LOOP('',(#1132,#1133,#1134,#1135));
#307=EDGE_LOOP('',(#1136,#1137,#1138,#1139));
#308=EDGE_LOOP('',(#1140,#1141,#1142,#1143,#1144,#1145));
#309=LINE('',#1601,#354);
#310=LINE('',#2885,#355);
#311=LINE('',#3231,#356);
#312=LINE('',#3517,#357);
#313=LINE('',#3790,#358);
#314=LINE('',#3795,#359);
#315=LINE('',#3801,#360);
#316=LINE('',#3806,#361);
#317=LINE('',#3812,#362);
#318=LINE('',#3817,#363);
#319=LINE('',#3875,#364);
#320=LINE('',#3972,#365);
#321=LINE('',#4023,#366);
#322=LINE('',#4026,#367);
#323=LINE('',#4042,#368);
#324=LINE('',#4953,#369);
#325=LINE('',#4969,#370);
#326=LINE('',#5003,#371);
#327=LINE('',#5005,#372);
#328=LINE('',#5410,#373);
#329=LINE('',#5411,#374);
#330=LINE('',#5456,#375);
#331=LINE('',#5647,#376);
#332=LINE('',#6956,#377);
#333=LINE('',#7302,#378);
#334=LINE('',#7588,#379);
#335=LINE('',#7861,#380);
#336=LINE('',#7866,#381);
#337=LINE('',#7872,#382);
#338=LINE('',#7877,#383);
#339=LINE('',#7883,#384);
#340=LINE('',#7888,#385);
#341=LINE('',#7946,#386);
#342=LINE('',#8043,#387);
#343=LINE('',#8094,#388);
#344=LINE('',#8097,#389);
#345=LINE('',#8113,#390);
#346=LINE('',#9024,#391);
#347=LINE('',#9040,#392);
#348=LINE('',#9074,#393);
#349=LINE('',#9076,#394);
#350=LINE('',#9481,#395);
#351=LINE('',#9482,#396);
#352=LINE('',#9527,#397);
#353=LINE('',#9718,#398);
#354=VECTOR('',#1339,0.5);
#355=VECTOR('',#1346,2.87496193869026);
#356=VECTOR('',#1353,2.87496193869026);
#357=VECTOR('',#1360,2.87496193869026);
#358=VECTOR('',#1369,1.95535866910269);
#359=VECTOR('',#1376,1.70598766330767);
#360=VECTOR('',#1383,1.95535866910269);
#361=VECTOR('',#1390,1.70598766330767);
#362=VECTOR('',#1397,1.95535866910269);
#363=VECTOR('',#1404,1.70598766330767);
#364=VECTOR('',#1417,1.125);
#365=VECTOR('',#1422,1.125);
#366=VECTOR('',#1429,1.125);
#367=VECTOR('',#1432,10.);
#368=VECTOR('',#1433,10.);
#369=VECTOR('',#1438,10.);
#370=VECTOR('',#1441,10.);
#371=VECTOR('',#1442,10.);
#372=VECTOR('',#1443,10.);
#373=VECTOR('',#1446,10.);
#374=VECTOR('',#1447,10.);
#375=VECTOR('',#1448,10.);
#376=VECTOR('',#1449,10.);
#377=VECTOR('',#1456,2.87496193869026);
#378=VECTOR('',#1463,2.87496193869026);
#379=VECTOR('',#1470,2.87496193869026);
#380=VECTOR('',#1479,1.95535866910269);
#381=VECTOR('',#1486,1.70598766330767);
#382=VECTOR('',#1493,1.95535866910269);
#383=VECTOR('',#1500,1.70598766330767);
#384=VECTOR('',#1507,1.95535866910269);
#385=VECTOR('',#1514,1.70598766330767);
#386=VECTOR('',#1527,1.125);
#387=VECTOR('',#1532,1.125);
#388=VECTOR('',#1539,1.125);
#389=VECTOR('',#1542,10.);
#390=VECTOR('',#1543,10.);
#391=VECTOR('',#1548,10.);
#392=VECTOR('',#1551,10.);
#393=VECTOR('',#1552,10.);
#394=VECTOR('',#1553,10.);
#395=VECTOR('',#1556,10.);
#396=VECTOR('',#1557,10.);
#397=VECTOR('',#1558,10.);
#398=VECTOR('',#1559,10.);
#399=B_SPLINE_CURVE_WITH_KNOTS('',3,(#1564,#1565,#1566,#1567,#1568,#1569,
#1570,#1571,#1572,#1573,#1574,#1575,#1576,#1577,#1578,#1579,#1580,#1581),
 .UNSPECIFIED.,.F.,.F.,(4,2,2,2,2,2,2,2,4),(0.,0.0188350367037237,0.0376700734074474,
0.0565051099385185,0.0753401464695895,0.0941751830006605,0.113010219531732,
0.131845256235455,0.150680292939179),.UNSPECIFIED.);
#400=B_SPLINE_CURVE_WITH_KNOTS('',3,(#1582,#1583,#1584,#1585,#1586,#1587,
#1588,#1589,#1590,#1591,#1592,#1593,#1594,#1595,#1596,#1597,#1598,#1599),
 .UNSPECIFIED.,.F.,.F.,(4,2,2,2,2,2,2,2,4),(0.150680292939179,0.169515329642903,
0.188350366346626,0.207185402877697,0.226020439408768,0.244855475939839,
0.26369051247091,0.282525549174634,0.301360585878358),.UNSPECIFIED.);
#401=B_SPLINE_CURVE_WITH_KNOTS('',3,(#1603,#1604,#1605,#1606,#1607,#1608,
#1609,#1610,#1611,#1612,#1613,#1614,#1615,#1616,#1617,#1618,#1619,#1620),
 .UNSPECIFIED.,.F.,.F.,(4,2,2,2,2,2,2,2,4),(0.,0.0188350367037237,0.0376700734074475,
0.0565051099385184,0.0753401464695894,0.0941751830006603,0.113010219531731,
0.131845256235455,0.150680292939179),.UNSPECIFIED.);
#402=B_SPLINE_CURVE_WITH_KNOTS('',3,(#1621,#1622,#1623,#1624,#1625,#1626,
#1627,#1628,#1629,#1630,#1631,#1632,#1633,#1634,#1635,#1636,#1637,#1638),
 .UNSPECIFIED.,.F.,.F.,(4,2,2,2,2,2,2,2,4),(0.150680292939179,0.169515329642902,
0.188350366346626,0.207185402877697,0.226020439408768,0.244855475939839,
0.26369051247091,0.282525549174634,0.301360585878358),.UNSPECIFIED.);
#403=B_SPLINE_CURVE_WITH_KNOTS('',3,(#1747,#1748,#1749,#1750,#1751,#1752,
#1753,#1754,#1755,#1756,#1757,#1758,#1759,#1760,#1761,#1762,#1763,#1764,
#1765,#1766,#1767),.UNSPECIFIED.,.T.,.F.,(4,2,2,2,1,2,2,2,2,2,4),(0.,0.231430216238178,
0.468625726137859,0.511007100928549,0.675036074037833,0.839065047147117,
1.11926691092223,1.32619935163971,1.51001685380151,1.76902192719885,1.83902405162572),
 .UNSPECIFIED.);
#404=B_SPLINE_CURVE_WITH_KNOTS('',3,(#1769,#1770,#1771,#1772,#1773,#1774,
#1775,#1776,#1777,#1778,#1779,#1780,#1781,#1782,#1783,#1784,#1785,#1786,
#1787,#1788,#1789,#1790,#1791,#1792),.UNSPECIFIED.,.F.,.F.,(4,2,2,2,2,2,
2,2,2,2,2,4),(-1.83902405162572,-1.80583359649635,-1.77267265806312,-1.76902192719885,
-1.73850885243521,-1.70800525597814,-1.67751664444716,-1.64704846460012,
-1.61651759492016,-1.58611875537404,-1.55552187062717,-1.52492500031085),
 .UNSPECIFIED.);
#405=B_SPLINE_CURVE_WITH_KNOTS('',3,(#1793,#1794,#1795,#1796,#1797,#1798,
#1799,#1800,#1801,#1802,#1803,#1804,#1805,#1806,#1807,#1808,#1809,#1810,
#1811),.UNSPECIFIED.,.F.,.F.,(4,2,2,2,2,1,2,2,2,4),(-1.52492497292642,-1.51001685380151,
-1.32619935163971,-1.11926691092223,-0.839065047147117,-0.675036074037833,
-0.511007100928549,-0.468625726137859,-0.231430216238178,0.),
 .UNSPECIFIED.);
#406=B_SPLINE_CURVE_WITH_KNOTS('',3,(#2654,#2655,#2656,#2657,#2658,#2659,
#2660,#2661,#2662,#2663,#2664,#2665,#2666,#2667),.UNSPECIFIED.,.F.,.F.,
(4,2,2,2,2,2,4),(1.00000004591441E-6,0.112172103970377,0.238790842697686,
0.380298665848335,0.531175953976962,0.641734284368201,0.760593439817953),
 .UNSPECIFIED.);
#407=B_SPLINE_CURVE_WITH_KNOTS('',3,(#2669,#2670,#2671,#2672,#2673,#2674),
 .UNSPECIFIED.,.F.,.F.,(4,2,4),(1.00000000282713E-6,0.417948826759608,0.835881427634895),
 .UNSPECIFIED.);
#408=B_SPLINE_CURVE_WITH_KNOTS('',3,(#2676,#2677,#2678,#2679,#2680,#2681,
#2682,#2683,#2684,#2685,#2686,#2687,#2688,#2689,#2690,#2691,#2692,#2693,
#2694,#2695,#2696,#2697),.UNSPECIFIED.,.F.,.F.,(4,2,2,2,2,2,2,2,2,2,4),
(1.00000004387282E-6,0.131529541330872,0.297389601698159,0.457656251292853,
0.617781124254156,0.780185928094841,0.937077668716654,1.10510010776045,
1.26927376072247,1.40777636297998,1.56036994592264),.UNSPECIFIED.);
#409=B_SPLINE_CURVE_WITH_KNOTS('',3,(#2699,#2700,#2701,#2702,#2703,#2704,
#2705,#2706,#2707,#2708,#2709,#2710,#2711,#2712,#2713,#2714),
 .UNSPECIFIED.,.F.,.F.,(4,2,2,2,2,2,2,4),(1.0000000040137E-6,0.16746843396283,
0.43910225847735,0.851332453682704,1.70210809649801,2.56504077401619,3.20092055679584,
3.8655576726573),.UNSPECIFIED.);
#410=B_SPLINE_CURVE_WITH_KNOTS('',3,(#2716,#2717,#2718,#2719,#2720,#2721,
#2722,#2723,#2724,#2725,#2726,#2727,#2728,#2729,#2730,#2731,#2732,#2733,
#2734,#2735,#2736,#2737,#2738,#2739,#2740),.UNSPECIFIED.,.F.,.F.,(4,2,2,
2,2,2,1,2,2,2,2,2,4),(0.,0.250000000000003,0.297075897903835,0.375000000000004,
0.437500000000007,0.468750000000008,0.484375000000009,0.492187500000009,
0.500000000000009,0.544114655363284,0.814829939711101,0.984331640699223,
1.0057477395814),.UNSPECIFIED.);
#411=B_SPLINE_CURVE_WITH_KNOTS('',3,(#2744,#2745,#2746,#2747,#2748,#2749,
#2750,#2751,#2752,#2753,#2754,#2755,#2756,#2757,#2758,#2759,#2760,#2761,
#2762,#2763,#2764,#2765,#2766,#2767,#2768,#2769),.UNSPECIFIED.,.F.,.F.,
(4,2,2,2,2,2,2,2,2,2,2,2,4),(-3.88665467779855,-3.78005725899926,-3.68350633124029,
-3.58023221226233,-3.44322239025271,-3.09963390726207,-2.7330374474284,
-2.56231631505823,-1.94427083812873,-1.55893510906919,-1.11640883337198,
-0.561237692729859,-1.43823849740876E-5),.UNSPECIFIED.);
#412=B_SPLINE_CURVE_WITH_KNOTS('',3,(#2771,#2772,#2773,#2774,#2775,#2776,
#2777,#2778,#2779,#2780,#2781,#2782,#2783,#2784,#2785,#2786,#2787,#2788,
#2789,#2790),.UNSPECIFIED.,.F.,.F.,(4,2,2,2,2,2,2,2,2,4),(9.99005529849705E-7,
0.0346153974649598,0.0640554946381957,0.10801119020617,0.153626398687147,
0.194800695848337,0.237931180717758,0.271994217055202,0.290372700098191,
0.30725854703548),.UNSPECIFIED.);
#413=B_SPLINE_CURVE_WITH_KNOTS('',3,(#2792,#2793,#2794,#2795,#2796,#2797,
#2798,#2799,#2800,#2801,#2802,#2803,#2804,#2805,#2806,#2807,#2808,#2809),
 .UNSPECIFIED.,.F.,.F.,(4,2,2,2,2,2,2,2,4),(1.00000000505679E-6,0.491682125828131,
0.984371616344073,1.5837633246591,2.19090466227385,2.64966537813673,2.87921323453377,
2.9938545120761,3.16450032790754),.UNSPECIFIED.);
#414=B_SPLINE_CURVE_WITH_KNOTS('',3,(#2811,#2812,#2813,#2814,#2815,#2816,
#2817,#2818,#2819,#2820,#2821,#2822,#2823,#2824,#2825,#2826,#2827,#2828,
#2829,#2830,#2831,#2832,#2833,#2834,#2835,#2836,#2837,#2838,#2839,#2840),
 .UNSPECIFIED.,.F.,.F.,(4,2,2,2,2,2,2,2,2,2,2,2,2,2,4),(0.0296383033494079,
0.125,0.187499999999999,0.249999999999998,0.35119887015589,0.374999999999997,
0.437499999999997,0.499999999999997,0.521067260187438,0.681860459477507,
0.718263262971735,0.884987820205482,0.920303608510698,0.995100768581803,
1.01256377715709),.UNSPECIFIED.);
#415=B_SPLINE_CURVE_WITH_KNOTS('',3,(#2841,#2842,#2843,#2844,#2845,#2846,
#2847,#2848,#2849,#2850,#2851,#2852,#2853,#2854,#2855,#2856),
 .UNSPECIFIED.,.F.,.F.,(4,2,2,2,2,2,2,4),(1.0000000059148E-6,0.64852308025395,
1.27720841566209,2.12211803928684,2.97809217293053,3.37873417803831,3.64988737659683,
3.90898689960056),.UNSPECIFIED.);
#416=B_SPLINE_CURVE_WITH_KNOTS('',3,(#2858,#2859,#2860,#2861,#2862,#2863,
#2864,#2865,#2866,#2867,#2868,#2869,#2870,#2871,#2872,#2873,#2874,#2875,
#2876,#2877,#2878,#2879,#2880,#2881,#2882),.UNSPECIFIED.,.T.,.F.,(4,2,2,
2,2,2,1,2,2,2,2,2,4),(0.,0.0441763963033672,0.216518938686424,0.311967687890478,
0.439046538075243,0.55520591576126,0.814932129180984,1.07465834260071,1.30798867839671,
1.41412398299849,1.52334654209327,1.63856188997924,1.84414615600613),
 .UNSPECIFIED.);
#417=B_SPLINE_CURVE_WITH_KNOTS('',3,(#3015,#3016,#3017,#3018,#3019,#3020),
 .UNSPECIFIED.,.F.,.F.,(4,2,4),(-1.84414615600613,-1.63856188997924,-1.61650084883111),
 .UNSPECIFIED.);
#418=B_SPLINE_CURVE_WITH_KNOTS('',3,(#3021,#3022,#3023,#3024,#3025,#3026,
#3027,#3028,#3029,#3030,#3031,#3032,#3033,#3034,#3035,#3036,#3037,#3038,
#3039,#3040,#3041,#3042,#3043,#3044,#3045,#3046,#3047,#3048,#3049,#3050,
#3051,#3052,#3053,#3054,#3055,#3056,#3057,#3058,#3059,#3060,#3061,#3062,
#3063,#3064,#3065,#3066,#3067,#3068,#3069,#3070,#3071,#3072,#3073,#3074,
#3075,#3076,#3077,#3078,#3079,#3080,#3081,#3082,#3083,#3084,#3085,#3086,
#3087,#3088,#3089,#3090,#3091,#3092,#3093,#3094,#3095,#3096,#3097,#3098,
#3099,#3100,#3101,#3102,#3103,#3104,#3105,#3106,#3107,#3108,#3109,#3110,
#3111,#3112,#3113,#3114,#3115,#3116,#3117,#3118,#3119,#3120,#3121,#3122,
#3123,#3124,#3125,#3126,#3127,#3128,#3129,#3130,#3131,#3132,#3133,#3134,
#3135,#3136,#3137,#3138,#3139,#3140,#3141,#3142,#3143,#3144,#3145,#3146,
#3147,#3148,#3149,#3150,#3151,#3152,#3153,#3154,#3155,#3156,#3157,#3158,
#3159,#3160,#3161,#3162,#3163,#3164,#3165,#3166,#3167,#3168,#3169,#3170,
#3171,#3172,#3173,#3174,#3175,#3176,#3177,#3178,#3179,#3180,#3181,#3182,
#3183,#3184,#3185,#3186,#3187,#3188,#3189,#3190,#3191,#3192,#3193,#3194,
#3195,#3196,#3197,#3198,#3199,#3200,#3201,#3202,#3203,#3204,#3205,#3206,
#3207,#3208,#3209,#3210,#3211,#3212,#3213,#3214,#3215,#3216,#3217,#3218,
#3219,#3220,#3221,#3222,#3223,#3224,#3225,#3226,#3227,#3228),
 .UNSPECIFIED.,.F.,.F.,(4,3,3,3,3,3,3,3,3,3,3,3,3,3,3,3,3,3,3,3,3,3,3,3,
3,3,3,3,3,3,3,3,3,3,3,3,3,3,3,3,3,3,3,3,3,3,3,3,3,3,3,3,3,3,3,3,3,3,3,3,
3,3,3,3,3,3,3,3,3,4),(-1.61650084598793,-1.5867907648053,-1.55708289150999,
-1.52737333057299,-1.52334654209327,-1.51109807846768,-1.49358349782296,
-1.46381499763164,-1.43403062525171,-1.41412398299849,-1.40203894672343,
-1.38295038513103,-1.35175813219159,-1.32055928929588,-1.30798867839671,
-1.30798847018479,-1.27738556670371,-1.24675545829284,-1.21610534282441,
-1.18544225769336,-1.15476956481809,-1.12410217748863,-1.09344901391987,
-1.07465834260071,-1.07465793193081,-1.0453838505127,-1.01613184025668,
-0.986894461432212,-0.957667400574744,-0.928446352963387,-0.899218643101765,
-0.869990284857713,-0.840744327057544,-0.814932129180984,-0.785946657178294,
-0.757005543908017,-0.72809153829972,-0.699199369892725,-0.670323790945571,
-0.641455412216679,-0.61259371105659,-0.583723343623606,-0.557698614734242,
-0.55520674792769,-0.55520591576126,-0.525460604907536,-0.495714426260521,
-0.465958616160469,-0.439046585213675,-0.425935341155532,-0.409508141255954,
-0.379935592861384,-0.350346418441013,-0.320726329700637,-0.311967698981407,
-0.290938080725982,-0.281487714133536,-0.250965925586845,-0.220390471011816,
-0.216518938686424,-0.207620592005922,-0.185317878612883,-0.154062231721189,
-0.122749125891836,-0.091419823878528,-0.0600846109956524,-0.0441763977246048,
-0.0247093076976936,-0.0122004636505378,0.),.UNSPECIFIED.);
#419=B_SPLINE_CURVE_WITH_KNOTS('',3,(#3337,#3338,#3339,#3340,#3341,#3342,
#3343),.UNSPECIFIED.,.F.,.F.,(4,1,2,4),(0.,0.202038750893016,0.404077501786031,
0.505064633918387),.UNSPECIFIED.);
#420=B_SPLINE_CURVE_WITH_KNOTS('',3,(#3344,#3345,#3346,#3347,#3348,#3349,
#3350,#3351,#3352,#3353,#3354,#3355,#3356,#3357,#3358,#3359,#3360,#3361,
#3362,#3363,#3364,#3365,#3366,#3367,#3368,#3369,#3370,#3371,#3372,#3373,
#3374,#3375,#3376,#3377,#3378,#3379,#3380,#3381,#3382,#3383,#3384,#3385,
#3386,#3387,#3388,#3389,#3390,#3391,#3392,#3393,#3394,#3395,#3396,#3397,
#3398,#3399,#3400,#3401,#3402,#3403,#3404,#3405,#3406,#3407,#3408,#3409,
#3410,#3411,#3412,#3413,#3414,#3415,#3416,#3417,#3418,#3419,#3420,#3421,
#3422,#3423,#3424,#3425,#3426,#3427,#3428,#3429,#3430,#3431,#3432,#3433,
#3434,#3435,#3436,#3437,#3438,#3439,#3440,#3441,#3442,#3443,#3444,#3445,
#3446,#3447,#3448,#3449,#3450,#3451,#3452,#3453,#3454,#3455,#3456,#3457,
#3458,#3459,#3460,#3461,#3462,#3463,#3464,#3465,#3466,#3467,#3468,#3469,
#3470,#3471,#3472,#3473,#3474,#3475,#3476,#3477,#3478,#3479,#3480,#3481,
#3482,#3483,#3484,#3485,#3486,#3487,#3488,#3489,#3490,#3491,#3492,#3493,
#3494),.UNSPECIFIED.,.F.,.F.,(4,3,3,3,3,3,3,3,3,3,3,3,3,3,3,3,3,3,3,3,3,
3,3,3,3,3,3,3,3,3,3,3,3,3,3,3,3,3,3,3,3,3,3,3,3,3,3,3,3,3,4),(0.505064646203863,
0.535851714619079,0.566649583815392,0.587156931936197,0.617311627696347,
0.647472479073678,0.677641979867187,0.707807807484068,0.737969513509252,
0.767932247054388,0.797224369511277,0.826507085059288,0.855787251028259,
0.885063953453482,0.914344678485145,0.920656027140121,0.949624903422769,
0.978582311671478,1.0075372710456,1.03648967144835,1.0654500329376,1.07337972857029,
1.10237739736035,1.1313673792879,1.16036009212849,1.18935318495585,1.21835812440253,
1.22610343000045,1.25548688174899,1.2863219441694,1.31570225875261,1.34508166025446,
1.3744673672462,1.37882713143062,1.40895449213055,1.4390858060871,1.46921809627741,
1.4993501771478,1.52947505161038,1.55958947893887,1.57160252697068,1.60168483454593,
1.63176527828445,1.66184123286813,1.69190968417846,1.72196683726048,1.75200806970061,
1.76709302731405,1.7975438409006,1.82798863792065,1.83470135811003),
 .UNSPECIFIED.);
#421=B_SPLINE_CURVE_WITH_KNOTS('',3,(#3495,#3496,#3497,#3498,#3499,#3500,
#3501,#3502,#3503,#3504,#3505,#3506,#3507,#3508,#3509,#3510,#3511,#3512,
#3513,#3514),.UNSPECIFIED.,.T.,.F.,(4,2,2,2,1,1,1,2,2,2,1,4),(-1.83470135811003,
-1.76709303474593,-1.57160253102652,-1.37882713143062,-1.22610343000045,
-1.07337972857029,-0.920656027140121,-0.767932325709955,-0.587156946987326,
-0.404077501786031,-0.202038750893016,0.),.UNSPECIFIED.);
#422=B_SPLINE_CURVE_WITH_KNOTS('',3,(#3681,#3682,#3683,#3684,#3685,#3686,
#3687,#3688,#3689,#3690,#3691,#3692,#3693,#3694),.UNSPECIFIED.,.F.,.F.,
(4,2,2,2,2,2,4),(0.,0.501785478756996,1.02797498853592,1.85452342595182,
2.72434392373422,3.22417266610428,3.70904572434511),.UNSPECIFIED.);
#423=B_SPLINE_CURVE_WITH_KNOTS('',3,(#3696,#3697,#3698,#3699,#3700,#3701,
#3702,#3703,#3704,#3705,#3706,#3707,#3708,#3709,#3710,#3711,#3712,#3713,
#3714,#3715,#3716,#3717,#3718,#3719,#3720,#3721,#3722,#3723,#3724,#3725,
#3726,#3727,#3728,#3729),.UNSPECIFIED.,.F.,.F.,(4,3,3,3,3,3,3,3,3,3,3,4),
(-1.53303433417313,-1.26674489985779,-1.22497863571126,-1.14974596093487,
-0.944261549192161,-0.839055445355786,-0.76656759786047,-0.532936586236888,
-0.418883777695785,-0.383242957019349,-0.230409290240841,-9.99997008654258E-7),
 .UNSPECIFIED.);
#424=B_SPLINE_CURVE_WITH_KNOTS('',3,(#3731,#3732,#3733,#3734,#3735,#3736,
#3737,#3738,#3739,#3740,#3741,#3742,#3743,#3744,#3745,#3746,#3747,#3748),
 .UNSPECIFIED.,.F.,.F.,(4,2,2,2,2,2,2,2,4),(1.00359621596796E-6,0.0438653625765145,
0.0888360576484051,0.13362627290553,0.17839761396216,0.223196950113155,
0.268036916763846,0.313031983752107,0.356728151266823),.UNSPECIFIED.);
#425=B_SPLINE_CURVE_WITH_KNOTS('',3,(#3749,#3750,#3751,#3752,#3753,#3754,
#3755,#3756,#3757,#3758,#3759,#3760,#3761,#3762,#3763,#3764,#3765,#3766,
#3767,#3768,#3769,#3770,#3771,#3772,#3773,#3774,#3775,#3776,#3777,#3778,
#3779,#3780,#3781,#3782,#3783,#3784,#3785),.UNSPECIFIED.,.F.,.F.,(4,3,3,
3,3,3,3,3,3,3,3,3,4),(-0.202178766045655,-0.158292196480818,-0.116838745031751,
-0.0976504914354475,-0.0909330310707268,-0.0786506711264306,-0.0653207041281594,
-0.050992273065671,-0.038244454795237,-0.026892400308438,-0.0162667958165832,
-0.00642953676959228,-9.99983934893423E-7),.UNSPECIFIED.);
#426=B_SPLINE_CURVE_WITH_KNOTS('',3,(#3828,#3829,#3830,#3831,#3832,#3833,
#3834,#3835,#3836,#3837,#3838,#3839,#3840,#3841,#3842,#3843,#3844,#3845,
#3846,#3847,#3848,#3849,#3850,#3851,#3852,#3853,#3854,#3855,#3856,#3857,
#3858,#3859,#3860,#3861,#3862,#3863,#3864,#3865,#3866),.UNSPECIFIED.,.F.,
 .F.,(4,2,2,2,2,2,2,2,2,2,3,2,2,2,2,2,2,2,4),(0.355815420048876,0.380708085140947,
0.412318666787853,0.449759764283708,0.495142701279892,0.53748718982577,
0.581165538016683,0.625602487449588,0.669686174050221,0.703847083319687,
0.71158538133167,0.738714284790101,0.768128181650845,0.807263197468547,
0.849078796295684,0.892330445410811,0.937003295318103,0.981363910446485,
1.02282757363271),.UNSPECIFIED.);
#427=B_SPLINE_CURVE_WITH_KNOTS('',3,(#3867,#3868,#3869,#3870,#3871,#3872,
#3873,#3874),.UNSPECIFIED.,.F.,.F.,(4,2,2,4),(1.02282757363271,1.02382928652676,
1.06067656883625,1.06740080138055),.UNSPECIFIED.);
#428=B_SPLINE_CURVE_WITH_KNOTS('',3,(#3879,#3880,#3881,#3882,#3883,#3884,
#3885,#3886,#3887,#3888,#3889,#3890,#3891,#3892,#3893,#3894,#3895,#3896,
#3897,#3898,#3899,#3900,#3901,#3902,#3903,#3904,#3905,#3906,#3907,#3908,
#3909,#3910,#3911,#3912,#3913,#3914,#3915,#3916,#3917,#3918,#3919,#3920,
#3921,#3922,#3923,#3924,#3925,#3926,#3927,#3928,#3929,#3930,#3931,#3932,
#3933,#3934,#3935,#3936,#3937,#3938,#3939,#3940,#3941,#3942,#3943,#3944,
#3945,#3946,#3947,#3948,#3949,#3950,#3951,#3952,#3953,#3954,#3955,#3956,
#3957,#3958,#3959,#3960,#3961,#3962,#3963,#3964,#3965,#3966,#3967,#3968,
#3969),.UNSPECIFIED.,.F.,.F.,(4,3,3,3,3,3,3,3,3,3,3,3,3,3,3,3,3,3,3,3,3,
3,3,3,3,3,3,3,3,3,4),(-0.49802060048757,-0.492354221382311,-0.468298931868219,
-0.447360582220246,-0.421507408668165,-0.403685786884996,-0.386867881656812,
-0.365412133099322,-0.32839648256609,-0.303741272217053,-0.284811899591601,
-0.259833315417885,-0.240109190572419,-0.213949793490393,-0.196559533564671,
-0.161000409233177,-0.155787238886971,-0.117527047449873,-0.0824818830107038,
-0.061747723429118,-0.0448504928297492,-0.0265725544890304,0.,0.0255301162589472,
0.0466279272508977,0.0711338813690686,0.0911214802089827,0.115512919427584,
0.135596816475971,0.163112681626133,0.174707779602067),.UNSPECIFIED.);
#429=B_SPLINE_CURVE_WITH_KNOTS('',3,(#3978,#3979,#3980,#3981,#3982,#3983,
#3984,#3985,#3986,#3987,#3988,#3989,#3990,#3991,#3992,#3993,#3994,#3995,
#3996,#3997,#3998,#3999,#4000,#4001,#4002,#4003,#4004,#4005,#4006,#4007,
#4008,#4009,#4010,#4011,#4012,#4013,#4014,#4015,#4016),.UNSPECIFIED.,.F.,
 .F.,(4,2,2,2,2,2,2,2,2,2,2,2,2,2,2,3,2,2,4),(0.169497297763773,0.174839571098168,
0.214785857659638,0.248660053493093,0.282053521196306,0.319985978042803,
0.364765626435259,0.406946849951233,0.450264489241345,0.495230133242663,
0.540298466659598,0.579667417716617,0.612806203726973,0.645132291478073,
0.682480874440529,0.711257196501252,0.753012061822227,0.796090687101497,
0.833120100236906),.UNSPECIFIED.);
#430=B_SPLINE_CURVE_WITH_KNOTS('',3,(#4017,#4018,#4019,#4020,#4021,#4022),
 .UNSPECIFIED.,.F.,.F.,(4,2,4),(0.833120100236906,0.841093667540104,0.880754494265025),
 .UNSPECIFIED.);
#431=B_SPLINE_CURVE_WITH_KNOTS('',3,(#4028,#4029,#4030,#4031,#4032,#4033,
#4034,#4035,#4036,#4037,#4038,#4039,#4040,#4041),.UNSPECIFIED.,.F.,.F.,
(4,2,2,2,2,2,4),(1.00000005240985E-6,0.12048742597278,0.24900436627716,
0.380219910543218,0.515139501719293,0.633264683894761,0.760441260963852),
 .UNSPECIFIED.);
#432=B_SPLINE_CURVE_WITH_KNOTS('',3,(#4780,#4781,#4782,#4783,#4784,#4785,
#4786,#4787,#4788,#4789,#4790,#4791,#4792,#4793,#4794,#4795),
 .UNSPECIFIED.,.F.,.F.,(4,2,2,2,2,2,2,4),(-4.11244402577591,-3.85561056715896,
-3.4749041093774,-2.73532872510019,-1.86525827654633,-1.01761257363391,
-0.517873956125202,-1.00000345554806E-6),.UNSPECIFIED.);
#433=B_SPLINE_CURVE_WITH_KNOTS('',3,(#4797,#4798,#4799,#4800,#4801,#4802,
#4803,#4804,#4805,#4806,#4807,#4808,#4809,#4810,#4811,#4812,#4813,#4814,
#4815,#4816,#4817,#4818,#4819,#4820,#4821,#4822,#4823,#4824,#4825,#4826),
 .UNSPECIFIED.,.F.,.F.,(4,2,2,2,2,2,2,2,2,2,2,2,2,2,4),(0.020352878265914,
0.111782936557558,0.125,0.187499999999999,0.249999999999998,0.351151172681063,
0.374999999999997,0.437499999999997,0.499999999999997,0.521067260187438,
0.681797600822678,0.718263262971735,0.888446992111303,0.920303608510698,
0.995100749754203),.UNSPECIFIED.);
#434=B_SPLINE_CURVE_WITH_KNOTS('',3,(#4828,#4829,#4830,#4831,#4832,#4833,
#4834,#4835,#4836,#4837,#4838,#4839,#4840,#4841,#4842,#4843,#4844,#4845,
#4846,#4847),.UNSPECIFIED.,.F.,.F.,(4,2,2,2,2,2,2,2,2,4),(-0.832619178566379,
-0.770351558773219,-0.706255515991298,-0.577692392032099,-0.416187011113608,
-0.260835745697393,-0.141914366431294,-0.0803033735766702,-0.0485122341016392,
-0.000139432440171747),.UNSPECIFIED.);
#435=B_SPLINE_CURVE_WITH_KNOTS('',3,(#4849,#4850,#4851,#4852,#4853,#4854,
#4855,#4856,#4857,#4858,#4859,#4860,#4861,#4862,#4863,#4864,#4865,#4866,
#4867,#4868),.UNSPECIFIED.,.F.,.F.,(4,2,2,2,2,2,2,2,2,4),(9.99853245163672E-7,
0.0345730657696786,0.0640337277213553,0.108010736999969,0.153625283547148,
0.194838674161122,0.23799525083514,0.27221351266295,0.290454727307723,0.307256698517678),
 .UNSPECIFIED.);
#436=B_SPLINE_CURVE_WITH_KNOTS('',3,(#4870,#4871,#4872,#4873,#4874,#4875,
#4876,#4877,#4878,#4879,#4880,#4881,#4882,#4883,#4884,#4885,#4886,#4887),
 .UNSPECIFIED.,.F.,.F.,(4,2,2,2,2,2,2,2,4),(-3.89022753114833,-3.49869212986285,
-3.13441516436709,-2.52637205030277,-1.94504651150869,-1.36682693964397,
-0.93203563943502,-0.465803912668161,-1.0001193361919E-6),.UNSPECIFIED.);
#437=B_SPLINE_CURVE_WITH_KNOTS('',3,(#4891,#4892,#4893,#4894,#4895,#4896,
#4897,#4898,#4899,#4900,#4901,#4902,#4903,#4904,#4905),.UNSPECIFIED.,.F.,
 .F.,(4,2,2,1,1,1,2,2,4),(0.,0.250000000000003,0.375000000000004,0.437500000000007,
0.468750000000008,0.484375000000009,0.492187500000009,0.500000000000009,
0.984331640699223),.UNSPECIFIED.);
#438=B_SPLINE_CURVE_WITH_KNOTS('',3,(#4907,#4908,#4909,#4910,#4911,#4912,
#4913,#4914,#4915,#4916,#4917,#4918,#4919,#4920,#4921,#4922),
 .UNSPECIFIED.,.F.,.F.,(4,2,2,2,2,2,2,4),(-3.82738398358263,-3.29205376465464,
-2.77842336538462,-1.91536398339793,-1.04884127376749,-0.406785154047216,
-0.219538506159722,-1.00000000112863E-6),.UNSPECIFIED.);
#439=B_SPLINE_CURVE_WITH_KNOTS('',3,(#4924,#4925,#4926,#4927,#4928,#4929,
#4930,#4931,#4932,#4933,#4934,#4935,#4936,#4937,#4938,#4939,#4940,#4941,
#4942,#4943,#4944,#4945),.UNSPECIFIED.,.F.,.F.,(4,2,2,2,2,2,2,2,2,2,4),
(-1.56029763816349,-1.42183175122237,-1.26431728481697,-1.0993951322775,
-0.927056425126592,-0.78014922484158,-0.642374685010451,-0.479968129703729,
-0.322594414471577,-0.148831685325074,-1.00000005076595E-6),
 .UNSPECIFIED.);
#440=B_SPLINE_CURVE_WITH_KNOTS('',3,(#4946,#4947,#4948,#4949,#4950,#4951),
 .UNSPECIFIED.,.F.,.F.,(4,2,4),(-0.83588077223586,-0.41793937678445,-1.00000001002076E-6),
 .UNSPECIFIED.);
#441=B_SPLINE_CURVE_WITH_KNOTS('',3,(#4954,#4955,#4956,#4957,#4958,#4959,
#4960,#4961,#4962,#4963,#4964,#4965,#4966,#4967),.UNSPECIFIED.,.F.,.F.,
(4,2,2,2,2,2,4),(9.99996544792658E-7,0.501206530566429,1.02701238182099,
1.85339522598942,2.72325248991942,3.22322819826682,3.70678852972124),
 .UNSPECIFIED.);
#442=B_SPLINE_CURVE_WITH_KNOTS('',3,(#5006,#5007,#5008,#5009,#5010,#5011,
#5012,#5013,#5014,#5015,#5016,#5017,#5018,#5019,#5020,#5021,#5022,#5023,
#5024,#5025,#5026,#5027,#5028,#5029,#5030,#5031,#5032,#5033,#5034,#5035,
#5036,#5037,#5038,#5039,#5040,#5041,#5042),.UNSPECIFIED.,.F.,.F.,(4,3,3,
3,3,3,3,3,3,3,3,3,4),(1.00000001057838E-6,0.20061129247087,0.390148302508148,
0.488100184857317,0.507421821546234,0.562168364821532,0.62156893683891,
0.686197397124923,0.744285014454535,0.795689657432867,0.8436761004487,0.887979803849086,
0.918547866443373),.UNSPECIFIED.);
#443=B_SPLINE_CURVE_WITH_KNOTS('',3,(#5268,#5269,#5270,#5271,#5272,#5273),
 .UNSPECIFIED.,.F.,.F.,(4,2,4),(-0.000423829632357235,-0.000212411497659726,
-9.64912758075285E-7),.UNSPECIFIED.);
#444=B_SPLINE_CURVE_WITH_KNOTS('',3,(#5275,#5276,#5277,#5278,#5279,#5280,
#5281,#5282,#5283,#5284,#5285,#5286,#5287,#5288,#5289,#5290,#5291,#5292,
#5293,#5294,#5295,#5296,#5297,#5298),.UNSPECIFIED.,.F.,.F.,(4,2,2,2,2,2,
2,2,2,2,2,4),(-0.358955187611184,-0.337700090219542,-0.313240058526593,
-0.272473888910226,-0.226479873426821,-0.197071453375467,-0.176492214721419,
-0.156967888381735,-0.132174192479451,-0.0908645258348777,-0.0457758954344528,
-0.00249109964301138),.UNSPECIFIED.);
#445=B_SPLINE_CURVE_WITH_KNOTS('',3,(#5299,#5300,#5301,#5302,#5303,#5304,
#5305,#5306,#5307,#5308,#5309,#5310,#5311,#5312,#5313,#5314,#5315,#5316,
#5317,#5318,#5319,#5320,#5321,#5322,#5323,#5324,#5325,#5326,#5327,#5328,
#5329,#5330,#5331,#5332,#5333,#5334,#5335,#5336,#5337,#5338,#5339,#5340,
#5341,#5342,#5343,#5344,#5345,#5346,#5347,#5348,#5349,#5350,#5351,#5352,
#5353),.UNSPECIFIED.,.F.,.F.,(4,3,3,3,3,3,3,3,3,3,3,3,3,3,3,3,3,3,4),(0.000136095560050551,
0.0146033824509233,0.0303941914624303,0.0485192940068066,0.0686189160680506,
0.0854335030256758,0.09923564056177,0.11992731262762,0.134232850357138,
0.196265779811233,0.201493905246693,0.229552128382465,0.265382050230341,
0.276075175742133,0.379634997624814,0.40826196153489,0.410182349107071,
0.472474839349089,0.550738062470776),.UNSPECIFIED.);
#446=B_SPLINE_CURVE_WITH_KNOTS('',3,(#5818,#5819,#5820,#5821,#5822,#5823,
#5824,#5825,#5826,#5827,#5828,#5829,#5830,#5831,#5832,#5833,#5834,#5835,
#5836,#5837,#5838),.UNSPECIFIED.,.T.,.F.,(4,2,2,2,1,2,2,2,2,2,4),(0.,0.231430216238178,
0.468625726137859,0.511007100928549,0.675036074037833,0.839065047147117,
1.11926691092223,1.32619935163971,1.51001685380151,1.76902192719885,1.83902405162572),
 .UNSPECIFIED.);
#447=B_SPLINE_CURVE_WITH_KNOTS('',3,(#5840,#5841,#5842,#5843,#5844,#5845,
#5846,#5847,#5848,#5849,#5850,#5851,#5852,#5853,#5854,#5855,#5856,#5857,
#5858,#5859,#5860,#5861,#5862,#5863),.UNSPECIFIED.,.F.,.F.,(4,2,2,2,2,2,
2,2,2,2,2,4),(-1.83902405162572,-1.80583359649635,-1.77267265806312,-1.76902192719885,
-1.73850885243521,-1.70800525597814,-1.67751664444716,-1.64704846460012,
-1.61651759492016,-1.58611875537404,-1.55552187062717,-1.52492500031085),
 .UNSPECIFIED.);
#448=B_SPLINE_CURVE_WITH_KNOTS('',3,(#5864,#5865,#5866,#5867,#5868,#5869,
#5870,#5871,#5872,#5873,#5874,#5875,#5876,#5877,#5878,#5879,#5880,#5881,
#5882),.UNSPECIFIED.,.F.,.F.,(4,2,2,2,2,1,2,2,2,4),(-1.52492497292642,-1.51001685380151,
-1.32619935163971,-1.11926691092223,-0.839065047147117,-0.675036074037833,
-0.511007100928549,-0.468625726137859,-0.231430216238178,0.),
 .UNSPECIFIED.);
#449=B_SPLINE_CURVE_WITH_KNOTS('',3,(#6725,#6726,#6727,#6728,#6729,#6730,
#6731,#6732,#6733,#6734,#6735,#6736,#6737,#6738),.UNSPECIFIED.,.F.,.F.,
(4,2,2,2,2,2,4),(1.00000004981027E-6,0.112172103970379,0.238790842697692,
0.380298665848363,0.531175953977016,0.641734284368269,0.760593439818036),
 .UNSPECIFIED.);
#450=B_SPLINE_CURVE_WITH_KNOTS('',3,(#6740,#6741,#6742,#6743,#6744,#6745),
 .UNSPECIFIED.,.F.,.F.,(4,2,4),(1.00000001120209E-6,0.417948826759613,0.83588142763491),
 .UNSPECIFIED.);
#451=B_SPLINE_CURVE_WITH_KNOTS('',3,(#6747,#6748,#6749,#6750,#6751,#6752,
#6753,#6754,#6755,#6756,#6757,#6758,#6759,#6760,#6761,#6762,#6763,#6764,
#6765,#6766,#6767,#6768),.UNSPECIFIED.,.F.,.F.,(4,2,2,2,2,2,2,2,2,2,4),
(1.00000004211502E-6,0.131529541330887,0.297389601698238,0.457656251292978,
0.617781124254322,0.780185928095022,0.937077668716849,1.10510010776065,
1.26927376072268,1.40777636298021,1.56036994592288),.UNSPECIFIED.);
#452=B_SPLINE_CURVE_WITH_KNOTS('',3,(#6770,#6771,#6772,#6773,#6774,#6775,
#6776,#6777,#6778,#6779,#6780,#6781,#6782,#6783,#6784,#6785),
 .UNSPECIFIED.,.F.,.F.,(4,2,2,2,2,2,2,4),(9.99999992161964E-7,0.167469390639562,
0.439103144883725,0.851333233447136,1.70210865617088,2.56504111045256,3.20092072873322,
3.8655576726563),.UNSPECIFIED.);
#453=B_SPLINE_CURVE_WITH_KNOTS('',3,(#6787,#6788,#6789,#6790,#6791,#6792,
#6793,#6794,#6795,#6796,#6797,#6798,#6799,#6800,#6801,#6802,#6803,#6804,
#6805,#6806,#6807,#6808,#6809,#6810,#6811),.UNSPECIFIED.,.F.,.F.,(4,2,2,
2,2,2,1,2,2,2,2,2,4),(0.,0.250000000000003,0.297075897903835,0.375000000000004,
0.437500000000007,0.468750000000008,0.484375000000009,0.492187500000009,
0.500000000000009,0.544114655363284,0.814829939711101,0.984331640699223,
1.0057477395814),.UNSPECIFIED.);
#454=B_SPLINE_CURVE_WITH_KNOTS('',3,(#6815,#6816,#6817,#6818,#6819,#6820,
#6821,#6822,#6823,#6824,#6825,#6826,#6827,#6828,#6829,#6830,#6831,#6832,
#6833,#6834,#6835,#6836,#6837,#6838,#6839,#6840),.UNSPECIFIED.,.F.,.F.,
(4,2,2,2,2,2,2,2,2,2,2,2,4),(-3.88665467778533,-3.78005725898629,-3.68350633122757,
-3.58023221224986,-3.4432223902406,-3.09963390725111,-2.7330374474187,-2.56231631504915,
-1.94427083812179,-1.55893510906361,-1.11640883336845,-0.561237692728361,
-1.43823849796387E-5),.UNSPECIFIED.);
#455=B_SPLINE_CURVE_WITH_KNOTS('',3,(#6842,#6843,#6844,#6845,#6846,#6847,
#6848,#6849,#6850,#6851,#6852,#6853,#6854,#6855,#6856,#6857,#6858,#6859,
#6860,#6861),.UNSPECIFIED.,.F.,.F.,(4,2,2,2,2,2,2,2,2,4),(9.9900552995976E-7,
0.0346153974650302,0.0640554946383688,0.108011190206477,0.153626398687592,
0.194800695848882,0.237931180718401,0.271994217055964,0.290372700099054,
0.307258547036385),.UNSPECIFIED.);
#456=B_SPLINE_CURVE_WITH_KNOTS('',3,(#6863,#6864,#6865,#6866,#6867,#6868,
#6869,#6870,#6871,#6872,#6873,#6874,#6875,#6876,#6877,#6878,#6879,#6880),
 .UNSPECIFIED.,.F.,.F.,(4,2,2,2,2,2,2,2,4),(1.00000000782252E-6,0.491682125828092,
0.984371616343952,1.58376332465891,2.19090466227354,2.64966537813627,2.87921323453314,
2.99385451207535,3.16450032783315),.UNSPECIFIED.);
#457=B_SPLINE_CURVE_WITH_KNOTS('',3,(#6882,#6883,#6884,#6885,#6886,#6887,
#6888,#6889,#6890,#6891,#6892,#6893,#6894,#6895,#6896,#6897,#6898,#6899,
#6900,#6901,#6902,#6903,#6904,#6905,#6906,#6907,#6908,#6909,#6910,#6911),
 .UNSPECIFIED.,.F.,.F.,(4,2,2,2,2,2,2,2,2,2,2,2,2,2,4),(0.0296383033494082,
0.125,0.187499999999999,0.249999999999998,0.35119887015589,0.374999999999997,
0.437499999999997,0.499999999999997,0.521067260187438,0.681860459477507,
0.718263262971735,0.884987820205482,0.920303608510698,0.995100768581803,
1.01256377715709),.UNSPECIFIED.);
#458=B_SPLINE_CURVE_WITH_KNOTS('',3,(#6912,#6913,#6914,#6915,#6916,#6917,
#6918,#6919,#6920,#6921,#6922,#6923,#6924,#6925,#6926,#6927),
 .UNSPECIFIED.,.F.,.F.,(4,2,2,2,2,2,2,4),(1.00000000873398E-6,0.648523080253956,
1.2772084156621,2.12211803928684,2.97809217293052,3.37873417803827,3.64988737659679,
3.9089868996006),.UNSPECIFIED.);
#459=B_SPLINE_CURVE_WITH_KNOTS('',3,(#6929,#6930,#6931,#6932,#6933,#6934,
#6935,#6936,#6937,#6938,#6939,#6940,#6941,#6942,#6943,#6944,#6945,#6946,
#6947,#6948,#6949,#6950,#6951,#6952,#6953),.UNSPECIFIED.,.T.,.F.,(4,2,2,
2,2,2,1,2,2,2,2,2,4),(0.,0.0441763963033672,0.216518938686424,0.311967687890478,
0.439046538075243,0.55520591576126,0.814932129180984,1.07465834260071,1.30798867839671,
1.41412398299849,1.52334654209327,1.63856188997924,1.84414615600613),
 .UNSPECIFIED.);
#460=B_SPLINE_CURVE_WITH_KNOTS('',3,(#7086,#7087,#7088,#7089,#7090,#7091),
 .UNSPECIFIED.,.F.,.F.,(4,2,4),(-1.84414615600613,-1.63856188997924,-1.61650084883111),
 .UNSPECIFIED.);
#461=B_SPLINE_CURVE_WITH_KNOTS('',3,(#7092,#7093,#7094,#7095,#7096,#7097,
#7098,#7099,#7100,#7101,#7102,#7103,#7104,#7105,#7106,#7107,#7108,#7109,
#7110,#7111,#7112,#7113,#7114,#7115,#7116,#7117,#7118,#7119,#7120,#7121,
#7122,#7123,#7124,#7125,#7126,#7127,#7128,#7129,#7130,#7131,#7132,#7133,
#7134,#7135,#7136,#7137,#7138,#7139,#7140,#7141,#7142,#7143,#7144,#7145,
#7146,#7147,#7148,#7149,#7150,#7151,#7152,#7153,#7154,#7155,#7156,#7157,
#7158,#7159,#7160,#7161,#7162,#7163,#7164,#7165,#7166,#7167,#7168,#7169,
#7170,#7171,#7172,#7173,#7174,#7175,#7176,#7177,#7178,#7179,#7180,#7181,
#7182,#7183,#7184,#7185,#7186,#7187,#7188,#7189,#7190,#7191,#7192,#7193,
#7194,#7195,#7196,#7197,#7198,#7199,#7200,#7201,#7202,#7203,#7204,#7205,
#7206,#7207,#7208,#7209,#7210,#7211,#7212,#7213,#7214,#7215,#7216,#7217,
#7218,#7219,#7220,#7221,#7222,#7223,#7224,#7225,#7226,#7227,#7228,#7229,
#7230,#7231,#7232,#7233,#7234,#7235,#7236,#7237,#7238,#7239,#7240,#7241,
#7242,#7243,#7244,#7245,#7246,#7247,#7248,#7249,#7250,#7251,#7252,#7253,
#7254,#7255,#7256,#7257,#7258,#7259,#7260,#7261,#7262,#7263,#7264,#7265,
#7266,#7267,#7268,#7269,#7270,#7271,#7272,#7273,#7274,#7275,#7276,#7277,
#7278,#7279,#7280,#7281,#7282,#7283,#7284,#7285,#7286,#7287,#7288,#7289,
#7290,#7291,#7292,#7293,#7294,#7295,#7296,#7297,#7298,#7299),
 .UNSPECIFIED.,.F.,.F.,(4,3,3,3,3,3,3,3,3,3,3,3,3,3,3,3,3,3,3,3,3,3,3,3,
3,3,3,3,3,3,3,3,3,3,3,3,3,3,3,3,3,3,3,3,3,3,3,3,3,3,3,3,3,3,3,3,3,3,3,3,
3,3,3,3,3,3,3,3,3,4),(-1.61650084598793,-1.5867907648053,-1.55708289150999,
-1.52737333057299,-1.52334654209327,-1.51109807846789,-1.49358349782296,
-1.46381499763164,-1.43403062525171,-1.41412398299849,-1.40203894672389,
-1.38295038513103,-1.35175813219159,-1.32055928929588,-1.30798867839671,
-1.30798847018478,-1.27738556670371,-1.24675545829284,-1.21610534282441,
-1.18544225769336,-1.15476956481809,-1.12410217748863,-1.09344901391987,
-1.07465834260071,-1.07465793193081,-1.0453838505127,-1.01613184025668,
-0.986894461432212,-0.957667400574744,-0.928446352963387,-0.899218643101765,
-0.869990284857713,-0.840744327057544,-0.814932129180984,-0.785946657178294,
-0.757005543908017,-0.72809153829972,-0.699199369892725,-0.670323790945571,
-0.641455412216679,-0.61259371105659,-0.583723343623606,-0.557698614734512,
-0.55520674792769,-0.55520591576126,-0.525460604907536,-0.495714426260521,
-0.465958616160469,-0.439046585213675,-0.425935341145928,-0.409508141255954,
-0.379935592861384,-0.350346418441013,-0.320726329700637,-0.311967698981407,
-0.290938080714375,-0.281487714133536,-0.250965925586845,-0.220390471011816,
-0.216518938686424,-0.207620592005896,-0.185317878612883,-0.154062231721189,
-0.122749125891836,-0.091419823878528,-0.0600846109956524,-0.0441763977246052,
-0.0247093077056863,-0.0122004636505378,0.),.UNSPECIFIED.);
#462=B_SPLINE_CURVE_WITH_KNOTS('',3,(#7408,#7409,#7410,#7411,#7412,#7413,
#7414),.UNSPECIFIED.,.F.,.F.,(4,1,2,4),(0.,0.202038750893016,0.404077501786031,
0.505064633918387),.UNSPECIFIED.);
#463=B_SPLINE_CURVE_WITH_KNOTS('',3,(#7415,#7416,#7417,#7418,#7419,#7420,
#7421,#7422,#7423,#7424,#7425,#7426,#7427,#7428,#7429,#7430,#7431,#7432,
#7433,#7434,#7435,#7436,#7437,#7438,#7439,#7440,#7441,#7442,#7443,#7444,
#7445,#7446,#7447,#7448,#7449,#7450,#7451,#7452,#7453,#7454,#7455,#7456,
#7457,#7458,#7459,#7460,#7461,#7462,#7463,#7464,#7465,#7466,#7467,#7468,
#7469,#7470,#7471,#7472,#7473,#7474,#7475,#7476,#7477,#7478,#7479,#7480,
#7481,#7482,#7483,#7484,#7485,#7486,#7487,#7488,#7489,#7490,#7491,#7492,
#7493,#7494,#7495,#7496,#7497,#7498,#7499,#7500,#7501,#7502,#7503,#7504,
#7505,#7506,#7507,#7508,#7509,#7510,#7511,#7512,#7513,#7514,#7515,#7516,
#7517,#7518,#7519,#7520,#7521,#7522,#7523,#7524,#7525,#7526,#7527,#7528,
#7529,#7530,#7531,#7532,#7533,#7534,#7535,#7536,#7537,#7538,#7539,#7540,
#7541,#7542,#7543,#7544,#7545,#7546,#7547,#7548,#7549,#7550,#7551,#7552,
#7553,#7554,#7555,#7556,#7557,#7558,#7559,#7560,#7561,#7562,#7563,#7564,
#7565),.UNSPECIFIED.,.F.,.F.,(4,3,3,3,3,3,3,3,3,3,3,3,3,3,3,3,3,3,3,3,3,
3,3,3,3,3,3,3,3,3,3,3,3,3,3,3,3,3,3,3,3,3,3,3,3,3,3,3,3,3,4),(0.505064646203863,
0.535851714619079,0.566649583815392,0.587156931936198,0.617311627696347,
0.647472479073678,0.677641979867187,0.707807807484068,0.737969513509252,
0.767932247054384,0.797224369511277,0.826507085059288,0.855787251028259,
0.885063953453482,0.914344678485145,0.920656027140121,0.949624903422769,
0.978582311671478,1.0075372710456,1.03648967144835,1.0654500329376,1.07337972857029,
1.10237739736035,1.1313673792879,1.16036009212849,1.18935318495585,1.21835812440253,
1.22610343000045,1.25548688174899,1.2863219441694,1.31570225875261,1.34508166025446,
1.3744673672462,1.37882713143062,1.40895449213055,1.4390858060871,1.46921809627741,
1.4993501771478,1.52947505161038,1.55958947893887,1.57160252697067,1.60168483454593,
1.63176527828445,1.66184123286813,1.69190968417846,1.72196683726048,1.75200806970061,
1.76709302731405,1.7975438409006,1.82798863792065,1.83470135811003),
 .UNSPECIFIED.);
#464=B_SPLINE_CURVE_WITH_KNOTS('',3,(#7566,#7567,#7568,#7569,#7570,#7571,
#7572,#7573,#7574,#7575,#7576,#7577,#7578,#7579,#7580,#7581,#7582,#7583,
#7584,#7585),.UNSPECIFIED.,.T.,.F.,(4,2,2,2,1,1,1,2,2,2,1,4),(-1.83470135811003,
-1.76709303474593,-1.57160253102652,-1.37882713143062,-1.22610343000045,
-1.07337972857029,-0.920656027140121,-0.767932325709955,-0.587156946987326,
-0.404077501786031,-0.202038750893016,0.),.UNSPECIFIED.);
#465=B_SPLINE_CURVE_WITH_KNOTS('',3,(#7752,#7753,#7754,#7755,#7756,#7757,
#7758,#7759,#7760,#7761,#7762,#7763,#7764,#7765),.UNSPECIFIED.,.F.,.F.,
(4,2,2,2,2,2,4),(0.,0.501785478757002,1.02797498853595,1.85452342595188,
2.7243439237343,3.22417266610428,3.70904572434514),.UNSPECIFIED.);
#466=B_SPLINE_CURVE_WITH_KNOTS('',3,(#7767,#7768,#7769,#7770,#7771,#7772,
#7773,#7774,#7775,#7776,#7777,#7778,#7779,#7780,#7781,#7782,#7783,#7784,
#7785,#7786,#7787,#7788,#7789,#7790,#7791,#7792,#7793,#7794,#7795,#7796,
#7797,#7798,#7799,#7800),.UNSPECIFIED.,.F.,.F.,(4,3,3,3,3,3,3,3,3,3,3,4),
(-1.53303433417288,-1.26674489985767,-1.22497863571114,-1.14974596093478,
-0.944261549192094,-0.839055445355743,-0.766567597860434,-0.532936586237732,
-0.418883777695784,-0.383242957019349,-0.230409290240844,-9.99997011067436E-7),
 .UNSPECIFIED.);
#467=B_SPLINE_CURVE_WITH_KNOTS('',3,(#7802,#7803,#7804,#7805,#7806,#7807,
#7808,#7809,#7810,#7811,#7812,#7813,#7814,#7815,#7816,#7817,#7818,#7819),
 .UNSPECIFIED.,.F.,.F.,(4,2,2,2,2,2,2,2,4),(1.00359621596796E-6,0.0438653625765145,
0.0888360576484051,0.13362627290553,0.17839761396216,0.223196950113155,
0.268036916763846,0.313031983752107,0.356728151266823),.UNSPECIFIED.);
#468=B_SPLINE_CURVE_WITH_KNOTS('',3,(#7820,#7821,#7822,#7823,#7824,#7825,
#7826,#7827,#7828,#7829,#7830,#7831,#7832,#7833,#7834,#7835,#7836,#7837,
#7838,#7839,#7840,#7841,#7842,#7843,#7844,#7845,#7846,#7847,#7848,#7849,
#7850,#7851,#7852,#7853,#7854,#7855,#7856),.UNSPECIFIED.,.F.,.F.,(4,3,3,
3,3,3,3,3,3,3,3,3,4),(-0.20217875594614,-0.158292188715529,-0.116838739471289,
-0.0976504868955877,-0.0909330268882019,-0.0786506676671883,-0.0653207014405223,
-0.0509922711428913,-0.0382444533531527,-0.026892399532328,-0.01626679566599,
-0.00642953721044055,-9.99983937002846E-7),.UNSPECIFIED.);
#469=B_SPLINE_CURVE_WITH_KNOTS('',3,(#7899,#7900,#7901,#7902,#7903,#7904,
#7905,#7906,#7907,#7908,#7909,#7910,#7911,#7912,#7913,#7914,#7915,#7916,
#7917,#7918,#7919,#7920,#7921,#7922,#7923,#7924,#7925,#7926,#7927,#7928,
#7929,#7930,#7931,#7932,#7933,#7934,#7935,#7936,#7937),.UNSPECIFIED.,.F.,
 .F.,(4,2,2,2,2,2,2,2,2,2,3,2,2,2,2,2,2,2,4),(0.355815420048129,0.380708085140072,
0.412318666786819,0.44975976428252,0.495142701278459,0.537487189824089,
0.581165538014732,0.625602487447336,0.669686174047653,0.703847083316854,
0.711585381328797,0.738714284787228,0.768128181647978,0.807263197465671,
0.849078796292759,0.892330445407784,0.937003295314956,0.981363910443185,
1.02282757362927),.UNSPECIFIED.);
#470=B_SPLINE_CURVE_WITH_KNOTS('',3,(#7938,#7939,#7940,#7941,#7942,#7943,
#7944,#7945),.UNSPECIFIED.,.F.,.F.,(4,2,2,4),(1.02282757362927,1.0238292865233,
1.06067656883265,1.06740080137693),.UNSPECIFIED.);
#471=B_SPLINE_CURVE_WITH_KNOTS('',3,(#7950,#7951,#7952,#7953,#7954,#7955,
#7956,#7957,#7958,#7959,#7960,#7961,#7962,#7963,#7964,#7965,#7966,#7967,
#7968,#7969,#7970,#7971,#7972,#7973,#7974,#7975,#7976,#7977,#7978,#7979,
#7980,#7981,#7982,#7983,#7984,#7985,#7986,#7987,#7988,#7989,#7990,#7991,
#7992,#7993,#7994,#7995,#7996,#7997,#7998,#7999,#8000,#8001,#8002,#8003,
#8004,#8005,#8006,#8007,#8008,#8009,#8010,#8011,#8012,#8013,#8014,#8015,
#8016,#8017,#8018,#8019,#8020,#8021,#8022,#8023,#8024,#8025,#8026,#8027,
#8028,#8029,#8030,#8031,#8032,#8033,#8034,#8035,#8036,#8037,#8038,#8039,
#8040),.UNSPECIFIED.,.F.,.F.,(4,3,3,3,3,3,3,3,3,3,3,3,3,3,3,3,3,3,3,3,3,
3,3,3,3,3,3,3,3,3,4),(-0.498020600487567,-0.492354221382311,-0.468298931874611,
-0.447360582220246,-0.421507408668165,-0.403685786884996,-0.386867881656812,
-0.365412133099322,-0.32839648256609,-0.303741272216141,-0.284811899591601,
-0.259833315417729,-0.240109190572419,-0.213949793475858,-0.196559533564671,
-0.161000409260432,-0.155787238886971,-0.117527047449873,-0.0824818830107038,
-0.061747723429118,-0.0448504928297492,-0.0265725544890304,0.,0.0255301162589472,
0.0466279272508977,0.0711338813688268,0.0911214802089827,0.115512919429567,
0.135596816475971,0.1631126816251,0.174707779602067),.UNSPECIFIED.);
#472=B_SPLINE_CURVE_WITH_KNOTS('',3,(#8049,#8050,#8051,#8052,#8053,#8054,
#8055,#8056,#8057,#8058,#8059,#8060,#8061,#8062,#8063,#8064,#8065,#8066,
#8067,#8068,#8069,#8070,#8071,#8072,#8073,#8074,#8075,#8076,#8077,#8078,
#8079,#8080,#8081,#8082,#8083,#8084,#8085,#8086,#8087),.UNSPECIFIED.,.F.,
 .F.,(4,2,2,2,2,2,2,2,2,2,2,2,2,2,2,3,2,2,4),(0.169497297719051,0.174839571103318,
0.214785857654436,0.24866005348448,0.282053521189949,0.319985978044252,
0.364765626437269,0.406946849954194,0.450264489245893,0.495230133249288,
0.540298466666486,0.579667417713095,0.612806203719359,0.645132291472676,
0.682480874444955,0.71125719650103,0.753012061822943,0.796090687103997,
0.833120100191965),.UNSPECIFIED.);
#473=B_SPLINE_CURVE_WITH_KNOTS('',3,(#8088,#8089,#8090,#8091,#8092,#8093),
 .UNSPECIFIED.,.F.,.F.,(4,2,4),(0.833120100191965,0.84109366754483,0.880754494220081),
 .UNSPECIFIED.);
#474=B_SPLINE_CURVE_WITH_KNOTS('',3,(#8099,#8100,#8101,#8102,#8103,#8104,
#8105,#8106,#8107,#8108,#8109,#8110,#8111,#8112),.UNSPECIFIED.,.F.,.F.,
(4,2,2,2,2,2,4),(1.00000005336024E-6,0.120487667312143,0.249004902627118,
0.380220413886291,0.515140077660433,0.633264980212132,0.760441261250675),
 .UNSPECIFIED.);
#475=B_SPLINE_CURVE_WITH_KNOTS('',3,(#8851,#8852,#8853,#8854,#8855,#8856,
#8857,#8858,#8859,#8860,#8861,#8862,#8863,#8864,#8865,#8866),
 .UNSPECIFIED.,.F.,.F.,(4,2,2,2,2,2,2,4),(-4.11244402577725,-3.85560939504307,
-3.47490305299697,-2.73532789355249,-1.86525770950262,-1.01761226427698,
-0.517873798690274,-1.00000345134208E-6),.UNSPECIFIED.);
#476=B_SPLINE_CURVE_WITH_KNOTS('',3,(#8868,#8869,#8870,#8871,#8872,#8873,
#8874,#8875,#8876,#8877,#8878,#8879,#8880,#8881,#8882,#8883,#8884,#8885,
#8886,#8887,#8888,#8889,#8890,#8891,#8892,#8893,#8894,#8895,#8896,#8897),
 .UNSPECIFIED.,.F.,.F.,(4,2,2,2,2,2,2,2,2,2,2,2,2,2,4),(0.020352878265914,
0.111782936557558,0.125,0.187499999999999,0.249999999999998,0.351151172681063,
0.374999999999997,0.437499999999997,0.499999999999997,0.521067260187438,
0.681797600822678,0.718263262971735,0.888446992111303,0.920303608510698,
0.995100749754203),.UNSPECIFIED.);
#477=B_SPLINE_CURVE_WITH_KNOTS('',3,(#8899,#8900,#8901,#8902,#8903,#8904,
#8905,#8906,#8907,#8908,#8909,#8910,#8911,#8912,#8913,#8914,#8915,#8916,
#8917,#8918),.UNSPECIFIED.,.F.,.F.,(4,2,2,2,2,2,2,2,2,4),(-0.832619180382153,
-0.770351560452029,-0.706255517529127,-0.577692393287088,-0.41618701201327,
-0.260835746255273,-0.141914366727545,-0.0803033737373848,-0.048512234192413,
-0.000139432440184787),.UNSPECIFIED.);
#478=B_SPLINE_CURVE_WITH_KNOTS('',3,(#8920,#8921,#8922,#8923,#8924,#8925,
#8926,#8927,#8928,#8929,#8930,#8931,#8932,#8933,#8934,#8935,#8936,#8937,
#8938,#8939),.UNSPECIFIED.,.F.,.F.,(4,2,2,2,2,2,2,2,2,4),(9.99853244182723E-7,
0.0345730657696259,0.0640337277211989,0.108010736999662,0.153625283546651,
0.19483867416041,0.237995250834191,0.272213512661815,0.290454727306442,
0.307256698516245),.UNSPECIFIED.);
#479=B_SPLINE_CURVE_WITH_KNOTS('',3,(#8941,#8942,#8943,#8944,#8945,#8946,
#8947,#8948,#8949,#8950,#8951,#8952,#8953,#8954,#8955,#8956,#8957,#8958),
 .UNSPECIFIED.,.F.,.F.,(4,2,2,2,2,2,2,2,4),(-3.89022753114988,-3.4986921298639,
-3.13441516436689,-2.5263720503024,-1.9450465115084,-1.36682693964376,-0.932035639434891,
-0.465803912668099,-1.00011933460804E-6),.UNSPECIFIED.);
#480=B_SPLINE_CURVE_WITH_KNOTS('',3,(#8962,#8963,#8964,#8965,#8966,#8967,
#8968,#8969,#8970,#8971,#8972,#8973,#8974,#8975,#8976),.UNSPECIFIED.,.F.,
 .F.,(4,2,2,1,1,1,2,2,4),(0.,0.250000000000003,0.375000000000004,0.437500000000007,
0.468750000000008,0.484375000000009,0.492187500000009,0.500000000000009,
0.984331640699223),.UNSPECIFIED.);
#481=B_SPLINE_CURVE_WITH_KNOTS('',3,(#8978,#8979,#8980,#8981,#8982,#8983,
#8984,#8985,#8986,#8987,#8988,#8989,#8990,#8991,#8992,#8993),
 .UNSPECIFIED.,.F.,.F.,(4,2,2,2,2,2,2,4),(-3.82738398358236,-3.29205376465445,
-2.77842336538448,-1.91536398339786,-1.04884127376749,-0.406785154047256,
-0.219538506159761,-1.00000000110075E-6),.UNSPECIFIED.);
#482=B_SPLINE_CURVE_WITH_KNOTS('',3,(#8995,#8996,#8997,#8998,#8999,#9000,
#9001,#9002,#9003,#9004,#9005,#9006,#9007,#9008,#9009,#9010,#9011,#9012,
#9013,#9014,#9015,#9016),.UNSPECIFIED.,.F.,.F.,(4,2,2,2,2,2,2,2,2,2,4),
(-1.56029763816361,-1.4218317512225,-1.26431728481708,-1.0993951322776,
-0.92705642512668,-0.78014922484166,-0.642374685010521,-0.47996812970378,
-0.322594414471619,-0.148831685325085,-1.00000005143208E-6),
 .UNSPECIFIED.);
#483=B_SPLINE_CURVE_WITH_KNOTS('',3,(#9017,#9018,#9019,#9020,#9021,#9022),
 .UNSPECIFIED.,.F.,.F.,(4,2,4),(-0.835880772235925,-0.417939376784465,-1.0000000106869E-6),
 .UNSPECIFIED.);
#484=B_SPLINE_CURVE_WITH_KNOTS('',3,(#9025,#9026,#9027,#9028,#9029,#9030,
#9031,#9032,#9033,#9034,#9035,#9036,#9037,#9038),.UNSPECIFIED.,.F.,.F.,
(4,2,2,2,2,2,4),(9.99996545680837E-7,0.501206530566434,1.027012381821,1.85339522598943,
2.72325248991942,3.22322819826681,3.70678852972125),.UNSPECIFIED.);
#485=B_SPLINE_CURVE_WITH_KNOTS('',3,(#9077,#9078,#9079,#9080,#9081,#9082,
#9083,#9084,#9085,#9086,#9087,#9088,#9089,#9090,#9091,#9092,#9093,#9094,
#9095,#9096,#9097,#9098,#9099,#9100,#9101,#9102,#9103,#9104,#9105,#9106,
#9107,#9108,#9109,#9110,#9111,#9112,#9113),.UNSPECIFIED.,.F.,.F.,(4,3,3,
3,3,3,3,3,3,3,3,3,4),(1.0000000136845E-6,0.200611292470895,0.390148302508121,
0.488100184857177,0.507421821546069,0.562168364825031,0.62156893684601,
0.686197397132969,0.744285014452437,0.795689657433628,0.84367610045236,
0.887979803856076,0.918547866410838),.UNSPECIFIED.);
#486=B_SPLINE_CURVE_WITH_KNOTS('',3,(#9339,#9340,#9341,#9342,#9343,#9344),
 .UNSPECIFIED.,.F.,.F.,(4,2,4),(-0.000423829635447101,-0.000212411497663552,
-9.64912758703092E-7),.UNSPECIFIED.);
#487=B_SPLINE_CURVE_WITH_KNOTS('',3,(#9346,#9347,#9348,#9349,#9350,#9351,
#9352,#9353,#9354,#9355,#9356,#9357,#9358,#9359,#9360,#9361,#9362,#9363,
#9364,#9365,#9366,#9367,#9368,#9369),.UNSPECIFIED.,.F.,.F.,(4,2,2,2,2,2,
2,2,2,2,2,4),(-0.358955187611184,-0.337700090219542,-0.313240058526593,
-0.272473888910226,-0.226479873426821,-0.197071453375467,-0.176492214721419,
-0.156967888381735,-0.132174192479451,-0.0908645258348777,-0.0457758954344528,
-0.00249109964301138),.UNSPECIFIED.);
#488=B_SPLINE_CURVE_WITH_KNOTS('',3,(#9370,#9371,#9372,#9373,#9374,#9375,
#9376,#9377,#9378,#9379,#9380,#9381,#9382,#9383,#9384,#9385,#9386,#9387,
#9388,#9389,#9390,#9391,#9392,#9393,#9394,#9395,#9396,#9397,#9398,#9399,
#9400,#9401,#9402,#9403,#9404,#9405,#9406,#9407,#9408,#9409,#9410,#9411,
#9412,#9413,#9414,#9415,#9416,#9417,#9418,#9419,#9420,#9421,#9422,#9423,
#9424),.UNSPECIFIED.,.F.,.F.,(4,3,3,3,3,3,3,3,3,3,3,3,3,3,3,3,3,3,4),(0.000136095560040059,
0.0146033821119414,0.0303941907441482,0.0485192928237454,0.0686189145622609,
0.0854335011854765,0.0992356391313963,0.119927310828026,0.134232848302272,
0.196265776648508,0.201493901991573,0.229552124626677,0.265382045835166,
0.27607517115614,0.379634991189086,0.408261954590041,0.410182342127946,
0.472474831258372,0.550738052983473),.UNSPECIFIED.);
#489=VERTEX_POINT('',#1562);
#490=VERTEX_POINT('',#1563);
#491=VERTEX_POINT('',#1600);
#492=VERTEX_POINT('',#1602);
#493=VERTEX_POINT('',#1744);
#494=VERTEX_POINT('',#1745);
#495=VERTEX_POINT('',#1768);
#496=VERTEX_POINT('',#2652);
#497=VERTEX_POINT('',#2653);
#498=VERTEX_POINT('',#2668);
#499=VERTEX_POINT('',#2675);
#500=VERTEX_POINT('',#2698);
#501=VERTEX_POINT('',#2715);
#502=VERTEX_POINT('',#2741);
#503=VERTEX_POINT('',#2743);
#504=VERTEX_POINT('',#2770);
#505=VERTEX_POINT('',#2791);
#506=VERTEX_POINT('',#2810);
#507=VERTEX_POINT('',#2857);
#508=VERTEX_POINT('',#2884);
#509=VERTEX_POINT('',#3012);
#510=VERTEX_POINT('',#3014);
#511=VERTEX_POINT('',#3230);
#512=VERTEX_POINT('',#3333);
#513=VERTEX_POINT('',#3334);
#514=VERTEX_POINT('',#3336);
#515=VERTEX_POINT('',#3516);
#516=VERTEX_POINT('',#3679);
#517=VERTEX_POINT('',#3695);
#518=VERTEX_POINT('',#3730);
#519=VERTEX_POINT('',#3787);
#520=VERTEX_POINT('',#3789);
#521=VERTEX_POINT('',#3793);
#522=VERTEX_POINT('',#3798);
#523=VERTEX_POINT('',#3800);
#524=VERTEX_POINT('',#3804);
#525=VERTEX_POINT('',#3809);
#526=VERTEX_POINT('',#3811);
#527=VERTEX_POINT('',#3815);
#528=VERTEX_POINT('',#3820);
#529=VERTEX_POINT('',#3823);
#530=VERTEX_POINT('',#3826);
#531=VERTEX_POINT('',#3827);
#532=VERTEX_POINT('',#3877);
#533=VERTEX_POINT('',#3878);
#534=VERTEX_POINT('',#3971);
#535=VERTEX_POINT('',#3976);
#536=VERTEX_POINT('',#3977);
#537=VERTEX_POINT('',#4025);
#538=VERTEX_POINT('',#4027);
#539=VERTEX_POINT('',#4779);
#540=VERTEX_POINT('',#4796);
#541=VERTEX_POINT('',#4827);
#542=VERTEX_POINT('',#4848);
#543=VERTEX_POINT('',#4869);
#544=VERTEX_POINT('',#4888);
#545=VERTEX_POINT('',#4890);
#546=VERTEX_POINT('',#4906);
#547=VERTEX_POINT('',#4923);
#548=VERTEX_POINT('',#5002);
#549=VERTEX_POINT('',#5004);
#550=VERTEX_POINT('',#5274);
#551=VERTEX_POINT('',#5815);
#552=VERTEX_POINT('',#5816);
#553=VERTEX_POINT('',#5839);
#554=VERTEX_POINT('',#6723);
#555=VERTEX_POINT('',#6724);
#556=VERTEX_POINT('',#6739);
#557=VERTEX_POINT('',#6746);
#558=VERTEX_POINT('',#6769);
#559=VERTEX_POINT('',#6786);
#560=VERTEX_POINT('',#6812);
#561=VERTEX_POINT('',#6814);
#562=VERTEX_POINT('',#6841);
#563=VERTEX_POINT('',#6862);
#564=VERTEX_POINT('',#6881);
#565=VERTEX_POINT('',#6928);
#566=VERTEX_POINT('',#6955);
#567=VERTEX_POINT('',#7083);
#568=VERTEX_POINT('',#7085);
#569=VERTEX_POINT('',#7301);
#570=VERTEX_POINT('',#7404);
#571=VERTEX_POINT('',#7405);
#572=VERTEX_POINT('',#7407);
#573=VERTEX_POINT('',#7587);
#574=VERTEX_POINT('',#7750);
#575=VERTEX_POINT('',#7766);
#576=VERTEX_POINT('',#7801);
#577=VERTEX_POINT('',#7858);
#578=VERTEX_POINT('',#7860);
#579=VERTEX_POINT('',#7864);
#580=VERTEX_POINT('',#7869);
#581=VERTEX_POINT('',#7871);
#582=VERTEX_POINT('',#7875);
#583=VERTEX_POINT('',#7880);
#584=VERTEX_POINT('',#7882);
#585=VERTEX_POINT('',#7886);
#586=VERTEX_POINT('',#7891);
#587=VERTEX_POINT('',#7894);
#588=VERTEX_POINT('',#7897);
#589=VERTEX_POINT('',#7898);
#590=VERTEX_POINT('',#7948);
#591=VERTEX_POINT('',#7949);
#592=VERTEX_POINT('',#8042);
#593=VERTEX_POINT('',#8047);
#594=VERTEX_POINT('',#8048);
#595=VERTEX_POINT('',#8096);
#596=VERTEX_POINT('',#8098);
#597=VERTEX_POINT('',#8850);
#598=VERTEX_POINT('',#8867);
#599=VERTEX_POINT('',#8898);
#600=VERTEX_POINT('',#8919);
#601=VERTEX_POINT('',#8940);
#602=VERTEX_POINT('',#8959);
#603=VERTEX_POINT('',#8961);
#604=VERTEX_POINT('',#8977);
#605=VERTEX_POINT('',#8994);
#606=VERTEX_POINT('',#9073);
#607=VERTEX_POINT('',#9075);
#608=VERTEX_POINT('',#9345);
#609=EDGE_CURVE('',#489,#490,#399,.T.);
#610=EDGE_CURVE('',#490,#489,#400,.T.);
#611=EDGE_CURVE('',#490,#491,#309,.T.);
#612=EDGE_CURVE('',#492,#491,#401,.T.);
#613=EDGE_CURVE('',#491,#492,#402,.T.);
#614=EDGE_CURVE('',#493,#494,#73,.T.);
#615=EDGE_CURVE('',#494,#494,#403,.T.);
#616=EDGE_CURVE('',#493,#495,#404,.T.);
#617=EDGE_CURVE('',#495,#493,#405,.T.);
#618=EDGE_CURVE('',#496,#497,#406,.F.);
#619=EDGE_CURVE('',#498,#497,#407,.F.);
#620=EDGE_CURVE('',#498,#499,#408,.F.);
#621=EDGE_CURVE('',#500,#499,#409,.F.);
#622=EDGE_CURVE('',#501,#500,#410,.T.);
#623=EDGE_CURVE('',#502,#501,#74,.T.);
#624=EDGE_CURVE('',#502,#503,#411,.F.);
#625=EDGE_CURVE('',#504,#503,#412,.F.);
#626=EDGE_CURVE('',#504,#505,#413,.T.);
#627=EDGE_CURVE('',#505,#506,#414,.T.);
#628=EDGE_CURVE('',#496,#506,#415,.F.);
#629=EDGE_CURVE('',#507,#507,#416,.T.);
#630=EDGE_CURVE('',#495,#508,#310,.T.);
#631=EDGE_CURVE('',#508,#508,#75,.T.);
#632=EDGE_CURVE('',#507,#509,#76,.T.);
#633=EDGE_CURVE('',#509,#510,#417,.T.);
#634=EDGE_CURVE('',#510,#509,#418,.T.);
#635=EDGE_CURVE('',#510,#511,#311,.T.);
#636=EDGE_CURVE('',#511,#511,#77,.T.);
#637=EDGE_CURVE('',#512,#513,#78,.T.);
#638=EDGE_CURVE('',#513,#514,#419,.T.);
#639=EDGE_CURVE('',#514,#513,#420,.T.);
#640=EDGE_CURVE('',#512,#512,#421,.T.);
#641=EDGE_CURVE('',#514,#515,#312,.T.);
#642=EDGE_CURVE('',#515,#515,#79,.T.);
#643=EDGE_CURVE('',#502,#516,#27,.F.);
#644=EDGE_CURVE('',#506,#500,#422,.T.);
#645=EDGE_CURVE('',#517,#505,#423,.F.);
#646=EDGE_CURVE('',#518,#517,#424,.T.);
#647=EDGE_CURVE('',#516,#518,#425,.F.);
#648=EDGE_CURVE('',#519,#519,#80,.T.);
#649=EDGE_CURVE('',#519,#520,#313,.T.);
#650=EDGE_CURVE('',#520,#520,#81,.T.);
#651=EDGE_CURVE('',#521,#521,#82,.F.);
#652=EDGE_CURVE('',#521,#519,#314,.T.);
#653=EDGE_CURVE('',#522,#522,#83,.T.);
#654=EDGE_CURVE('',#522,#523,#315,.T.);
#655=EDGE_CURVE('',#523,#523,#84,.T.);
#656=EDGE_CURVE('',#524,#524,#85,.F.);
#657=EDGE_CURVE('',#524,#522,#316,.T.);
#658=EDGE_CURVE('',#525,#525,#86,.T.);
#659=EDGE_CURVE('',#525,#526,#317,.T.);
#660=EDGE_CURVE('',#526,#526,#87,.T.);
#661=EDGE_CURVE('',#527,#527,#88,.F.);
#662=EDGE_CURVE('',#527,#525,#318,.T.);
#663=EDGE_CURVE('',#528,#528,#89,.T.);
#664=EDGE_CURVE('',#529,#529,#90,.T.);
#665=EDGE_CURVE('',#530,#531,#426,.T.);
#666=EDGE_CURVE('',#531,#530,#427,.T.);
#667=EDGE_CURVE('',#531,#529,#319,.T.);
#668=EDGE_CURVE('',#532,#533,#428,.T.);
#669=EDGE_CURVE('',#533,#532,#91,.T.);
#670=EDGE_CURVE('',#533,#534,#320,.T.);
#671=EDGE_CURVE('',#534,#534,#92,.T.);
#672=EDGE_CURVE('',#535,#536,#429,.T.);
#673=EDGE_CURVE('',#536,#535,#430,.T.);
#674=EDGE_CURVE('',#536,#528,#321,.T.);
#675=EDGE_CURVE('',#537,#496,#322,.T.);
#676=EDGE_CURVE('',#538,#537,#431,.T.);
#677=EDGE_CURVE('',#497,#538,#323,.T.);
#678=EDGE_CURVE('',#539,#537,#432,.F.);
#679=EDGE_CURVE('',#540,#539,#433,.T.);
#680=EDGE_CURVE('',#541,#540,#434,.T.);
#681=EDGE_CURVE('',#542,#541,#435,.T.);
#682=EDGE_CURVE('',#543,#542,#436,.T.);
#683=EDGE_CURVE('',#543,#544,#93,.T.);
#684=EDGE_CURVE('',#544,#545,#437,.T.);
#685=EDGE_CURVE('',#546,#545,#438,.F.);
#686=EDGE_CURVE('',#546,#547,#439,.F.);
#687=EDGE_CURVE('',#538,#547,#440,.F.);
#688=EDGE_CURVE('',#499,#546,#324,.T.);
#689=EDGE_CURVE('',#545,#539,#441,.F.);
#690=EDGE_CURVE('',#547,#498,#325,.T.);
#691=EDGE_CURVE('',#516,#548,#326,.T.);
#692=EDGE_CURVE('',#518,#549,#327,.F.);
#693=EDGE_CURVE('',#549,#548,#442,.T.);
#694=EDGE_CURVE('',#543,#548,#443,.T.);
#695=EDGE_CURVE('',#550,#549,#444,.F.);
#696=EDGE_CURVE('',#540,#550,#445,.T.);
#697=EDGE_CURVE('',#540,#505,#328,.T.);
#698=EDGE_CURVE('',#541,#504,#329,.F.);
#699=EDGE_CURVE('',#550,#517,#330,.F.);
#700=EDGE_CURVE('',#542,#503,#331,.F.);
#701=EDGE_CURVE('',#551,#552,#94,.T.);
#702=EDGE_CURVE('',#552,#552,#446,.T.);
#703=EDGE_CURVE('',#551,#553,#447,.T.);
#704=EDGE_CURVE('',#553,#551,#448,.T.);
#705=EDGE_CURVE('',#554,#555,#449,.F.);
#706=EDGE_CURVE('',#556,#555,#450,.F.);
#707=EDGE_CURVE('',#556,#557,#451,.F.);
#708=EDGE_CURVE('',#558,#557,#452,.F.);
#709=EDGE_CURVE('',#559,#558,#453,.T.);
#710=EDGE_CURVE('',#560,#559,#95,.T.);
#711=EDGE_CURVE('',#560,#561,#454,.F.);
#712=EDGE_CURVE('',#562,#561,#455,.F.);
#713=EDGE_CURVE('',#562,#563,#456,.T.);
#714=EDGE_CURVE('',#563,#564,#457,.T.);
#715=EDGE_CURVE('',#554,#564,#458,.F.);
#716=EDGE_CURVE('',#565,#565,#459,.T.);
#717=EDGE_CURVE('',#553,#566,#332,.T.);
#718=EDGE_CURVE('',#566,#566,#96,.T.);
#719=EDGE_CURVE('',#565,#567,#97,.T.);
#720=EDGE_CURVE('',#567,#568,#460,.T.);
#721=EDGE_CURVE('',#568,#567,#461,.T.);
#722=EDGE_CURVE('',#568,#569,#333,.T.);
#723=EDGE_CURVE('',#569,#569,#98,.T.);
#724=EDGE_CURVE('',#570,#571,#99,.T.);
#725=EDGE_CURVE('',#571,#572,#462,.T.);
#726=EDGE_CURVE('',#572,#571,#463,.T.);
#727=EDGE_CURVE('',#570,#570,#464,.T.);
#728=EDGE_CURVE('',#572,#573,#334,.T.);
#729=EDGE_CURVE('',#573,#573,#100,.T.);
#730=EDGE_CURVE('',#560,#574,#28,.F.);
#731=EDGE_CURVE('',#564,#558,#465,.T.);
#732=EDGE_CURVE('',#575,#563,#466,.F.);
#733=EDGE_CURVE('',#576,#575,#467,.T.);
#734=EDGE_CURVE('',#574,#576,#468,.F.);
#735=EDGE_CURVE('',#577,#577,#101,.T.);
#736=EDGE_CURVE('',#577,#578,#335,.T.);
#737=EDGE_CURVE('',#578,#578,#102,.T.);
#738=EDGE_CURVE('',#579,#579,#103,.F.);
#739=EDGE_CURVE('',#579,#577,#336,.T.);
#740=EDGE_CURVE('',#580,#580,#104,.T.);
#741=EDGE_CURVE('',#580,#581,#337,.T.);
#742=EDGE_CURVE('',#581,#581,#105,.T.);
#743=EDGE_CURVE('',#582,#582,#106,.F.);
#744=EDGE_CURVE('',#582,#580,#338,.T.);
#745=EDGE_CURVE('',#583,#583,#107,.T.);
#746=EDGE_CURVE('',#583,#584,#339,.T.);
#747=EDGE_CURVE('',#584,#584,#108,.T.);
#748=EDGE_CURVE('',#585,#585,#109,.F.);
#749=EDGE_CURVE('',#585,#583,#340,.T.);
#750=EDGE_CURVE('',#586,#586,#110,.T.);
#751=EDGE_CURVE('',#587,#587,#111,.T.);
#752=EDGE_CURVE('',#588,#589,#469,.T.);
#753=EDGE_CURVE('',#589,#588,#470,.T.);
#754=EDGE_CURVE('',#589,#587,#341,.T.);
#755=EDGE_CURVE('',#590,#591,#471,.T.);
#756=EDGE_CURVE('',#591,#590,#112,.T.);
#757=EDGE_CURVE('',#591,#592,#342,.T.);
#758=EDGE_CURVE('',#592,#592,#113,.T.);
#759=EDGE_CURVE('',#593,#594,#472,.T.);
#760=EDGE_CURVE('',#594,#593,#473,.T.);
#761=EDGE_CURVE('',#594,#586,#343,.T.);
#762=EDGE_CURVE('',#595,#554,#344,.T.);
#763=EDGE_CURVE('',#596,#595,#474,.T.);
#764=EDGE_CURVE('',#555,#596,#345,.T.);
#765=EDGE_CURVE('',#597,#595,#475,.F.);
#766=EDGE_CURVE('',#598,#597,#476,.T.);
#767=EDGE_CURVE('',#599,#598,#477,.T.);
#768=EDGE_CURVE('',#600,#599,#478,.T.);
#769=EDGE_CURVE('',#601,#600,#479,.T.);
#770=EDGE_CURVE('',#601,#602,#114,.T.);
#771=EDGE_CURVE('',#602,#603,#480,.T.);
#772=EDGE_CURVE('',#604,#603,#481,.F.);
#773=EDGE_CURVE('',#604,#605,#482,.F.);
#774=EDGE_CURVE('',#596,#605,#483,.F.);
#775=EDGE_CURVE('',#557,#604,#346,.T.);
#776=EDGE_CURVE('',#603,#597,#484,.F.);
#777=EDGE_CURVE('',#605,#556,#347,.T.);
#778=EDGE_CURVE('',#574,#606,#348,.T.);
#779=EDGE_CURVE('',#576,#607,#349,.F.);
#780=EDGE_CURVE('',#607,#606,#485,.T.);
#781=EDGE_CURVE('',#601,#606,#486,.T.);
#782=EDGE_CURVE('',#608,#607,#487,.F.);
#783=EDGE_CURVE('',#598,#608,#488,.T.);
#784=EDGE_CURVE('',#598,#563,#350,.T.);
#785=EDGE_CURVE('',#599,#562,#351,.F.);
#786=EDGE_CURVE('',#608,#575,#352,.F.);
#787=EDGE_CURVE('',#600,#561,#353,.F.);
#788=ORIENTED_EDGE('',*,*,#609,.F.);
#789=ORIENTED_EDGE('',*,*,#610,.F.);
#790=ORIENTED_EDGE('',*,*,#611,.T.);
#791=ORIENTED_EDGE('',*,*,#612,.F.);
#792=ORIENTED_EDGE('',*,*,#613,.F.);
#793=ORIENTED_EDGE('',*,*,#611,.F.);
#794=ORIENTED_EDGE('',*,*,#614,.T.);
#795=ORIENTED_EDGE('',*,*,#615,.T.);
#796=ORIENTED_EDGE('',*,*,#614,.F.);
#797=ORIENTED_EDGE('',*,*,#616,.T.);
#798=ORIENTED_EDGE('',*,*,#617,.T.);
#799=ORIENTED_EDGE('',*,*,#618,.T.);
#800=ORIENTED_EDGE('',*,*,#619,.F.);
#801=ORIENTED_EDGE('',*,*,#620,.T.);
#802=ORIENTED_EDGE('',*,*,#621,.F.);
#803=ORIENTED_EDGE('',*,*,#622,.F.);
#804=ORIENTED_EDGE('',*,*,#623,.F.);
#805=ORIENTED_EDGE('',*,*,#624,.T.);
#806=ORIENTED_EDGE('',*,*,#625,.F.);
#807=ORIENTED_EDGE('',*,*,#626,.T.);
#808=ORIENTED_EDGE('',*,*,#627,.T.);
#809=ORIENTED_EDGE('',*,*,#628,.F.);
#810=ORIENTED_EDGE('',*,*,#629,.F.);
#811=ORIENTED_EDGE('',*,*,#615,.F.);
#812=ORIENTED_EDGE('',*,*,#616,.F.);
#813=ORIENTED_EDGE('',*,*,#617,.F.);
#814=ORIENTED_EDGE('',*,*,#630,.T.);
#815=ORIENTED_EDGE('',*,*,#631,.T.);
#816=ORIENTED_EDGE('',*,*,#630,.F.);
#817=ORIENTED_EDGE('',*,*,#632,.T.);
#818=ORIENTED_EDGE('',*,*,#633,.T.);
#819=ORIENTED_EDGE('',*,*,#634,.T.);
#820=ORIENTED_EDGE('',*,*,#632,.F.);
#821=ORIENTED_EDGE('',*,*,#629,.T.);
#822=ORIENTED_EDGE('',*,*,#633,.F.);
#823=ORIENTED_EDGE('',*,*,#634,.F.);
#824=ORIENTED_EDGE('',*,*,#635,.T.);
#825=ORIENTED_EDGE('',*,*,#636,.T.);
#826=ORIENTED_EDGE('',*,*,#635,.F.);
#827=ORIENTED_EDGE('',*,*,#637,.T.);
#828=ORIENTED_EDGE('',*,*,#638,.T.);
#829=ORIENTED_EDGE('',*,*,#639,.T.);
#830=ORIENTED_EDGE('',*,*,#637,.F.);
#831=ORIENTED_EDGE('',*,*,#640,.T.);
#832=ORIENTED_EDGE('',*,*,#638,.F.);
#833=ORIENTED_EDGE('',*,*,#639,.F.);
#834=ORIENTED_EDGE('',*,*,#641,.T.);
#835=ORIENTED_EDGE('',*,*,#642,.T.);
#836=ORIENTED_EDGE('',*,*,#641,.F.);
#837=ORIENTED_EDGE('',*,*,#643,.F.);
#838=ORIENTED_EDGE('',*,*,#623,.T.);
#839=ORIENTED_EDGE('',*,*,#622,.T.);
#840=ORIENTED_EDGE('',*,*,#644,.F.);
#841=ORIENTED_EDGE('',*,*,#627,.F.);
#842=ORIENTED_EDGE('',*,*,#645,.F.);
#843=ORIENTED_EDGE('',*,*,#646,.F.);
#844=ORIENTED_EDGE('',*,*,#647,.F.);
#845=ORIENTED_EDGE('',*,*,#640,.F.);
#846=ORIENTED_EDGE('',*,*,#648,.T.);
#847=ORIENTED_EDGE('',*,*,#649,.T.);
#848=ORIENTED_EDGE('',*,*,#650,.T.);
#849=ORIENTED_EDGE('',*,*,#649,.F.);
#850=ORIENTED_EDGE('',*,*,#651,.F.);
#851=ORIENTED_EDGE('',*,*,#652,.T.);
#852=ORIENTED_EDGE('',*,*,#648,.F.);
#853=ORIENTED_EDGE('',*,*,#652,.F.);
#854=ORIENTED_EDGE('',*,*,#631,.F.);
#855=ORIENTED_EDGE('',*,*,#650,.F.);
#856=ORIENTED_EDGE('',*,*,#653,.T.);
#857=ORIENTED_EDGE('',*,*,#654,.T.);
#858=ORIENTED_EDGE('',*,*,#655,.T.);
#859=ORIENTED_EDGE('',*,*,#654,.F.);
#860=ORIENTED_EDGE('',*,*,#656,.F.);
#861=ORIENTED_EDGE('',*,*,#657,.T.);
#862=ORIENTED_EDGE('',*,*,#653,.F.);
#863=ORIENTED_EDGE('',*,*,#657,.F.);
#864=ORIENTED_EDGE('',*,*,#642,.F.);
#865=ORIENTED_EDGE('',*,*,#655,.F.);
#866=ORIENTED_EDGE('',*,*,#658,.T.);
#867=ORIENTED_EDGE('',*,*,#659,.T.);
#868=ORIENTED_EDGE('',*,*,#660,.T.);
#869=ORIENTED_EDGE('',*,*,#659,.F.);
#870=ORIENTED_EDGE('',*,*,#661,.F.);
#871=ORIENTED_EDGE('',*,*,#662,.T.);
#872=ORIENTED_EDGE('',*,*,#658,.F.);
#873=ORIENTED_EDGE('',*,*,#662,.F.);
#874=ORIENTED_EDGE('',*,*,#636,.F.);
#875=ORIENTED_EDGE('',*,*,#660,.F.);
#876=ORIENTED_EDGE('',*,*,#651,.T.);
#877=ORIENTED_EDGE('',*,*,#663,.F.);
#878=ORIENTED_EDGE('',*,*,#661,.T.);
#879=ORIENTED_EDGE('',*,*,#664,.F.);
#880=ORIENTED_EDGE('',*,*,#665,.F.);
#881=ORIENTED_EDGE('',*,*,#666,.F.);
#882=ORIENTED_EDGE('',*,*,#667,.T.);
#883=ORIENTED_EDGE('',*,*,#664,.T.);
#884=ORIENTED_EDGE('',*,*,#667,.F.);
#885=ORIENTED_EDGE('',*,*,#668,.F.);
#886=ORIENTED_EDGE('',*,*,#669,.F.);
#887=ORIENTED_EDGE('',*,*,#670,.T.);
#888=ORIENTED_EDGE('',*,*,#671,.T.);
#889=ORIENTED_EDGE('',*,*,#670,.F.);
#890=ORIENTED_EDGE('',*,*,#656,.T.);
#891=ORIENTED_EDGE('',*,*,#671,.F.);
#892=ORIENTED_EDGE('',*,*,#672,.F.);
#893=ORIENTED_EDGE('',*,*,#673,.F.);
#894=ORIENTED_EDGE('',*,*,#674,.T.);
#895=ORIENTED_EDGE('',*,*,#663,.T.);
#896=ORIENTED_EDGE('',*,*,#674,.F.);
#897=ORIENTED_EDGE('',*,*,#618,.F.);
#898=ORIENTED_EDGE('',*,*,#675,.F.);
#899=ORIENTED_EDGE('',*,*,#676,.F.);
#900=ORIENTED_EDGE('',*,*,#677,.F.);
#901=ORIENTED_EDGE('',*,*,#676,.T.);
#902=ORIENTED_EDGE('',*,*,#678,.F.);
#903=ORIENTED_EDGE('',*,*,#679,.F.);
#904=ORIENTED_EDGE('',*,*,#680,.F.);
#905=ORIENTED_EDGE('',*,*,#681,.F.);
#906=ORIENTED_EDGE('',*,*,#682,.F.);
#907=ORIENTED_EDGE('',*,*,#683,.T.);
#908=ORIENTED_EDGE('',*,*,#684,.T.);
#909=ORIENTED_EDGE('',*,*,#685,.F.);
#910=ORIENTED_EDGE('',*,*,#686,.T.);
#911=ORIENTED_EDGE('',*,*,#687,.F.);
#912=ORIENTED_EDGE('',*,*,#665,.T.);
#913=ORIENTED_EDGE('',*,*,#666,.T.);
#914=ORIENTED_EDGE('',*,*,#672,.T.);
#915=ORIENTED_EDGE('',*,*,#673,.T.);
#916=ORIENTED_EDGE('',*,*,#675,.T.);
#917=ORIENTED_EDGE('',*,*,#628,.T.);
#918=ORIENTED_EDGE('',*,*,#644,.T.);
#919=ORIENTED_EDGE('',*,*,#621,.T.);
#920=ORIENTED_EDGE('',*,*,#688,.T.);
#921=ORIENTED_EDGE('',*,*,#685,.T.);
#922=ORIENTED_EDGE('',*,*,#689,.T.);
#923=ORIENTED_EDGE('',*,*,#678,.T.);
#924=ORIENTED_EDGE('',*,*,#612,.T.);
#925=ORIENTED_EDGE('',*,*,#613,.T.);
#926=ORIENTED_EDGE('',*,*,#686,.F.);
#927=ORIENTED_EDGE('',*,*,#688,.F.);
#928=ORIENTED_EDGE('',*,*,#620,.F.);
#929=ORIENTED_EDGE('',*,*,#690,.F.);
#930=ORIENTED_EDGE('',*,*,#691,.F.);
#931=ORIENTED_EDGE('',*,*,#647,.T.);
#932=ORIENTED_EDGE('',*,*,#692,.T.);
#933=ORIENTED_EDGE('',*,*,#693,.T.);
#934=ORIENTED_EDGE('',*,*,#677,.T.);
#935=ORIENTED_EDGE('',*,*,#687,.T.);
#936=ORIENTED_EDGE('',*,*,#690,.T.);
#937=ORIENTED_EDGE('',*,*,#619,.T.);
#938=ORIENTED_EDGE('',*,*,#694,.T.);
#939=ORIENTED_EDGE('',*,*,#693,.F.);
#940=ORIENTED_EDGE('',*,*,#695,.F.);
#941=ORIENTED_EDGE('',*,*,#696,.F.);
#942=ORIENTED_EDGE('',*,*,#679,.T.);
#943=ORIENTED_EDGE('',*,*,#689,.F.);
#944=ORIENTED_EDGE('',*,*,#684,.F.);
#945=ORIENTED_EDGE('',*,*,#683,.F.);
#946=ORIENTED_EDGE('',*,*,#668,.T.);
#947=ORIENTED_EDGE('',*,*,#669,.T.);
#948=ORIENTED_EDGE('',*,*,#680,.T.);
#949=ORIENTED_EDGE('',*,*,#697,.T.);
#950=ORIENTED_EDGE('',*,*,#626,.F.);
#951=ORIENTED_EDGE('',*,*,#698,.F.);
#952=ORIENTED_EDGE('',*,*,#696,.T.);
#953=ORIENTED_EDGE('',*,*,#699,.T.);
#954=ORIENTED_EDGE('',*,*,#645,.T.);
#955=ORIENTED_EDGE('',*,*,#697,.F.);
#956=ORIENTED_EDGE('',*,*,#695,.T.);
#957=ORIENTED_EDGE('',*,*,#692,.F.);
#958=ORIENTED_EDGE('',*,*,#646,.T.);
#959=ORIENTED_EDGE('',*,*,#699,.F.);
#960=ORIENTED_EDGE('',*,*,#681,.T.);
#961=ORIENTED_EDGE('',*,*,#698,.T.);
#962=ORIENTED_EDGE('',*,*,#625,.T.);
#963=ORIENTED_EDGE('',*,*,#700,.F.);
#964=ORIENTED_EDGE('',*,*,#643,.T.);
#965=ORIENTED_EDGE('',*,*,#691,.T.);
#966=ORIENTED_EDGE('',*,*,#694,.F.);
#967=ORIENTED_EDGE('',*,*,#682,.T.);
#968=ORIENTED_EDGE('',*,*,#700,.T.);
#969=ORIENTED_EDGE('',*,*,#624,.F.);
#970=ORIENTED_EDGE('',*,*,#701,.T.);
#971=ORIENTED_EDGE('',*,*,#702,.T.);
#972=ORIENTED_EDGE('',*,*,#701,.F.);
#973=ORIENTED_EDGE('',*,*,#703,.T.);
#974=ORIENTED_EDGE('',*,*,#704,.T.);
#975=ORIENTED_EDGE('',*,*,#705,.T.);
#976=ORIENTED_EDGE('',*,*,#706,.F.);
#977=ORIENTED_EDGE('',*,*,#707,.T.);
#978=ORIENTED_EDGE('',*,*,#708,.F.);
#979=ORIENTED_EDGE('',*,*,#709,.F.);
#980=ORIENTED_EDGE('',*,*,#710,.F.);
#981=ORIENTED_EDGE('',*,*,#711,.T.);
#982=ORIENTED_EDGE('',*,*,#712,.F.);
#983=ORIENTED_EDGE('',*,*,#713,.T.);
#984=ORIENTED_EDGE('',*,*,#714,.T.);
#985=ORIENTED_EDGE('',*,*,#715,.F.);
#986=ORIENTED_EDGE('',*,*,#716,.F.);
#987=ORIENTED_EDGE('',*,*,#702,.F.);
#988=ORIENTED_EDGE('',*,*,#703,.F.);
#989=ORIENTED_EDGE('',*,*,#704,.F.);
#990=ORIENTED_EDGE('',*,*,#717,.T.);
#991=ORIENTED_EDGE('',*,*,#718,.T.);
#992=ORIENTED_EDGE('',*,*,#717,.F.);
#993=ORIENTED_EDGE('',*,*,#719,.T.);
#994=ORIENTED_EDGE('',*,*,#720,.T.);
#995=ORIENTED_EDGE('',*,*,#721,.T.);
#996=ORIENTED_EDGE('',*,*,#719,.F.);
#997=ORIENTED_EDGE('',*,*,#716,.T.);
#998=ORIENTED_EDGE('',*,*,#720,.F.);
#999=ORIENTED_EDGE('',*,*,#721,.F.);
#1000=ORIENTED_EDGE('',*,*,#722,.T.);
#1001=ORIENTED_EDGE('',*,*,#723,.T.);
#1002=ORIENTED_EDGE('',*,*,#722,.F.);
#1003=ORIENTED_EDGE('',*,*,#724,.T.);
#1004=ORIENTED_EDGE('',*,*,#725,.T.);
#1005=ORIENTED_EDGE('',*,*,#726,.T.);
#1006=ORIENTED_EDGE('',*,*,#724,.F.);
#1007=ORIENTED_EDGE('',*,*,#727,.T.);
#1008=ORIENTED_EDGE('',*,*,#725,.F.);
#1009=ORIENTED_EDGE('',*,*,#726,.F.);
#1010=ORIENTED_EDGE('',*,*,#728,.T.);
#1011=ORIENTED_EDGE('',*,*,#729,.T.);
#1012=ORIENTED_EDGE('',*,*,#728,.F.);
#1013=ORIENTED_EDGE('',*,*,#730,.F.);
#1014=ORIENTED_EDGE('',*,*,#710,.T.);
#1015=ORIENTED_EDGE('',*,*,#709,.T.);
#1016=ORIENTED_EDGE('',*,*,#731,.F.);
#1017=ORIENTED_EDGE('',*,*,#714,.F.);
#1018=ORIENTED_EDGE('',*,*,#732,.F.);
#1019=ORIENTED_EDGE('',*,*,#733,.F.);
#1020=ORIENTED_EDGE('',*,*,#734,.F.);
#1021=ORIENTED_EDGE('',*,*,#727,.F.);
#1022=ORIENTED_EDGE('',*,*,#735,.T.);
#1023=ORIENTED_EDGE('',*,*,#736,.T.);
#1024=ORIENTED_EDGE('',*,*,#737,.T.);
#1025=ORIENTED_EDGE('',*,*,#736,.F.);
#1026=ORIENTED_EDGE('',*,*,#738,.F.);
#1027=ORIENTED_EDGE('',*,*,#739,.T.);
#1028=ORIENTED_EDGE('',*,*,#735,.F.);
#1029=ORIENTED_EDGE('',*,*,#739,.F.);
#1030=ORIENTED_EDGE('',*,*,#718,.F.);
#1031=ORIENTED_EDGE('',*,*,#737,.F.);
#1032=ORIENTED_EDGE('',*,*,#740,.T.);
#1033=ORIENTED_EDGE('',*,*,#741,.T.);
#1034=ORIENTED_EDGE('',*,*,#742,.T.);
#1035=ORIENTED_EDGE('',*,*,#741,.F.);
#1036=ORIENTED_EDGE('',*,*,#743,.F.);
#1037=ORIENTED_EDGE('',*,*,#744,.T.);
#1038=ORIENTED_EDGE('',*,*,#740,.F.);
#1039=ORIENTED_EDGE('',*,*,#744,.F.);
#1040=ORIENTED_EDGE('',*,*,#729,.F.);
#1041=ORIENTED_EDGE('',*,*,#742,.F.);
#1042=ORIENTED_EDGE('',*,*,#745,.T.);
#1043=ORIENTED_EDGE('',*,*,#746,.T.);
#1044=ORIENTED_EDGE('',*,*,#747,.T.);
#1045=ORIENTED_EDGE('',*,*,#746,.F.);
#1046=ORIENTED_EDGE('',*,*,#748,.F.);
#1047=ORIENTED_EDGE('',*,*,#749,.T.);
#1048=ORIENTED_EDGE('',*,*,#745,.F.);
#1049=ORIENTED_EDGE('',*,*,#749,.F.);
#1050=ORIENTED_EDGE('',*,*,#723,.F.);
#1051=ORIENTED_EDGE('',*,*,#747,.F.);
#1052=ORIENTED_EDGE('',*,*,#738,.T.);
#1053=ORIENTED_EDGE('',*,*,#750,.F.);
#1054=ORIENTED_EDGE('',*,*,#748,.T.);
#1055=ORIENTED_EDGE('',*,*,#751,.F.);
#1056=ORIENTED_EDGE('',*,*,#752,.F.);
#1057=ORIENTED_EDGE('',*,*,#753,.F.);
#1058=ORIENTED_EDGE('',*,*,#754,.T.);
#1059=ORIENTED_EDGE('',*,*,#751,.T.);
#1060=ORIENTED_EDGE('',*,*,#754,.F.);
#1061=ORIENTED_EDGE('',*,*,#755,.F.);
#1062=ORIENTED_EDGE('',*,*,#756,.F.);
#1063=ORIENTED_EDGE('',*,*,#757,.T.);
#1064=ORIENTED_EDGE('',*,*,#758,.T.);
#1065=ORIENTED_EDGE('',*,*,#757,.F.);
#1066=ORIENTED_EDGE('',*,*,#743,.T.);
#1067=ORIENTED_EDGE('',*,*,#758,.F.);
#1068=ORIENTED_EDGE('',*,*,#759,.F.);
#1069=ORIENTED_EDGE('',*,*,#760,.F.);
#1070=ORIENTED_EDGE('',*,*,#761,.T.);
#1071=ORIENTED_EDGE('',*,*,#750,.T.);
#1072=ORIENTED_EDGE('',*,*,#761,.F.);
#1073=ORIENTED_EDGE('',*,*,#705,.F.);
#1074=ORIENTED_EDGE('',*,*,#762,.F.);
#1075=ORIENTED_EDGE('',*,*,#763,.F.);
#1076=ORIENTED_EDGE('',*,*,#764,.F.);
#1077=ORIENTED_EDGE('',*,*,#763,.T.);
#1078=ORIENTED_EDGE('',*,*,#765,.F.);
#1079=ORIENTED_EDGE('',*,*,#766,.F.);
#1080=ORIENTED_EDGE('',*,*,#767,.F.);
#1081=ORIENTED_EDGE('',*,*,#768,.F.);
#1082=ORIENTED_EDGE('',*,*,#769,.F.);
#1083=ORIENTED_EDGE('',*,*,#770,.T.);
#1084=ORIENTED_EDGE('',*,*,#771,.T.);
#1085=ORIENTED_EDGE('',*,*,#772,.F.);
#1086=ORIENTED_EDGE('',*,*,#773,.T.);
#1087=ORIENTED_EDGE('',*,*,#774,.F.);
#1088=ORIENTED_EDGE('',*,*,#752,.T.);
#1089=ORIENTED_EDGE('',*,*,#753,.T.);
#1090=ORIENTED_EDGE('',*,*,#759,.T.);
#1091=ORIENTED_EDGE('',*,*,#760,.T.);
#1092=ORIENTED_EDGE('',*,*,#762,.T.);
#1093=ORIENTED_EDGE('',*,*,#715,.T.);
#1094=ORIENTED_EDGE('',*,*,#731,.T.);
#1095=ORIENTED_EDGE('',*,*,#708,.T.);
#1096=ORIENTED_EDGE('',*,*,#775,.T.);
#1097=ORIENTED_EDGE('',*,*,#772,.T.);
#1098=ORIENTED_EDGE('',*,*,#776,.T.);
#1099=ORIENTED_EDGE('',*,*,#765,.T.);
#1100=ORIENTED_EDGE('',*,*,#609,.T.);
#1101=ORIENTED_EDGE('',*,*,#610,.T.);
#1102=ORIENTED_EDGE('',*,*,#773,.F.);
#1103=ORIENTED_EDGE('',*,*,#775,.F.);
#1104=ORIENTED_EDGE('',*,*,#707,.F.);
#1105=ORIENTED_EDGE('',*,*,#777,.F.);
#1106=ORIENTED_EDGE('',*,*,#778,.F.);
#1107=ORIENTED_EDGE('',*,*,#734,.T.);
#1108=ORIENTED_EDGE('',*,*,#779,.T.);
#1109=ORIENTED_EDGE('',*,*,#780,.T.);
#1110=ORIENTED_EDGE('',*,*,#764,.T.);
#1111=ORIENTED_EDGE('',*,*,#774,.T.);
#1112=ORIENTED_EDGE('',*,*,#777,.T.);
#1113=ORIENTED_EDGE('',*,*,#706,.T.);
#1114=ORIENTED_EDGE('',*,*,#781,.T.);
#1115=ORIENTED_EDGE('',*,*,#780,.F.);
#1116=ORIENTED_EDGE('',*,*,#782,.F.);
#1117=ORIENTED_EDGE('',*,*,#783,.F.);
#1118=ORIENTED_EDGE('',*,*,#766,.T.);
#1119=ORIENTED_EDGE('',*,*,#776,.F.);
#1120=ORIENTED_EDGE('',*,*,#771,.F.);
#1121=ORIENTED_EDGE('',*,*,#770,.F.);
#1122=ORIENTED_EDGE('',*,*,#755,.T.);
#1123=ORIENTED_EDGE('',*,*,#756,.T.);
#1124=ORIENTED_EDGE('',*,*,#767,.T.);
#1125=ORIENTED_EDGE('',*,*,#784,.T.);
#1126=ORIENTED_EDGE('',*,*,#713,.F.);
#1127=ORIENTED_EDGE('',*,*,#785,.F.);
#1128=ORIENTED_EDGE('',*,*,#783,.T.);
#1129=ORIENTED_EDGE('',*,*,#786,.T.);
#1130=ORIENTED_EDGE('',*,*,#732,.T.);
#1131=ORIENTED_EDGE('',*,*,#784,.F.);
#1132=ORIENTED_EDGE('',*,*,#782,.T.);
#1133=ORIENTED_EDGE('',*,*,#779,.F.);
#1134=ORIENTED_EDGE('',*,*,#733,.T.);
#1135=ORIENTED_EDGE('',*,*,#786,.F.);
#1136=ORIENTED_EDGE('',*,*,#768,.T.);
#1137=ORIENTED_EDGE('',*,*,#785,.T.);
#1138=ORIENTED_EDGE('',*,*,#712,.T.);
#1139=ORIENTED_EDGE('',*,*,#787,.F.);
#1140=ORIENTED_EDGE('',*,*,#730,.T.);
#1141=ORIENTED_EDGE('',*,*,#778,.T.);
#1142=ORIENTED_EDGE('',*,*,#781,.F.);
#1143=ORIENTED_EDGE('',*,*,#769,.T.);
#1144=ORIENTED_EDGE('',*,*,#787,.T.);
#1145=ORIENTED_EDGE('',*,*,#711,.F.);
#1146=CYLINDRICAL_SURFACE('',#1246,0.5);
#1147=CYLINDRICAL_SURFACE('',#1280,1.125);
#1148=CYLINDRICAL_SURFACE('',#1281,1.125);
#1149=CYLINDRICAL_SURFACE('',#1285,1.125);
#1150=CYLINDRICAL_SURFACE('',#1286,3.75008860490952);
#1151=CYLINDRICAL_SURFACE('',#1288,21.9);
#1152=CYLINDRICAL_SURFACE('',#1289,4.33);
#1153=CYLINDRICAL_SURFACE('',#1290,21.9);
#1154=CYLINDRICAL_SURFACE('',#1324,1.125);
#1155=CYLINDRICAL_SURFACE('',#1325,1.125);
#1156=CYLINDRICAL_SURFACE('',#1329,1.125);
#1157=CYLINDRICAL_SURFACE('',#1330,3.75008860490952);
#1158=CYLINDRICAL_SURFACE('',#1332,21.9);
#1159=CYLINDRICAL_SURFACE('',#1333,4.33);
#1160=CYLINDRICAL_SURFACE('',#1334,21.9);
#1161=ADVANCED_FACE('',(#141),#1146,.T.);
#1162=ADVANCED_FACE('',(#142),#115,.T.);
#1163=ADVANCED_FACE('',(#143,#47,#48),#116,.T.);
#1164=ADVANCED_FACE('',(#144),#29,.T.);
#1165=ADVANCED_FACE('',(#145),#117,.T.);
#1166=ADVANCED_FACE('',(#146),#30,.T.);
#1167=ADVANCED_FACE('',(#147),#118,.T.);
#1168=ADVANCED_FACE('',(#148),#31,.T.);
#1169=ADVANCED_FACE('',(#149,#49),#119,.F.);
#1170=ADVANCED_FACE('',(#150),#32,.F.);
#1171=ADVANCED_FACE('',(#151),#33,.F.);
#1172=ADVANCED_FACE('',(#152,#50),#15,.T.);
#1173=ADVANCED_FACE('',(#153),#34,.F.);
#1174=ADVANCED_FACE('',(#154),#35,.F.);
#1175=ADVANCED_FACE('',(#155,#51),#16,.T.);
#1176=ADVANCED_FACE('',(#156),#36,.F.);
#1177=ADVANCED_FACE('',(#157),#37,.F.);
#1178=ADVANCED_FACE('',(#158,#52),#17,.T.);
#1179=ADVANCED_FACE('',(#159,#53),#18,.T.);
#1180=ADVANCED_FACE('',(#160,#54),#19,.T.);
#1181=ADVANCED_FACE('',(#161),#1147,.F.);
#1182=ADVANCED_FACE('',(#162),#1148,.F.);
#1183=ADVANCED_FACE('',(#163,#55),#20,.T.);
#1184=ADVANCED_FACE('',(#164),#1149,.F.);
#1185=ADVANCED_FACE('',(#165),#1150,.F.);
#1186=ADVANCED_FACE('',(#166,#56,#57),#120,.F.);
#1187=ADVANCED_FACE('',(#167,#58),#1151,.T.);
#1188=ADVANCED_FACE('',(#168),#1152,.F.);
#1189=ADVANCED_FACE('',(#169),#121,.F.);
#1190=ADVANCED_FACE('',(#170),#1153,.T.);
#1191=ADVANCED_FACE('',(#171,#59),#122,.T.);
#1192=ADVANCED_FACE('',(#172),#123,.F.);
#1193=ADVANCED_FACE('',(#173),#124,.F.);
#1194=ADVANCED_FACE('',(#174),#125,.F.);
#1195=ADVANCED_FACE('',(#175),#126,.F.);
#1196=ADVANCED_FACE('',(#176),#127,.F.);
#1197=ADVANCED_FACE('',(#177),#128,.T.);
#1198=ADVANCED_FACE('',(#178,#60,#61),#129,.T.);
#1199=ADVANCED_FACE('',(#179),#38,.T.);
#1200=ADVANCED_FACE('',(#180),#130,.T.);
#1201=ADVANCED_FACE('',(#181),#39,.T.);
#1202=ADVANCED_FACE('',(#182),#131,.T.);
#1203=ADVANCED_FACE('',(#183),#40,.T.);
#1204=ADVANCED_FACE('',(#184,#62),#132,.F.);
#1205=ADVANCED_FACE('',(#185),#41,.F.);
#1206=ADVANCED_FACE('',(#186),#42,.F.);
#1207=ADVANCED_FACE('',(#187,#63),#21,.T.);
#1208=ADVANCED_FACE('',(#188),#43,.F.);
#1209=ADVANCED_FACE('',(#189),#44,.F.);
#1210=ADVANCED_FACE('',(#190,#64),#22,.T.);
#1211=ADVANCED_FACE('',(#191),#45,.F.);
#1212=ADVANCED_FACE('',(#192),#46,.F.);
#1213=ADVANCED_FACE('',(#193,#65),#23,.T.);
#1214=ADVANCED_FACE('',(#194,#66),#24,.T.);
#1215=ADVANCED_FACE('',(#195,#67),#25,.T.);
#1216=ADVANCED_FACE('',(#196),#1154,.F.);
#1217=ADVANCED_FACE('',(#197),#1155,.F.);
#1218=ADVANCED_FACE('',(#198,#68),#26,.T.);
#1219=ADVANCED_FACE('',(#199),#1156,.F.);
#1220=ADVANCED_FACE('',(#200),#1157,.F.);
#1221=ADVANCED_FACE('',(#201,#69,#70),#133,.F.);
#1222=ADVANCED_FACE('',(#202,#71),#1158,.T.);
#1223=ADVANCED_FACE('',(#203),#1159,.F.);
#1224=ADVANCED_FACE('',(#204),#134,.F.);
#1225=ADVANCED_FACE('',(#205),#1160,.T.);
#1226=ADVANCED_FACE('',(#206,#72),#135,.T.);
#1227=ADVANCED_FACE('',(#207),#136,.F.);
#1228=ADVANCED_FACE('',(#208),#137,.F.);
#1229=ADVANCED_FACE('',(#209),#138,.F.);
#1230=ADVANCED_FACE('',(#210),#139,.F.);
#1231=ADVANCED_FACE('',(#211),#140,.F.);
#1232=CLOSED_SHELL('',(#1161,#1162,#1163,#1164,#1165,#1166,#1167,#1168,
#1169,#1170,#1171,#1172,#1173,#1174,#1175,#1176,#1177,#1178,#1179,#1180,
#1181,#1182,#1183,#1184,#1185,#1186,#1187,#1188,#1189,#1190,#1191,#1192,
#1193,#1194,#1195,#1196,#1197,#1198,#1199,#1200,#1201,#1202,#1203,#1204,
#1205,#1206,#1207,#1208,#1209,#1210,#1211,#1212,#1213,#1214,#1215,#1216,
#1217,#1218,#1219,#1220,#1221,#1222,#1223,#1224,#1225,#1226,#1227,#1228,
#1229,#1230,#1231));
#1233=DERIVED_UNIT_ELEMENT(#1235,1.);
#1234=DERIVED_UNIT_ELEMENT(#9786,-3.);
#1235=(
MASS_UNIT()
NAMED_UNIT(*)
SI_UNIT(.KILO.,.GRAM.)
);
#1236=DERIVED_UNIT((#1233,#1234));
#1237=MEASURE_REPRESENTATION_ITEM('density measure',
POSITIVE_RATIO_MEASURE(7850.),#1236);
#1238=PROPERTY_DEFINITION_REPRESENTATION(#1243,#1240);
#1239=PROPERTY_DEFINITION_REPRESENTATION(#1244,#1241);
#1240=REPRESENTATION('material name',(#1242),#9783);
#1241=REPRESENTATION('density',(#1237),#9783);
#1242=DESCRIPTIVE_REPRESENTATION_ITEM('Steel','Steel');
#1243=PROPERTY_DEFINITION('material property','material name',#9793);
#1244=PROPERTY_DEFINITION('material property','density of part',#9793);
#1245=AXIS2_PLACEMENT_3D('',#1560,#1335,#1336);
#1246=AXIS2_PLACEMENT_3D('',#1561,#1337,#1338);
#1247=AXIS2_PLACEMENT_3D('',#1746,#1340,#1341);
#1248=AXIS2_PLACEMENT_3D('',#2742,#1342,#1343);
#1249=AXIS2_PLACEMENT_3D('',#2883,#1344,#1345);
#1250=AXIS2_PLACEMENT_3D('',#2886,#1347,#1348);
#1251=AXIS2_PLACEMENT_3D('',#3013,#1349,#1350);
#1252=AXIS2_PLACEMENT_3D('',#3229,#1351,#1352);
#1253=AXIS2_PLACEMENT_3D('',#3232,#1354,#1355);
#1254=AXIS2_PLACEMENT_3D('',#3335,#1356,#1357);
#1255=AXIS2_PLACEMENT_3D('',#3515,#1358,#1359);
#1256=AXIS2_PLACEMENT_3D('',#3518,#1361,#1362);
#1257=AXIS2_PLACEMENT_3D('',#3680,#1363,#1364);
#1258=AXIS2_PLACEMENT_3D('',#3786,#1365,#1366);
#1259=AXIS2_PLACEMENT_3D('',#3788,#1367,#1368);
#1260=AXIS2_PLACEMENT_3D('',#3791,#1370,#1371);
#1261=AXIS2_PLACEMENT_3D('',#3792,#1372,#1373);
#1262=AXIS2_PLACEMENT_3D('',#3794,#1374,#1375);
#1263=AXIS2_PLACEMENT_3D('',#3796,#1377,#1378);
#1264=AXIS2_PLACEMENT_3D('',#3797,#1379,#1380);
#1265=AXIS2_PLACEMENT_3D('',#3799,#1381,#1382);
#1266=AXIS2_PLACEMENT_3D('',#3802,#1384,#1385);
#1267=AXIS2_PLACEMENT_3D('',#3803,#1386,#1387);
#1268=AXIS2_PLACEMENT_3D('',#3805,#1388,#1389);
#1269=AXIS2_PLACEMENT_3D('',#3807,#1391,#1392);
#1270=AXIS2_PLACEMENT_3D('',#3808,#1393,#1394);
#1271=AXIS2_PLACEMENT_3D('',#3810,#1395,#1396);
#1272=AXIS2_PLACEMENT_3D('',#3813,#1398,#1399);
#1273=AXIS2_PLACEMENT_3D('',#3814,#1400,#1401);
#1274=AXIS2_PLACEMENT_3D('',#3816,#1402,#1403);
#1275=AXIS2_PLACEMENT_3D('',#3818,#1405,#1406);
#1276=AXIS2_PLACEMENT_3D('',#3819,#1407,#1408);
#1277=AXIS2_PLACEMENT_3D('',#3821,#1409,#1410);
#1278=AXIS2_PLACEMENT_3D('',#3822,#1411,#1412);
#1279=AXIS2_PLACEMENT_3D('',#3824,#1413,#1414);
#1280=AXIS2_PLACEMENT_3D('',#3825,#1415,#1416);
#1281=AXIS2_PLACEMENT_3D('',#3876,#1418,#1419);
#1282=AXIS2_PLACEMENT_3D('',#3970,#1420,#1421);
#1283=AXIS2_PLACEMENT_3D('',#3973,#1423,#1424);
#1284=AXIS2_PLACEMENT_3D('',#3974,#1425,#1426);
#1285=AXIS2_PLACEMENT_3D('',#3975,#1427,#1428);
#1286=AXIS2_PLACEMENT_3D('',#4024,#1430,#1431);
#1287=AXIS2_PLACEMENT_3D('',#4889,#1434,#1435);
#1288=AXIS2_PLACEMENT_3D('',#4952,#1436,#1437);
#1289=AXIS2_PLACEMENT_3D('',#4968,#1439,#1440);
#1290=AXIS2_PLACEMENT_3D('',#5043,#1444,#1445);
#1291=AXIS2_PLACEMENT_3D('',#5817,#1450,#1451);
#1292=AXIS2_PLACEMENT_3D('',#6813,#1452,#1453);
#1293=AXIS2_PLACEMENT_3D('',#6954,#1454,#1455);
#1294=AXIS2_PLACEMENT_3D('',#6957,#1457,#1458);
#1295=AXIS2_PLACEMENT_3D('',#7084,#1459,#1460);
#1296=AXIS2_PLACEMENT_3D('',#7300,#1461,#1462);
#1297=AXIS2_PLACEMENT_3D('',#7303,#1464,#1465);
#1298=AXIS2_PLACEMENT_3D('',#7406,#1466,#1467);
#1299=AXIS2_PLACEMENT_3D('',#7586,#1468,#1469);
#1300=AXIS2_PLACEMENT_3D('',#7589,#1471,#1472);
#1301=AXIS2_PLACEMENT_3D('',#7751,#1473,#1474);
#1302=AXIS2_PLACEMENT_3D('',#7857,#1475,#1476);
#1303=AXIS2_PLACEMENT_3D('',#7859,#1477,#1478);
#1304=AXIS2_PLACEMENT_3D('',#7862,#1480,#1481);
#1305=AXIS2_PLACEMENT_3D('',#7863,#1482,#1483);
#1306=AXIS2_PLACEMENT_3D('',#7865,#1484,#1485);
#1307=AXIS2_PLACEMENT_3D('',#7867,#1487,#1488);
#1308=AXIS2_PLACEMENT_3D('',#7868,#1489,#1490);
#1309=AXIS2_PLACEMENT_3D('',#7870,#1491,#1492);
#1310=AXIS2_PLACEMENT_3D('',#7873,#1494,#1495);
#1311=AXIS2_PLACEMENT_3D('',#7874,#1496,#1497);
#1312=AXIS2_PLACEMENT_3D('',#7876,#1498,#1499);
#1313=AXIS2_PLACEMENT_3D('',#7878,#1501,#1502);
#1314=AXIS2_PLACEMENT_3D('',#7879,#1503,#1504);
#1315=AXIS2_PLACEMENT_3D('',#7881,#1505,#1506);
#1316=AXIS2_PLACEMENT_3D('',#7884,#1508,#1509);
#1317=AXIS2_PLACEMENT_3D('',#7885,#1510,#1511);
#1318=AXIS2_PLACEMENT_3D('',#7887,#1512,#1513);
#1319=AXIS2_PLACEMENT_3D('',#7889,#1515,#1516);
#1320=AXIS2_PLACEMENT_3D('',#7890,#1517,#1518);
#1321=AXIS2_PLACEMENT_3D('',#7892,#1519,#1520);
#1322=AXIS2_PLACEMENT_3D('',#7893,#1521,#1522);
#1323=AXIS2_PLACEMENT_3D('',#7895,#1523,#1524);
#1324=AXIS2_PLACEMENT_3D('',#7896,#1525,#1526);
#1325=AXIS2_PLACEMENT_3D('',#7947,#1528,#1529);
#1326=AXIS2_PLACEMENT_3D('',#8041,#1530,#1531);
#1327=AXIS2_PLACEMENT_3D('',#8044,#1533,#1534);
#1328=AXIS2_PLACEMENT_3D('',#8045,#1535,#1536);
#1329=AXIS2_PLACEMENT_3D('',#8046,#1537,#1538);
#1330=AXIS2_PLACEMENT_3D('',#8095,#1540,#1541);
#1331=AXIS2_PLACEMENT_3D('',#8960,#1544,#1545);
#1332=AXIS2_PLACEMENT_3D('',#9023,#1546,#1547);
#1333=AXIS2_PLACEMENT_3D('',#9039,#1549,#1550);
#1334=AXIS2_PLACEMENT_3D('',#9114,#1554,#1555);
#1335=DIRECTION('axis',(0.,0.,1.));
#1336=DIRECTION('refdir',(1.,0.,0.));
#1337=DIRECTION('center_axis',(1.,0.,0.));
#1338=DIRECTION('ref_axis',(0.,1.,0.));
#1339=DIRECTION('',(-1.,0.,0.));
#1340=DIRECTION('center_axis',(0.870867525928263,0.475180344932192,0.125671763231483));
#1341=DIRECTION('ref_axis',(-0.48084432028143,0.876632279329616,0.0174524064372831));
#1342=DIRECTION('center_axis',(-0.0885098985273171,-0.986434081113913,0.138252672594908));
#1343=DIRECTION('ref_axis',(-0.0655176368484651,0.144262293176628,0.987368132982432));
#1344=DIRECTION('center_axis',(0.,0.,1.));
#1345=DIRECTION('ref_axis',(-1.,0.,0.));
#1346=DIRECTION('',(-0.0174524064372835,-2.13730336808379E-18,-0.999847695156391));
#1347=DIRECTION('center_axis',(0.,0.,1.));
#1348=DIRECTION('ref_axis',(-1.,0.,0.));
#1349=DIRECTION('center_axis',(-0.692779002324651,-0.707212411932843,0.141095210217049));
#1350=DIRECTION('ref_axis',(0.182472466922039,0.017380333640097,0.98305733445102));
#1351=DIRECTION('center_axis',(0.,0.,1.));
#1352=DIRECTION('ref_axis',(-1.,0.,0.));
#1353=DIRECTION('',(-0.0174524064372835,-2.13730336808379E-18,-0.999847695156391));
#1354=DIRECTION('center_axis',(0.,0.,1.));
#1355=DIRECTION('ref_axis',(-1.,0.,0.));
#1356=DIRECTION('center_axis',(-0.986783495726398,0.157883365332404,-0.0364852780351971));
#1357=DIRECTION('ref_axis',(-0.0282055200605907,0.0543694589479378,0.998122442675156));
#1358=DIRECTION('center_axis',(0.,0.,1.));
#1359=DIRECTION('ref_axis',(-1.,0.,0.));
#1360=DIRECTION('',(-0.0174524064372835,-2.13730336808379E-18,-0.999847695156391));
#1361=DIRECTION('center_axis',(0.,0.,1.));
#1362=DIRECTION('ref_axis',(-1.,0.,0.));
#1363=DIRECTION('center_axis',(-0.00287926723314087,0.0104613590496558,
0.999941133160865));
#1364=DIRECTION('ref_axis',(-0.216976598867425,-0.976129722875397,0.00958747428286954));
#1365=DIRECTION('center_axis',(0.,0.,-1.));
#1366=DIRECTION('ref_axis',(-1.,0.,0.));
#1367=DIRECTION('center_axis',(0.,0.,1.));
#1368=DIRECTION('ref_axis',(-1.,0.,0.));
#1369=DIRECTION('',(0.713250449154188,-8.73479879547088E-17,-0.700909264299844));
#1370=DIRECTION('center_axis',(0.,0.,-1.));
#1371=DIRECTION('ref_axis',(-1.,0.,0.));
#1372=DIRECTION('center_axis',(0.,0.,-1.));
#1373=DIRECTION('ref_axis',(-1.,0.,0.));
#1374=DIRECTION('center_axis',(0.,0.,1.));
#1375=DIRECTION('ref_axis',(-1.,0.,0.));
#1376=DIRECTION('',(0.0174524064372835,-2.13730336808379E-18,-0.999847695156391));
#1377=DIRECTION('center_axis',(0.,0.,-1.));
#1378=DIRECTION('ref_axis',(-1.,0.,0.));
#1379=DIRECTION('center_axis',(0.,0.,-1.));
#1380=DIRECTION('ref_axis',(-1.,0.,0.));
#1381=DIRECTION('center_axis',(0.,0.,1.));
#1382=DIRECTION('ref_axis',(-1.,0.,0.));
#1383=DIRECTION('',(0.713250449154188,-8.73479879547088E-17,-0.700909264299844));
#1384=DIRECTION('center_axis',(0.,0.,-1.));
#1385=DIRECTION('ref_axis',(-1.,0.,0.));
#1386=DIRECTION('center_axis',(0.,0.,-1.));
#1387=DIRECTION('ref_axis',(-1.,0.,0.));
#1388=DIRECTION('center_axis',(0.,0.,1.));
#1389=DIRECTION('ref_axis',(-1.,0.,0.));
#1390=DIRECTION('',(0.0174524064372835,-2.13730336808379E-18,-0.999847695156391));
#1391=DIRECTION('center_axis',(0.,0.,-1.));
#1392=DIRECTION('ref_axis',(-1.,0.,0.));
#1393=DIRECTION('center_axis',(0.,0.,-1.));
#1394=DIRECTION('ref_axis',(-1.,0.,0.));
#1395=DIRECTION('center_axis',(0.,0.,1.));
#1396=DIRECTION('ref_axis',(-1.,0.,0.));
#1397=DIRECTION('',(0.713250449154182,-8.73479879547081E-17,-0.700909264299851));
#1398=DIRECTION('center_axis',(0.,0.,-1.));
#1399=DIRECTION('ref_axis',(-1.,0.,0.));
#1400=DIRECTION('center_axis',(0.,0.,-1.));
#1401=DIRECTION('ref_axis',(-1.,0.,0.));
#1402=DIRECTION('center_axis',(0.,0.,1.));
#1403=DIRECTION('ref_axis',(-1.,0.,0.));
#1404=DIRECTION('',(0.0174524064372835,-2.13730336808379E-18,-0.999847695156391));
#1405=DIRECTION('center_axis',(0.,0.,-1.));
#1406=DIRECTION('ref_axis',(-1.,0.,0.));
#1407=DIRECTION('center_axis',(0.,0.,-1.));
#1408=DIRECTION('ref_axis',(-1.,0.,0.));
#1409=DIRECTION('center_axis',(0.,0.,-1.));
#1410=DIRECTION('ref_axis',(1.,0.,0.));
#1411=DIRECTION('center_axis',(0.,0.,-1.));
#1412=DIRECTION('ref_axis',(-1.,0.,0.));
#1413=DIRECTION('center_axis',(0.,0.,-1.));
#1414=DIRECTION('ref_axis',(1.,0.,0.));
#1415=DIRECTION('center_axis',(0.,0.,-1.));
#1416=DIRECTION('ref_axis',(1.,0.,0.));
#1417=DIRECTION('',(0.,0.,-1.));
#1418=DIRECTION('center_axis',(0.,0.,-1.));
#1419=DIRECTION('ref_axis',(1.,0.,0.));
#1420=DIRECTION('center_axis',(0.0216467331565991,-0.0654537898441504,-0.997620779825022));
#1421=DIRECTION('ref_axis',(-0.948022849408405,0.315514418150118,-0.0412714058272945));
#1422=DIRECTION('',(0.,0.,-1.));
#1423=DIRECTION('center_axis',(0.,0.,-1.));
#1424=DIRECTION('ref_axis',(1.,0.,0.));
#1425=DIRECTION('center_axis',(0.,0.,-1.));
#1426=DIRECTION('ref_axis',(-1.,0.,0.));
#1427=DIRECTION('center_axis',(0.,0.,-1.));
#1428=DIRECTION('ref_axis',(1.,0.,0.));
#1429=DIRECTION('',(0.,0.,-1.));
#1430=DIRECTION('center_axis',(0.,0.,1.));
#1431=DIRECTION('ref_axis',(-0.799866956593822,0.600177350246856,0.));
#1432=DIRECTION('',(0.,0.,-1.));
#1433=DIRECTION('',(0.,0.,1.));
#1434=DIRECTION('center_axis',(-0.0858365007720261,-0.991923189007366,0.0933835223402439));
#1435=DIRECTION('ref_axis',(-0.0691262889958411,0.0994329019237383,0.992640244088808));
#1436=DIRECTION('center_axis',(0.,0.,1.));
#1437=DIRECTION('ref_axis',(-0.516171548576746,0.856485220210999,0.));
#1438=DIRECTION('',(0.,0.,1.));
#1439=DIRECTION('center_axis',(0.,0.,1.));
#1440=DIRECTION('ref_axis',(-0.204960519788782,0.978770241337523,0.));
#1441=DIRECTION('',(0.,0.,-1.));
#1442=DIRECTION('',(0.,0.,1.));
#1443=DIRECTION('',(0.,4.9903796488319E-14,-1.));
#1444=DIRECTION('center_axis',(0.,0.,1.));
#1445=DIRECTION('ref_axis',(1.,0.,0.));
#1446=DIRECTION('',(0.,0.,-1.));
#1447=DIRECTION('',(-4.8819078391668E-14,0.,1.));
#1448=DIRECTION('',(0.,0.,1.));
#1449=DIRECTION('',(-4.44009316208806E-15,-1.94254075841353E-15,1.));
#1450=DIRECTION('center_axis',(0.870867525928263,0.475180344932192,0.125671763231483));
#1451=DIRECTION('ref_axis',(-0.48084432028143,0.876632279329616,0.0174524064372831));
#1452=DIRECTION('center_axis',(-0.0885098985273171,-0.986434081113913,0.138252672594908));
#1453=DIRECTION('ref_axis',(-0.0655176368484651,0.144262293176628,0.987368132982432));
#1454=DIRECTION('center_axis',(0.,0.,1.));
#1455=DIRECTION('ref_axis',(-1.,0.,0.));
#1456=DIRECTION('',(-0.0174524064372835,-2.13730336808379E-18,-0.999847695156391));
#1457=DIRECTION('center_axis',(0.,0.,1.));
#1458=DIRECTION('ref_axis',(-1.,0.,0.));
#1459=DIRECTION('center_axis',(-0.692779002324651,-0.707212411932843,0.141095210217049));
#1460=DIRECTION('ref_axis',(0.182472466922039,0.017380333640097,0.98305733445102));
#1461=DIRECTION('center_axis',(0.,0.,1.));
#1462=DIRECTION('ref_axis',(-1.,0.,0.));
#1463=DIRECTION('',(-0.0174524064372835,-2.13730336808379E-18,-0.999847695156391));
#1464=DIRECTION('center_axis',(0.,0.,1.));
#1465=DIRECTION('ref_axis',(-1.,0.,0.));
#1466=DIRECTION('center_axis',(-0.986783495726398,0.157883365332404,-0.0364852780351971));
#1467=DIRECTION('ref_axis',(-0.0282055200605907,0.0543694589479378,0.998122442675156));
#1468=DIRECTION('center_axis',(0.,0.,1.));
#1469=DIRECTION('ref_axis',(-1.,0.,0.));
#1470=DIRECTION('',(-0.0174524064372835,-2.13730336808379E-18,-0.999847695156391));
#1471=DIRECTION('center_axis',(0.,0.,1.));
#1472=DIRECTION('ref_axis',(-1.,0.,0.));
#1473=DIRECTION('center_axis',(-0.00287926723314087,0.0104613590496558,
0.999941133160865));
#1474=DIRECTION('ref_axis',(-0.216976598867425,-0.976129722875397,0.00958747428286954));
#1475=DIRECTION('center_axis',(0.,0.,-1.));
#1476=DIRECTION('ref_axis',(-1.,0.,0.));
#1477=DIRECTION('center_axis',(0.,0.,1.));
#1478=DIRECTION('ref_axis',(-1.,0.,0.));
#1479=DIRECTION('',(0.713250449154188,-8.73479879547088E-17,-0.700909264299844));
#1480=DIRECTION('center_axis',(0.,0.,-1.));
#1481=DIRECTION('ref_axis',(-1.,0.,0.));
#1482=DIRECTION('center_axis',(0.,0.,-1.));
#1483=DIRECTION('ref_axis',(-1.,0.,0.));
#1484=DIRECTION('center_axis',(0.,0.,1.));
#1485=DIRECTION('ref_axis',(-1.,0.,0.));
#1486=DIRECTION('',(0.0174524064372835,-2.13730336808379E-18,-0.999847695156391));
#1487=DIRECTION('center_axis',(0.,0.,-1.));
#1488=DIRECTION('ref_axis',(-1.,0.,0.));
#1489=DIRECTION('center_axis',(0.,0.,-1.));
#1490=DIRECTION('ref_axis',(-1.,0.,0.));
#1491=DIRECTION('center_axis',(0.,0.,1.));
#1492=DIRECTION('ref_axis',(-1.,0.,0.));
#1493=DIRECTION('',(0.713250449154188,-8.73479879547088E-17,-0.700909264299844));
#1494=DIRECTION('center_axis',(0.,0.,-1.));
#1495=DIRECTION('ref_axis',(-1.,0.,0.));
#1496=DIRECTION('center_axis',(0.,0.,-1.));
#1497=DIRECTION('ref_axis',(-1.,0.,0.));
#1498=DIRECTION('center_axis',(0.,0.,1.));
#1499=DIRECTION('ref_axis',(-1.,0.,0.));
#1500=DIRECTION('',(0.0174524064372835,-2.13730336808379E-18,-0.999847695156391));
#1501=DIRECTION('center_axis',(0.,0.,-1.));
#1502=DIRECTION('ref_axis',(-1.,0.,0.));
#1503=DIRECTION('center_axis',(0.,0.,-1.));
#1504=DIRECTION('ref_axis',(-1.,0.,0.));
#1505=DIRECTION('center_axis',(0.,0.,1.));
#1506=DIRECTION('ref_axis',(-1.,0.,0.));
#1507=DIRECTION('',(0.713250449154182,-8.73479879547081E-17,-0.700909264299851));
#1508=DIRECTION('center_axis',(0.,0.,-1.));
#1509=DIRECTION('ref_axis',(-1.,0.,0.));
#1510=DIRECTION('center_axis',(0.,0.,-1.));
#1511=DIRECTION('ref_axis',(-1.,0.,0.));
#1512=DIRECTION('center_axis',(0.,0.,1.));
#1513=DIRECTION('ref_axis',(-1.,0.,0.));
#1514=DIRECTION('',(0.0174524064372835,-2.13730336808379E-18,-0.999847695156391));
#1515=DIRECTION('center_axis',(0.,0.,-1.));
#1516=DIRECTION('ref_axis',(-1.,0.,0.));
#1517=DIRECTION('center_axis',(0.,0.,-1.));
#1518=DIRECTION('ref_axis',(-1.,0.,0.));
#1519=DIRECTION('center_axis',(0.,0.,-1.));
#1520=DIRECTION('ref_axis',(1.,0.,0.));
#1521=DIRECTION('center_axis',(0.,0.,-1.));
#1522=DIRECTION('ref_axis',(-1.,0.,0.));
#1523=DIRECTION('center_axis',(0.,0.,-1.));
#1524=DIRECTION('ref_axis',(1.,0.,0.));
#1525=DIRECTION('center_axis',(0.,0.,-1.));
#1526=DIRECTION('ref_axis',(1.,0.,0.));
#1527=DIRECTION('',(0.,0.,-1.));
#1528=DIRECTION('center_axis',(0.,0.,-1.));
#1529=DIRECTION('ref_axis',(1.,0.,0.));
#1530=DIRECTION('center_axis',(0.0216467331566088,-0.0654537898441517,-0.997620779825022));
#1531=DIRECTION('ref_axis',(-0.948022849408418,0.315514418150078,-0.0412714058273013));
#1532=DIRECTION('',(0.,0.,-1.));
#1533=DIRECTION('center_axis',(0.,0.,-1.));
#1534=DIRECTION('ref_axis',(1.,0.,0.));
#1535=DIRECTION('center_axis',(0.,0.,-1.));
#1536=DIRECTION('ref_axis',(-1.,0.,0.));
#1537=DIRECTION('center_axis',(0.,0.,-1.));
#1538=DIRECTION('ref_axis',(1.,0.,0.));
#1539=DIRECTION('',(0.,0.,-1.));
#1540=DIRECTION('center_axis',(0.,0.,1.));
#1541=DIRECTION('ref_axis',(-0.799866956593822,0.600177350246856,0.));
#1542=DIRECTION('',(0.,0.,-1.));
#1543=DIRECTION('',(0.,0.,1.));
#1544=DIRECTION('center_axis',(-0.0858365007720261,-0.991923189007366,0.0933835223402439));
#1545=DIRECTION('ref_axis',(-0.0691262889958411,0.0994329019237383,0.992640244088808));
#1546=DIRECTION('center_axis',(0.,0.,1.));
#1547=DIRECTION('ref_axis',(-0.516171548576746,0.856485220210999,0.));
#1548=DIRECTION('',(0.,0.,1.));
#1549=DIRECTION('center_axis',(0.,0.,1.));
#1550=DIRECTION('ref_axis',(-0.204960519788782,0.978770241337523,0.));
#1551=DIRECTION('',(0.,0.,-1.));
#1552=DIRECTION('',(0.,0.,1.));
#1553=DIRECTION('',(0.,4.9903796488319E-14,-1.));
#1554=DIRECTION('center_axis',(0.,0.,1.));
#1555=DIRECTION('ref_axis',(1.,0.,0.));
#1556=DIRECTION('',(0.,0.,-1.));
#1557=DIRECTION('',(-4.8819078391668E-14,0.,1.));
#1558=DIRECTION('',(0.,0.,1.));
#1559=DIRECTION('',(-4.44009316208806E-15,-1.94254075841353E-15,1.));
#1560=CARTESIAN_POINT('',(0.,0.,0.));
#1561=CARTESIAN_POINT('Origin',(-64.9401045506703,8.54674176895101,9.13290715500963));
#1562=CARTESIAN_POINT('',(-63.1043960441167,9.04674176895101,9.13290715500962));
#1563=CARTESIAN_POINT('',(-63.1043960441167,8.04674176895101,9.13290715500963));
#1564=CARTESIAN_POINT('Ctrl Pts',(-63.1043960441167,9.04674176895101,9.13290715500963));
#1565=CARTESIAN_POINT('Ctrl Pts',(-63.1043960441167,9.04674176895101,9.19569061068871));
#1566=CARTESIAN_POINT('Ctrl Pts',(-63.1046938715451,9.03419403501873,9.26265738972429));
#1567=CARTESIAN_POINT('Ctrl Pts',(-63.1057704385052,8.98316652720416,9.38584640791127));
#1568=CARTESIAN_POINT('Ctrl Pts',(-63.1065337305988,8.94468687370585,9.44206883144133));
#1569=CARTESIAN_POINT('Ctrl Pts',(-63.1079672362284,8.85590344578964,9.53085225935755));
#1570=CARTESIAN_POINT('Ctrl Pts',(-63.1087304415218,8.79968102204095,9.56933191308751));
#1571=CARTESIAN_POINT('Ctrl Pts',(-63.1098068100596,8.67649200332909,9.62035942131403));
#1572=CARTESIAN_POINT('Ctrl Pts',(-63.1101045506703,8.60952522405458,9.63290715500963));
#1573=CARTESIAN_POINT('Ctrl Pts',(-63.1101045506703,8.48395831384744,9.63290715500963));
#1574=CARTESIAN_POINT('Ctrl Pts',(-63.1098068100596,8.41699153457293,9.62035942131403));
#1575=CARTESIAN_POINT('Ctrl Pts',(-63.1087304415218,8.29380251586107,9.56933191308751));
#1576=CARTESIAN_POINT('Ctrl Pts',(-63.1079672362284,8.23758009211238,9.53085225935755));
#1577=CARTESIAN_POINT('Ctrl Pts',(-63.1065337305988,8.14879666419617,9.44206883144133));
#1578=CARTESIAN_POINT('Ctrl Pts',(-63.1057704385052,8.11031701069786,9.38584640791127));
#1579=CARTESIAN_POINT('Ctrl Pts',(-63.1046938715451,8.05928950288329,9.26265738972429));
#1580=CARTESIAN_POINT('Ctrl Pts',(-63.1043960441167,8.04674176895101,9.19569061068871));
#1581=CARTESIAN_POINT('Ctrl Pts',(-63.1043960441167,8.04674176895101,9.13290715500963));
#1582=CARTESIAN_POINT('Ctrl Pts',(-63.1043960441167,8.04674176895101,9.13290715500963));
#1583=CARTESIAN_POINT('Ctrl Pts',(-63.1043960441167,8.04674176895101,9.07012369933055));
#1584=CARTESIAN_POINT('Ctrl Pts',(-63.1046938715451,8.05928950288329,9.00315692029497));
#1585=CARTESIAN_POINT('Ctrl Pts',(-63.1057704385052,8.11031701069786,8.87996790210799));
#1586=CARTESIAN_POINT('Ctrl Pts',(-63.1065337305988,8.14879666419617,8.82374547857792));
#1587=CARTESIAN_POINT('Ctrl Pts',(-63.1079672362284,8.23758009211238,8.73496205066171));
#1588=CARTESIAN_POINT('Ctrl Pts',(-63.1087304415218,8.29380251586107,8.69648239693174));
#1589=CARTESIAN_POINT('Ctrl Pts',(-63.1098068100596,8.41699153457293,8.64545488870523));
#1590=CARTESIAN_POINT('Ctrl Pts',(-63.1101045506703,8.48395831384744,8.63290715500963));
#1591=CARTESIAN_POINT('Ctrl Pts',(-63.1101045506703,8.60952522405458,8.63290715500963));
#1592=CARTESIAN_POINT('Ctrl Pts',(-63.1098068100596,8.67649200332909,8.64545488870523));
#1593=CARTESIAN_POINT('Ctrl Pts',(-63.1087304415218,8.79968102204096,8.69648239693175));
#1594=CARTESIAN_POINT('Ctrl Pts',(-63.1079672362284,8.85590344578964,8.73496205066171));
#1595=CARTESIAN_POINT('Ctrl Pts',(-63.1065337305988,8.94468687370585,8.82374547857792));
#1596=CARTESIAN_POINT('Ctrl Pts',(-63.1057704385052,8.98316652720416,8.87996790210799));
#1597=CARTESIAN_POINT('Ctrl Pts',(-63.1046938715451,9.03419403501873,9.00315692029496));
#1598=CARTESIAN_POINT('Ctrl Pts',(-63.1043960441167,9.04674176895101,9.07012369933055));
#1599=CARTESIAN_POINT('Ctrl Pts',(-63.1043960441167,9.04674176895101,9.13290715500963));
#1600=CARTESIAN_POINT('',(-64.3158130572239,8.04674176895101,9.13290715500963));
#1601=CARTESIAN_POINT('',(-64.9401045506703,8.04674176895101,9.13290715500963));
#1602=CARTESIAN_POINT('',(-64.3158130572239,9.04674176895101,9.13290715500962));
#1603=CARTESIAN_POINT('Ctrl Pts',(-64.3158130572239,9.04674176895101,9.13290715500963));
#1604=CARTESIAN_POINT('Ctrl Pts',(-64.3158130572239,9.04674176895101,9.07012369933055));
#1605=CARTESIAN_POINT('Ctrl Pts',(-64.3155152297955,9.03419403501873,9.00315692029497));
#1606=CARTESIAN_POINT('Ctrl Pts',(-64.3144386628354,8.98316652720416,8.87996790210799));
#1607=CARTESIAN_POINT('Ctrl Pts',(-64.3136753707418,8.94468687370585,8.82374547857792));
#1608=CARTESIAN_POINT('Ctrl Pts',(-64.3122418651122,8.85590344578964,8.73496205066171));
#1609=CARTESIAN_POINT('Ctrl Pts',(-64.3114786598188,8.79968102204095,8.69648239693175));
#1610=CARTESIAN_POINT('Ctrl Pts',(-64.310402291281,8.67649200332909,8.64545488870523));
#1611=CARTESIAN_POINT('Ctrl Pts',(-64.3101045506703,8.60952522405458,8.63290715500963));
#1612=CARTESIAN_POINT('Ctrl Pts',(-64.3101045506703,8.48395831384744,8.63290715500963));
#1613=CARTESIAN_POINT('Ctrl Pts',(-64.310402291281,8.41699153457293,8.64545488870523));
#1614=CARTESIAN_POINT('Ctrl Pts',(-64.3114786598188,8.29380251586107,8.69648239693175));
#1615=CARTESIAN_POINT('Ctrl Pts',(-64.3122418651122,8.23758009211238,8.73496205066171));
#1616=CARTESIAN_POINT('Ctrl Pts',(-64.3136753707418,8.14879666419617,8.82374547857792));
#1617=CARTESIAN_POINT('Ctrl Pts',(-64.3144386628354,8.11031701069786,8.87996790210799));
#1618=CARTESIAN_POINT('Ctrl Pts',(-64.3155152297955,8.0592895028833,9.00315692029497));
#1619=CARTESIAN_POINT('Ctrl Pts',(-64.3158130572239,8.04674176895101,9.07012369933055));
#1620=CARTESIAN_POINT('Ctrl Pts',(-64.3158130572239,8.04674176895101,9.13290715500963));
#1621=CARTESIAN_POINT('Ctrl Pts',(-64.3158130572239,8.04674176895101,9.13290715500963));
#1622=CARTESIAN_POINT('Ctrl Pts',(-64.3158130572239,8.04674176895101,9.19569061068871));
#1623=CARTESIAN_POINT('Ctrl Pts',(-64.3155152297955,8.05928950288329,9.26265738972429));
#1624=CARTESIAN_POINT('Ctrl Pts',(-64.3144386628354,8.11031701069786,9.38584640791127));
#1625=CARTESIAN_POINT('Ctrl Pts',(-64.3136753707418,8.14879666419617,9.44206883144133));
#1626=CARTESIAN_POINT('Ctrl Pts',(-64.3122418651122,8.23758009211238,9.53085225935755));
#1627=CARTESIAN_POINT('Ctrl Pts',(-64.3114786598188,8.29380251586107,9.56933191308751));
#1628=CARTESIAN_POINT('Ctrl Pts',(-64.310402291281,8.41699153457293,9.62035942131403));
#1629=CARTESIAN_POINT('Ctrl Pts',(-64.3101045506703,8.48395831384744,9.63290715500963));
#1630=CARTESIAN_POINT('Ctrl Pts',(-64.3101045506703,8.60952522405458,9.63290715500963));
#1631=CARTESIAN_POINT('Ctrl Pts',(-64.310402291281,8.67649200332909,9.62035942131403));
#1632=CARTESIAN_POINT('Ctrl Pts',(-64.3114786598188,8.79968102204096,9.56933191308751));
#1633=CARTESIAN_POINT('Ctrl Pts',(-64.3122418651122,8.85590344578964,9.53085225935755));
#1634=CARTESIAN_POINT('Ctrl Pts',(-64.3136753707418,8.94468687370585,9.44206883144133));
#1635=CARTESIAN_POINT('Ctrl Pts',(-64.3144386628354,8.98316652720416,9.38584640791127));
#1636=CARTESIAN_POINT('Ctrl Pts',(-64.3155152297955,9.03419403501873,9.26265738972429));
#1637=CARTESIAN_POINT('Ctrl Pts',(-64.3158130572239,9.04674176895101,9.19569061068871));
#1638=CARTESIAN_POINT('Ctrl Pts',(-64.3158130572239,9.04674176895101,9.13290715500963));
#1639=CARTESIAN_POINT('Ctrl Pts',(-96.9571300266507,-8.23651089410271,8.27702647989847));
#1640=CARTESIAN_POINT('Ctrl Pts',(-97.6266007322729,-8.60170354323671,8.17543398907555));
#1641=CARTESIAN_POINT('Ctrl Pts',(-98.4446404052623,-8.69028467965227,8.08881646530997));
#1642=CARTESIAN_POINT('Ctrl Pts',(-99.9357598120518,-8.2456225085415,7.99764206399701));
#1643=CARTESIAN_POINT('Ctrl Pts',(-100.589788334436,-7.69983312350286,7.99346789241431));
#1644=CARTESIAN_POINT('Ctrl Pts',(-101.00717525393,-6.87056111591984,8.03435067331757));
#1645=CARTESIAN_POINT('Ctrl Pts',(-101.061535631169,-6.74057789366509,8.04168480717923));
#1646=CARTESIAN_POINT('Ctrl Pts',(-101.2786110172,-6.09159867396566,8.08272731527239));
#1647=CARTESIAN_POINT('Ctrl Pts',(-101.324086028308,-4.96236611146032,8.18140923555004));
#1648=CARTESIAN_POINT('Ctrl Pts',(-100.767495115082,-3.98591525915705,8.31369020854228));
#1649=CARTESIAN_POINT('Ctrl Pts',(-99.720315740431,-2.95642423026274,8.48978599757639));
#1650=CARTESIAN_POINT('Ctrl Pts',(-98.7369311249916,-2.65518629771502,8.59578979712208));
#1651=CARTESIAN_POINT('Ctrl Pts',(-97.146559900265,-2.95212136251994,8.71182633655639));
#1652=CARTESIAN_POINT('Ctrl Pts',(-96.5200070115505,-3.32364740622823,8.74032470299844));
#1653=CARTESIAN_POINT('Ctrl Pts',(-95.7037674404926,-4.33493953973863,8.7392079145906));
#1654=CARTESIAN_POINT('Ctrl Pts',(-95.4766250712474,-4.93268117662136,8.71516718420504));
#1655=CARTESIAN_POINT('Ctrl Pts',(-95.4018310470037,-6.40018611736573,8.60327762776837));
#1656=CARTESIAN_POINT('Ctrl Pts',(-95.7611515394345,-7.26400937968868,8.48963263005229));
#1657=CARTESIAN_POINT('Ctrl Pts',(-96.5657717643521,-7.99129406791923,8.33956686898462));
#1658=CARTESIAN_POINT('Ctrl Pts',(-96.7546310807465,-8.1260488231767,8.30775578567892));
#1659=CARTESIAN_POINT('Ctrl Pts',(-96.9571300266507,-8.23651089410271,8.27702647989847));
#1660=CARTESIAN_POINT('Ctrl Pts',(-96.9612102962302,-8.23952482786817,8.31669757411883));
#1661=CARTESIAN_POINT('Ctrl Pts',(-97.6312672073662,-8.60346406829793,8.21605718530751));
#1662=CARTESIAN_POINT('Ctrl Pts',(-98.4483745940818,-8.6905594694058,8.1302740134578));
#1663=CARTESIAN_POINT('Ctrl Pts',(-99.9368883029375,-8.24535989454676,8.0398932380312));
#1664=CARTESIAN_POINT('Ctrl Pts',(-100.589651540467,-7.70053475517834,8.03570500145008));
#1665=CARTESIAN_POINT('Ctrl Pts',(-101.007024024848,-6.87265580997324,8.07616254849624));
#1666=CARTESIAN_POINT('Ctrl Pts',(-101.061410692661,-6.74286105200986,8.08342320967316));
#1667=CARTESIAN_POINT('Ctrl Pts',(-101.278718615142,-6.09484614744112,8.12406631181313));
#1668=CARTESIAN_POINT('Ctrl Pts',(-101.325712164427,-4.96668103008745,8.22181760177917));
#1669=CARTESIAN_POINT('Ctrl Pts',(-100.770724945156,-3.98929029336221,8.35301960864823));
#1670=CARTESIAN_POINT('Ctrl Pts',(-99.7246816480084,-2.95773491013546,8.52778522942967));
#1671=CARTESIAN_POINT('Ctrl Pts',(-98.7406665003372,-2.65464691350051,8.63310328743889));
#1672=CARTESIAN_POINT('Ctrl Pts',(-97.1479280639355,-2.95062254975796,8.74836730242969));
#1673=CARTESIAN_POINT('Ctrl Pts',(-96.5202141440297,-3.32238999013632,8.77664993505335));
#1674=CARTESIAN_POINT('Ctrl Pts',(-95.7026261294245,-4.33535796363156,8.77543269978755));
#1675=CARTESIAN_POINT('Ctrl Pts',(-95.4753724539682,-4.93426060107098,8.75148800592922));
#1676=CARTESIAN_POINT('Ctrl Pts',(-95.4017369257359,-6.40431026692259,8.64023839242932));
#1677=CARTESIAN_POINT('Ctrl Pts',(-95.7631729178853,-7.26888432281052,8.52740587199219));
#1678=CARTESIAN_POINT('Ctrl Pts',(-96.5694365797046,-7.99497087266965,8.37867025984847));
#1679=CARTESIAN_POINT('Ctrl Pts',(-96.7585468329434,-8.12944067246022,8.34714009723178));
#1680=CARTESIAN_POINT('Ctrl Pts',(-96.9612102962302,-8.23952482786817,8.31669757411883));
#1681=CARTESIAN_POINT('Ctrl Pts',(-96.9530356189279,-8.27521495968913,8.39499828303522));
#1682=CARTESIAN_POINT('Ctrl Pts',(-97.6311848208749,-8.64238047560489,8.29616800252705));
#1683=CARTESIAN_POINT('Ctrl Pts',(-98.4567396685476,-8.72923302465915,8.21199196855764));
#1684=CARTESIAN_POINT('Ctrl Pts',(-99.9597562415111,-8.27841882901224,8.12313168358971));
#1685=CARTESIAN_POINT('Ctrl Pts',(-100.618775759363,-7.72816627621414,8.11891271791626));
#1686=CARTESIAN_POINT('Ctrl Pts',(-101.040856336666,-6.89199617964631,8.15856377009451));
#1687=CARTESIAN_POINT('Ctrl Pts',(-101.095875509647,-6.76087694642466,8.16568381542849));
#1688=CARTESIAN_POINT('Ctrl Pts',(-101.315844830251,-6.10621883324701,8.20556085465153));
#1689=CARTESIAN_POINT('Ctrl Pts',(-101.36462204372,-4.96599667209806,8.30153665934653));
#1690=CARTESIAN_POINT('Ctrl Pts',(-100.804593707602,-3.97640537454078,8.43067078067837));
#1691=CARTESIAN_POINT('Ctrl Pts',(-99.7474623402947,-2.93108534284331,8.60288866662334));
#1692=CARTESIAN_POINT('Ctrl Pts',(-98.7516356675195,-2.62286946310505,8.70689146942001));
#1693=CARTESIAN_POINT('Ctrl Pts',(-97.1389284859375,-2.92122843373373,8.82066982947347));
#1694=CARTESIAN_POINT('Ctrl Pts',(-96.503144363631,-3.29746613989319,8.84853718626405));
#1695=CARTESIAN_POINT('Ctrl Pts',(-95.6753456970861,-4.32334622390315,8.84712836905834));
#1696=CARTESIAN_POINT('Ctrl Pts',(-95.4454716904186,-4.93013590418989,8.82336363922619));
#1697=CARTESIAN_POINT('Ctrl Pts',(-95.3721847809651,-6.41928043762597,8.71334742052187));
#1698=CARTESIAN_POINT('Ctrl Pts',(-95.7396133297734,-7.29462489916939,8.60208078172342));
#1699=CARTESIAN_POINT('Ctrl Pts',(-96.556435151997,-8.02834328745681,8.45588060777107));
#1700=CARTESIAN_POINT('Ctrl Pts',(-96.747938653749,-8.16413552066011,8.42489459030705));
#1701=CARTESIAN_POINT('Ctrl Pts',(-96.9530356189279,-8.27521495968913,8.39499828303522));
#1702=CARTESIAN_POINT('Ctrl Pts',(-96.9175676495828,-8.34813300485807,8.42492799075309));
#1703=CARTESIAN_POINT('Ctrl Pts',(-97.6130078516743,-8.72691908364263,8.32476623439976));
#1704=CARTESIAN_POINT('Ctrl Pts',(-98.4616615851644,-8.81812207437165,8.23940712568854));
#1705=CARTESIAN_POINT('Ctrl Pts',(-100.008159839654,-8.35571191989656,8.14945534339347));
#1706=CARTESIAN_POINT('Ctrl Pts',(-100.686498278751,-7.78921393066293,8.14528149301123));
#1707=CARTESIAN_POINT('Ctrl Pts',(-101.119939130906,-6.92862934540505,8.18555568901534));
#1708=CARTESIAN_POINT('Ctrl Pts',(-101.176399247324,-6.79370742579609,8.19278373668695));
#1709=CARTESIAN_POINT('Ctrl Pts',(-101.401928920002,-6.12008773458193,8.23324913421021));
#1710=CARTESIAN_POINT('Ctrl Pts',(-101.45000490724,-4.94765497502757,8.33057204515728));
#1711=CARTESIAN_POINT('Ctrl Pts',(-100.872760566032,-3.93248698156349,8.46126070934566));
#1712=CARTESIAN_POINT('Ctrl Pts',(-99.7857221204482,-2.86144963732103,8.6353790692241));
#1713=CARTESIAN_POINT('Ctrl Pts',(-98.7640194773992,-2.54713768822323,8.74034721208469));
#1714=CARTESIAN_POINT('Ctrl Pts',(-97.1112732625677,-2.8545423052094,8.85518860865733));
#1715=CARTESIAN_POINT('Ctrl Pts',(-96.4600839489284,-3.24055370022971,8.88333942950566));
#1716=CARTESIAN_POINT('Ctrl Pts',(-95.6120884533877,-4.29196972421999,8.88202428015638));
#1717=CARTESIAN_POINT('Ctrl Pts',(-95.3763549812171,-4.91368510510107,8.8581059377295));
#1718=CARTESIAN_POINT('Ctrl Pts',(-95.2999082880865,-6.44004562217809,8.74712915435301));
#1719=CARTESIAN_POINT('Ctrl Pts',(-95.6745388677001,-7.33834263467412,8.63468958526174));
#1720=CARTESIAN_POINT('Ctrl Pts',(-96.5109695681067,-8.0936387041304,8.4866166260869));
#1721=CARTESIAN_POINT('Ctrl Pts',(-96.7072363605228,-8.23353229390589,8.45522659235653));
#1722=CARTESIAN_POINT('Ctrl Pts',(-96.9175676495828,-8.34813300485807,8.42492799075309));
#1723=CARTESIAN_POINT('Ctrl Pts',(-96.8982358792759,-8.38308041150155,8.42310506546138));
#1724=CARTESIAN_POINT('Ctrl Pts',(-97.6022552249515,-8.76768612066817,8.32146347563802));
#1725=CARTESIAN_POINT('Ctrl Pts',(-98.4624935251496,-8.86093600650393,8.23485370622853));
#1726=CARTESIAN_POINT('Ctrl Pts',(-100.030839812835,-8.39272916409261,8.14373649130313));
#1727=CARTESIAN_POINT('Ctrl Pts',(-100.718907084017,-7.81816771318094,8.13959820685932));
#1728=CARTESIAN_POINT('Ctrl Pts',(-101.158019018016,-6.94533597139088,8.18052572427319));
#1729=CARTESIAN_POINT('Ctrl Pts',(-101.215207815309,-6.808525904179,8.1878670856579));
#1730=CARTESIAN_POINT('Ctrl Pts',(-101.443572302137,-6.12546942641747,8.22894621041533));
#1731=CARTESIAN_POINT('Ctrl Pts',(-101.491326890457,-4.93697165243474,8.32770155870785));
#1732=CARTESIAN_POINT('Ctrl Pts',(-100.90553350263,-3.90917662423381,8.46008908146512));
#1733=CARTESIAN_POINT('Ctrl Pts',(-99.8036085426791,-2.82543809277601,8.63632497104798));
#1734=CARTESIAN_POINT('Ctrl Pts',(-98.7690259981667,-2.50815806457949,8.74240669988595));
#1735=CARTESIAN_POINT('Ctrl Pts',(-97.0962653971261,-2.82025417029303,8.85849538632565));
#1736=CARTESIAN_POINT('Ctrl Pts',(-96.4373890038027,-3.21110833530021,8.88698943194016));
#1737=CARTESIAN_POINT('Ctrl Pts',(-95.5792415440426,-4.27531648830871,8.88580774583044));
#1738=CARTESIAN_POINT('Ctrl Pts',(-95.3405552181813,-4.904424596983,8.86171241303596));
#1739=CARTESIAN_POINT('Ctrl Pts',(-95.2623878846805,-6.44927027027808,8.74964186633971));
#1740=CARTESIAN_POINT('Ctrl Pts',(-95.6404794761921,-7.35889759564437,8.6358558409548));
#1741=CARTESIAN_POINT('Ctrl Pts',(-96.4866769842188,-8.12482847299394,8.48567984598233));
#1742=CARTESIAN_POINT('Ctrl Pts',(-96.6852868070415,-8.26674635129975,8.4538492238233));
#1743=CARTESIAN_POINT('Ctrl Pts',(-96.8982358792759,-8.38308041150155,8.42310506546139));
#1744=CARTESIAN_POINT('',(-96.9571344381382,-8.23651416083661,8.2770694021012));
#1745=CARTESIAN_POINT('',(-96.8982358792759,-8.38308041150152,8.42310506546139));
#1746=CARTESIAN_POINT('Origin',(-96.885007790096,-8.36800900273605,8.27445154113561));
#1747=CARTESIAN_POINT('Ctrl Pts',(-96.8982358792759,-8.38308041150155,8.42310506546138));
#1748=CARTESIAN_POINT('Ctrl Pts',(-97.6022552249515,-8.76768612066817,8.32146347563802));
#1749=CARTESIAN_POINT('Ctrl Pts',(-98.4624935251496,-8.86093600650393,8.23485370622853));
#1750=CARTESIAN_POINT('Ctrl Pts',(-100.030839812835,-8.39272916409261,8.14373649130313));
#1751=CARTESIAN_POINT('Ctrl Pts',(-100.718907084017,-7.81816771318094,8.13959820685932));
#1752=CARTESIAN_POINT('Ctrl Pts',(-101.158019018016,-6.94533597139088,8.18052572427319));
#1753=CARTESIAN_POINT('Ctrl Pts',(-101.215207815309,-6.808525904179,8.1878670856579));
#1754=CARTESIAN_POINT('Ctrl Pts',(-101.443572302137,-6.12546942641747,8.22894621041533));
#1755=CARTESIAN_POINT('Ctrl Pts',(-101.491326890457,-4.93697165243474,8.32770155870785));
#1756=CARTESIAN_POINT('Ctrl Pts',(-100.90553350263,-3.90917662423381,8.46008908146512));
#1757=CARTESIAN_POINT('Ctrl Pts',(-99.8036085426791,-2.82543809277601,8.63632497104798));
#1758=CARTESIAN_POINT('Ctrl Pts',(-98.7690259981667,-2.50815806457949,8.74240669988595));
#1759=CARTESIAN_POINT('Ctrl Pts',(-97.0962653971261,-2.82025417029303,8.85849538632565));
#1760=CARTESIAN_POINT('Ctrl Pts',(-96.4373890038027,-3.21110833530021,8.88698943194016));
#1761=CARTESIAN_POINT('Ctrl Pts',(-95.5792415440426,-4.27531648830871,8.88580774583044));
#1762=CARTESIAN_POINT('Ctrl Pts',(-95.3405552181813,-4.904424596983,8.86171241303596));
#1763=CARTESIAN_POINT('Ctrl Pts',(-95.2623878846805,-6.44927027027808,8.74964186633971));
#1764=CARTESIAN_POINT('Ctrl Pts',(-95.6404794761921,-7.35889759564437,8.6358558409548));
#1765=CARTESIAN_POINT('Ctrl Pts',(-96.4866769842188,-8.12482847299394,8.48567984598233));
#1766=CARTESIAN_POINT('Ctrl Pts',(-96.6852868070415,-8.26674635129975,8.4538492238233));
#1767=CARTESIAN_POINT('Ctrl Pts',(-96.8982358792759,-8.38308041150155,8.42310506546139));
#1768=CARTESIAN_POINT('',(-95.4424012793004,-5.69006539158748,8.65699652804642));
#1769=CARTESIAN_POINT('Ctrl Pts',(-96.9571344381382,-8.23651416083659,8.2770694021012));
#1770=CARTESIAN_POINT('Ctrl Pts',(-96.8611225220091,-8.18414042391448,8.29163909344475));
#1771=CARTESIAN_POINT('Ctrl Pts',(-96.7681158175941,-8.1263690365311,8.30645069696511));
#1772=CARTESIAN_POINT('Ctrl Pts',(-96.589267222918,-8.00077273081356,8.33634353723784));
#1773=CARTESIAN_POINT('Ctrl Pts',(-96.5034191137291,-7.93295685014971,8.35142452248777));
#1774=CARTESIAN_POINT('Ctrl Pts',(-96.4126080305008,-7.85250121934098,8.36821134590869));
#1775=CARTESIAN_POINT('Ctrl Pts',(-96.4036509773285,-7.84446573160571,8.3698766461755));
#1776=CARTESIAN_POINT('Ctrl Pts',(-96.3202946212284,-7.7687459293778,8.38546405085285));
#1777=CARTESIAN_POINT('Ctrl Pts',(-96.2493676850143,-7.69725497983012,8.39932229545092));
#1778=CARTESIAN_POINT('Ctrl Pts',(-96.1153261762394,-7.54732900473492,8.42676510360553));
#1779=CARTESIAN_POINT('Ctrl Pts',(-96.052209395999,-7.46889637919323,8.44034975083868));
#1780=CARTESIAN_POINT('Ctrl Pts',(-95.9344612730962,-7.30593522979277,8.467100929046));
#1781=CARTESIAN_POINT('Ctrl Pts',(-95.8798259685212,-7.221409972953,8.48026766214192));
#1782=CARTESIAN_POINT('Ctrl Pts',(-95.7796224636174,-7.04717609782653,8.5060392669639));
#1783=CARTESIAN_POINT('Ctrl Pts',(-95.7340483806374,-6.95747126029756,8.51864450930354));
#1784=CARTESIAN_POINT('Ctrl Pts',(-95.6523329728645,-6.77357857160614,8.54318593563615));
#1785=CARTESIAN_POINT('Ctrl Pts',(-95.6162114191584,-6.67938215103808,8.55512068964298));
#1786=CARTESIAN_POINT('Ctrl Pts',(-95.5540629914944,-6.48808509074543,8.57810058679267));
#1787=CARTESIAN_POINT('Ctrl Pts',(-95.527993233032,-6.39099907826952,8.58914935384654));
#1788=CARTESIAN_POINT('Ctrl Pts',(-95.4858925655079,-6.19391445347954,8.6103422992204));
#1789=CARTESIAN_POINT('Ctrl Pts',(-95.4699283279761,-6.09390128128635,8.62048011528911));
#1790=CARTESIAN_POINT('Ctrl Pts',(-95.448513151059,-5.89263879774644,8.63962601628347));
#1791=CARTESIAN_POINT('Ctrl Pts',(-95.4430622898222,-5.7913898114237,8.64863410174194));
#1792=CARTESIAN_POINT('Ctrl Pts',(-95.4429173393638,-5.69006555142336,8.65700552319653));
#1793=CARTESIAN_POINT('Ctrl Pts',(-95.4420045489278,-5.6900652687108,8.65698961286444));
#1794=CARTESIAN_POINT('Ctrl Pts',(-95.4418763440273,-5.6406802234419,8.66106752594284));
#1795=CARTESIAN_POINT('Ctrl Pts',(-95.4430589360576,-5.59125675739364,8.66499408221834));
#1796=CARTESIAN_POINT('Ctrl Pts',(-95.476623710624,-4.93268288406895,8.71520648161185));
#1797=CARTESIAN_POINT('Ctrl Pts',(-95.7037662007655,-4.33493998994797,8.73924710809241));
#1798=CARTESIAN_POINT('Ctrl Pts',(-96.5200072322472,-3.3236460413857,8.74036400517758));
#1799=CARTESIAN_POINT('Ctrl Pts',(-97.1465613782688,-2.95211973571858,8.71186587214702));
#1800=CARTESIAN_POINT('Ctrl Pts',(-98.7369351671886,-2.65518570813431,8.59583016853909));
#1801=CARTESIAN_POINT('Ctrl Pts',(-99.7203204668954,-2.95642564264987,8.48982711092506));
#1802=CARTESIAN_POINT('Ctrl Pts',(-100.767498614967,-3.98591890696647,8.31373276105339));
#1803=CARTESIAN_POINT('Ctrl Pts',(-101.324087794675,-4.96237077819791,8.18145295543817));
#1804=CARTESIAN_POINT('Ctrl Pts',(-101.278611140818,-6.09160218854313,8.08277204204546));
#1805=CARTESIAN_POINT('Ctrl Pts',(-101.061535502765,-6.74058036656799,8.04172996608584));
#1806=CARTESIAN_POINT('Ctrl Pts',(-101.007175096968,-6.87056338524454,8.03439591171721));
#1807=CARTESIAN_POINT('Ctrl Pts',(-100.589788192167,-7.69983388775592,7.99351359088998));
#1808=CARTESIAN_POINT('Ctrl Pts',(-99.9357610370519,-8.24562223095788,7.9976877776909));
#1809=CARTESIAN_POINT('Ctrl Pts',(-98.4446444456679,-8.6902849844021,8.08886132034807));
#1810=CARTESIAN_POINT('Ctrl Pts',(-97.6266057793596,-8.60170545495537,8.17547794139304));
#1811=CARTESIAN_POINT('Ctrl Pts',(-96.9571344381382,-8.23651416083661,8.2770694021012));
#1812=CARTESIAN_POINT('Ctrl Pts',(-108.708080729942,11.7595564345279,8.13529913788067));
#1813=CARTESIAN_POINT('Ctrl Pts',(-108.719366311322,11.4053309293772,8.14171895104899));
#1814=CARTESIAN_POINT('Ctrl Pts',(-108.72476889886,11.0505259364932,8.14745415757993));
#1815=CARTESIAN_POINT('Ctrl Pts',(-108.718198620502,9.04234235444679,8.17638396128388));
#1816=CARTESIAN_POINT('Ctrl Pts',(-108.569630857447,7.38077304569254,8.18685156051238));
#1817=CARTESIAN_POINT('Ctrl Pts',(-107.807780767059,3.31096189257033,8.19220034536958));
#1818=CARTESIAN_POINT('Ctrl Pts',(-106.998654451856,0.943291863481527,8.17674219835552));
#1819=CARTESIAN_POINT('Ctrl Pts',(-105.314650597977,-2.36045368819006,8.14951140986213));
#1820=CARTESIAN_POINT('Ctrl Pts',(-104.651652940176,-3.44424455577366,8.13945346597409));
#1821=CARTESIAN_POINT('Ctrl Pts',(-103.184989268171,-5.49114191215751,8.12199092957297));
#1822=CARTESIAN_POINT('Ctrl Pts',(-102.381513257734,-6.45399400707873,8.11458531758558));
#1823=CARTESIAN_POINT('Ctrl Pts',(-100.639801486669,-8.25295456854543,8.10559612662035));
#1824=CARTESIAN_POINT('Ctrl Pts',(-99.7016391412878,-9.08902785391398,8.10399642677676));
#1825=CARTESIAN_POINT('Ctrl Pts',(-97.6951198224977,-10.6094619993204,8.11082095373999));
#1826=CARTESIAN_POINT('Ctrl Pts',(-96.6266798129064,-11.2940894713019,8.11918415116142));
#1827=CARTESIAN_POINT('Ctrl Pts',(-95.0980913610206,-12.0963275111711,8.14158103928787));
#1828=CARTESIAN_POINT('Ctrl Pts',(-94.6974613198242,-12.29164411013,8.14834704829566));
#1829=CARTESIAN_POINT('Ctrl Pts',(-93.8862187361945,-12.6482601268631,8.1648556873795));
#1830=CARTESIAN_POINT('Ctrl Pts',(-93.4757751892109,-12.8092514444199,8.17462774397159));
#1831=CARTESIAN_POINT('Ctrl Pts',(-92.6314351492848,-13.1134249972437,8.19479300407521));
#1832=CARTESIAN_POINT('Ctrl Pts',(-92.1940392241731,-13.2625997220305,8.20435863115245));
#1833=CARTESIAN_POINT('Ctrl Pts',(-91.3154548108638,-13.6268708796197,8.21985569016207));
#1834=CARTESIAN_POINT('Ctrl Pts',(-90.8776127470745,-13.8359593891693,8.22669193125948));
#1835=CARTESIAN_POINT('Ctrl Pts',(-89.5946302789027,-14.5119813034513,8.24763705973885));
#1836=CARTESIAN_POINT('Ctrl Pts',(-88.7805699345089,-15.0268085381679,8.26230830172953));
#1837=CARTESIAN_POINT('Ctrl Pts',(-87.3698492516289,-16.1023461327325,8.28423361073766));
#1838=CARTESIAN_POINT('Ctrl Pts',(-86.7589490552034,-16.6458365734483,8.29228454989335));
#1839=CARTESIAN_POINT('Ctrl Pts',(-86.1969057118142,-17.2268361594036,8.29658649776846));
#1840=CARTESIAN_POINT('Ctrl Pts',(-108.554786502344,11.8463585420224,8.14928096958296));
#1841=CARTESIAN_POINT('Ctrl Pts',(-108.564811882153,11.4930541911599,8.15642759691906));
#1842=CARTESIAN_POINT('Ctrl Pts',(-108.568912598063,11.1391565061427,8.16285372708184));
#1843=CARTESIAN_POINT('Ctrl Pts',(-108.555000155836,9.13611174678644,8.19551170148492));
#1844=CARTESIAN_POINT('Ctrl Pts',(-108.400581302017,7.47897332439939,8.20835848343982));
#1845=CARTESIAN_POINT('Ctrl Pts',(-107.627430160992,3.4202959266181,8.21818876781033));
#1846=CARTESIAN_POINT('Ctrl Pts',(-106.814528880471,1.05939540562517,8.20408870194695));
#1847=CARTESIAN_POINT('Ctrl Pts',(-105.128019656713,-2.23859071560495,8.17782107139833));
#1848=CARTESIAN_POINT('Ctrl Pts',(-104.464745224553,-3.32122758119793,8.1678944069435));
#1849=CARTESIAN_POINT('Ctrl Pts',(-102.99860424861,-5.36755872132283,8.15048203644252));
#1850=CARTESIAN_POINT('Ctrl Pts',(-102.195922127887,-6.33100451562397,8.14299568683085));
#1851=CARTESIAN_POINT('Ctrl Pts',(-100.457003767528,-8.1330554429722,8.13384017705902));
#1852=CARTESIAN_POINT('Ctrl Pts',(-99.5208352174648,-8.97162956216094,8.13215613315822));
#1853=CARTESIAN_POINT('Ctrl Pts',(-97.5197706239144,-10.4993641368059,8.13904607969784));
#1854=CARTESIAN_POINT('Ctrl Pts',(-96.4548002931332,-11.1887696913722,8.14756478175472));
#1855=CARTESIAN_POINT('Ctrl Pts',(-94.9323042758712,-11.9992212512964,8.17037470360534));
#1856=CARTESIAN_POINT('Ctrl Pts',(-94.5333785100175,-12.196787275963,8.17726545056076));
#1857=CARTESIAN_POINT('Ctrl Pts',(-93.7256386843858,-12.5584502149438,8.19396342181122));
#1858=CARTESIAN_POINT('Ctrl Pts',(-93.3169822834784,-12.7222597870895,8.20379721901569));
#1859=CARTESIAN_POINT('Ctrl Pts',(-92.4766095866011,-13.0322289630441,8.2240935283621));
#1860=CARTESIAN_POINT('Ctrl Pts',(-92.0414900014414,-13.1842107674509,8.23377381205986));
#1861=CARTESIAN_POINT('Ctrl Pts',(-91.1680365272618,-13.5526194359835,8.24970861046859));
#1862=CARTESIAN_POINT('Ctrl Pts',(-90.7329544929459,-13.7632173573864,8.2568159894157));
#1863=CARTESIAN_POINT('Ctrl Pts',(-89.4581217055343,-14.4429379352668,8.27848673270649));
#1864=CARTESIAN_POINT('Ctrl Pts',(-88.6493016006947,-14.9591538807172,8.29351695971836));
#1865=CARTESIAN_POINT('Ctrl Pts',(-87.2473826491065,-16.0352998553961,8.31581752497337));
#1866=CARTESIAN_POINT('Ctrl Pts',(-86.6401746336463,-16.5782964684686,8.32392393457378));
#1867=CARTESIAN_POINT('Ctrl Pts',(-86.0810802194929,-17.1583458299759,8.32810313247003));
#1868=CARTESIAN_POINT('Ctrl Pts',(-108.401692306788,11.933635471216,8.16300761194048));
#1869=CARTESIAN_POINT('Ctrl Pts',(-108.410404622577,11.5812164893394,8.17084175666935));
#1870=CARTESIAN_POINT('Ctrl Pts',(-108.413161157485,11.2281972788374,8.17792406521753));
#1871=CARTESIAN_POINT('Ctrl Pts',(-108.391701094695,9.23015232596133,8.21413210877645));
#1872=CARTESIAN_POINT('Ctrl Pts',(-108.231375160201,7.57739299724231,8.22928187701261));
#1873=CARTESIAN_POINT('Ctrl Pts',(-107.446842060098,3.52971510555292,8.24351861881112));
#1874=CARTESIAN_POINT('Ctrl Pts',(-106.630168253004,1.17549512455485,8.23083772811867));
#1875=CARTESIAN_POINT('Ctrl Pts',(-104.941195528163,-2.11685417274029,8.20568793661531));
#1876=CARTESIAN_POINT('Ctrl Pts',(-104.277666407927,-3.19837612565408,8.19595704135061));
#1877=CARTESIAN_POINT('Ctrl Pts',(-102.812103155842,-5.24420374020273,8.17872296778049));
#1878=CARTESIAN_POINT('Ctrl Pts',(-102.010248115609,-6.20826658669544,8.17121949261946));
#1879=CARTESIAN_POINT('Ctrl Pts',(-100.274193869173,-8.01342676674031,8.16199961577418));
#1880=CARTESIAN_POINT('Ctrl Pts',(-99.3400565926105,-8.85449762086291,8.16026946503485));
#1881=CARTESIAN_POINT('Ctrl Pts',(-97.3445255113362,-10.3894647831792,8.16725279051635));
#1882=CARTESIAN_POINT('Ctrl Pts',(-96.2830651969028,-11.083586605101,8.17591621710946));
#1883=CARTESIAN_POINT('Ctrl Pts',(-94.766709653548,-11.902110071632,8.19908699780166));
#1884=CARTESIAN_POINT('Ctrl Pts',(-94.3694985318566,-12.101886133369,8.20608556062764));
#1885=CARTESIAN_POINT('Ctrl Pts',(-93.5652838344514,-12.4685070761776,8.22293966589963));
#1886=CARTESIAN_POINT('Ctrl Pts',(-93.1584277664507,-12.6350832421442,8.23281928357789));
#1887=CARTESIAN_POINT('Ctrl Pts',(-92.3220410723354,-12.9507456326825,8.25321219334688));
#1888=CARTESIAN_POINT('Ctrl Pts',(-91.8892002244997,-13.1054896696568,8.26298551324245));
#1889=CARTESIAN_POINT('Ctrl Pts',(-91.020855577524,-13.4779840197151,8.27929686782022));
#1890=CARTESIAN_POINT('Ctrl Pts',(-90.5885118351606,-13.6900785240001,8.28663947544369));
#1891=CARTESIAN_POINT('Ctrl Pts',(-89.3217570626845,-14.3734746216073,8.30893183625551));
#1892=CARTESIAN_POINT('Ctrl Pts',(-88.5181228805947,-14.8910811657769,8.32425739188959));
#1893=CARTESIAN_POINT('Ctrl Pts',(-87.1248937070393,-15.967885527383,8.34683695407821));
#1894=CARTESIAN_POINT('Ctrl Pts',(-86.5213212790535,-16.5104305301778,8.35496304584975));
#1895=CARTESIAN_POINT('Ctrl Pts',(-85.9651242476298,-17.0895865776721,8.35900075215697));
#1896=CARTESIAN_POINT('Ctrl Pts',(-107.644096391665,12.3682054128173,8.22975437473317));
#1897=CARTESIAN_POINT('Ctrl Pts',(-107.64606738377,12.0200297841028,8.2408160439832));
#1898=CARTESIAN_POINT('Ctrl Pts',(-107.641973192887,11.6712444703506,8.25098906975229));
#1899=CARTESIAN_POINT('Ctrl Pts',(-107.582180849948,9.69738532860397,8.30396361390363));
#1900=CARTESIAN_POINT('Ctrl Pts',(-107.392322149209,8.06608513034721,8.33016146287574));
#1901=CARTESIAN_POINT('Ctrl Pts',(-106.551017972268,4.07227354937285,8.36585438064608));
#1902=CARTESIAN_POINT('Ctrl Pts',(-105.715668378253,1.75072145372479,8.36047165057393));
#1903=CARTESIAN_POINT('Ctrl Pts',(-104.014698726526,-1.51429029177348,8.34154798677414));
#1904=CARTESIAN_POINT('Ctrl Pts',(-103.350015811814,-2.59047649284897,8.33307546163233));
#1905=CARTESIAN_POINT('Ctrl Pts',(-101.887582079187,-4.63411212249161,8.31729853932808));
#1906=CARTESIAN_POINT('Ctrl Pts',(-101.089984760736,-5.60134585098424,8.30999528157047));
#1907=CARTESIAN_POINT('Ctrl Pts',(-99.368459879918,-7.42200595969963,8.30091282209779));
#1908=CARTESIAN_POINT('Ctrl Pts',(-98.4445652159239,-8.27543023225962,8.29912454238912));
#1909=CARTESIAN_POINT('Ctrl Pts',(-96.4768210026336,-9.84591743435084,8.30669198631194));
#1910=CARTESIAN_POINT('Ctrl Pts',(-95.4329389962151,-10.5631176209878,8.31602007726636));
#1911=CARTESIAN_POINT('Ctrl Pts',(-93.9472284659568,-11.4209612653702,8.34073700904024));
#1912=CARTESIAN_POINT('Ctrl Pts',(-93.5585607128138,-11.6314984415182,8.348191615647));
#1913=CARTESIAN_POINT('Ctrl Pts',(-92.771916700143,-12.0222541156101,8.36566510197732));
#1914=CARTESIAN_POINT('Ctrl Pts',(-92.3740415193116,-12.2022888952623,8.37569728232998));
#1915=CARTESIAN_POINT('Ctrl Pts',(-91.5574878687551,-12.5456652649139,8.39641050848358));
#1916=CARTESIAN_POINT('Ctrl Pts',(-91.1359436493208,-12.7138817408092,8.40654460514146));
#1917=CARTESIAN_POINT('Ctrl Pts',(-90.2927914058567,-13.1063811467132,8.42443975193262));
#1918=CARTESIAN_POINT('Ctrl Pts',(-89.8739075763935,-13.3258278470548,8.43278611052475));
#1919=CARTESIAN_POINT('Ctrl Pts',(-88.6468271733885,-14.0273111580469,8.45769097394218));
#1920=CARTESIAN_POINT('Ctrl Pts',(-87.8686195587932,-14.5518116349599,8.47419435736356));
#1921=CARTESIAN_POINT('Ctrl Pts',(-86.5178929589809,-15.6321156554504,8.4977284363802));
#1922=CARTESIAN_POINT('Ctrl Pts',(-85.9320567841662,-16.1726223113698,8.50579645985188));
#1923=CARTESIAN_POINT('Ctrl Pts',(-85.3899651257483,-16.7476214000524,8.50905338010002));
#1924=CARTESIAN_POINT('Ctrl Pts',(-107.042119069256,12.7218818973734,8.27905260561149));
#1925=CARTESIAN_POINT('Ctrl Pts',(-107.03799133854,12.37663620956,8.29213105333674));
#1926=CARTESIAN_POINT('Ctrl Pts',(-107.027835988415,12.0308539688541,8.3042684942301));
#1927=CARTESIAN_POINT('Ctrl Pts',(-106.934536224417,10.0744450798765,8.36804066261822));
#1928=CARTESIAN_POINT('Ctrl Pts',(-106.720256496842,8.45953304431782,8.40190623755622));
#1929=CARTESIAN_POINT('Ctrl Pts',(-105.832446663833,4.50673203971015,8.45353716739749));
#1930=CARTESIAN_POINT('Ctrl Pts',(-104.982273041967,2.20989205667501,8.45481696128663));
#1931=CARTESIAN_POINT('Ctrl Pts',(-103.272421299847,-1.03517470721138,8.44303047345173));
#1932=CARTESIAN_POINT('Ctrl Pts',(-102.607169481796,-2.10770116259497,8.43647137177559));
#1933=CARTESIAN_POINT('Ctrl Pts',(-101.148093588829,-4.15055387430645,8.42366516786694));
#1934=CARTESIAN_POINT('Ctrl Pts',(-100.354405828877,-5.12068284140105,8.41741975034738));
#1935=CARTESIAN_POINT('Ctrl Pts',(-98.6455552075858,-6.95402392612615,8.40988373490713));
#1936=CARTESIAN_POINT('Ctrl Pts',(-97.7304012924448,-7.81725887815381,8.40858589612695));
#1937=CARTESIAN_POINT('Ctrl Pts',(-95.7860012620499,-9.41510977581946,8.41700195087674));
#1938=CARTESIAN_POINT('Ctrl Pts',(-94.7567369270933,-10.149819922305,8.42669779065495));
#1939=CARTESIAN_POINT('Ctrl Pts',(-93.2961582544287,-11.0369098512838,8.45188413490513));
#1940=CARTESIAN_POINT('Ctrl Pts',(-92.9144523599036,-11.2554353304891,8.45945565724551));
#1941=CARTESIAN_POINT('Ctrl Pts',(-92.1421377446215,-11.6640784412427,8.47693609014328));
#1942=CARTESIAN_POINT('Ctrl Pts',(-91.7516068452118,-11.8540546139659,8.4868541299321));
#1943=CARTESIAN_POINT('Ctrl Pts',(-90.951122288227,-12.2179494759286,8.50731813846818));
#1944=CARTESIAN_POINT('Ctrl Pts',(-90.5386095789579,-12.39621034449,8.51742624474269));
#1945=CARTESIAN_POINT('Ctrl Pts',(-89.7151937887997,-12.8038689530799,8.5357088447385));
#1946=CARTESIAN_POINT('Ctrl Pts',(-89.306717998715,-13.0289800450201,8.54434808028263));
#1947=CARTESIAN_POINT('Ctrl Pts',(-88.1102014787264,-13.7445104595365,8.56986990658092));
#1948=CARTESIAN_POINT('Ctrl Pts',(-87.3514388039506,-14.2745279317376,8.58641843386161));
#1949=CARTESIAN_POINT('Ctrl Pts',(-86.0328962506401,-15.3583957855899,8.6093729600644));
#1950=CARTESIAN_POINT('Ctrl Pts',(-85.4603460974872,-15.8979271026981,8.61690413930184));
#1951=CARTESIAN_POINT('Ctrl Pts',(-84.9287244282598,-16.470476360722,8.61928806395478));
#1952=CARTESIAN_POINT('Ctrl Pts',(-105.841637655544,13.4386970536762,8.3704050899526));
#1953=CARTESIAN_POINT('Ctrl Pts',(-105.824212201996,13.0989475391944,8.38674964518962));
#1954=CARTESIAN_POINT('Ctrl Pts',(-105.80101854328,12.7588648337908,8.40209972112736));
#1955=CARTESIAN_POINT('Ctrl Pts',(-105.636202855078,10.8357847709496,8.48371325222388));
#1956=CARTESIAN_POINT('Ctrl Pts',(-105.371862840304,9.25285253105103,8.53097157798532));
#1957=CARTESIAN_POINT('Ctrl Pts',(-104.3895453493,5.37925558158897,8.61198152087945));
#1958=CARTESIAN_POINT('Ctrl Pts',(-103.510250532066,3.1294147991805,8.62721219018353));
#1959=CARTESIAN_POINT('Ctrl Pts',(-101.784360617013,-0.0792110550479778,
8.63187256175165));
#1960=CARTESIAN_POINT('Ctrl Pts',(-101.118745656649,-1.14555558910959,8.63010920073611));
#1961=CARTESIAN_POINT('Ctrl Pts',(-99.6681504396819,-3.18878069622281,8.62519400590808));
#1962=CARTESIAN_POINT('Ctrl Pts',(-98.8832763011081,-4.16549769814129,8.62204415565979));
#1963=CARTESIAN_POINT('Ctrl Pts',(-97.2017778004908,-6.02511554188346,8.61914568673315));
#1964=CARTESIAN_POINT('Ctrl Pts',(-96.3051144610969,-6.9080951475392,8.61939197800409));
#1965=CARTESIAN_POINT('Ctrl Pts',(-94.4092948033064,-8.55951491305304,8.62981416994401));
#1966=CARTESIAN_POINT('Ctrl Pts',(-93.4101374249563,-9.32799009060611,8.63998407735129));
#1967=CARTESIAN_POINT('Ctrl Pts',(-92.0006244310626,-10.2703604285345,8.66507715068441));
#1968=CARTESIAN_POINT('Ctrl Pts',(-91.6329938510306,-10.5039341774864,8.67255570802138));
#1969=CARTESIAN_POINT('Ctrl Pts',(-90.8896558207625,-10.946187834063,8.68939966198998));
#1970=CARTESIAN_POINT('Ctrl Pts',(-90.5139919039623,-11.1547886371387,8.69876860675079));
#1971=CARTESIAN_POINT('Ctrl Pts',(-89.7458427122698,-11.5571146675254,8.71805040276378));
#1972=CARTESIAN_POINT('Ctrl Pts',(-89.3513459261656,-11.754238835702,8.72769408144623));
#1973=CARTESIAN_POINT('Ctrl Pts',(-88.5666752366015,-12.1906141393768,8.74568462744094));
#1974=CARTESIAN_POINT('Ctrl Pts',(-88.1784031216517,-12.4265388834455,8.75431258300204));
#1975=CARTESIAN_POINT('Ctrl Pts',(-87.0409386540572,-13.1690187605765,8.77937728391906));
#1976=CARTESIAN_POINT('Ctrl Pts',(-86.3193857985116,-13.7098104940057,8.79503107329584));
#1977=CARTESIAN_POINT('Ctrl Pts',(-85.0617713338542,-14.801664293931,8.81546254441162));
#1978=CARTESIAN_POINT('Ctrl Pts',(-84.514077282261,-15.3401673698302,8.82147870384466));
#1979=CARTESIAN_POINT('Ctrl Pts',(-84.0018867458001,-15.9091161306495,8.82196801234157));
#1980=CARTESIAN_POINT('Ctrl Pts',(-105.243073856343,13.8018290280145,8.41246931483213));
#1981=CARTESIAN_POINT('Ctrl Pts',(-105.218464779926,13.4646482433558,8.43006073537138));
#1982=CARTESIAN_POINT('Ctrl Pts',(-105.188301529208,13.1272636533059,8.44665765057514));
#1983=CARTESIAN_POINT('Ctrl Pts',(-104.985508929457,11.2200688697528,8.53530919416096));
#1984=CARTESIAN_POINT('Ctrl Pts',(-104.69551921176,9.65272907555379,8.58829370032307));
#1985=CARTESIAN_POINT('Ctrl Pts',(-103.665198828516,5.8173298435632,8.68274523832782));
#1986=CARTESIAN_POINT('Ctrl Pts',(-102.771618624113,3.58977229314235,8.70526399988964));
#1987=CARTESIAN_POINT('Ctrl Pts',(-101.038581346956,0.397637889425631,8.71923373471468));
#1988=CARTESIAN_POINT('Ctrl Pts',(-100.37317380491,-0.666185745356099,8.72035264136309));
#1989=CARTESIAN_POINT('Ctrl Pts',(-98.9277022117073,-2.71056722752566,8.72035764972756));
#1990=CARTESIAN_POINT('Ctrl Pts',(-98.1477313442521,-3.69097673363394,8.71924560033863));
#1991=CARTESIAN_POINT('Ctrl Pts',(-96.4809085577466,-5.56418890341033,8.71943821831416));
#1992=CARTESIAN_POINT('Ctrl Pts',(-95.5939937368484,-6.45710128430729,8.72073832456964));
#1993=CARTESIAN_POINT('Ctrl Pts',(-93.7234088789173,-8.13472525205977,8.73231776312929));
#1994=CARTESIAN_POINT('Ctrl Pts',(-92.7397409840186,-8.91945647498579,8.74259374343738));
#1995=CARTESIAN_POINT('Ctrl Pts',(-91.356156641955,-9.88785490468372,8.76712492725995));
#1996=CARTESIAN_POINT('Ctrl Pts',(-90.9956377601008,-10.1284865657657,8.77439391071843));
#1997=CARTESIAN_POINT('Ctrl Pts',(-90.2669396856604,-10.5864523621424,8.7905963612453));
#1998=CARTESIAN_POINT('Ctrl Pts',(-89.8987931888817,-10.8037271626257,8.7995321067965));
#1999=CARTESIAN_POINT('Ctrl Pts',(-89.1469001415051,-11.2239477818001,8.81788466481956));
#2000=CARTESIAN_POINT('Ctrl Pts',(-88.7613814101021,-11.4298796890311,8.82709241989123));
#2001=CARTESIAN_POINT('Ctrl Pts',(-87.9957109209875,-11.879804185653,8.84440589180671));
#2002=CARTESIAN_POINT('Ctrl Pts',(-87.6172344364898,-12.1208820824341,8.85272933222612));
#2003=CARTESIAN_POINT('Ctrl Pts',(-86.5082589418528,-12.876274329137,8.87671890216506));
#2004=CARTESIAN_POINT('Ctrl Pts',(-85.8044706878669,-13.4223290619372,8.89143203814676));
#2005=CARTESIAN_POINT('Ctrl Pts',(-84.5756070205595,-14.5186211752516,8.9099169791871));
#2006=CARTESIAN_POINT('Ctrl Pts',(-84.0394894538134,-15.0570814139886,8.91495239261335));
#2007=CARTESIAN_POINT('Ctrl Pts',(-83.5362644754195,-15.624884681571,8.91441865561483));
#2008=CARTESIAN_POINT('Ctrl Pts',(-103.749750731653,14.7167052826808,8.50968301380556));
#2009=CARTESIAN_POINT('Ctrl Pts',(-103.706565060038,14.3859782493749,8.52976063534516));
#2010=CARTESIAN_POINT('Ctrl Pts',(-103.658455734233,14.0553614692113,8.54887330360438));
#2011=CARTESIAN_POINT('Ctrl Pts',(-103.358138515388,12.1879107469756,8.65190289679363));
#2012=CARTESIAN_POINT('Ctrl Pts',(-103.003232191792,10.6591774332014,8.71727642988085));
#2013=CARTESIAN_POINT('Ctrl Pts',(-101.851585189815,6.91714203904897,8.84211626127846));
#2014=CARTESIAN_POINT('Ctrl Pts',(-100.922136878686,4.74293669092703,8.88235039308244));
#2015=CARTESIAN_POINT('Ctrl Pts',(-99.1718557623124,1.58904749786654,8.91975752787867));
#2016=CARTESIAN_POINT('Ctrl Pts',(-98.5073468448977,0.530605239638858,8.92830689390551));
#2017=CARTESIAN_POINT('Ctrl Pts',(-97.0757239287295,-1.51813868899514,8.9411576845548));
#2018=CARTESIAN_POINT('Ctrl Pts',(-96.3086749610644,-2.50832771274024,8.94546025972084));
#2019=CARTESIAN_POINT('Ctrl Pts',(-94.6800256847869,-4.41598739800209,8.95388364988152));
#2020=CARTESIAN_POINT('Ctrl Pts',(-93.8183049701802,-5.33364692965459,8.9580010255608));
#2021=CARTESIAN_POINT('Ctrl Pts',(-92.0124544623784,-7.07548714780828,8.97247243728479));
#2022=CARTESIAN_POINT('Ctrl Pts',(-91.0683307156982,-7.89966370604653,8.98282670524587));
#2023=CARTESIAN_POINT('Ctrl Pts',(-89.7503641102061,-8.9304326472569,9.00536447634057));
#2024=CARTESIAN_POINT('Ctrl Pts',(-89.4077901408116,-9.18793569313839,9.01192869242961));
#2025=CARTESIAN_POINT('Ctrl Pts',(-88.7160839937546,-9.68331221222443,9.02619500087043));
#2026=CARTESIAN_POINT('Ctrl Pts',(-88.3669660827426,-9.92116017563205,9.03389743459309));
#2027=CARTESIAN_POINT('Ctrl Pts',(-87.6560128440007,-10.383899408534,9.04959415017722));
#2028=CARTESIAN_POINT('Ctrl Pts',(-87.2929373129144,-10.6108610710071,9.05749333294342));
#2029=CARTESIAN_POINT('Ctrl Pts',(-86.574153987817,-11.0935670032208,9.07252235604547));
#2030=CARTESIAN_POINT('Ctrl Pts',(-86.2196187426267,-11.3473026290115,9.07975076161679));
#2031=CARTESIAN_POINT('Ctrl Pts',(-85.1800062474124,-12.1346563537045,9.10015028341281));
#2032=CARTESIAN_POINT('Ctrl Pts',(-84.5191220123401,-12.694097125872,9.11204868197566));
#2033=CARTESIAN_POINT('Ctrl Pts',(-83.3590367300506,-13.8029688648238,9.12516693000635));
#2034=CARTESIAN_POINT('Ctrl Pts',(-82.8503112641718,-14.3424229970763,9.12766459197677));
#2035=CARTESIAN_POINT('Ctrl Pts',(-82.3681399257811,-14.9086725821944,9.12468775310241));
#2036=CARTESIAN_POINT('Ctrl Pts',(-102.856875959391,15.2719311665026,8.56083206559188));
#2037=CARTESIAN_POINT('Ctrl Pts',(-102.802119572543,14.9450916995168,8.58182099461614));
#2038=CARTESIAN_POINT('Ctrl Pts',(-102.742877239672,14.6185402491283,8.60189262671236));
#2039=CARTESIAN_POINT('Ctrl Pts',(-102.382201730361,12.7748691183578,8.7106133910791));
#2040=CARTESIAN_POINT('Ctrl Pts',(-101.98765473135,11.2688785086982,8.78168868395403));
#2041=CARTESIAN_POINT('Ctrl Pts',(-100.761806106844,7.58087181831844,8.92188234646784));
#2042=CARTESIAN_POINT('Ctrl Pts',(-99.8102931923468,5.43663611731338,8.97231885552289));
#2043=CARTESIAN_POINT('Ctrl Pts',(-98.0496191791114,2.30333528658335,9.02399640810786));
#2044=CARTESIAN_POINT('Ctrl Pts',(-97.3857757357238,1.247440300072,9.0372313812972));
#2045=CARTESIAN_POINT('Ctrl Pts',(-95.9630048656634,-0.804909947795695,
9.05833588079798));
#2046=CARTESIAN_POINT('Ctrl Pts',(-95.2041284554808,-1.80127103374214,9.06620615767168));
#2047=CARTESIAN_POINT('Ctrl Pts',(-93.5994416190836,-3.72964252328322,9.08008145436021));
#2048=CARTESIAN_POINT('Ctrl Pts',(-92.7534787326614,-4.66188802177228,9.08608404503393));
#2049=CARTESIAN_POINT('Ctrl Pts',(-90.9878767096858,-6.44080325842679,9.10233611571277));
#2050=CARTESIAN_POINT('Ctrl Pts',(-90.0682423416067,-7.28746419233954,9.11258619353109));
#2051=CARTESIAN_POINT('Ctrl Pts',(-88.7905029655521,-8.35322826649411,9.13339540520706));
#2052=CARTESIAN_POINT('Ctrl Pts',(-88.4588915849821,-8.62017121805645,9.13937131206154));
#2053=CARTESIAN_POINT('Ctrl Pts',(-87.7898380324391,-9.13635630769082,9.15216865577737));
#2054=CARTESIAN_POINT('Ctrl Pts',(-87.4524050600611,-9.38558207516227,9.1589902886644));
#2055=CARTESIAN_POINT('Ctrl Pts',(-86.7664041863179,-9.87193133232798,9.17277962287426));
#2056=CARTESIAN_POINT('Ctrl Pts',(-86.4168376609039,-10.1107116255117,9.17968507541588));
#2057=CARTESIAN_POINT('Ctrl Pts',(-85.7257259101083,-10.6123597015078,9.19277683165157));
#2058=CARTESIAN_POINT('Ctrl Pts',(-85.3851248533985,-10.8736254995724,9.19902781822236));
#2059=CARTESIAN_POINT('Ctrl Pts',(-84.3856685885952,-11.680275859128,9.2163987374081));
#2060=CARTESIAN_POINT('Ctrl Pts',(-83.7493449513498,-12.2482162876643,9.2261457357691));
#2061=CARTESIAN_POINT('Ctrl Pts',(-82.6280719691549,-13.3663666454143,9.23551588484314));
#2062=CARTESIAN_POINT('Ctrl Pts',(-82.1345451325377,-13.9075546531423,9.23638001831902));
#2063=CARTESIAN_POINT('Ctrl Pts',(-81.6639047965098,-14.4741421459198,9.23201678946298));
#2064=CARTESIAN_POINT('Ctrl Pts',(-101.075919899718,16.3904009045772,8.64925107778285));
#2065=CARTESIAN_POINT('Ctrl Pts',(-100.997826566425,16.0717996395331,8.67120532452411));
#2066=CARTESIAN_POINT('Ctrl Pts',(-100.916138120377,15.7537623718578,8.69237609614443));
#2067=CARTESIAN_POINT('Ctrl Pts',(-100.43376117161,13.9593995696184,8.80806044182897));
#2068=CARTESIAN_POINT('Ctrl Pts',(-99.9592025610376,12.4987009585451,8.88772238439154));
#2069=CARTESIAN_POINT('Ctrl Pts',(-98.5826362075182,8.91611874222254,9.05325881009344));
#2070=CARTESIAN_POINT('Ctrl Pts',(-97.5851657822775,6.82827337382938,9.1223843952504));
#2071=CARTESIAN_POINT('Ctrl Pts',(-95.802252027919,3.73249666225871,9.20118908418328));
#2072=CARTESIAN_POINT('Ctrl Pts',(-95.1394761467902,2.68074014037466,9.22352675292036));
#2073=CARTESIAN_POINT('Ctrl Pts',(-93.7344642400642,0.61998587392226,9.26085400133287));
#2074=CARTESIAN_POINT('Ctrl Pts',(-92.9922561614458,-0.388949414071964,
9.27584372130678));
#2075=CARTESIAN_POINT('Ctrl Pts',(-91.4366710027862,-2.3582498933968,9.30065003298471));
#2076=CARTESIAN_POINT('Ctrl Pts',(-90.623085148689,-3.31893326052109,9.31046708528676));
#2077=CARTESIAN_POINT('Ctrl Pts',(-88.9400459101508,-5.16922681622959,9.33017156692425));
#2078=CARTESIAN_POINT('Ctrl Pts',(-88.0705937403692,-6.05882426765317,9.34005994296658));
#2079=CARTESIAN_POINT('Ctrl Pts',(-86.874712153381,-7.19092662553492,9.35692621083901));
#2080=CARTESIAN_POINT('Ctrl Pts',(-86.5653598899067,-7.47574074277788,9.36157779854579));
#2081=CARTESIAN_POINT('Ctrl Pts',(-85.9424000506297,-8.03115304605583,9.37116402232249));
#2082=CARTESIAN_POINT('Ctrl Pts',(-85.6287956909081,-8.30174589682955,9.37609862066586));
#2083=CARTESIAN_POINT('Ctrl Pts',(-84.993426181171,-8.83261439844254,9.38580278662455));
#2084=CARTESIAN_POINT('Ctrl Pts',(-84.671053300114,-9.0938839645727,9.39055218834425));
#2085=CARTESIAN_POINT('Ctrl Pts',(-84.0348052277001,-9.63246267643204,9.39934572054002));
#2086=CARTESIAN_POINT('Ctrl Pts',(-83.7215036901087,-9.90881944145594,9.40341110071009));
#2087=CARTESIAN_POINT('Ctrl Pts',(-82.8003328341402,-10.7547670540498,9.4141288513882));
#2088=CARTESIAN_POINT('Ctrl Pts',(-82.2113706909812,-11.3409632701774,9.41930699918018));
#2089=CARTESIAN_POINT('Ctrl Pts',(-81.1640931529687,-12.4812759184273,9.4210331185978));
#2090=CARTESIAN_POINT('Ctrl Pts',(-80.6991479535252,-13.0280915646953,9.41870057513494));
#2091=CARTESIAN_POINT('Ctrl Pts',(-80.2500319189825,-13.5975793993743,9.41181551235795));
#2092=CARTESIAN_POINT('Ctrl Pts',(-100.187837762386,16.9536468448679,8.68652429823519));
#2093=CARTESIAN_POINT('Ctrl Pts',(-100.097976499122,16.6393963473729,8.70853182283192));
#2094=CARTESIAN_POINT('Ctrl Pts',(-100.004973260813,16.325808061803,8.72984226183451));
#2095=CARTESIAN_POINT('Ctrl Pts',(-99.4612439717266,14.5569751536143,8.84679697071214));
#2096=CARTESIAN_POINT('Ctrl Pts',(-98.9463118732605,13.1188269987526,8.92934417910789));
#2097=CARTESIAN_POINT('Ctrl Pts',(-97.4932348413681,9.58764019712615,9.10486916810913));
#2098=CARTESIAN_POINT('Ctrl Pts',(-96.4718794451328,7.52621239092537,9.18248158363304));
#2099=CARTESIAN_POINT('Ctrl Pts',(-94.6771282549183,4.44736450534204,9.27414201919261));
#2100=CARTESIAN_POINT('Ctrl Pts',(-94.0147572435699,3.39719659705829,9.30089640397816));
#2101=CARTESIAN_POINT('Ctrl Pts',(-92.6186563703088,1.33163975329804,9.3461919248461));
#2102=CARTESIAN_POINT('Ctrl Pts',(-91.8849453929029,0.316300039285465,9.36473301622913));
#2103=CARTESIAN_POINT('Ctrl Pts',(-90.3545010290566,-1.67322155665235,9.39501774490539));
#2104=CARTESIAN_POINT('Ctrl Pts',(-89.5575345827819,-2.6477585747304,9.40676367517534));
#2105=CARTESIAN_POINT('Ctrl Pts',(-87.9168075563612,-4.53235526925358,9.42813984644001));
#2106=CARTESIAN_POINT('Ctrl Pts',(-87.0730458995374,-5.44240326490657,9.43777079900648));
#2107=CARTESIAN_POINT('Ctrl Pts',(-85.9187873283005,-6.60583540093521,9.45242561986487));
#2108=CARTESIAN_POINT('Ctrl Pts',(-85.6207290905677,-6.89907633322318,9.45634213810694));
#2109=CARTESIAN_POINT('Ctrl Pts',(-85.0212018367826,-7.47289147935108,9.464189321479));
#2110=CARTESIAN_POINT('Ctrl Pts',(-84.7197348668932,-7.75346237610415,9.46811998939265));
#2111=CARTESIAN_POINT('Ctrl Pts',(-84.1100333767429,-8.30521977106087,9.47565163089484));
#2112=CARTESIAN_POINT('Ctrl Pts',(-83.8013394977688,-8.57715315572191,9.4792403822074));
#2113=CARTESIAN_POINT('Ctrl Pts',(-83.1922775931632,-9.13372162536858,9.48567239274284));
#2114=CARTESIAN_POINT('Ctrl Pts',(-82.8923432067027,-9.41764355500753,9.48852882558628));
#2115=CARTESIAN_POINT('Ctrl Pts',(-82.0093071118507,-10.2835997276884,9.49561983301945));
#2116=CARTESIAN_POINT('Ctrl Pts',(-81.4431464127185,-10.8795547468233,9.49837944412603));
#2117=CARTESIAN_POINT('Ctrl Pts',(-80.4310535139266,-12.0327577319842,9.49620746259353));
#2118=CARTESIAN_POINT('Ctrl Pts',(-79.9794929496765,-12.5834703863186,9.49231067652309));
#2119=CARTESIAN_POINT('Ctrl Pts',(-79.5403702899253,-13.1555220412354,9.48428970080468));
#2120=CARTESIAN_POINT('Ctrl Pts',(-98.4139868809077,18.0841776554025,8.74772042862582));
#2121=CARTESIAN_POINT('Ctrl Pts',(-98.300616424467,17.7794588773685,8.76933451548803));
#2122=CARTESIAN_POINT('Ctrl Pts',(-98.1850094821314,17.4754913429456,8.79042963869925));
#2123=CARTESIAN_POINT('Ctrl Pts',(-97.5186826395798,15.7612466027204,8.90715511906345));
#2124=CARTESIAN_POINT('Ctrl Pts',(-96.9229116209878,14.3689392456116,8.99330127317223));
#2125=CARTESIAN_POINT('Ctrl Pts',(-95.3158447157208,10.9395425754215,9.18373414014428));
#2126=CARTESIAN_POINT('Ctrl Pts',(-94.2454549733719,8.92775059091975,9.27560098330689));
#2127=CARTESIAN_POINT('Ctrl Pts',(-92.4261214460792,5.87915319663718,9.38948499290912));
#2128=CARTESIAN_POINT('Ctrl Pts',(-91.7644280593305,4.83113461162365,9.42399117930114));
#2129=CARTESIAN_POINT('Ctrl Pts',(-90.3863586661019,2.75448969942854,9.48338248590923));
#2130=CARTESIAN_POINT('Ctrl Pts',(-89.6699877459708,1.72589069764865,9.50826744689735));
#2131=CARTESIAN_POINT('Ctrl Pts',(-88.1909172400006,-0.304180629391961,
9.54837563521398));
#2132=CARTESIAN_POINT('Ctrl Pts',(-87.427945227163,-1.3060694787907,9.56360502278782));
#2133=CARTESIAN_POINT('Ctrl Pts',(-85.8734500200877,-3.25756957949487,9.58794857109154));
#2134=CARTESIAN_POINT('Ctrl Pts',(-85.0819222513628,-4.20717288937545,9.59706331158466));
#2135=CARTESIAN_POINT('Ctrl Pts',(-84.0116316315001,-5.43075395858634,9.60755473524415));
#2136=CARTESIAN_POINT('Ctrl Pts',(-83.7363105227295,-5.74013753182284,9.61009227239792));
#2137=CARTESIAN_POINT('Ctrl Pts',(-83.1840354237175,-6.34898665652408,9.61470074052473));
#2138=CARTESIAN_POINT('Ctrl Pts',(-82.9070823597404,-6.64845095308845,9.61677167471351));
#2139=CARTESIAN_POINT('Ctrl Pts',(-82.3491019195069,-7.23980811608647,9.62028608107222));
#2140=CARTESIAN_POINT('Ctrl Pts',(-82.0678487734181,-7.53206308102901,9.62172722032109));
#2141=CARTESIAN_POINT('Ctrl Pts',(-81.5126523362169,-8.12361346803625,9.62378424405118));
#2142=CARTESIAN_POINT('Ctrl Pts',(-81.238921530543,-8.42256744767345,9.62440301289846));
#2143=CARTESIAN_POINT('Ctrl Pts',(-80.4302273908644,-9.32878026323933,9.62482038149581));
#2144=CARTESIAN_POINT('Ctrl Pts',(-79.9079416720357,-9.94511554123071,9.62318240796871));
#2145=CARTESIAN_POINT('Ctrl Pts',(-78.9628863781993,-11.1266133345007,9.61404871957155));
#2146=CARTESIAN_POINT('Ctrl Pts',(-78.5365141512293,-11.6866350069596,9.60741562259038));
#2147=CARTESIAN_POINT('Ctrl Pts',(-78.1161525052279,-12.2653455702374,9.59750228276026));
#2148=CARTESIAN_POINT('Ctrl Pts',(-97.5282397424339,18.6514588073396,8.7716427384767));
#2149=CARTESIAN_POINT('Ctrl Pts',(-97.4031248975892,18.3519206062501,8.79281024132551));
#2150=CARTESIAN_POINT('Ctrl Pts',(-97.2762264912454,18.0531246077269,8.81355048208728));
#2151=CARTESIAN_POINT('Ctrl Pts',(-96.5486427653172,16.3679375075063,8.92877678426684));
#2152=CARTESIAN_POINT('Ctrl Pts',(-95.9124064111778,14.9989214927084,9.01563638730311));
#2153=CARTESIAN_POINT('Ctrl Pts',(-94.2278618961818,11.6199204450636,9.21098791306196));
#2154=CARTESIAN_POINT('Ctrl Pts',(-93.1323253200495,9.63134683602471,9.30862193686004));
#2155=CARTESIAN_POINT('Ctrl Pts',(-91.3002434062493,6.59607237095782,9.431873438195));
#2156=CARTESIAN_POINT('Ctrl Pts',(-90.6388205105947,5.5486156324086,9.4697146774494));
#2157=CARTESIAN_POINT('Ctrl Pts',(-89.269865592491,3.4656887510299,9.53523373706651));
#2158=CARTESIAN_POINT('Ctrl Pts',(-88.5623339455167,2.43023735013311,9.56291141594701));
#2159=CARTESIAN_POINT('Ctrl Pts',(-87.1094886292571,0.379843454012016,9.60736546106748));
#2160=CARTESIAN_POINT('Ctrl Pts',(-86.3638874719553,-0.635539881862663,
9.62414986673979));
#2161=CARTESIAN_POINT('Ctrl Pts',(-84.853304034755,-2.6196312881721,9.6497906464861));
#2162=CARTESIAN_POINT('Ctrl Pts',(-84.0883158922949,-3.58833412355209,9.65864740959668));
#2163=CARTESIAN_POINT('Ctrl Pts',(-83.0603674325962,-4.84072627278652,9.66718950473911));
#2164=CARTESIAN_POINT('Ctrl Pts',(-82.7964889797659,-5.15782345935218,9.66908386977579));
#2165=CARTESIAN_POINT('Ctrl Pts',(-82.2680316975372,-5.78329638995559,9.67219467144202));
#2166=CARTESIAN_POINT('Ctrl Pts',(-82.0034533881106,-6.09167150623077,9.6734111222643));
#2167=CARTESIAN_POINT('Ctrl Pts',(-81.4715240466665,-6.70173409535539,9.67508384078011));
#2168=CARTESIAN_POINT('Ctrl Pts',(-81.2040312387468,-7.00364780025668,9.67553873571688));
#2169=CARTESIAN_POINT('Ctrl Pts',(-80.6755135832147,-7.61220222875835,9.67558102463337));
#2170=CARTESIAN_POINT('Ctrl Pts',(-80.4146224449083,-7.9186302651362,9.67517021356993));
#2171=CARTESIAN_POINT('Ctrl Pts',(-79.6421473372481,-8.84510877695815,9.67253784165384));
#2172=CARTESIAN_POINT('Ctrl Pts',(-79.1409432940957,-9.47207584235498,9.66891877035195));
#2173=CARTESIAN_POINT('Ctrl Pts',(-78.227755829974,-10.668992274753,9.65671759859686));
#2174=CARTESIAN_POINT('Ctrl Pts',(-77.8131945306738,-11.2344296217177,9.64891096516203));
#2175=CARTESIAN_POINT('Ctrl Pts',(-77.4016059927774,-11.8172365342608,9.63824019145997));
#2176=CARTESIAN_POINT('Ctrl Pts',(-95.756716591321,19.7863948585837,8.80644784867499));
#2177=CARTESIAN_POINT('Ctrl Pts',(-95.6083384400134,19.4984268532682,8.82660915615201));
#2178=CARTESIAN_POINT('Ctrl Pts',(-95.4590723235945,19.2110445776957,8.8464938580973));
#2179=CARTESIAN_POINT('Ctrl Pts',(-94.6101023661756,17.5893165803489,8.95771739031007));
#2180=CARTESIAN_POINT('Ctrl Pts',(-93.8934894540017,16.2685337144419,9.04448829508864));
#2181=CARTESIAN_POINT('Ctrl Pts',(-92.0543026424292,12.9908547784089,9.24489874483439));
#2182=CARTESIAN_POINT('Ctrl Pts',(-90.9076824377222,11.0457798025511,9.35031055923255));
#2183=CARTESIAN_POINT('Ctrl Pts',(-89.0496343441235,8.03354374761022,9.48675885403701));
#2184=CARTESIAN_POINT('Ctrl Pts',(-88.3887240984514,6.98611811494531,9.52939572166805));
#2185=CARTESIAN_POINT('Ctrl Pts',(-87.0383406373537,4.88892499434744,9.60383484464117));
#2186=CARTESIAN_POINT('Ctrl Pts',(-86.3488627648224,3.83916378889555,9.63563705972722));
#2187=CARTESIAN_POINT('Ctrl Pts',(-84.9495082745245,1.74759529334914,9.68658269541508));
#2188=CARTESIAN_POINT('Ctrl Pts',(-84.2393249920289,0.705314254728125,9.70573703673553));
#2189=CARTESIAN_POINT('Ctrl Pts',(-82.817760065516,-1.34305657480273,9.73343709759709));
#2190=CARTESIAN_POINT('Ctrl Pts',(-82.1063723065764,-2.34914569582191,9.74198310762702));
#2191=CARTESIAN_POINT('Ctrl Pts',(-81.1631101241462,-3.65761919159485,9.74769326170266));
#2192=CARTESIAN_POINT('Ctrl Pts',(-80.9220652321161,-3.98969080614073,9.74864585653773));
#2193=CARTESIAN_POINT('Ctrl Pts',(-80.4412284565316,-4.6471297385443,9.74955777816357));
#2194=CARTESIAN_POINT('Ctrl Pts',(-80.201436844648,-4.97249682996823,9.74951711449859));
#2195=CARTESIAN_POINT('Ctrl Pts',(-79.7216223133083,-5.61821559098646,9.74847776247465));
#2196=CARTESIAN_POINT('Ctrl Pts',(-79.4815708111174,-5.93861186628235,9.7474790870867));
#2197=CARTESIAN_POINT('Ctrl Pts',(-79.0056540431119,-6.58035158820399,9.74455250031304));
#2198=CARTESIAN_POINT('Ctrl Pts',(-78.76981573903,-6.90165441030289,9.74262467843673));
#2199=CARTESIAN_POINT('Ctrl Pts',(-78.0676352948708,-7.86883227692356,9.73550542818035));
#2200=CARTESIAN_POINT('Ctrl Pts',(-77.606811315277,-8.51769327537335,9.72898066125722));
#2201=CARTESIAN_POINT('Ctrl Pts',(-76.754339313582,-9.74702387433746,9.71232394161333));
#2202=CARTESIAN_POINT('Ctrl Pts',(-76.3621289972378,-10.3241734403754,9.70283313872464));
#2203=CARTESIAN_POINT('Ctrl Pts',(-75.9672755695164,-10.9160213018636,9.69111985544728));
#2204=CARTESIAN_POINT('Ctrl Pts',(-94.8709522155563,20.3540481211388,8.81732845544475));
#2205=CARTESIAN_POINT('Ctrl Pts',(-94.711051598046,20.0724699974382,8.83693083066873));
#2206=CARTESIAN_POINT('Ctrl Pts',(-94.5507063176677,19.7913301895133,8.85631540536896));
#2207=CARTESIAN_POINT('Ctrl Pts',(-93.6415935644095,18.2040053356004,8.96503764856177));
#2208=CARTESIAN_POINT('Ctrl Pts',(-92.8850679373811,16.9081665062905,9.05100606491574));
#2209=CARTESIAN_POINT('Ctrl Pts',(-90.9687154570409,13.6814178785208,9.2515558586343));
#2210=CARTESIAN_POINT('Ctrl Pts',(-89.7961627486681,11.7566242240937,9.35897707397238));
#2211=CARTESIAN_POINT('Ctrl Pts',(-87.9249028946784,8.75410074157397,9.49925404301559));
#2212=CARTESIAN_POINT('Ctrl Pts',(-87.2642371540664,7.70614313493667,9.54335134214929));
#2213=CARTESIAN_POINT('Ctrl Pts',(-85.9233158479502,5.6009625639465,9.62058277199933));
#2214=CARTESIAN_POINT('Ctrl Pts',(-85.2430553909911,4.54374208250273,9.65371687274178));
#2215=CARTESIAN_POINT('Ctrl Pts',(-83.8709716470752,2.4313176917751,9.70680869461785));
#2216=CARTESIAN_POINT('Ctrl Pts',(-83.1788377113899,1.37563157293751,9.72677820033747));
#2217=CARTESIAN_POINT('Ctrl Pts',(-81.8023815755514,-0.704430119542481,
9.75524123483934));
#2218=CARTESIAN_POINT('Ctrl Pts',(-81.118054274462,-1.72880692030178,9.76373497956718));
#2219=CARTESIAN_POINT('Ctrl Pts',(-80.2171313412077,-3.0645501360787,9.76856387710419));
#2220=CARTESIAN_POINT('Ctrl Pts',(-79.987475826873,-3.40388209495962,9.76921823215062));
#2221=CARTESIAN_POINT('Ctrl Pts',(-79.5304375313354,-4.07666021263526,9.76942983534907));
#2222=CARTESIAN_POINT('Ctrl Pts',(-79.3030549569516,-4.41010621098085,9.76898709173476));
#2223=CARTESIAN_POINT('Ctrl Pts',(-78.849298166803,-5.07277179420243,9.76707869561771));
#2224=CARTESIAN_POINT('Ctrl Pts',(-78.6229240002524,-5.40199119089999,9.76561301889424));
#2225=CARTESIAN_POINT('Ctrl Pts',(-78.1729217619196,-6.05991456272809,9.76173169327628));
#2226=CARTESIAN_POINT('Ctrl Pts',(-77.9492939290759,-6.38861907239084,9.75931606689038));
#2227=CARTESIAN_POINT('Ctrl Pts',(-77.2811811806315,-7.37622994342518,9.75075845477678));
#2228=CARTESIAN_POINT('Ctrl Pts',(-76.8396494427914,-8.03634947379481,9.74330826693039));
#2229=CARTESIAN_POINT('Ctrl Pts',(-76.0160168348396,-9.28266618988521,9.72526205185001));
#2230=CARTESIAN_POINT('Ctrl Pts',(-75.6343439294628,-9.86610632236333,9.71526030867206));
#2231=CARTESIAN_POINT('Ctrl Pts',(-75.247452704631,-10.4628939680079,9.7032616988708));
#2232=CARTESIAN_POINT('Ctrl Pts',(-93.0982304037489,21.4851817870066,8.82623171297267));
#2233=CARTESIAN_POINT('Ctrl Pts',(-92.9160677345024,21.2177418840874,8.84501222217578));
#2234=CARTESIAN_POINT('Ctrl Pts',(-92.7342794492217,20.9503082126245,8.86361995125395));
#2235=CARTESIAN_POINT('Ctrl Pts',(-91.7085609516457,19.4379844215185,8.96820297458009));
#2236=CARTESIAN_POINT('Ctrl Pts',(-90.8737941407873,18.1943746660119,9.05174260738614));
#2237=CARTESIAN_POINT('Ctrl Pts',(-88.8046036854837,15.071649145092,9.24811393782018));
#2238=CARTESIAN_POINT('Ctrl Pts',(-87.5788549413146,13.1853790069879,9.35472720662215));
#2239=CARTESIAN_POINT('Ctrl Pts',(-85.6793153968216,10.1998088050875,9.49504764019606));
#2240=CARTESIAN_POINT('Ctrl Pts',(-85.018536425996,9.15005223114466,9.53939301947921));
#2241=CARTESIAN_POINT('Ctrl Pts',(-83.6957130081537,7.02779477639317,9.61737414357945));
#2242=CARTESIAN_POINT('Ctrl Pts',(-83.0336676305833,5.95529331072894,9.65100977846368));
#2243=CARTESIAN_POINT('Ctrl Pts',(-81.7161007091399,3.80085578415559,9.70513501234154));
#2244=CARTESIAN_POINT('Ctrl Pts',(-81.0602735174195,2.71843946932868,9.72563640592235));
#2245=CARTESIAN_POINT('Ctrl Pts',(-79.7745133975211,0.575304027946787,9.75494529566978));
#2246=CARTESIAN_POINT('Ctrl Pts',(-79.1445801207336,-0.485418207991082,
9.76375299456904));
#2247=CARTESIAN_POINT('Ctrl Pts',(-78.3283229830765,-1.87556712364102,9.76869297920794));
#2248=CARTESIAN_POINT('Ctrl Pts',(-78.1214280939021,-2.22936979249409,9.7693482686692));
#2249=CARTESIAN_POINT('Ctrl Pts',(-77.7121471390034,-2.93234935903685,9.76952025647758));
#2250=CARTESIAN_POINT('Ctrl Pts',(-77.5097613353216,-3.2815259202961,9.76903696453622));
#2251=CARTESIAN_POINT('Ctrl Pts',(-77.108496807049,-3.97714592239293,9.76701924083754));
#2252=CARTESIAN_POINT('Ctrl Pts',(-76.9096183933553,-4.32358936719305,9.76548478917062));
#2253=CARTESIAN_POINT('Ctrl Pts',(-76.5112187646468,-5.01380236806567,9.76145104306235));
#2254=CARTESIAN_POINT('Ctrl Pts',(-76.3116970701774,-5.35757168386513,9.75895176929601));
#2255=CARTESIAN_POINT('Ctrl Pts',(-75.7106298455238,-6.38705342142389,9.75014081458207));
#2256=CARTESIAN_POINT('Ctrl Pts',(-75.3067603608901,-7.07065457719182,9.74251858974024));
#2257=CARTESIAN_POINT('Ctrl Pts',(-74.5394539323376,-8.35238565373261,9.72424578672617));
#2258=CARTESIAN_POINT('Ctrl Pts',(-74.1783824397765,-8.94892396968014,9.71417632426284));
#2259=CARTESIAN_POINT('Ctrl Pts',(-73.8072032705867,-9.55584697252893,9.70218191393981));
#2260=CARTESIAN_POINT('Ctrl Pts',(-92.2115011136591,22.0485254645626,8.82425610924895));
#2261=CARTESIAN_POINT('Ctrl Pts',(-92.0186923096262,21.7887737138516,8.8427736793231));
#2262=CARTESIAN_POINT('Ctrl Pts',(-91.8266202640284,21.5287520673254,8.86110484568334));
#2263=CARTESIAN_POINT('Ctrl Pts',(-90.7448250031255,20.0567769477496,8.96405135006916));
#2264=CARTESIAN_POINT('Ctrl Pts',(-89.8718099732116,18.8403997365414,9.04596700567046));
#2265=CARTESIAN_POINT('Ctrl Pts',(-87.7268868722167,15.770803205462,9.23802470718912));
#2266=CARTESIAN_POINT('Ctrl Pts',(-86.4735991765871,13.9029499341931,9.34182222794261));
#2267=CARTESIAN_POINT('Ctrl Pts',(-84.5585215295344,10.9249164864892,9.47836005640564));
#2268=CARTESIAN_POINT('Ctrl Pts',(-83.8972097094768,9.87400320196587,9.52149393973099));
#2269=CARTESIAN_POINT('Ctrl Pts',(-82.5826898244929,7.74286578089819,9.59743405118319));
#2270=CARTESIAN_POINT('Ctrl Pts',(-81.9294841480492,6.66264241545638,9.63024008248237));
#2271=CARTESIAN_POINT('Ctrl Pts',(-80.6389088274701,4.48720880262,9.68325385183008));
#2272=CARTESIAN_POINT('Ctrl Pts',(-80.0012419649875,3.39152898181975,9.70347254893806));
#2273=CARTESIAN_POINT('Ctrl Pts',(-78.7609959386142,1.21705748157227,9.73286496713412));
#2274=CARTESIAN_POINT('Ctrl Pts',(-78.1584191134466,0.138263197399321,9.74203894345303));
#2275=CARTESIAN_POINT('Ctrl Pts',(-77.3846640608513,-1.27913266794847,9.74797051516969));
#2276=CARTESIAN_POINT('Ctrl Pts',(-77.1891988516388,-1.64018266188936,9.74892470996469));
#2277=CARTESIAN_POINT('Ctrl Pts',(-76.8040142942604,-2.35811163954773,9.74975675966539));
#2278=CARTESIAN_POINT('Ctrl Pts',(-76.6142953426894,-2.71499006435918,9.74963462487074));
#2279=CARTESIAN_POINT('Ctrl Pts',(-76.2396404142515,-3.42672865211276,9.74837582645818));
#2280=CARTESIAN_POINT('Ctrl Pts',(-76.0546767740091,-3.78163400549283,9.74723918312965));
#2281=CARTESIAN_POINT('Ctrl Pts',(-75.6821707266993,-4.48808236120479,9.74400696021377));
#2282=CARTESIAN_POINT('Ctrl Pts',(-75.4946534750144,-4.83958305079279,9.74191145871863));
#2283=CARTESIAN_POINT('Ctrl Pts',(-74.9268918187831,-5.8907081331736,9.73428446999481));
#2284=CARTESIAN_POINT('Ctrl Pts',(-74.5416137716277,-6.58667087235998,9.72741507920524));
#2285=CARTESIAN_POINT('Ctrl Pts',(-73.8021210951982,-7.88703480809555,9.71030448441732));
#2286=CARTESIAN_POINT('Ctrl Pts',(-73.4512298250562,-8.49045367055604,9.70067800711454));
#2287=CARTESIAN_POINT('Ctrl Pts',(-73.0878479030389,-9.10260217617168,9.68897290939793));
#2288=CARTESIAN_POINT('Ctrl Pts',(-90.4393003974289,23.1725586303969,8.80558989172502));
#2289=CARTESIAN_POINT('Ctrl Pts',(-90.2262731509403,22.9289427216394,8.82360250112349));
#2290=CARTESIAN_POINT('Ctrl Pts',(-90.0145888458349,22.6844344352681,8.84136288642729));
#2291=CARTESIAN_POINT('Ctrl Pts',(-88.8254287276688,21.2966681845719,8.94072175784727));
#2292=CARTESIAN_POINT('Ctrl Pts',(-87.8774959086062,20.1361159261536,9.01830727509929));
#2293=CARTESIAN_POINT('Ctrl Pts',(-85.5814883083202,17.1739039969132,9.19779367189843));
#2294=CARTESIAN_POINT('Ctrl Pts',(-84.2701283052994,15.3415040610136,9.29248022784521));
#2295=CARTESIAN_POINT('Ctrl Pts',(-82.3194800734196,12.3775298547982,9.41613950717473));
#2296=CARTESIAN_POINT('Ctrl Pts',(-81.6555649910475,11.3241573908063,9.45501615993692));
#2297=CARTESIAN_POINT('Ctrl Pts',(-80.3551350907239,9.17538775090967,9.52356283763765));
#2298=CARTESIAN_POINT('Ctrl Pts',(-79.7186303981741,8.07999748295898,9.55323247499983));
#2299=CARTESIAN_POINT('Ctrl Pts',(-78.4809340345964,5.86347145725722,9.60175824095088));
#2300=CARTESIAN_POINT('Ctrl Pts',(-77.879470211412,4.74190169348513,9.62062267073773));
#2301=CARTESIAN_POINT('Ctrl Pts',(-76.7309445532874,2.5060624304265,9.64953606030758));
#2302=CARTESIAN_POINT('Ctrl Pts',(-76.1838884753707,1.39179091088696,9.65958541850047));
#2303=CARTESIAN_POINT('Ctrl Pts',(-75.4968387454798,-0.07961538731056,9.66848042120027));
#2304=CARTESIAN_POINT('Ctrl Pts',(-75.3247357369811,-0.455056062940518,
9.67035430825409));
#2305=CARTESIAN_POINT('Ctrl Pts',(-74.9890386491089,-1.2024283225936,9.67325714911176));
#2306=CARTESIAN_POINT('Ctrl Pts',(-74.8254453646208,-1.57435882602892,9.67428612655318));
#2307=CARTESIAN_POINT('Ctrl Pts',(-74.5056967502972,-2.31763138285799,9.67547105576355));
#2308=CARTESIAN_POINT('Ctrl Pts',(-74.3494004598652,-2.68919710158277,9.67562552569457));
#2309=CARTESIAN_POINT('Ctrl Pts',(-74.0298356686586,-3.42848558707416,9.67500746880656));
#2310=CARTESIAN_POINT('Ctrl Pts',(-73.866700935106,-3.79599566874598,9.67423691581986));
#2311=CARTESIAN_POINT('Ctrl Pts',(-73.3664310473236,-4.8924451322519,9.67051836705424));
#2312=CARTESIAN_POINT('Ctrl Pts',(-73.0186004526973,-5.61502618204655,9.66616628481598));
#2313=CARTESIAN_POINT('Ctrl Pts',(-72.3347490694481,-6.95609517547898,9.6529855333071));
#2314=CARTESIAN_POINT('Ctrl Pts',(-72.0040399045014,-7.57482126831871,9.64487811711138));
#2315=CARTESIAN_POINT('Ctrl Pts',(-71.6558885772537,-8.19853654721881,9.63419641575263));
#2316=CARTESIAN_POINT('Ctrl Pts',(-89.5538192904439,23.7332542307734,8.78890054803509));
#2317=CARTESIAN_POINT('Ctrl Pts',(-89.3312201782848,23.4980863879608,8.80667073782148));
#2318=CARTESIAN_POINT('Ctrl Pts',(-89.1102077588115,23.2616796728998,8.82413660658726));
#2319=CARTESIAN_POINT('Ctrl Pts',(-87.8697614004158,21.9177743719888,8.9215431110599));
#2320=CARTESIAN_POINT('Ctrl Pts',(-86.8851589332315,20.7858131781247,8.99642286895819));
#2321=CARTESIAN_POINT('Ctrl Pts',(-84.5137988370894,17.877853911304,9.16765268458162));
#2322=CARTESIAN_POINT('Ctrl Pts',(-83.1719049746041,16.062488054524,9.25604491027569));
#2323=CARTESIAN_POINT('Ctrl Pts',(-81.2012268790665,13.1050334688747,9.37060858337375));
#2324=CARTESIAN_POINT('Ctrl Pts',(-80.5352426181658,12.0503573947229,9.40643953139096));
#2325=CARTESIAN_POINT('Ctrl Pts',(-79.2406022890248,9.89283327337913,9.4696335743421));
#2326=CARTESIAN_POINT('Ctrl Pts',(-78.6119607206003,8.78999684629201,9.49699624996902));
#2327=CARTESIAN_POINT('Ctrl Pts',(-77.4001554601869,6.55337279921518,9.54214485326259));
#2328=CARTESIAN_POINT('Ctrl Pts',(-76.816736159955,5.41917587960225,9.55993740596431));
#2329=CARTESIAN_POINT('Ctrl Pts',(-75.7144188437794,3.15330506517506,9.58828721713281));
#2330=CARTESIAN_POINT('Ctrl Pts',(-75.1955273617228,2.02162920568639,9.59884514091349));
#2331=CARTESIAN_POINT('Ctrl Pts',(-74.5526777446446,0.52346368651994,9.60971055949963));
#2332=CARTESIAN_POINT('Ctrl Pts',(-74.3925060326244,0.140880832250279,9.61220485575417));
#2333=CARTESIAN_POINT('Ctrl Pts',(-74.0821951070133,-0.620982794671629,
9.61651748235966));
#2334=CARTESIAN_POINT('Ctrl Pts',(-73.9320571246416,-1.00026184619548,9.61833582683736));
#2335=CARTESIAN_POINT('Ctrl Pts',(-73.6405989275818,-1.75894607475741,9.621204153935));
#2336=CARTESIAN_POINT('Ctrl Pts',(-73.4990531136794,-2.13870722080988,9.62225158593894));
#2337=CARTESIAN_POINT('Ctrl Pts',(-73.2065357209964,-2.89459246865196,9.62344681665882));
#2338=CARTESIAN_POINT('Ctrl Pts',(-73.0557793761192,-3.27037780318532,9.62359784951168));
#2339=CARTESIAN_POINT('Ctrl Pts',(-72.5896937158295,-4.39050199514553,9.62260512428776));
#2340=CARTESIAN_POINT('Ctrl Pts',(-72.2607149764668,-5.12733646781052,9.6200184392762));
#2341=CARTESIAN_POINT('Ctrl Pts',(-71.6046823046631,-6.49047578134642,9.60960695779608));
#2342=CARTESIAN_POINT('Ctrl Pts',(-71.2839699411056,-7.11762963628367,9.60257600865141));
#2343=CARTESIAN_POINT('Ctrl Pts',(-70.9432484182999,-7.74768903740465,9.59262871873135));
#2344=CARTESIAN_POINT('Ctrl Pts',(-87.7854931776835,24.854100288584,8.73902932099806));
#2345=CARTESIAN_POINT('Ctrl Pts',(-87.5445676928115,24.6363573859423,8.75605464588894));
#2346=CARTESIAN_POINT('Ctrl Pts',(-87.3056239725285,24.416624652154,8.77266761598498));
#2347=CARTESIAN_POINT('Ctrl Pts',(-85.9662128291776,23.1627818299574,8.86465042489243));
#2348=CARTESIAN_POINT('Ctrl Pts',(-84.9093404349635,22.0886504840108,8.93276675763589));
#2349=CARTESIAN_POINT('Ctrl Pts',(-82.3869179144091,19.2889537479535,9.08402812095984));
#2350=CARTESIAN_POINT('Ctrl Pts',(-80.9810044038864,17.5058223529496,9.15768926210277));
#2351=CARTESIAN_POINT('Ctrl Pts',(-78.9661662534393,14.5600065982275,9.25105529058982));
#2352=CARTESIAN_POINT('Ctrl Pts',(-78.2946991073629,13.5024952804578,9.27980583591463));
#2353=CARTESIAN_POINT('Ctrl Pts',(-77.0095865263481,11.3275315637539,9.33052926973393));
#2354=CARTESIAN_POINT('Ctrl Pts',(-76.395963779837,10.2101012033615,9.35250179906352));
#2355=CARTESIAN_POINT('Ctrl Pts',(-75.2354277952563,7.93438511112558,9.38965716546231));
#2356=CARTESIAN_POINT('Ctrl Pts',(-74.6882963609778,6.77574814324039,9.40484315989051));
#2357=CARTESIAN_POINT('Ctrl Pts',(-73.6798195374447,4.45184624091504,9.43147637348767));
#2358=CARTESIAN_POINT('Ctrl Pts',(-73.2184769563083,3.2865740523482,9.44292441552436));
#2359=CARTESIAN_POINT('Ctrl Pts',(-72.6663338591173,1.73648105026954,9.45781528866336));
#2360=CARTESIAN_POINT('Ctrl Pts',(-72.5306787515916,1.34002143968781,9.46159568210228));
#2361=CARTESIAN_POINT('Ctrl Pts',(-72.2727073745219,0.550229709375353,9.46887540829275));
#2362=CARTESIAN_POINT('Ctrl Pts',(-72.1503944333413,0.156902143008991,9.47237479118205));
#2363=CARTESIAN_POINT('Ctrl Pts',(-71.9174078635543,-0.631360874953031,
9.4788453968151));
#2364=CARTESIAN_POINT('Ctrl Pts',(-71.8062684825579,-1.02702081178127,9.48180381004885));
#2365=CARTESIAN_POINT('Ctrl Pts',(-71.5689938446394,-1.8161566632377,9.48686737019132));
#2366=CARTESIAN_POINT('Ctrl Pts',(-71.4433107282414,-2.20893711092025,9.48898678500514));
#2367=CARTESIAN_POINT('Ctrl Pts',(-71.0461966591404,-3.37826134089626,9.49386223634849));
#2368=CARTESIAN_POINT('Ctrl Pts',(-70.7548634864055,-4.14552590617825,9.49513962077986));
#2369=CARTESIAN_POINT('Ctrl Pts',(-70.1536247198898,-5.55688587268001,9.49092313588464));
#2370=CARTESIAN_POINT('Ctrl Pts',(-69.8522291116238,-6.20297250016925,9.48636351261429));
#2371=CARTESIAN_POINT('Ctrl Pts',(-69.5255256291113,-6.8474948494512,9.47820251940881));
#2372=CARTESIAN_POINT('Ctrl Pts',(-86.9026477334315,25.4142452610957,8.70584860505087));
#2373=CARTESIAN_POINT('Ctrl Pts',(-86.6529680536737,25.2054808555222,8.72237111975409));
#2374=CARTESIAN_POINT('Ctrl Pts',(-86.4054213951361,24.9943217391709,8.73842542705816));
#2375=CARTESIAN_POINT('Ctrl Pts',(-85.0183329457208,23.7866853252823,8.82693570615976));
#2376=CARTESIAN_POINT('Ctrl Pts',(-83.9258614274745,22.7417905809586,8.89099462438568));
#2377=CARTESIAN_POINT('Ctrl Pts',(-81.3277326804505,19.9960988374853,9.03054482095591));
#2378=CARTESIAN_POINT('Ctrl Pts',(-79.8883358034363,18.2281648676403,9.09577000200562));
#2379=CARTESIAN_POINT('Ctrl Pts',(-77.8493676599222,15.2874697078984,9.17703448326858));
#2380=CARTESIAN_POINT('Ctrl Pts',(-77.174485956273,14.2284278381501,9.20175044201787));
#2381=CARTESIAN_POINT('Ctrl Pts',(-75.8931084269157,12.0447819238099,9.24535592004144));
#2382=CARTESIAN_POINT('Ctrl Pts',(-75.2866390108786,10.9202055310602,9.26424524374346));
#2383=CARTESIAN_POINT('Ctrl Pts',(-74.1514757408772,8.62549875452498,9.29678421592292));
#2384=CARTESIAN_POINT('Ctrl Pts',(-73.6225844834518,7.45505039811711,9.31043540326383));
#2385=CARTESIAN_POINT('Ctrl Pts',(-72.6617328262477,5.10315072423252,9.33591463856306));
#2386=CARTESIAN_POINT('Ctrl Pts',(-72.2297707459933,3.92168678152044,9.34774372646266));
#2387=CARTESIAN_POINT('Ctrl Pts',(-71.7241279667089,2.34642376761087,9.36468714096329));
#2388=CARTESIAN_POINT('Ctrl Pts',(-71.6010564835097,1.94322888752103,9.36913248846625));
#2389=CARTESIAN_POINT('Ctrl Pts',(-71.3700323142621,1.13999846430143,9.37796751536883));
#2390=CARTESIAN_POINT('Ctrl Pts',(-71.2620849744441,0.739970357018785,9.38235723427187));
#2391=CARTESIAN_POINT('Ctrl Pts',(-71.0592741926378,-0.0624601559591455,
9.39074357771907));
#2392=CARTESIAN_POINT('Ctrl Pts',(-70.9637906209932,-0.465821668100206,
9.39471924626635));
#2393=CARTESIAN_POINT('Ctrl Pts',(-70.7547196500081,-1.27160554157982,9.40183903253452));
#2394=CARTESIAN_POINT('Ctrl Pts',(-70.6417374284404,-1.673105379308,9.4050059838348));
#2395=CARTESIAN_POINT('Ctrl Pts',(-70.2794261158786,-2.86795703945053,9.41302621893393));
#2396=CARTESIAN_POINT('Ctrl Pts',(-70.0068956496482,-3.65140028546483,9.41640401062013));
#2397=CARTESIAN_POINT('Ctrl Pts',(-69.4326450612289,-5.08891567294213,9.41561658658606));
#2398=CARTESIAN_POINT('Ctrl Pts',(-69.1405733031195,-5.74551102636258,9.41245305422505));
#2399=CARTESIAN_POINT('Ctrl Pts',(-68.8204599606113,-6.39815553218162,9.40534482735332));
#2400=CARTESIAN_POINT('Ctrl Pts',(-85.1413577806984,26.5358515114819,8.62120189678477));
#2401=CARTESIAN_POINT('Ctrl Pts',(-84.8748118468509,26.3452939023897,8.63618860393528));
#2402=CARTESIAN_POINT('Ctrl Pts',(-84.6106192180997,26.1514996085326,8.65062364538754));
#2403=CARTESIAN_POINT('Ctrl Pts',(-83.1309024843102,25.0372994863964,8.7294989446521));
#2404=CARTESIAN_POINT('Ctrl Pts',(-81.9677752935922,24.0508765576163,8.78380195967167));
#2405=CARTESIAN_POINT('Ctrl Pts',(-79.2168468078586,21.4118258833408,8.89689333953794));
#2406=CARTESIAN_POINT('Ctrl Pts',(-77.707175694885,19.6722362792474,8.94438124005883));
#2407=CARTESIAN_POINT('Ctrl Pts',(-75.6155561511709,16.7403641785458,9.00070717696812));
#2408=CARTESIAN_POINT('Ctrl Pts',(-74.9324439498152,15.6780812400575,9.017207054978));
#2409=CARTESIAN_POINT('Ctrl Pts',(-73.6564604439046,13.4773184339439,9.04636708593764));
#2410=CARTESIAN_POINT('Ctrl Pts',(-73.0636207732676,12.3388763391099,9.05902737435058));
#2411=CARTESIAN_POINT('Ctrl Pts',(-71.978872023864,10.0076542538402,9.08215429013855));
#2412=CARTESIAN_POINT('Ctrl Pts',(-71.4868071428746,8.81462608102403,9.09261949171005));
#2413=CARTESIAN_POINT('Ctrl Pts',(-70.6231973111624,6.40951026952173,9.11530767516389));
#2414=CARTESIAN_POINT('Ctrl Pts',(-70.2516310322523,5.1973867413203,9.12753058646757));
#2415=CARTESIAN_POINT('Ctrl Pts',(-69.8421494632687,3.57433634467649,9.1478232030855));
#2416=CARTESIAN_POINT('Ctrl Pts',(-69.7451358437907,3.15833570828902,9.15338250453966));
#2417=CARTESIAN_POINT('Ctrl Pts',(-69.5700805977728,2.3298200180963,9.16492083397035));
#2418=CARTESIAN_POINT('Ctrl Pts',(-69.492051953218,1.91732264498648,9.17090026406922));
#2419=CARTESIAN_POINT('Ctrl Pts',(-69.3520058826115,1.08827348062949,9.18272512127286));
#2420=CARTESIAN_POINT('Ctrl Pts',(-69.2889550973271,0.670143937542285,9.18850736302701));
#2421=CARTESIAN_POINT('Ctrl Pts',(-69.137669131372,-0.16896945746736,9.19919146291612));
#2422=CARTESIAN_POINT('Ctrl Pts',(-69.0504594853856,-0.588420388485011,
9.20416122771231));
#2423=CARTESIAN_POINT('Ctrl Pts',(-68.7584432238633,-1.83643475212807,9.21769283823843));
#2424=CARTESIAN_POINT('Ctrl Pts',(-68.5234184629076,-2.65439471251922,9.22488673554882));
#2425=CARTESIAN_POINT('Ctrl Pts',(-68.0019009150003,-4.14913879383011,9.23060636122074));
#2426=CARTESIAN_POINT('Ctrl Pts',(-67.727489088798,-4.82937522351021,9.23021838532788));
#2427=CARTESIAN_POINT('Ctrl Pts',(-67.4193309848798,-5.50066270297479,9.22539098789193));
#2428=CARTESIAN_POINT('Ctrl Pts',(-84.2629146479946,27.0973056304473,8.56973651974543));
#2429=CARTESIAN_POINT('Ctrl Pts',(-83.9882556018151,26.9159788033069,8.58369010687383));
#2430=CARTESIAN_POINT('Ctrl Pts',(-83.7160189968332,26.7309776782108,8.59706443387766));
#2431=CARTESIAN_POINT('Ctrl Pts',(-82.1913464434737,25.664016237207,8.66977672296617));
#2432=CARTESIAN_POINT('Ctrl Pts',(-80.993161465207,24.7068280035994,8.71838104375275));
#2433=CARTESIAN_POINT('Ctrl Pts',(-78.1651395191876,22.1204106388416,8.81672435388193));
#2434=CARTESIAN_POINT('Ctrl Pts',(-76.6186802811517,20.3939645844984,8.85491088954355));
#2435=CARTESIAN_POINT('Ctrl Pts',(-74.4985421576723,17.4657937678376,8.89840006894453));
#2436=CARTESIAN_POINT('Ctrl Pts',(-73.8106144679407,16.4018003649126,8.91071855592674));
#2437=CARTESIAN_POINT('Ctrl Pts',(-72.5362896432214,14.1926035713403,8.93255130571173));
#2438=CARTESIAN_POINT('Ctrl Pts',(-71.9499256037833,13.0474424405533,8.94206586367574));
#2439=CARTESIAN_POINT('Ctrl Pts',(-70.8902157114504,10.6986971177492,8.96039714430298));
#2440=CARTESIAN_POINT('Ctrl Pts',(-70.4167349271459,9.49490134859643,8.96921115462425));
#2441=CARTESIAN_POINT('Ctrl Pts',(-69.6027314823418,7.06456931521618,8.99026108055155));
#2442=CARTESIAN_POINT('Ctrl Pts',(-69.2621727167687,5.83797946681376,9.00249582155235));
#2443=CARTESIAN_POINT('Ctrl Pts',(-68.9023283975268,4.19231389148587,9.0240805131441));
#2444=CARTESIAN_POINT('Ctrl Pts',(-68.8187816926038,3.77024313599233,9.03008742527723));
#2445=CARTESIAN_POINT('Ctrl Pts',(-68.672724063406,2.92988133958566,9.04276953782929));
#2446=CARTESIAN_POINT('Ctrl Pts',(-68.6102322026674,2.51161643964923,9.04944530027949));
#2447=CARTESIAN_POINT('Ctrl Pts',(-68.5027497871775,1.67011961467358,9.06278641005072));
#2448=CARTESIAN_POINT('Ctrl Pts',(-68.4564683611963,1.24492859228279,9.06935617161025));
#2449=CARTESIAN_POINT('Ctrl Pts',(-68.3347689647238,0.389146089384727,9.08154970053439));
#2450=CARTESIAN_POINT('Ctrl Pts',(-68.2606408213123,-0.0395348497545593,
9.08727613682148));
#2451=CARTESIAN_POINT('Ctrl Pts',(-68.0041406827893,-1.31518510045678,9.10317860486502));
#2452=CARTESIAN_POINT('Ctrl Pts',(-67.7878313253882,-2.1514834828993,9.11209075823507));
#2453=CARTESIAN_POINT('Ctrl Pts',(-67.292081905524,-3.67730456283212,9.1208931308514));
#2454=CARTESIAN_POINT('Ctrl Pts',(-67.0260167921939,-4.37067737312455,9.12188687114405));
#2455=CARTESIAN_POINT('Ctrl Pts',(-66.723228954686,-5.05248912490539,9.11828880668625));
#2456=CARTESIAN_POINT('Ctrl Pts',(-82.8038603869037,28.036175129136,8.46715154053575));
#2457=CARTESIAN_POINT('Ctrl Pts',(-82.5160656253556,27.8700977153639,8.47874249034392));
#2458=CARTESIAN_POINT('Ctrl Pts',(-82.2307582916034,27.6996281828075,8.48975393209372));
#2459=CARTESIAN_POINT('Ctrl Pts',(-80.6327774276638,26.7106738982202,8.54908118971417));
#2460=CARTESIAN_POINT('Ctrl Pts',(-79.3764004469804,25.8014612533793,8.5865960352592));
#2461=CARTESIAN_POINT('Ctrl Pts',(-76.4185576145264,23.300216346616,8.65819682021274));
#2462=CARTESIAN_POINT('Ctrl Pts',(-74.8082577466507,21.5935633256101,8.68121495530631));
#2463=CARTESIAN_POINT('Ctrl Pts',(-72.6374282797713,18.6701316210391,8.70462709950894));
#2464=CARTESIAN_POINT('Ctrl Pts',(-71.9405075385553,17.6031216180822,8.71057766010685));
#2465=CARTESIAN_POINT('Ctrl Pts',(-70.6676513109138,15.3801640644778,8.72137852396007));
#2466=CARTESIAN_POINT('Ctrl Pts',(-70.0917486625366,14.2242644525924,8.72622900204856));
#2467=CARTESIAN_POINT('Ctrl Pts',(-69.0739937023772,11.8478954378304,8.73738072025061));
#2468=CARTESIAN_POINT('Ctrl Pts',(-68.6320365226892,10.6272722973861,8.74367674731372));
#2469=CARTESIAN_POINT('Ctrl Pts',(-67.9030353085921,8.15807955332882,8.76179213293142));
#2470=CARTESIAN_POINT('Ctrl Pts',(-67.615914434398,6.90940611047013,8.77360435182877));
#2471=CARTESIAN_POINT('Ctrl Pts',(-67.3420738225823,5.22925295366495,8.79615746212794));
#2472=CARTESIAN_POINT('Ctrl Pts',(-67.2818773918171,4.79790406394046,8.80255399081924));
#2473=CARTESIAN_POINT('Ctrl Pts',(-67.1862587591177,3.93980552803022,8.8164663547352));
#2474=CARTESIAN_POINT('Ctrl Pts',(-67.1508826658957,3.51311920800255,8.82398531753344));
#2475=CARTESIAN_POINT('Ctrl Pts',(-67.1000566488006,2.65293162953066,8.8391517034729));
#2476=CARTESIAN_POINT('Ctrl Pts',(-67.0827352592678,2.21662729418461,8.84658993614955));
#2477=CARTESIAN_POINT('Ctrl Pts',(-67.01132938919,1.3328682712423,8.8601303849344));
#2478=CARTESIAN_POINT('Ctrl Pts',(-66.9591313920391,0.888157420617548,8.86645783600228));
#2479=CARTESIAN_POINT('Ctrl Pts',(-66.7618400669971,-0.435904450773157,
8.88447042562512));
#2480=CARTESIAN_POINT('Ctrl Pts',(-66.5762736586576,-1.3048327925101,8.8952117557211));
#2481=CARTESIAN_POINT('Ctrl Pts',(-66.1217253247428,-2.88722689608625,8.90782450496352));
#2482=CARTESIAN_POINT('Ctrl Pts',(-65.8684064066455,-3.60507562500275,8.91074608932243));
#2483=CARTESIAN_POINT('Ctrl Pts',(-65.5732315627746,-4.30693764078248,8.90918405971931));
#2484=CARTESIAN_POINT('Ctrl Pts',(-82.2215480309093,28.4126006386813,8.42163003958327));
#2485=CARTESIAN_POINT('Ctrl Pts',(-81.92860942176,28.2525726403904,8.43210669455643));
#2486=CARTESIAN_POINT('Ctrl Pts',(-81.6381709016338,28.087869525083,8.44201575645937));
#2487=CARTESIAN_POINT('Ctrl Pts',(-80.0113415862631,27.1298546275667,8.49516624554822));
#2488=CARTESIAN_POINT('Ctrl Pts',(-78.7317901954053,26.2395894928192,8.5278247888515));
#2489=CARTESIAN_POINT('Ctrl Pts',(-75.72176719093,23.7716474454517,8.58816163107839));
#2490=CARTESIAN_POINT('Ctrl Pts',(-74.0853243975826,22.0723179589454,8.60520674676433));
#2491=CARTESIAN_POINT('Ctrl Pts',(-71.8934726999707,19.1503812721959,8.62094899840809));
#2492=CARTESIAN_POINT('Ctrl Pts',(-71.1927290730067,18.0821183402934,8.62451612641125));
#2493=CARTESIAN_POINT('Ctrl Pts',(-69.9201740539179,15.8537397300556,8.63122608708504));
#2494=CARTESIAN_POINT('Ctrl Pts',(-69.3483946999894,14.6936737525918,8.6343688498099));
#2495=CARTESIAN_POINT('Ctrl Pts',(-68.3475268819636,12.3066976187097,8.64287258677193));
#2496=CARTESIAN_POINT('Ctrl Pts',(-67.9183445861727,11.0796562637086,8.64822707925457));
#2497=CARTESIAN_POINT('Ctrl Pts',(-67.2239844002013,8.5958017463408,8.66511971926642));
#2498=CARTESIAN_POINT('Ctrl Pts',(-66.9587092087235,7.33885884487401,8.67664698135846));
#2499=CARTESIAN_POINT('Ctrl Pts',(-66.7201202796732,5.64580122996194,8.69927228986987));
#2500=CARTESIAN_POINT('Ctrl Pts',(-66.6694975376267,5.21097498190548,8.70572972227641));
#2501=CARTESIAN_POINT('Ctrl Pts',(-66.5945923226108,4.34633968271014,8.71995319654516));
#2502=CARTESIAN_POINT('Ctrl Pts',(-66.5703700177395,3.91661324508399,8.72772382963806));
#2503=CARTESIAN_POINT('Ctrl Pts',(-66.5428107044345,3.04951533061176,8.74343241674833));
#2504=CARTESIAN_POINT('Ctrl Pts',(-66.5373230752226,2.60893904675777,8.75109838778417));
#2505=CARTESIAN_POINT('Ctrl Pts',(-66.4862590478811,1.71391788038994,8.76486198444692));
#2506=CARTESIAN_POINT('Ctrl Pts',(-66.4428573442191,1.26261431161579,8.77125290225422));
#2507=CARTESIAN_POINT('Ctrl Pts',(-66.2692232182408,-0.08145969338929,8.78961517391737));
#2508=CARTESIAN_POINT('Ctrl Pts',(-66.0958094470673,-0.964000673495111,
8.80080888901633));
#2509=CARTESIAN_POINT('Ctrl Pts',(-65.6572474509526,-2.5703158726523,8.8145873608152));
#2510=CARTESIAN_POINT('Ctrl Pts',(-65.4087111050613,-3.29865093624886,8.81817930590185));
#2511=CARTESIAN_POINT('Ctrl Pts',(-65.116225664581,-4.00921276970161,8.81742851497555));
#2512=CARTESIAN_POINT('Ctrl Pts',(-81.0605986552964,29.1687109061564,8.32119131190838));
#2513=CARTESIAN_POINT('Ctrl Pts',(-80.7575606279351,29.0204521270926,8.32898684234133));
#2514=CARTESIAN_POINT('Ctrl Pts',(-80.4570317667836,28.8669900754798,8.3362687363862));
#2515=CARTESIAN_POINT('Ctrl Pts',(-78.7733720503198,27.9693070189177,8.3748457145576));
#2516=CARTESIAN_POINT('Ctrl Pts',(-77.4477559117922,27.1159991393304,8.39661691896741));
#2517=CARTESIAN_POINT('Ctrl Pts',(-74.333148116988,24.7122845668633,8.43277206872013));
#2518=CARTESIAN_POINT('Ctrl Pts',(-72.6434493322488,23.0261725601291,8.43803150118672));
#2519=CARTESIAN_POINT('Ctrl Pts',(-70.4084292696533,20.1062711369539,8.43934382596386));
#2520=CARTESIAN_POINT('Ctrl Pts',(-69.6997166803007,19.0353989437017,8.43857840701594));
#2521=CARTESIAN_POINT('Ctrl Pts',(-68.427453435806,16.7963896352283,8.43800158159427));
#2522=CARTESIAN_POINT('Ctrl Pts',(-67.8639315506047,15.628304354277,8.43818916152778));
#2523=CARTESIAN_POINT('Ctrl Pts',(-66.8973298760423,13.2211712413814,8.44212352104762));
#2524=CARTESIAN_POINT('Ctrl Pts',(-66.4941734257691,11.9820321269704,8.44586025029316));
#2525=CARTESIAN_POINT('Ctrl Pts',(-65.8707263741474,9.47096003933769,8.46045764197173));
#2526=CARTESIAN_POINT('Ctrl Pts',(-65.6502851715059,8.1988278675366,8.47129508453493));
#2527=CARTESIAN_POINT('Ctrl Pts',(-65.4842044265227,6.48210088923933,8.49359546068739));
#2528=CARTESIAN_POINT('Ctrl Pts',(-65.4532723615855,6.0408778336113,8.50002598370001));
#2529=CARTESIAN_POINT('Ctrl Pts',(-65.4210855314365,5.16456806897757,8.51464679133794));
#2530=CARTESIAN_POINT('Ctrl Pts',(-65.419940159707,4.72963081666445,8.5228489815249));
#2531=CARTESIAN_POINT('Ctrl Pts',(-65.440351854475,3.85011576152491,8.53942558303945));
#2532=CARTESIAN_POINT('Ctrl Pts',(-65.4590482441211,3.40132585032737,8.54732649410723));
#2533=CARTESIAN_POINT('Ctrl Pts',(-65.4489396737653,2.48335295349273,8.56075589179181));
#2534=CARTESIAN_POINT('Ctrl Pts',(-65.4230307035015,2.01829025497398,8.56679311854134));
#2535=CARTESIAN_POINT('Ctrl Pts',(-65.2962470950026,0.632370611907043,8.58451189116568));
#2536=CARTESIAN_POINT('Ctrl Pts',(-65.1466488968211,-0.278678312030016,
8.59585968130206));
#2537=CARTESIAN_POINT('Ctrl Pts',(-64.7387427012296,-1.93562182138318,8.6109358038699));
#2538=CARTESIAN_POINT('Ctrl Pts',(-64.4989985423141,-2.68638588719493,8.6155352994105));
#2539=CARTESIAN_POINT('Ctrl Pts',(-64.2110377691371,-3.41578784224223,8.6163161628246));
#2540=CARTESIAN_POINT('Ctrl Pts',(-80.4819609879952,29.5484002242871,8.2662729249697));
#2541=CARTESIAN_POINT('Ctrl Pts',(-80.1739675316107,29.4058595214338,8.27250201713391));
#2542=CARTESIAN_POINT('Ctrl Pts',(-79.8684793544808,29.2578714157138,8.27825935028528));
#2543=CARTESIAN_POINT('Ctrl Pts',(-78.1568365635001,28.389578681101,8.30844046703));
#2544=CARTESIAN_POINT('Ctrl Pts',(-76.8083280259375,27.5542841752386,8.32418016435789));
#2545=CARTESIAN_POINT('Ctrl Pts',(-73.641312036929,25.1814975370542,8.34741693295562));
#2546=CARTESIAN_POINT('Ctrl Pts',(-71.9244998383011,23.5012791566096,8.34686314626418));
#2547=CARTESIAN_POINT('Ctrl Pts',(-69.66733380427,20.5819164182332,8.34141514283101));
#2548=CARTESIAN_POINT('Ctrl Pts',(-68.9544754397309,19.5096872505496,8.33870052834478));
#2549=CARTESIAN_POINT('Ctrl Pts',(-67.6822030837529,17.2654672981443,8.33492773566513));
#2550=CARTESIAN_POINT('Ctrl Pts',(-67.1228153955102,16.0935286883076,8.33386772089612));
#2551=CARTESIAN_POINT('Ctrl Pts',(-66.1735919446564,13.6768453419834,8.33588051214153));
#2552=CARTESIAN_POINT('Ctrl Pts',(-65.7836857558417,12.432026747417,8.33894074789842));
#2553=CARTESIAN_POINT('Ctrl Pts',(-65.196503425143,9.90840049248128,8.35246467671885));
#2554=CARTESIAN_POINT('Ctrl Pts',(-64.9990439333199,8.62935004222149,8.36289617248143));
#2555=CARTESIAN_POINT('Ctrl Pts',(-64.8701993536029,6.90186023456407,8.38479695119769));
#2556=CARTESIAN_POINT('Ctrl Pts',(-64.849378064372,6.45771841652168,8.39113893714307));
#2557=CARTESIAN_POINT('Ctrl Pts',(-64.8391728862324,5.57627251773883,8.40584273437731));
#2558=CARTESIAN_POINT('Ctrl Pts',(-64.8499327276076,5.1391647054422,8.4142220261877));
#2559=CARTESIAN_POINT('Ctrl Pts',(-64.8950199408841,4.25414111614137,8.43111976608318));
#2560=CARTESIAN_POINT('Ctrl Pts',(-64.9260585041602,3.80140959249448,8.43902673471356));
#2561=CARTESIAN_POINT('Ctrl Pts',(-64.9365712196392,2.87174860241535,8.45190019873037));
#2562=CARTESIAN_POINT('Ctrl Pts',(-64.9193724920708,2.39951962823104,8.45752248582798));
#2563=CARTESIAN_POINT('Ctrl Pts',(-64.8158149972777,0.991766754822956,8.47425330125759));
#2564=CARTESIAN_POINT('Ctrl Pts',(-64.6778891178603,0.0658231652519467,
8.48530401902299));
#2565=CARTESIAN_POINT('Ctrl Pts',(-64.2846701605584,-1.61782654886178,8.50051399267836));
#2566=CARTESIAN_POINT('Ctrl Pts',(-64.0489445292506,-2.38053282169643,8.50545201873916));
#2567=CARTESIAN_POINT('Ctrl Pts',(-63.7628246443263,-3.12007434901383,8.50695386945985));
#2568=CARTESIAN_POINT('Ctrl Pts',(-79.7618824901341,30.0258887220135,8.19151674056979));
#2569=CARTESIAN_POINT('Ctrl Pts',(-79.4477479677274,29.8901593096839,8.19542812224265));
#2570=CARTESIAN_POINT('Ctrl Pts',(-79.136115162231,29.7487286166368,8.1989443765035));
#2571=CARTESIAN_POINT('Ctrl Pts',(-77.3897782736248,28.91571188056,8.21686505693472));
#2572=CARTESIAN_POINT('Ctrl Pts',(-76.0127547388477,28.1022232763597,8.22411761308324));
#2573=CARTESIAN_POINT('Ctrl Pts',(-72.7799402467463,25.7663872425887,8.2298263073391));
#2574=CARTESIAN_POINT('Ctrl Pts',(-71.028580460146,24.0925913861954,8.22206924614917));
#2575=CARTESIAN_POINT('Ctrl Pts',(-68.7429558328037,21.173270119949,8.20881899076651));
#2576=CARTESIAN_POINT('Ctrl Pts',(-68.0246899234797,20.0992781642408,8.20399151780343));
#2577=CARTESIAN_POINT('Ctrl Pts',(-66.7521786368388,17.8486914274944,8.1969115099789));
#2578=CARTESIAN_POINT('Ctrl Pts',(-66.1979553226244,16.6721481733367,8.19465561636964));
#2579=CARTESIAN_POINT('Ctrl Pts',(-65.2707682410139,14.2442385626873,8.19486979629815));
#2580=CARTESIAN_POINT('Ctrl Pts',(-64.8977361916727,12.9928130901894,8.19732251114817));
#2581=CARTESIAN_POINT('Ctrl Pts',(-64.3569913710253,10.4549283667162,8.20975207447282));
#2582=CARTESIAN_POINT('Ctrl Pts',(-64.1890435555196,9.16815558543415,8.21967949312909));
#2583=CARTESIAN_POINT('Ctrl Pts',(-64.1081320957729,7.428690225799,8.24093714588669));
#2584=CARTESIAN_POINT('Ctrl Pts',(-64.1003218327941,6.98127998986087,8.24711605491349));
#2585=CARTESIAN_POINT('Ctrl Pts',(-64.1184914985296,6.09441846426816,8.26192140066253));
#2586=CARTESIAN_POINT('Ctrl Pts',(-64.1446863845279,5.65526045369159,8.27058068645759));
#2587=CARTESIAN_POINT('Ctrl Pts',(-64.2216332935243,4.76438227558703,8.2879162867026));
#2588=CARTESIAN_POINT('Ctrl Pts',(-64.2684216557298,4.30689878576922,8.29571267721794));
#2589=CARTESIAN_POINT('Ctrl Pts',(-64.3048193139681,3.36216740291688,8.30726817966647));
#2590=CARTESIAN_POINT('Ctrl Pts',(-64.2984134306125,2.88050096156507,8.31196105103132));
#2591=CARTESIAN_POINT('Ctrl Pts',(-64.2235114939628,1.44402147969466,8.32631948580496));
#2592=CARTESIAN_POINT('Ctrl Pts',(-64.0998544247976,0.498593505086079,8.33639041509411));
#2593=CARTESIAN_POINT('Ctrl Pts',(-63.7241440676036,-1.2202184799448,8.35089042593637));
#2594=CARTESIAN_POINT('Ctrl Pts',(-63.492938941595,-1.99875914530933,8.35594559494309));
#2595=CARTESIAN_POINT('Ctrl Pts',(-63.2085299915745,-2.75186904980458,8.35822558792994));
#2596=CARTESIAN_POINT('Ctrl Pts',(-79.6180769108383,30.1214981347413,8.1762654923828));
#2597=CARTESIAN_POINT('Ctrl Pts',(-79.3027173283794,29.9871132738528,8.17969552218207));
#2598=CARTESIAN_POINT('Ctrl Pts',(-78.9898587579474,29.8469791315597,8.18274696019203));
#2599=CARTESIAN_POINT('Ctrl Pts',(-77.2365997655819,29.0209411013291,8.19812822405957));
#2600=CARTESIAN_POINT('Ctrl Pts',(-75.8538802453555,28.2117769293496,8.20363664010216));
#2601=CARTESIAN_POINT('Ctrl Pts',(-72.6078961401478,25.8832434439081,8.20577198529094));
#2602=CARTESIAN_POINT('Ctrl Pts',(-70.8495964817431,24.2106846425728,8.19657785278419));
#2603=CARTESIAN_POINT('Ctrl Pts',(-68.5582431017435,21.2913402067988,8.1817999346068));
#2604=CARTESIAN_POINT('Ctrl Pts',(-67.8388847064535,20.2169925191113,8.17656614425568));
#2605=CARTESIAN_POINT('Ctrl Pts',(-66.5663140211143,17.9651402482796,8.16885916410701));
#2606=CARTESIAN_POINT('Ctrl Pts',(-66.0131228901052,16.7876869963854,8.16638225482631));
#2607=CARTESIAN_POINT('Ctrl Pts',(-65.0903568283458,14.3575685190505,8.16626685585719));
#2608=CARTESIAN_POINT('Ctrl Pts',(-64.7207137702015,13.1048467563452,8.16860989437893));
#2609=CARTESIAN_POINT('Ctrl Pts',(-64.1893076625847,10.5641832677167,8.18083294694388));
#2610=CARTESIAN_POINT('Ctrl Pts',(-64.0272987050454,9.27591299990756,8.19065962846546));
#2611=CARTESIAN_POINT('Ctrl Pts',(-63.9560383506914,7.53412765959455,8.21178181442837));
#2612=CARTESIAN_POINT('Ctrl Pts',(-63.9508476094431,7.0860831816912,8.2179255916491));
#2613=CARTESIAN_POINT('Ctrl Pts',(-63.9747336552517,6.19819005041696,8.23275129848503));
#2614=CARTESIAN_POINT('Ctrl Pts',(-64.004040759239,5.75865555485505,8.2414696212529));
#2615=CARTESIAN_POINT('Ctrl Pts',(-64.0874053752744,4.86665755901422,8.25889515379709));
#2616=CARTESIAN_POINT('Ctrl Pts',(-64.1373573203207,4.40823164744393,8.26666327798475));
#2617=CARTESIAN_POINT('Ctrl Pts',(-64.1789348851822,3.4604624822879,8.27792329099655));
#2618=CARTESIAN_POINT('Ctrl Pts',(-64.1746831846012,2.97688516982713,8.28240984993099));
#2619=CARTESIAN_POINT('Ctrl Pts',(-64.1054946803973,1.53459149128414,8.29623705753973));
#2620=CARTESIAN_POINT('Ctrl Pts',(-63.9846749748301,0.585225224300351,8.30608154643355));
#2621=CARTESIAN_POINT('Ctrl Pts',(-63.6124238170362,-1.14070503520332,8.32039558097035));
#2622=CARTESIAN_POINT('Ctrl Pts',(-63.3820981321424,-1.92245638561443,8.32545895757088));
#2623=CARTESIAN_POINT('Ctrl Pts',(-63.0980022883596,-2.67832335340078,8.3278883173092));
#2624=CARTESIAN_POINT('Ctrl Pts',(-79.4744404463863,30.2172681587299,8.16070593720075));
#2625=CARTESIAN_POINT('Ctrl Pts',(-79.1578574419482,30.0842083222318,8.16363558231614));
#2626=CARTESIAN_POINT('Ctrl Pts',(-78.8437750230062,29.9453545611464,8.16620449864037));
#2627=CARTESIAN_POINT('Ctrl Pts',(-77.0836044774775,29.1262132654327,8.17895313439674));
#2628=CARTESIAN_POINT('Ctrl Pts',(-75.695193186414,28.3213363854149,8.18266743596106));
#2629=CARTESIAN_POINT('Ctrl Pts',(-72.4360240023561,26.0000168980295,8.18115634753045));
#2630=CARTESIAN_POINT('Ctrl Pts',(-70.6707517260961,24.3286469992281,8.17052806760299));
#2631=CARTESIAN_POINT('Ctrl Pts',(-68.3736308877142,21.4092470287722,8.15425619994092));
#2632=CARTESIAN_POINT('Ctrl Pts',(-67.653168789381,20.3345401626654,8.1486330401838));
#2633=CARTESIAN_POINT('Ctrl Pts',(-66.3805274721413,18.0814297568658,8.14033531395521));
#2634=CARTESIAN_POINT('Ctrl Pts',(-65.8283684502603,16.9030773077342,8.1376566621544));
#2635=CARTESIAN_POINT('Ctrl Pts',(-64.9100393914769,14.4707862551691,8.13724398131605));
#2636=CARTESIAN_POINT('Ctrl Pts',(-64.5438010692379,13.2167932954241,8.13949032214154));
#2637=CARTESIAN_POINT('Ctrl Pts',(-64.021789245857,10.6734244498291,8.15152158096018));
#2638=CARTESIAN_POINT('Ctrl Pts',(-63.8657584499591,9.38370418724209,8.16124903141252));
#2639=CARTESIAN_POINT('Ctrl Pts',(-63.8042175412937,7.63967420843065,8.18223074504722));
#2640=CARTESIAN_POINT('Ctrl Pts',(-63.8016644210235,7.1910146069997,8.18833732726871));
#2641=CARTESIAN_POINT('Ctrl Pts',(-63.8313094033477,6.30214065925038,8.20318519828015));
#2642=CARTESIAN_POINT('Ctrl Pts',(-63.8637551212786,5.86226408672882,8.21196696364648));
#2643=CARTESIAN_POINT('Ctrl Pts',(-63.9535866745158,4.96919971875196,8.22948635890472));
#2644=CARTESIAN_POINT('Ctrl Pts',(-64.0067175281546,4.5098400709669,8.23722038840078));
#2645=CARTESIAN_POINT('Ctrl Pts',(-64.0534809501885,3.55900956036258,8.24815182080791));
#2646=CARTESIAN_POINT('Ctrl Pts',(-64.0513795797293,3.07349626582636,8.25240984855823));
#2647=CARTESIAN_POINT('Ctrl Pts',(-63.9878864855206,1.62531281051463,8.26564440802963));
#2648=CARTESIAN_POINT('Ctrl Pts',(-63.8698877703,0.671964378085421,8.27523004973915));
#2649=CARTESIAN_POINT('Ctrl Pts',(-63.5010536799828,-1.06117273900674,8.28931112050073));
#2650=CARTESIAN_POINT('Ctrl Pts',(-63.2715824917521,-1.84617990964588,8.29436601129239));
#2651=CARTESIAN_POINT('Ctrl Pts',(-62.9877700474273,-2.60484846319927,8.29693775424767));
#2652=CARTESIAN_POINT('',(-66.9743701318273,-1.92209395483362,8.98433715440005));
#2653=CARTESIAN_POINT('',(-70.7809065617492,-6.99513229489836,9.56471187299774));
#2654=CARTESIAN_POINT('Ctrl Pts',(-70.7809065621189,-6.9951322950417,9.56471187360515));
#2655=CARTESIAN_POINT('Ctrl Pts',(-70.9140266580982,-6.64573094754412,9.56614988465325));
#2656=CARTESIAN_POINT('Ctrl Pts',(-70.9941352102913,-6.27840244683814,9.56347439803602));
#2657=CARTESIAN_POINT('Ctrl Pts',(-71.0462080655306,-5.48428354996504,9.54824008711014));
#2658=CARTESIAN_POINT('Ctrl Pts',(-71.0025350140895,-5.06173316508633,9.53455431003544));
#2659=CARTESIAN_POINT('Ctrl Pts',(-70.7634020996572,-4.20156447321039,9.49239998887736));
#2660=CARTESIAN_POINT('Ctrl Pts',(-70.5529009023674,-3.77590165375596,9.46274692016418));
#2661=CARTESIAN_POINT('Ctrl Pts',(-69.9675014292561,-3.00042121474384,9.38510017057021));
#2662=CARTESIAN_POINT('Ctrl Pts',(-69.5887273477712,-2.66551610653832,9.33677623980156));
#2663=CARTESIAN_POINT('Ctrl Pts',(-68.8391903511439,-2.23136177482592,9.23920769611566));
#2664=CARTESIAN_POINT('Ctrl Pts',(-68.4974058361312,-2.09540646589388,9.19416859250788));
#2665=CARTESIAN_POINT('Ctrl Pts',(-67.7594458353679,-1.92042082569449,9.09441318138452));
#2666=CARTESIAN_POINT('Ctrl Pts',(-67.3655038605752,-1.89047442441324,9.03974841045008));
#2667=CARTESIAN_POINT('Ctrl Pts',(-66.9743701318486,-1.92209395599608,8.98433715491329));
#2668=CARTESIAN_POINT('',(-77.6720848624444,-11.6203656037541,9.63314106483334));
#2669=CARTESIAN_POINT('Ctrl Pts',(-70.7809065616912,-6.99513229490901,9.56471187357585));
#2670=CARTESIAN_POINT('Ctrl Pts',(-71.7679305530323,-7.97500052184868,9.64560906371656));
#2671=CARTESIAN_POINT('Ctrl Pts',(-72.8458687972695,-8.85861006066844,9.68966309315502));
#2672=CARTESIAN_POINT('Ctrl Pts',(-75.1579700521381,-10.4110864645416,9.71131455335245));
#2673=CARTESIAN_POINT('Ctrl Pts',(-76.3883450051557,-11.0768768444125,9.69071022544964));
#2674=CARTESIAN_POINT('Ctrl Pts',(-77.6720848622322,-11.6203656041911,9.63314106422713));
#2675=CARTESIAN_POINT('',(-85.9393631956631,-13.3515846310708,8.88341967590544));
#2676=CARTESIAN_POINT('Ctrl Pts',(-85.939363195912,-13.3515846311661,8.88341967562893));
#2677=CARTESIAN_POINT('Ctrl Pts',(-86.1213498853791,-12.9535994683782,8.91004056994774));
#2678=CARTESIAN_POINT('Ctrl Pts',(-86.2417054931571,-12.53087256321,8.9465013287687));
#2679=CARTESIAN_POINT('Ctrl Pts',(-86.3663661569146,-11.5519513140917,9.04087362895648));
#2680=CARTESIAN_POINT('Ctrl Pts',(-86.3311282498869,-10.9980397555479,9.10081454036268));
#2681=CARTESIAN_POINT('Ctrl Pts',(-86.0602389372793,-9.95157091916568,9.2188670877672));
#2682=CARTESIAN_POINT('Ctrl Pts',(-85.83353951145,-9.46589215942899,9.27586424740964));
#2683=CARTESIAN_POINT('Ctrl Pts',(-85.2153958175583,-8.60097282819661,9.38165390577308));
#2684=CARTESIAN_POINT('Ctrl Pts',(-84.8292711087512,-8.2288868668566,9.4299396998455));
#2685=CARTESIAN_POINT('Ctrl Pts',(-83.9343613022572,-7.6388489197562,9.51652671336828));
#2686=CARTESIAN_POINT('Ctrl Pts',(-83.4317852860582,-7.42836998402862,9.55389266500075));
#2687=CARTESIAN_POINT('Ctrl Pts',(-82.3922392619955,-7.20708644575249,9.61466429377191));
#2688=CARTESIAN_POINT('Ctrl Pts',(-81.8656993488333,-7.19160142376044,9.63799643933378));
#2689=CARTESIAN_POINT('Ctrl Pts',(-80.7954156994289,-7.3547838611247,9.67429859747506));
#2690=CARTESIAN_POINT('Ctrl Pts',(-80.263372787785,-7.5457490121685,9.686162856232));
#2691=CARTESIAN_POINT('Ctrl Pts',(-79.3124126823925,-8.11332794779053,9.69865393438107));
#2692=CARTESIAN_POINT('Ctrl Pts',(-78.89983159431,-8.48043213621236,9.69949744304644));
#2693=CARTESIAN_POINT('Ctrl Pts',(-78.2854478937036,-9.28093802525995,9.69281544495226));
#2694=CARTESIAN_POINT('Ctrl Pts',(-78.0647257999949,-9.68984846891625,9.68661833850394));
#2695=CARTESIAN_POINT('Ctrl Pts',(-77.7453675223709,-10.6060966952415,9.66670071619639));
#2696=CARTESIAN_POINT('Ctrl Pts',(-77.6639325076327,-11.1120459087605,9.65244190133832));
#2697=CARTESIAN_POINT('Ctrl Pts',(-77.6720848629575,-11.6203656037227,9.63314106422368));
#2698=CARTESIAN_POINT('',(-107.802832170959,12.202437860846,8.2174285511939));
#2699=CARTESIAN_POINT('Ctrl Pts',(-85.9393631956379,-13.3515846309973,8.88341967568041));
#2700=CARTESIAN_POINT('Ctrl Pts',(-86.4938350846234,-13.3584398795588,8.81916366862721));
#2701=CARTESIAN_POINT('Ctrl Pts',(-87.0486161055752,-13.3442360511762,8.75553519165532));
#2702=CARTESIAN_POINT('Ctrl Pts',(-88.5008556842608,-13.2517171610193,8.59866172818244));
#2703=CARTESIAN_POINT('Ctrl Pts',(-89.396012451525,-13.1391378182663,8.51208471634534));
#2704=CARTESIAN_POINT('Ctrl Pts',(-91.6324152735377,-12.7156912168914,8.34987709026897));
#2705=CARTESIAN_POINT('Ctrl Pts',(-92.9611772325092,-12.3313610256166,8.30218919558125));
#2706=CARTESIAN_POINT('Ctrl Pts',(-96.8516113069608,-10.8000938980077,8.16434441176396));
#2707=CARTESIAN_POINT('Ctrl Pts',(-99.2496748220359,-9.27217910721802,8.1367287279066));
#2708=CARTESIAN_POINT('Ctrl Pts',(-103.363615403051,-5.36475608517545,8.12745612108072));
#2709=CARTESIAN_POINT('Ctrl Pts',(-105.030230088478,-3.01072140342213,8.15042281804465));
#2710=CARTESIAN_POINT('Ctrl Pts',(-107.058144139887,1.51814177618671,8.19504102735189));
#2711=CARTESIAN_POINT('Ctrl Pts',(-107.63693903448,3.55352195342656,8.21618878827217));
#2712=CARTESIAN_POINT('Ctrl Pts',(-108.208387334834,7.82084856200279,8.24112155002434));
#2713=CARTESIAN_POINT('Ctrl Pts',(-108.170066145013,10.0333340682137,8.24421419739963));
#2714=CARTESIAN_POINT('Ctrl Pts',(-107.802832253115,12.202437375543,8.2173889106124));
#2715=CARTESIAN_POINT('',(-102.24958102422,11.7627095683749,8.73863887912634));
#2716=CARTESIAN_POINT('Ctrl Pts',(-102.249624151401,11.7627147883772,8.73863568513045));
#2717=CARTESIAN_POINT('Ctrl Pts',(-102.663288280504,11.8000063015057,8.70628875301831));
#2718=CARTESIAN_POINT('Ctrl Pts',(-103.105873786742,11.8387677047282,8.6702756951768));
#2719=CARTESIAN_POINT('Ctrl Pts',(-103.665810574042,11.8857429841676,8.6222028982208));
#2720=CARTESIAN_POINT('Ctrl Pts',(-103.755552896614,11.8932117992796,8.61442731186296));
#2721=CARTESIAN_POINT('Ctrl Pts',(-103.996537387245,11.9131032438379,8.59334517442687));
#2722=CARTESIAN_POINT('Ctrl Pts',(-104.14955918642,11.9255712536647,8.57975159625132));
#2723=CARTESIAN_POINT('Ctrl Pts',(-104.430368098885,11.9481503961222,8.55440099068343));
#2724=CARTESIAN_POINT('Ctrl Pts',(-104.557157509996,11.9582415563246,8.54281273306562));
#2725=CARTESIAN_POINT('Ctrl Pts',(-104.750071369656,11.9734434050227,8.5249534689711));
#2726=CARTESIAN_POINT('Ctrl Pts',(-104.814830947281,11.978521541443,8.51892089935193));
#2727=CARTESIAN_POINT('Ctrl Pts',(-104.912655582391,11.9861555917015,8.5097503784451));
#2728=CARTESIAN_POINT('Ctrl Pts',(-104.961739217163,11.9899768284503,8.50513470119292));
#2729=CARTESIAN_POINT('Ctrl Pts',(-105.011080376947,11.9938045011534,8.50047293699318));
#2730=CARTESIAN_POINT('Ctrl Pts',(-105.044031774239,11.9963577275468,8.49735480103222));
#2731=CARTESIAN_POINT('Ctrl Pts',(-105.061706168091,11.997725512271,8.49567952020872));
#2732=CARTESIAN_POINT('Ctrl Pts',(-105.16381885954,12.0056192103589,8.48598653502852));
#2733=CARTESIAN_POINT('Ctrl Pts',(-105.249862148228,12.0122331023975,8.47775137923407));
#2734=CARTESIAN_POINT('Ctrl Pts',(-105.858949823007,12.0588061530534,8.41899602980814));
#2735=CARTESIAN_POINT('Ctrl Pts',(-106.356966517449,12.0957437359469,8.36855620332631));
#2736=CARTESIAN_POINT('Ctrl Pts',(-107.12843084408,12.1525073105129,8.28847836731236));
#2737=CARTESIAN_POINT('Ctrl Pts',(-107.416724930345,12.1736987365952,8.25805985003741));
#2738=CARTESIAN_POINT('Ctrl Pts',(-107.732061286045,12.1971554792532,8.22487312745692));
#2739=CARTESIAN_POINT('Ctrl Pts',(-107.767442500369,12.1997932909091,8.2211503806774));
#2740=CARTESIAN_POINT('Ctrl Pts',(-107.802832170959,12.202437860846,8.2174285511939));
#2741=CARTESIAN_POINT('',(-101.274949885198,11.6855326073518,8.81195635177172));
#2742=CARTESIAN_POINT('Origin',(-90.1297812215908,-14.9235726414899,-173.909072530672));
#2743=CARTESIAN_POINT('',(-75.9967427082569,-3.36305543217885,9.73586894712919));
#2744=CARTESIAN_POINT('Ctrl Pts',(-75.9967427092352,-3.36305543105627,9.73586894699606));
#2745=CARTESIAN_POINT('Ctrl Pts',(-76.2649852285219,-3.5957442776509,9.74496949281441));
#2746=CARTESIAN_POINT('Ctrl Pts',(-76.5411519460328,-3.81914057328557,9.75209998116353));
#2747=CARTESIAN_POINT('Ctrl Pts',(-77.0817716333415,-4.22646548204824,9.76167383712957));
#2748=CARTESIAN_POINT('Ctrl Pts',(-77.3446833135018,-4.41198442571281,9.76449320288365));
#2749=CARTESIAN_POINT('Ctrl Pts',(-77.900472920593,-4.77872112326729,9.76662934713895));
#2750=CARTESIAN_POINT('Ctrl Pts',(-78.1939248021559,-4.9585833404284,9.76568130191306));
#2751=CARTESIAN_POINT('Ctrl Pts',(-78.8901372376819,-5.35395169489183,9.75873739435002));
#2752=CARTESIAN_POINT('Ctrl Pts',(-79.2967911133857,-5.56162534526488,9.75119607883177));
#2753=CARTESIAN_POINT('Ctrl Pts',(-80.7534140481142,-6.2260285998828,9.7128824121051));
#2754=CARTESIAN_POINT('Ctrl Pts',(-81.8430758105345,-6.58358354462812,9.66399243058011));
#2755=CARTESIAN_POINT('Ctrl Pts',(-84.1559078411142,-7.06790363784541,9.53530615873414));
#2756=CARTESIAN_POINT('Ctrl Pts',(-85.3748438199365,-7.17582681424147,9.45445820670633));
#2757=CARTESIAN_POINT('Ctrl Pts',(-87.1604833421719,-7.12314862067629,9.3360170826008));
#2758=CARTESIAN_POINT('Ctrl Pts',(-87.7265346669363,-7.0752458141803,9.29851534283079));
#2759=CARTESIAN_POINT('Ctrl Pts',(-90.32412203396,-6.71090160508108,9.1318075414456));
#2760=CARTESIAN_POINT('Ctrl Pts',(-92.2842216994607,-6.0234570993492,9.02577327022446));
#2761=CARTESIAN_POINT('Ctrl Pts',(-95.1583839608623,-4.31629789708078,8.91672785729039));
#2762=CARTESIAN_POINT('Ctrl Pts',(-96.1766986272538,-3.52602849242998,8.88893620149898));
#2763=CARTESIAN_POINT('Ctrl Pts',(-98.1302008397437,-1.57766859124079,8.85069475381279));
#2764=CARTESIAN_POINT('Ctrl Pts',(-99.020489416736,-0.3924915946712,8.84364669110269));
#2765=CARTESIAN_POINT('Ctrl Pts',(-100.619698510383,2.52300421194668,8.83930606029629));
#2766=CARTESIAN_POINT('Ctrl Pts',(-101.211864801913,4.29180963151459,8.84431263719757));
#2767=CARTESIAN_POINT('Ctrl Pts',(-101.746807552829,7.97438321120087,8.84044761618461));
#2768=CARTESIAN_POINT('Ctrl Pts',(-101.678048835752,9.85882589139825,8.83013608772685));
#2769=CARTESIAN_POINT('Ctrl Pts',(-101.27494946529,11.6855364877421,8.81222615600622));
#2770=CARTESIAN_POINT('',(-74.4186586167515,-1.78044260893759,9.65454769564118));
#2771=CARTESIAN_POINT('Ctrl Pts',(-75.9967427084635,-3.36305543629838,9.73586894703144));
#2772=CARTESIAN_POINT('Ctrl Pts',(-75.8981229275986,-3.42292036121088,9.73403763452837));
#2773=CARTESIAN_POINT('Ctrl Pts',(-75.7910727167318,-3.46759777666586,9.73174623048239));
#2774=CARTESIAN_POINT('Ctrl Pts',(-75.5839937382198,-3.51941689906788,9.72664231675396));
#2775=CARTESIAN_POINT('Ctrl Pts',(-75.4861681094926,-3.53095552169895,9.72397878070245));
#2776=CARTESIAN_POINT('Ctrl Pts',(-75.2416131901432,-3.5284191721693,9.71658396449318));
#2777=CARTESIAN_POINT('Ctrl Pts',(-75.0967991964943,-3.49893288049889,9.71154051132419));
#2778=CARTESIAN_POINT('Ctrl Pts',(-74.8209615858191,-3.3851397424312,9.70038313171361));
#2779=CARTESIAN_POINT('Ctrl Pts',(-74.6933604192623,-3.29991794603386,9.69434199356996));
#2780=CARTESIAN_POINT('Ctrl Pts',(-74.4891347737155,-3.09528755684721,9.68295374997422));
#2781=CARTESIAN_POINT('Ctrl Pts',(-74.4103852710496,-2.98164670015494,9.67769392107531));
#2782=CARTESIAN_POINT('Ctrl Pts',(-74.2939316959895,-2.72606369432725,9.66802057984085));
#2783=CARTESIAN_POINT('Ctrl Pts',(-74.2593735670661,-2.58526359026647,9.6637524074156));
#2784=CARTESIAN_POINT('Ctrl Pts',(-74.2455643272301,-2.32836954079578,9.65802638483692));
#2785=CARTESIAN_POINT('Ctrl Pts',(-74.2562889192048,-2.21471949569611,9.65619853181146));
#2786=CARTESIAN_POINT('Ctrl Pts',(-74.2981699682544,-2.04500195314087,9.65460916102979));
#2787=CARTESIAN_POINT('Ctrl Pts',(-74.3175772131666,-1.98678968737732,9.65428537663296));
#2788=CARTESIAN_POINT('Ctrl Pts',(-74.3635360958089,-1.87859087379089,9.65411645123254));
#2789=CARTESIAN_POINT('Ctrl Pts',(-74.3893121604701,-1.82847619675229,9.65423468307353));
#2790=CARTESIAN_POINT('Ctrl Pts',(-74.4186586160393,-1.78044260849959,9.65454769519827));
#2791=CARTESIAN_POINT('',(-81.8397255995555,23.2267487713349,8.82873125448891));
#2792=CARTESIAN_POINT('Ctrl Pts',(-74.418658616964,-1.78044260877837,9.6545476952465));
#2793=CARTESIAN_POINT('Ctrl Pts',(-73.34939350537,-0.540644143234469,9.579126505969));
#2794=CARTESIAN_POINT('Ctrl Pts',(-72.4842232222251,0.860308803080919,9.47308572826413));
#2795=CARTESIAN_POINT('Ctrl Pts',(-71.2231972279814,3.88205617831143,9.26468471229602));
#2796=CARTESIAN_POINT('Ctrl Pts',(-70.8354757399067,5.48606960458593,9.16579852712217));
#2797=CARTESIAN_POINT('Ctrl Pts',(-70.5495050071899,9.11214228275489,8.9933663004245));
#2798=CARTESIAN_POINT('Ctrl Pts',(-70.7781498194569,11.1140343957083,8.93015926050077));
#2799=CARTESIAN_POINT('Ctrl Pts',(-71.991177478147,14.9477537433745,8.85146315958201));
#2800=CARTESIAN_POINT('Ctrl Pts',(-72.9734791154659,16.7391238723109,8.83673636036107));
#2801=CARTESIAN_POINT('Ctrl Pts',(-75.2541198887398,19.4637623846071,8.82831098809146));
#2802=CARTESIAN_POINT('Ctrl Pts',(-76.4040445099807,20.4847950361446,8.83005525195004));
#2803=CARTESIAN_POINT('Ctrl Pts',(-78.3256406626368,21.7389186155544,8.83150925733089));
#2804=CARTESIAN_POINT('Ctrl Pts',(-78.9966090504866,22.10909702641,8.83182834808002));
#2805=CARTESIAN_POINT('Ctrl Pts',(-80.0395712994541,22.5875036176279,8.83137952575484));
#2806=CARTESIAN_POINT('Ctrl Pts',(-80.3927371931884,22.7339356929609,8.83108042060611));
#2807=CARTESIAN_POINT('Ctrl Pts',(-81.2841750772751,23.0654480801795,8.82990437687856));
#2808=CARTESIAN_POINT('Ctrl Pts',(-81.6954889128036,23.1849649761711,8.82899488488577));
#2809=CARTESIAN_POINT('Ctrl Pts',(-81.8396978856262,23.22675159054,8.82867494270669));
#2810=CARTESIAN_POINT('',(-80.0075054247336,29.5500216165881,8.2501287043854));
#2811=CARTESIAN_POINT('Ctrl Pts',(-81.8405767141711,23.2269854157579,8.82874188071822));
#2812=CARTESIAN_POINT('Ctrl Pts',(-81.7800103617343,23.4513645518891,8.81283250270234));
#2813=CARTESIAN_POINT('Ctrl Pts',(-81.719673902634,23.6733609599583,8.79672039056611));
#2814=CARTESIAN_POINT('Ctrl Pts',(-81.620192480948,24.0368109508341,8.76969654678856));
#2815=CARTESIAN_POINT('Ctrl Pts',(-81.5809080665845,24.1796566656032,8.75890619850761));
#2816=CARTESIAN_POINT('Ctrl Pts',(-81.5025378375688,24.4632126953315,8.73713967018569));
#2817=CARTESIAN_POINT('Ctrl Pts',(-81.4630750173908,24.6052730067683,8.72605645813922));
#2818=CARTESIAN_POINT('Ctrl Pts',(-81.3619362689812,24.9674422172491,8.69734213595285));
#2819=CARTESIAN_POINT('Ctrl Pts',(-81.2991039254717,25.1903474973001,8.67920536589301));
#2820=CARTESIAN_POINT('Ctrl Pts',(-81.2212322134279,25.4642217379869,8.65631342229493));
#2821=CARTESIAN_POINT('Ctrl Pts',(-81.2063931694678,25.516304808825,8.6519326784445));
#2822=CARTESIAN_POINT('Ctrl Pts',(-81.1525515370665,25.7049103533411,8.6359685556497));
#2823=CARTESIAN_POINT('Ctrl Pts',(-81.113487727756,25.8410343760838,8.62425536706524));
#2824=CARTESIAN_POINT('Ctrl Pts',(-81.0352594475671,26.112260193213,8.60052281581177));
#2825=CARTESIAN_POINT('Ctrl Pts',(-80.9956799425099,26.2487855638002,8.58837464451122));
#2826=CARTESIAN_POINT('Ctrl Pts',(-80.9438281869366,26.4267782752008,8.57227087312507));
#2827=CARTESIAN_POINT('Ctrl Pts',(-80.9307542692777,26.4716060925314,8.56819259393972));
#2828=CARTESIAN_POINT('Ctrl Pts',(-80.8178823012769,26.8581722592473,8.53282785127846));
#2829=CARTESIAN_POINT('Ctrl Pts',(-80.717995388014,27.1972675702716,8.50047678412829));
#2830=CARTESIAN_POINT('Ctrl Pts',(-80.595663582524,27.6086256291046,8.45955272547116));
#2831=CARTESIAN_POINT('Ctrl Pts',(-80.573088014268,27.6843748350542,8.45194605598704));
#2832=CARTESIAN_POINT('Ctrl Pts',(-80.4471719943085,28.1059396391254,8.40921686337078));
#2833=CARTESIAN_POINT('Ctrl Pts',(-80.3440161391913,28.4479520499918,8.37305789423658));
#2834=CARTESIAN_POINT('Ctrl Pts',(-80.2198058734978,28.8563339101478,8.32830566740881));
#2835=CARTESIAN_POINT('Ctrl Pts',(-80.1981239362411,28.9274921829875,8.32044867452717));
#2836=CARTESIAN_POINT('Ctrl Pts',(-80.1306263391396,29.1486275042928,8.29585318459439));
#2837=CARTESIAN_POINT('Ctrl Pts',(-80.0849179495063,29.2978526609547,8.27899834705149));
#2838=CARTESIAN_POINT('Ctrl Pts',(-80.0287708415512,29.4807486418232,8.25808317688464));
#2839=CARTESIAN_POINT('Ctrl Pts',(-80.0181397980928,29.5153784383159,8.25411178726394));
#2840=CARTESIAN_POINT('Ctrl Pts',(-80.0075054843924,29.5500215655949,8.25012810167878));
#2841=CARTESIAN_POINT('Ctrl Pts',(-80.0075054259854,29.5500216104057,8.25012931588579));
#2842=CARTESIAN_POINT('Ctrl Pts',(-77.9342798302747,28.9377654598283,8.24818339342268));
#2843=CARTESIAN_POINT('Ctrl Pts',(-75.963113613424,28.0219084586934,8.23528179177314));
#2844=CARTESIAN_POINT('Ctrl Pts',(-72.4084728577051,25.6790623134328,8.20375689108099));
#2845=CARTESIAN_POINT('Ctrl Pts',(-70.8332874729634,24.2806243980455,8.18561234141686));
#2846=CARTESIAN_POINT('Ctrl Pts',(-67.6633780797212,20.5284263283898,8.15300102467354));
#2847=CARTESIAN_POINT('Ctrl Pts',(-66.2778089269849,18.0465113082649,8.1424891934577));
#2848=CARTESIAN_POINT('Ctrl Pts',(-64.5112631552802,12.6590914907401,8.17075621929061));
#2849=CARTESIAN_POINT('Ctrl Pts',(-64.1607287440977,9.79991477321228,8.20605551897132));
#2850=CARTESIAN_POINT('Ctrl Pts',(-64.4650330268473,5.62370806926335,8.3366736457193));
#2851=CARTESIAN_POINT('Ctrl Pts',(-64.6856891288006,4.29174654323129,8.37791626768518));
#2852=CARTESIAN_POINT('Ctrl Pts',(-65.2552067560508,2.11831519503024,8.52642843508672));
#2853=CARTESIAN_POINT('Ctrl Pts',(-65.538758452975,1.25826907162217,8.60850419658463));
#2854=CARTESIAN_POINT('Ctrl Pts',(-66.1944921418423,-0.382461716130181,
8.7897560971763));
#2855=CARTESIAN_POINT('Ctrl Pts',(-66.5619106463418,-1.16422924529008,8.88760537466688));
#2856=CARTESIAN_POINT('Ctrl Pts',(-66.9743701317053,-1.92209395251512,8.98433715472393));
#2857=CARTESIAN_POINT('',(-65.638413551468,2.86186859502416,8.58750778037026));
#2858=CARTESIAN_POINT('Ctrl Pts',(-65.638413551468,2.8618685950242,8.58750778037026));
#2859=CARTESIAN_POINT('Ctrl Pts',(-65.7456718984702,2.75293516211114,8.60934271698262));
#2860=CARTESIAN_POINT('Ctrl Pts',(-65.8610439074737,2.65215055998141,8.63229376086049));
#2861=CARTESIAN_POINT('Ctrl Pts',(-66.4596334879347,2.2024471264986,8.74794223420453));
#2862=CARTESIAN_POINT('Ctrl Pts',(-67.0416712253843,1.98743499619468,8.84806933182655));
#2863=CARTESIAN_POINT('Ctrl Pts',(-67.9685810052673,1.92980384671911,8.98092713035706));
#2864=CARTESIAN_POINT('Ctrl Pts',(-68.3028160220892,1.9628330363607,9.02413257707362));
#2865=CARTESIAN_POINT('Ctrl Pts',(-69.0514251195601,2.16277236440355,9.10956020087777));
#2866=CARTESIAN_POINT('Ctrl Pts',(-69.4545866969532,2.37089182370925,9.14660569569852));
#2867=CARTESIAN_POINT('Ctrl Pts',(-70.1080106219019,2.91407448478733,9.19435007562556));
#2868=CARTESIAN_POINT('Ctrl Pts',(-70.3667899531767,3.23665572423466,9.20721821704596));
#2869=CARTESIAN_POINT('Ctrl Pts',(-70.977904294475,4.39986664893376,9.22016542276486));
#2870=CARTESIAN_POINT('Ctrl Pts',(-71.0326696665152,6.39759184635275,9.14855062951506));
#2871=CARTESIAN_POINT('Ctrl Pts',(-69.5414654736926,7.71055036387923,8.95585965576395));
#2872=CARTESIAN_POINT('Ctrl Pts',(-67.8919214932946,8.17587566786044,8.75863806105396));
#2873=CARTESIAN_POINT('Ctrl Pts',(-67.0256085445869,8.07365627283906,8.65973738032774));
#2874=CARTESIAN_POINT('Ctrl Pts',(-65.9975377907843,7.48760393056191,8.53907887958967));
#2875=CARTESIAN_POINT('Ctrl Pts',(-65.7091056774612,7.24685640466578,8.50478359545546));
#2876=CARTESIAN_POINT('Ctrl Pts',(-65.2285980994041,6.66859616823116,8.44709199656697));
#2877=CARTESIAN_POINT('Ctrl Pts',(-65.039842930122,6.32923074235238,8.42409641851914));
#2878=CARTESIAN_POINT('Ctrl Pts',(-64.7920444924357,5.58424409367338,8.39539428140153));
#2879=CARTESIAN_POINT('Ctrl Pts',(-64.7412962824102,5.17646747320661,8.39106661687408));
#2880=CARTESIAN_POINT('Ctrl Pts',(-64.8222562889713,4.05730472005814,8.41497769042866));
#2881=CARTESIAN_POINT('Ctrl Pts',(-65.139263996754,3.36881351867595,8.4858942538533));
#2882=CARTESIAN_POINT('Ctrl Pts',(-65.638413551468,2.8618685950242,8.58750778037026));
#2883=CARTESIAN_POINT('Origin',(-98.3538764610162,-5.69009925791282,6.59472828129684));
#2884=CARTESIAN_POINT('',(-95.5053510126355,-5.69009925791282,5.08018276581232));
#2885=CARTESIAN_POINT('',(-95.4789145223259,-5.69009925791282,6.59472828129684));
#2886=CARTESIAN_POINT('Origin',(-98.3538764610162,-5.69009925791282,5.08018276581232));
#2887=CARTESIAN_POINT('Ctrl Pts',(-65.638413551468,2.8618685950242,8.58750778037026));
#2888=CARTESIAN_POINT('Ctrl Pts',(-65.139263996754,3.36881351867595,8.4858942538533));
#2889=CARTESIAN_POINT('Ctrl Pts',(-64.8222562889713,4.05730472005814,8.41497769042866));
#2890=CARTESIAN_POINT('Ctrl Pts',(-64.7412962824102,5.17646747320661,8.39106661687408));
#2891=CARTESIAN_POINT('Ctrl Pts',(-64.7920444924357,5.58424409367338,8.39539428140153));
#2892=CARTESIAN_POINT('Ctrl Pts',(-65.039842930122,6.32923074235238,8.42409641851914));
#2893=CARTESIAN_POINT('Ctrl Pts',(-65.2285980994041,6.66859616823116,8.44709199656697));
#2894=CARTESIAN_POINT('Ctrl Pts',(-65.7091056774612,7.24685640466578,8.50478359545546));
#2895=CARTESIAN_POINT('Ctrl Pts',(-65.9975377907843,7.48760393056191,8.53907887958967));
#2896=CARTESIAN_POINT('Ctrl Pts',(-67.0256085445869,8.07365627283906,8.65973738032774));
#2897=CARTESIAN_POINT('Ctrl Pts',(-67.8919214932946,8.17587566786044,8.75863806105396));
#2898=CARTESIAN_POINT('Ctrl Pts',(-69.5414654736926,7.71055036387923,8.95585965576395));
#2899=CARTESIAN_POINT('Ctrl Pts',(-71.0326696665152,6.39759184635275,9.14855062951506));
#2900=CARTESIAN_POINT('Ctrl Pts',(-70.977904294475,4.39986664893376,9.22016542276486));
#2901=CARTESIAN_POINT('Ctrl Pts',(-70.3667899531767,3.23665572423466,9.20721821704596));
#2902=CARTESIAN_POINT('Ctrl Pts',(-70.1080106219019,2.91407448478733,9.19435007562556));
#2903=CARTESIAN_POINT('Ctrl Pts',(-69.4545866969532,2.37089182370925,9.14660569569852));
#2904=CARTESIAN_POINT('Ctrl Pts',(-69.0514251195601,2.16277236440355,9.10956020087777));
#2905=CARTESIAN_POINT('Ctrl Pts',(-68.3028160220892,1.9628330363607,9.02413257707362));
#2906=CARTESIAN_POINT('Ctrl Pts',(-67.9685810052673,1.92980384671911,8.98092713035706));
#2907=CARTESIAN_POINT('Ctrl Pts',(-67.0416712253843,1.98743499619468,8.84806933182655));
#2908=CARTESIAN_POINT('Ctrl Pts',(-66.4596334879347,2.2024471264986,8.74794223420453));
#2909=CARTESIAN_POINT('Ctrl Pts',(-65.8610439074737,2.65215055998141,8.63229376086049));
#2910=CARTESIAN_POINT('Ctrl Pts',(-65.7456718984702,2.75293516211114,8.60934271698262));
#2911=CARTESIAN_POINT('Ctrl Pts',(-65.638413551468,2.8618685950242,8.58750778037026));
#2912=CARTESIAN_POINT('Ctrl Pts',(-65.6675702660862,2.89140580818441,8.59239755724871));
#2913=CARTESIAN_POINT('Ctrl Pts',(-65.1758455077142,3.39247817026306,8.49283666757907));
#2914=CARTESIAN_POINT('Ctrl Pts',(-64.8642725290517,4.07114828354521,8.42360304135866));
#2915=CARTESIAN_POINT('Ctrl Pts',(-64.7843661370698,5.17404081211749,8.3991718122315));
#2916=CARTESIAN_POINT('Ctrl Pts',(-64.8342683717946,5.57602930934246,8.40313169737517));
#2917=CARTESIAN_POINT('Ctrl Pts',(-65.0781683748287,6.3106141026219,8.43084747670913));
#2918=CARTESIAN_POINT('Ctrl Pts',(-65.2640736401932,6.64541564270573,8.45329895649556));
#2919=CARTESIAN_POINT('Ctrl Pts',(-65.7375480468521,7.21611245073113,8.50983878744377));
#2920=CARTESIAN_POINT('Ctrl Pts',(-66.0218992296135,7.45390285123505,8.54355139655121));
#2921=CARTESIAN_POINT('Ctrl Pts',(-67.0357494458162,8.03302108991404,8.66234235036092));
#2922=CARTESIAN_POINT('Ctrl Pts',(-67.8908524944678,8.13491718213595,8.76001013982574));
#2923=CARTESIAN_POINT('Ctrl Pts',(-69.5199929786863,7.67681476143733,8.95496936790669));
#2924=CARTESIAN_POINT('Ctrl Pts',(-70.9941477381623,6.38107953187364,9.14573604924289));
#2925=CARTESIAN_POINT('Ctrl Pts',(-70.9407335083665,4.40699833924795,9.21657295798568));
#2926=CARTESIAN_POINT('Ctrl Pts',(-70.3369891639564,3.25761446051907,9.20357540466265));
#2927=CARTESIAN_POINT('Ctrl Pts',(-70.081223347716,2.93892060205746,9.19077713259368));
#2928=CARTESIAN_POINT('Ctrl Pts',(-69.4354670782054,2.40243067666066,9.14341001958815));
#2929=CARTESIAN_POINT('Ctrl Pts',(-69.0369903230414,2.19703596980117,9.10671028672391));
#2930=CARTESIAN_POINT('Ctrl Pts',(-68.2972508415673,2.00017331042484,9.02227037160953));
#2931=CARTESIAN_POINT('Ctrl Pts',(-67.9670269277116,1.96791858549797,8.97959654562518));
#2932=CARTESIAN_POINT('Ctrl Pts',(-67.0515377690169,2.02600123883031,8.84848919860285));
#2933=CARTESIAN_POINT('Ctrl Pts',(-66.4770667577375,2.23932625246917,8.7498541483783));
#2934=CARTESIAN_POINT('Ctrl Pts',(-65.8869491476961,2.68412684621838,8.63632178037736));
#2935=CARTESIAN_POINT('Ctrl Pts',(-65.7732419267097,2.78376589697232,8.61380142837326));
#2936=CARTESIAN_POINT('Ctrl Pts',(-65.6675702660862,2.89140580818441,8.59239755724871));
#2937=CARTESIAN_POINT('Ctrl Pts',(-65.7323726979287,2.94955722156359,8.56568961471058));
#2938=CARTESIAN_POINT('Ctrl Pts',(-65.2561156304859,3.43884772661454,8.46809345752745));
#2939=CARTESIAN_POINT('Ctrl Pts',(-64.955989479986,4.09851630295531,8.40060360100212));
#2940=CARTESIAN_POINT('Ctrl Pts',(-64.8775283689111,5.1687789058217,8.37561990903055));
#2941=CARTESIAN_POINT('Ctrl Pts',(-64.925331231067,5.55903433117113,8.37913891065673));
#2942=CARTESIAN_POINT('Ctrl Pts',(-65.1608192367401,6.27272586190325,8.40583215190052));
#2943=CARTESIAN_POINT('Ctrl Pts',(-65.3406870936535,6.59829838088901,8.42771106562039));
#2944=CARTESIAN_POINT('Ctrl Pts',(-65.7995782211942,7.15384428764287,8.48309581180622));
#2945=CARTESIAN_POINT('Ctrl Pts',(-66.075489439829,7.38559901275588,8.51622704281738));
#2946=CARTESIAN_POINT('Ctrl Pts',(-67.0602560962359,7.95093394046205,8.63320586619179));
#2947=CARTESIAN_POINT('Ctrl Pts',(-67.8924770655418,8.05193676322284,8.72971306846341));
#2948=CARTESIAN_POINT('Ctrl Pts',(-69.480318327045,7.60838227871374,8.9226135104189));
#2949=CARTESIAN_POINT('Ctrl Pts',(-70.9197844682395,6.34699403025777,9.11168420638106));
#2950=CARTESIAN_POINT('Ctrl Pts',(-70.8691145865432,4.420144753307,9.18186824159887));
#2951=CARTESIAN_POINT('Ctrl Pts',(-70.280070662925,3.298454197238,9.16885250777707));
#2952=CARTESIAN_POINT('Ctrl Pts',(-70.0305078471721,2.98747796697348,9.15611759756946));
#2953=CARTESIAN_POINT('Ctrl Pts',(-69.4002962598316,2.46439663217178,9.10909924299422));
#2954=CARTESIAN_POINT('Ctrl Pts',(-69.0114338393666,2.2644325847596,9.07270829048722));
#2955=CARTESIAN_POINT('Ctrl Pts',(-68.2899181381647,2.0737773479466,8.98916839147414));
#2956=CARTESIAN_POINT('Ctrl Pts',(-67.9679742480429,2.04306842942048,8.94697715525937));
#2957=CARTESIAN_POINT('Ctrl Pts',(-67.0760764835794,2.10204656462836,8.8174891627912));
#2958=CARTESIAN_POINT('Ctrl Pts',(-66.5173408790449,2.31196369808497,8.72025769062987));
#2959=CARTESIAN_POINT('Ctrl Pts',(-65.944936124982,2.74708625135863,8.60876667812759));
#2960=CARTESIAN_POINT('Ctrl Pts',(-65.8347201026076,2.84446199629847,8.58667145551685));
#2961=CARTESIAN_POINT('Ctrl Pts',(-65.7323726979287,2.94955722156359,8.56568961471058));
#2962=CARTESIAN_POINT('Ctrl Pts',(-65.768052984356,2.96819788673826,8.48393174753841));
#2963=CARTESIAN_POINT('Ctrl Pts',(-65.2965507810132,3.45181466835779,8.3839094122074));
#2964=CARTESIAN_POINT('Ctrl Pts',(-64.9983517006261,4.10610294819074,8.31430559075455));
#2965=CARTESIAN_POINT('Ctrl Pts',(-64.9195169004509,5.16640872488337,8.28969910216079));
#2966=CARTESIAN_POINT('Ctrl Pts',(-64.9665643158844,5.55282683530666,8.29362784920082));
#2967=CARTESIAN_POINT('Ctrl Pts',(-65.1994120988847,6.25924967986509,8.321411570782));
#2968=CARTESIAN_POINT('Ctrl Pts',(-65.3774165112554,6.58131406429129,8.3439288481416));
#2969=CARTESIAN_POINT('Ctrl Pts',(-65.8315209945262,7.13055911169741,8.40066030856035));
#2970=CARTESIAN_POINT('Ctrl Pts',(-66.1045150370086,7.35945481374727,8.43448695303769));
#2971=CARTESIAN_POINT('Ctrl Pts',(-67.0785558710112,7.91735196988075,8.55368605272673));
#2972=CARTESIAN_POINT('Ctrl Pts',(-67.901106230032,8.01584156437518,8.65167886236481));
#2973=CARTESIAN_POINT('Ctrl Pts',(-69.4693388047146,7.57538383405964,8.84728033518141));
#2974=CARTESIAN_POINT('Ctrl Pts',(-70.8894503549441,6.32746819397368,9.03863215233902));
#2975=CARTESIAN_POINT('Ctrl Pts',(-70.8385273491827,4.42453677574866,9.10975515528257));
#2976=CARTESIAN_POINT('Ctrl Pts',(-70.2570793263975,3.3166618675711,9.09683947438949));
#2977=CARTESIAN_POINT('Ctrl Pts',(-70.0108721869536,3.0094874399843,9.08404499401889));
#2978=CARTESIAN_POINT('Ctrl Pts',(-69.3891956337511,2.49265946177099,9.0366335271529));
#2979=CARTESIAN_POINT('Ctrl Pts',(-69.0057097886616,2.29495227076637,8.99987475787106));
#2980=CARTESIAN_POINT('Ctrl Pts',(-68.2941319279151,2.10604263818794,8.91524784670652));
#2981=CARTESIAN_POINT('Ctrl Pts',(-67.9765678528806,2.07532184045515,8.87246818487047));
#2982=CARTESIAN_POINT('Ctrl Pts',(-67.0964188145231,2.13233191771171,8.74099816233196));
#2983=CARTESIAN_POINT('Ctrl Pts',(-66.5445945280389,2.33863577806022,8.64204243380876));
#2984=CARTESIAN_POINT('Ctrl Pts',(-65.9784379731101,2.76813758846523,8.52804539012669));
#2985=CARTESIAN_POINT('Ctrl Pts',(-65.8693755314564,2.86431724172168,8.50543114202505));
#2986=CARTESIAN_POINT('Ctrl Pts',(-65.768052984356,2.96819788673826,8.48393174753841));
#2987=CARTESIAN_POINT('Ctrl Pts',(-65.7726778014393,2.96446484745014,8.4425127094665));
#2988=CARTESIAN_POINT('Ctrl Pts',(-65.2997259415962,3.44738608720484,8.34120267972793));
#2989=CARTESIAN_POINT('Ctrl Pts',(-64.9994098012032,4.1034902107337,8.27050241115963));
#2990=CARTESIAN_POINT('Ctrl Pts',(-64.9201323333379,5.16639277544421,8.2461263467678));
#2991=CARTESIAN_POINT('Ctrl Pts',(-64.9673169624363,5.55353958374782,8.25025537680741));
#2992=CARTESIAN_POINT('Ctrl Pts',(-65.2009460612892,6.26101696521506,8.27861782459117));
#2993=CARTESIAN_POINT('Ctrl Pts',(-65.3794672121328,6.58333526812384,8.30146287843133));
#2994=CARTESIAN_POINT('Ctrl Pts',(-65.8346381125911,7.13261532868945,8.35889919479927));
#2995=CARTESIAN_POINT('Ctrl Pts',(-66.108106175252,7.36130669413371,8.39308532340495));
#2996=CARTESIAN_POINT('Ctrl Pts',(-67.0833834270718,7.91799875845891,8.51344226890598));
#2997=CARTESIAN_POINT('Ctrl Pts',(-67.9059442895051,8.01504208553023,8.61220241572517));
#2998=CARTESIAN_POINT('Ctrl Pts',(-69.4726739475085,7.57235219621505,8.80920720858342));
#2999=CARTESIAN_POINT('Ctrl Pts',(-70.8893774488716,6.32380085934875,9.00173934666013));
#3000=CARTESIAN_POINT('Ctrl Pts',(-70.8373743560748,4.42397166632259,9.07334563537923));
#3001=CARTESIAN_POINT('Ctrl Pts',(-70.2570540305562,3.31777039979325,9.0604840706253));
#3002=CARTESIAN_POINT('Ctrl Pts',(-70.011352368432,3.01103380615959,9.04765652176383));
#3003=CARTESIAN_POINT('Ctrl Pts',(-69.3911502601474,2.49468864913926,9.00004232992184));
#3004=CARTESIAN_POINT('Ctrl Pts',(-69.0085964298787,2.2969715745608,8.963091365337));
#3005=CARTESIAN_POINT('Ctrl Pts',(-68.2986041762028,2.10742612882776,8.87790169558355));
#3006=CARTESIAN_POINT('Ctrl Pts',(-67.9816300176294,2.07622058261768,8.8348154026911));
#3007=CARTESIAN_POINT('Ctrl Pts',(-67.1026420617868,2.1315403952612,8.70231875478774));
#3008=CARTESIAN_POINT('Ctrl Pts',(-66.5508636659428,2.33629875569413,8.60247019789935));
#3009=CARTESIAN_POINT('Ctrl Pts',(-65.9836265037945,2.7646848246353,8.48716467084858));
#3010=CARTESIAN_POINT('Ctrl Pts',(-65.8743067113781,2.86069352685165,8.46428240620008));
#3011=CARTESIAN_POINT('Ctrl Pts',(-65.7726778014393,2.96446484745014,8.4425127094665));
#3012=CARTESIAN_POINT('',(-65.7726605074128,2.96447869693198,8.4426670411682));
#3013=CARTESIAN_POINT('Origin',(-65.6657844215063,2.85926154497818,8.44004918020261));
#3014=CARTESIAN_POINT('',(-64.9405477462321,5.00432466281599,8.25141437608446));
#3015=CARTESIAN_POINT('Ctrl Pts',(-65.7726605074128,2.96447869693198,8.4426670411682));
#3016=CARTESIAN_POINT('Ctrl Pts',(-65.2997140315101,3.44740253830663,8.34136180924581));
#3017=CARTESIAN_POINT('Ctrl Pts',(-64.9994057653701,4.10349991656474,8.27066562603739));
#3018=CARTESIAN_POINT('Ctrl Pts',(-64.9431501854971,4.85774828726519,8.2533673132048));
#3019=CARTESIAN_POINT('Ctrl Pts',(-64.9404722733511,4.93104046518648,8.25216328158518));
#3020=CARTESIAN_POINT('Ctrl Pts',(-64.9405477462692,5.00432466279524,8.25141437396929));
#3021=CARTESIAN_POINT('Ctrl Pts',(-64.940547746195,5.00432466283674,8.25141437819963));
#3022=CARTESIAN_POINT('Ctrl Pts',(-64.9406493869583,5.10301802596915,8.25040581982904));
#3023=CARTESIAN_POINT('Ctrl Pts',(-64.9457444745159,5.20169051177588,8.25022336552456));
#3024=CARTESIAN_POINT('Ctrl Pts',(-64.9557826228165,5.29984551120091,8.25082397201489));
#3025=CARTESIAN_POINT('Ctrl Pts',(-64.9658200251379,5.39799321629452,8.25142453387151));
#3026=CARTESIAN_POINT('Ctrl Pts',(-64.980799944935,5.49562491836839,8.25280805138579));
#3027=CARTESIAN_POINT('Ctrl Pts',(-65.0006747265874,5.59224236746592,8.25493244766065));
#3028=CARTESIAN_POINT('Ctrl Pts',(-65.0205506372844,5.68886530519717,8.25705696461799));
#3029=CARTESIAN_POINT('Ctrl Pts',(-65.0453229828205,5.78447506870331,8.25992244834478));
#3030=CARTESIAN_POINT('Ctrl Pts',(-65.0749377632759,5.878551824229,8.2634876401001));
#3031=CARTESIAN_POINT('Ctrl Pts',(-65.078951705354,5.89130284388102,8.26397086074139));
#3032=CARTESIAN_POINT('Ctrl Pts',(-65.0830545807891,5.90402565402156,8.26446693672509));
#3033=CARTESIAN_POINT('Ctrl Pts',(-65.0872462260968,5.91671891322073,8.26497576650203));
#3034=CARTESIAN_POINT('Ctrl Pts',(-65.0999961421505,5.95532857061254,8.26652349691941));
#3035=CARTESIAN_POINT('Ctrl Pts',(-65.1135616984918,5.99366307069666,8.26818509236087));
#3036=CARTESIAN_POINT('Ctrl Pts',(-65.1279250391786,6.03169077419479,8.26995659562852));
#3037=CARTESIAN_POINT('Ctrl Pts',(-65.1484637692982,6.08606814755452,8.27248974082878));
#3038=CARTESIAN_POINT('Ctrl Pts',(-65.170633778909,6.13981819047077,8.27524762120822));
#3039=CARTESIAN_POINT('Ctrl Pts',(-65.194382323164,6.19284860096212,8.27821859350075));
#3040=CARTESIAN_POINT('Ctrl Pts',(-65.2347463237951,6.28298126339231,8.28326817995973));
#3041=CARTESIAN_POINT('Ctrl Pts',(-65.2796706190656,6.37103644105483,8.28893337242514));
#3042=CARTESIAN_POINT('Ctrl Pts',(-65.3289037273753,6.45657821500012,8.29515802996601));
#3043=CARTESIAN_POINT('Ctrl Pts',(-65.3781630861571,6.5421655987397,8.30138600641572));
#3044=CARTESIAN_POINT('Ctrl Pts',(-65.4317366250684,6.62523809635925,8.30817404598907));
#3045=CARTESIAN_POINT('Ctrl Pts',(-65.4893731501256,6.70535631620588,8.31546683397481));
#3046=CARTESIAN_POINT('Ctrl Pts',(-65.527895018923,6.75890401968298,8.32034103174566));
#3047=CARTESIAN_POINT('Ctrl Pts',(-65.5682319116956,6.81113189586958,8.32544072147928));
#3048=CARTESIAN_POINT('Ctrl Pts',(-65.6103054020867,6.86190475336001,8.3307496069285));
#3049=CARTESIAN_POINT('Ctrl Pts',(-65.63584761313,6.89272822508142,8.33397255494845));
#3050=CARTESIAN_POINT('Ctrl Pts',(-65.6620289317099,6.92300930805531,8.33727183763555));
#3051=CARTESIAN_POINT('Ctrl Pts',(-65.6888222592583,6.95272782434515,8.34064382021759));
#3052=CARTESIAN_POINT('Ctrl Pts',(-65.731142867284,6.99966882772501,8.34596993556726));
#3053=CARTESIAN_POINT('Ctrl Pts',(-65.7749904288994,7.04520622447,8.35147743624827));
#3054=CARTESIAN_POINT('Ctrl Pts',(-65.8202570100897,7.08926150571212,8.35715185786543));
#3055=CARTESIAN_POINT('Ctrl Pts',(-65.8942262635274,7.1612513971018,8.36642432156106));
#3056=CARTESIAN_POINT('Ctrl Pts',(-65.9719853732801,7.22928514075751,8.37614256046852));
#3057=CARTESIAN_POINT('Ctrl Pts',(-66.0530852096279,7.29304557628156,8.3862445423644));
#3058=CARTESIAN_POINT('Ctrl Pts',(-66.1342021798576,7.35681948240943,8.39634865849594));
#3059=CARTESIAN_POINT('Ctrl Pts',(-66.218662312228,7.41631952003142,8.40683668399366));
#3060=CARTESIAN_POINT('Ctrl Pts',(-66.3060264285838,7.47123191589889,8.41764736675204));
#3061=CARTESIAN_POINT('Ctrl Pts',(-66.3412271030745,7.49335717113027,8.42200319773476));
#3062=CARTESIAN_POINT('Ctrl Pts',(-66.3768992466188,7.51473759201741,8.42641141909892));
#3063=CARTESIAN_POINT('Ctrl Pts',(-66.4130138973019,7.53535227168331,8.43086806107351));
#3064=CARTESIAN_POINT('Ctrl Pts',(-66.413014495483,7.53535261313228,8.43086813489061));
#3065=CARTESIAN_POINT('Ctrl Pts',(-66.4130150936641,7.53535295458104,8.43086820870772));
#3066=CARTESIAN_POINT('Ctrl Pts',(-66.4130156918454,7.53535329602959,8.43086828252484));
#3067=CARTESIAN_POINT('Ctrl Pts',(-66.500936131141,7.58553926465695,8.44171789317767));
#3068=CARTESIAN_POINT('Ctrl Pts',(-66.5915707019831,7.63086203959165,8.45284793677924));
#3069=CARTESIAN_POINT('Ctrl Pts',(-66.684295416307,7.67120802009144,8.46420625496258));
#3070=CARTESIAN_POINT('Ctrl Pts',(-66.7771025597162,7.71158986678176,8.47557467030054));
#3071=CARTESIAN_POINT('Ctrl Pts',(-66.8720051815943,7.74698984763063,8.48717193002552));
#3072=CARTESIAN_POINT('Ctrl Pts',(-66.968433001957,7.77735362745376,8.49894722615733));
#3073=CARTESIAN_POINT('Ctrl Pts',(-67.0649238073058,7.80773724037322,8.51073021370911));
#3074=CARTESIAN_POINT('Ctrl Pts',(-67.1629426892221,7.83308004994296,8.52269149334211));
#3075=CARTESIAN_POINT('Ctrl Pts',(-67.2619622315776,7.85334829113874,8.53478104680014));
#3076=CARTESIAN_POINT('Ctrl Pts',(-67.3610236742665,7.8736251088846,8.54687571597884));
#3077=CARTESIAN_POINT('Ctrl Pts',(-67.4610880280768,7.88882414823996,8.55909876454299));
#3078=CARTESIAN_POINT('Ctrl Pts',(-67.5616536502692,7.89890930036172,8.5714008077127));
#3079=CARTESIAN_POINT('Ctrl Pts',(-67.6622507829496,7.90899761249043,8.5837067055136));
#3080=CARTESIAN_POINT('Ctrl Pts',(-67.7633511093635,7.91396905219522,8.59609161978845));
#3081=CARTESIAN_POINT('Ctrl Pts',(-67.8644561221955,7.91377540274257,8.60850708646432));
#3082=CARTESIAN_POINT('Ctrl Pts',(-67.9655436465963,7.91358178678604,8.62092040560044));
#3083=CARTESIAN_POINT('Ctrl Pts',(-68.0666374561598,7.90822421037684,8.6333642672667));
#3084=CARTESIAN_POINT('Ctrl Pts',(-68.1672186155946,7.89764565100598,8.64579145153377));
#3085=CARTESIAN_POINT('Ctrl Pts',(-68.267753124745,7.88707199804906,8.65821287198101));
#3086=CARTESIAN_POINT('Ctrl Pts',(-68.3677767728995,7.87128059283319,8.6706176788449));
#3087=CARTESIAN_POINT('Ctrl Pts',(-68.4667284977514,7.85022259536597,8.68295954699497));
#3088=CARTESIAN_POINT('Ctrl Pts',(-68.5273868155784,7.83731384915585,8.69052522573323));
#3089=CARTESIAN_POINT('Ctrl Pts',(-68.5876413547135,7.82242621605019,8.69806726417423));
#3090=CARTESIAN_POINT('Ctrl Pts',(-68.647352319597,7.80555495036849,8.70557502713101));
#3091=CARTESIAN_POINT('Ctrl Pts',(-68.6473536245794,7.80555458164718,8.70557519121308));
#3092=CARTESIAN_POINT('Ctrl Pts',(-68.6473549295616,7.80555421292491,8.70557535529514));
#3093=CARTESIAN_POINT('Ctrl Pts',(-68.6473562345436,7.80555384420168,8.70557551937718));
#3094=CARTESIAN_POINT('Ctrl Pts',(-68.7403802151788,7.7792698780314,8.71727189881846));
#3095=CARTESIAN_POINT('Ctrl Pts',(-68.8320511820495,7.74797428048756,8.72887954292924));
#3096=CARTESIAN_POINT('Ctrl Pts',(-68.921868743284,7.71202025435696,8.74036088231891));
#3097=CARTESIAN_POINT('Ctrl Pts',(-69.0116185866652,7.67609333572554,8.75183356536513));
#3098=CARTESIAN_POINT('Ctrl Pts',(-69.0995228285036,7.63551639254295,8.7631804857144));
#3099=CARTESIAN_POINT('Ctrl Pts',(-69.1851745066457,7.5906477585888,8.77436676074115));
#3100=CARTESIAN_POINT('Ctrl Pts',(-69.2707833430597,7.54580156727504,8.78554744055526));
#3101=CARTESIAN_POINT('Ctrl Pts',(-69.3541438696226,7.49666895341687,8.79656769545167));
#3102=CARTESIAN_POINT('Ctrl Pts',(-69.4349030998575,7.44359224185595,8.80739373768245));
#3103=CARTESIAN_POINT('Ctrl Pts',(-69.5156338298949,7.39053426124083,8.81821595936737));
#3104=CARTESIAN_POINT('Ctrl Pts',(-69.593766836194,7.33353499447195,8.82884412322916));
#3105=CARTESIAN_POINT('Ctrl Pts',(-69.6689745872327,7.27291374960512,8.83924487196677));
#3106=CARTESIAN_POINT('Ctrl Pts',(-69.744166864847,7.21230497709967,8.84964348082921));
#3107=CARTESIAN_POINT('Ctrl Pts',(-69.8164364186943,7.14807508568719,8.85981472898851));
#3108=CARTESIAN_POINT('Ctrl Pts',(-69.8854579500896,7.08052526796503,8.86972586691947));
#3109=CARTESIAN_POINT('Ctrl Pts',(-69.954495218043,7.01296004922791,8.87963926453948));
#3110=CARTESIAN_POINT('Ctrl Pts',(-70.0202838484519,6.94207224970668,8.88929239517204));
#3111=CARTESIAN_POINT('Ctrl Pts',(-70.0824838355154,6.86815871025136,8.89865372348714));
#3112=CARTESIAN_POINT('Ctrl Pts',(-70.1446852024126,6.79424353111093,8.90801525947231));
#3113=CARTESIAN_POINT('Ctrl Pts',(-70.2032980627847,6.71730088414019,8.91708499774261));
#3114=CARTESIAN_POINT('Ctrl Pts',(-70.2579590291538,6.63764361909127,8.92583281924456));
#3115=CARTESIAN_POINT('Ctrl Pts',(-70.3126529090632,6.55793838923727,8.9345859081575));
#3116=CARTESIAN_POINT('Ctrl Pts',(-70.3633896204571,6.47551329717076,8.94301675512879));
#3117=CARTESIAN_POINT('Ctrl Pts',(-70.4097830498711,6.39072467778927,8.95109595794407));
#3118=CARTESIAN_POINT('Ctrl Pts',(-70.4507294393991,6.31589106706914,8.95822658376176));
#3119=CARTESIAN_POINT('Ctrl Pts',(-70.4882913962885,6.23921605379116,8.96508331338024));
#3120=CARTESIAN_POINT('Ctrl Pts',(-70.5221990015741,6.16099151641022,8.97164591899972));
#3121=CARTESIAN_POINT('Ctrl Pts',(-70.5602751060726,6.0731502892113,8.97901531165499));
#3122=CARTESIAN_POINT('Ctrl Pts',(-70.5937948391106,5.98323543508344,8.98601419167684));
#3123=CARTESIAN_POINT('Ctrl Pts',(-70.6227167899412,5.89180611133451,8.99261890285386));
#3124=CARTESIAN_POINT('Ctrl Pts',(-70.6515944792509,5.80051670902299,8.99921350632534));
#3125=CARTESIAN_POINT('Ctrl Pts',(-70.6758908985395,5.70771691167734,9.0054151860124));
#3126=CARTESIAN_POINT('Ctrl Pts',(-70.6956018607583,5.61390974479034,9.01120137081877));
#3127=CARTESIAN_POINT('Ctrl Pts',(-70.715294360726,5.52019044228324,9.01698213600148));
#3128=CARTESIAN_POINT('Ctrl Pts',(-70.7304115117904,5.42546449021737,9.02234819398373));
#3129=CARTESIAN_POINT('Ctrl Pts',(-70.7409564310781,5.33019342519178,9.02727758213313));
#3130=CARTESIAN_POINT('Ctrl Pts',(-70.7514933863525,5.23499431330384,9.03220324737942));
#3131=CARTESIAN_POINT('Ctrl Pts',(-70.7574657252059,5.13924953230625,9.03669286953667));
#3132=CARTESIAN_POINT('Ctrl Pts',(-70.7588672501867,5.04339886508202,9.04072528185915));
#3133=CARTESIAN_POINT('Ctrl Pts',(-70.7602679704324,4.94760323390673,9.04475537882955));
#3134=CARTESIAN_POINT('Ctrl Pts',(-70.7571031446934,4.85170041893897,9.04832876349618));
#3135=CARTESIAN_POINT('Ctrl Pts',(-70.7493518737087,4.75612982319306,9.05142555278342));
#3136=CARTESIAN_POINT('Ctrl Pts',(-70.7416025355282,4.66058305828185,9.05452156987631));
#3137=CARTESIAN_POINT('Ctrl Pts',(-70.7292683798161,4.56536697218706,9.05714124351114));
#3138=CARTESIAN_POINT('Ctrl Pts',(-70.71231855059,4.47094204957268,9.05926606331116));
#3139=CARTESIAN_POINT('Ctrl Pts',(-70.6953726420432,4.37653896846604,9.06139039161734));
#3140=CARTESIAN_POINT('Ctrl Pts',(-70.6738117519801,4.28292550817316,9.06302013703994));
#3141=CARTESIAN_POINT('Ctrl Pts',(-70.647610706521,4.19060259529545,9.06413770077148));
#3142=CARTESIAN_POINT('Ctrl Pts',(-70.6214017937014,4.09825196071301,9.06525560007272));
#3143=CARTESIAN_POINT('Ctrl Pts',(-70.590547593844,4.00719203320598,9.06586103812464));
#3144=CARTESIAN_POINT('Ctrl Pts',(-70.5550569351511,3.91797892820232,9.06593673843901));
#3145=CARTESIAN_POINT('Ctrl Pts',(-70.5230644510675,3.83755920800002,9.0660049772712));
#3146=CARTESIAN_POINT('Ctrl Pts',(-70.4873002632803,3.75863536810611,9.06564281107026));
#3147=CARTESIAN_POINT('Ctrl Pts',(-70.4478304577462,3.68167002183701,9.06483751571141));
#3148=CARTESIAN_POINT('Ctrl Pts',(-70.4440512253595,3.6743005928436,9.06476040871127));
#3149=CARTESIAN_POINT('Ctrl Pts',(-70.440238054339,3.66694910066817,9.06467924328464));
#3150=CARTESIAN_POINT('Ctrl Pts',(-70.4363910247261,3.65961593882129,9.06459401096006));
#3151=CARTESIAN_POINT('Ctrl Pts',(-70.436389739999,3.65961348988979,9.06459398249646));
#3152=CARTESIAN_POINT('Ctrl Pts',(-70.4363884552685,3.65961104096023,9.06459395403242));
#3153=CARTESIAN_POINT('Ctrl Pts',(-70.4363871705347,3.65960859203261,9.06459392556793));
#3154=CARTESIAN_POINT('Ctrl Pts',(-70.3904650991456,3.57207308160078,9.0635764787314));
#3155=CARTESIAN_POINT('Ctrl Pts',(-70.3402013696931,3.48685727055033,9.06197921936914));
#3156=CARTESIAN_POINT('Ctrl Pts',(-70.2858546741781,3.40436228435166,9.05978343362665));
#3157=CARTESIAN_POINT('Ctrl Pts',(-70.2315063931459,3.3218648914343,9.05758758382404));
#3158=CARTESIAN_POINT('Ctrl Pts',(-70.1730740003818,3.242087403862,9.05479315272831));
#3159=CARTESIAN_POINT('Ctrl Pts',(-70.1108127232231,3.1654393710304,9.05138204367448));
#3160=CARTESIAN_POINT('Ctrl Pts',(-70.0485312866155,3.08876652049239,9.04796983014478));
#3161=CARTESIAN_POINT('Ctrl Pts',(-69.9824169924169,3.01522460648902,9.04394053337058));
#3162=CARTESIAN_POINT('Ctrl Pts',(-69.9127399009047,2.94524434886899,9.03927686617263));
#3163=CARTESIAN_POINT('Ctrl Pts',(-69.8497218873889,2.88195214299719,9.03505890821635));
#3164=CARTESIAN_POINT('Ctrl Pts',(-69.7837884111629,2.82157360459311,9.03032204226072));
#3165=CARTESIAN_POINT('Ctrl Pts',(-69.7151680289736,2.76444446598838,9.02505407544148));
#3166=CARTESIAN_POINT('Ctrl Pts',(-69.6817369371313,2.73661178102458,9.02248758022624));
#3167=CARTESIAN_POINT('Ctrl Pts',(-69.6476808828921,2.7095444817922,9.01979281950468));
#3168=CARTESIAN_POINT('Ctrl Pts',(-69.6130403099948,2.68326301912867,9.01697005387879));
#3169=CARTESIAN_POINT('Ctrl Pts',(-69.5696388133027,2.65033472956954,9.01343338451313));
#3170=CARTESIAN_POINT('Ctrl Pts',(-69.5253197393971,2.61864005395308,9.00969577234391));
#3171=CARTESIAN_POINT('Ctrl Pts',(-69.4801630903219,2.58821863903474,9.00575782341471));
#3172=CARTESIAN_POINT('Ctrl Pts',(-69.3988712573694,2.53345344652454,8.99866865508436));
#3173=CARTESIAN_POINT('Ctrl Pts',(-69.3148641030368,2.48281358437939,8.9909301662996));
#3174=CARTESIAN_POINT('Ctrl Pts',(-69.2285883074208,2.43651537171286,8.98254650643012));
#3175=CARTESIAN_POINT('Ctrl Pts',(-69.1422640065632,2.3901911296603,8.97415813317093));
#3176=CARTESIAN_POINT('Ctrl Pts',(-69.0536673599926,2.34821262851304,8.96512386342378));
#3177=CARTESIAN_POINT('Ctrl Pts',(-68.9632403918808,2.31079679276523,8.95544877737191));
#3178=CARTESIAN_POINT('Ctrl Pts',(-68.8727189470463,2.27334186552054,8.94576358293709));
#3179=CARTESIAN_POINT('Ctrl Pts',(-68.7803618581685,2.24045909569949,8.93543623408031));
#3180=CARTESIAN_POINT('Ctrl Pts',(-68.6866271745639,2.21237276222905,8.92447272530775));
#3181=CARTESIAN_POINT('Ctrl Pts',(-68.6589099220441,2.2040676614145,8.92123082669065));
#3182=CARTESIAN_POINT('Ctrl Pts',(-68.6310723678146,2.19618198239819,8.91793330617763));
#3183=CARTESIAN_POINT('Ctrl Pts',(-68.6031269972874,2.1887216087018,8.91458034382933));
#3184=CARTESIAN_POINT('Ctrl Pts',(-68.5360296971464,2.17080912718419,8.90652982537845));
#3185=CARTESIAN_POINT('Ctrl Pts',(-68.4683249519002,2.15532758952843,8.89816189096878));
#3186=CARTESIAN_POINT('Ctrl Pts',(-68.400189609141,2.14228720903273,8.88950193436107));
#3187=CARTESIAN_POINT('Ctrl Pts',(-68.3695707001739,2.13642707525889,8.88561029145898));
#3188=CARTESIAN_POINT('Ctrl Pts',(-68.3388648388817,2.13105990510995,8.88165967801884));
#3189=CARTESIAN_POINT('Ctrl Pts',(-68.3080880928384,2.12618653923111,8.87765240776755));
#3190=CARTESIAN_POINT('Ctrl Pts',(-68.2086886329657,2.11044706061833,8.86471015266425));
#3191=CARTESIAN_POINT('Ctrl Pts',(-68.1085483975612,2.09985799460106,8.85117686133622));
#3192=CARTESIAN_POINT('Ctrl Pts',(-68.0081900564122,2.09444509502866,8.8371311552867));
#3193=CARTESIAN_POINT('Ctrl Pts',(-67.9076552566139,2.08902267803163,8.82306075287125));
#3194=CARTESIAN_POINT('Ctrl Pts',(-67.8069000905893,2.08879466459577,8.80847613458892));
#3195=CARTESIAN_POINT('Ctrl Pts',(-67.706452886551,2.09378871700975,8.79345723467967));
#3196=CARTESIAN_POINT('Ctrl Pts',(-67.693734037303,2.09442107507683,8.79155550803983));
#3197=CARTESIAN_POINT('Ctrl Pts',(-67.6810201469845,2.09513715933081,8.78964681965277));
#3198=CARTESIAN_POINT('Ctrl Pts',(-67.6683123103922,2.09593702409072,8.78773133283407));
#3199=CARTESIAN_POINT('Ctrl Pts',(-67.6391045636777,2.09777543672247,8.78332876962595));
#3200=CARTESIAN_POINT('Ctrl Pts',(-67.6099313642909,2.10006495840159,8.7788875305679));
#3201=CARTESIAN_POINT('Ctrl Pts',(-67.5808056658698,2.1028011625386,8.77441067797997));
#3202=CARTESIAN_POINT('Ctrl Pts',(-67.5078053515888,2.1096591529995,8.76318994633661));
#3203=CARTESIAN_POINT('Ctrl Pts',(-67.435103479319,2.11932354774687,8.751745472241));
#3204=CARTESIAN_POINT('Ctrl Pts',(-67.3629037887397,2.13172106523328,8.74012571434806));
#3205=CARTESIAN_POINT('Ctrl Pts',(-67.2617211212019,2.14909529329514,8.72384146035311));
#3206=CARTESIAN_POINT('Ctrl Pts',(-67.1615230517924,2.17183692062026,8.70721283524748));
#3207=CARTESIAN_POINT('Ctrl Pts',(-67.0628267999147,2.19974453809814,8.69037368934604));
#3208=CARTESIAN_POINT('Ctrl Pts',(-66.9639491094059,2.22770345965103,8.6735035871365));
#3209=CARTESIAN_POINT('Ctrl Pts',(-66.8665770438409,2.26084717605981,8.65642218922044));
#3210=CARTESIAN_POINT('Ctrl Pts',(-66.7712126199509,2.29898156785517,8.6392651302651));
#3211=CARTESIAN_POINT('Ctrl Pts',(-66.6757988703965,2.33713568403136,8.62209919710596));
#3212=CARTESIAN_POINT('Ctrl Pts',(-66.5823933496925,2.38028638428609,8.60485753699721));
#3213=CARTESIAN_POINT('Ctrl Pts',(-66.4915051746195,2.42824351781965,8.58767689448718));
#3214=CARTESIAN_POINT('Ctrl Pts',(-66.4005998517611,2.47620969937992,8.5704930105217));
#3215=CARTESIAN_POINT('Ctrl Pts',(-66.3122118690479,2.52898573396236,8.55337015891463));
#3216=CARTESIAN_POINT('Ctrl Pts',(-66.2268756139713,2.58636791893076,8.53644603618486));
#3217=CARTESIAN_POINT('Ctrl Pts',(-66.1835522336393,2.61549961941889,8.52785402326901));
#3218=CARTESIAN_POINT('Ctrl Pts',(-66.1410158860028,2.64581815093798,8.51931324404597));
#3219=CARTESIAN_POINT('Ctrl Pts',(-66.0993397951941,2.6772930922697,8.51084180812742));
#3220=CARTESIAN_POINT('Ctrl Pts',(-66.048340214165,2.71580939237561,8.50047520045917));
#3221=CARTESIAN_POINT('Ctrl Pts',(-65.9985867829787,2.75599610493582,8.49023358448322));
#3222=CARTESIAN_POINT('Ctrl Pts',(-65.9501877483893,2.79778193606193,8.48015705323912));
#3223=CARTESIAN_POINT('Ctrl Pts',(-65.9190882890004,2.82463199142279,8.47368224073789));
#3224=CARTESIAN_POINT('Ctrl Pts',(-65.8885480476525,2.8521423093782,8.46727559018556));
#3225=CARTESIAN_POINT('Ctrl Pts',(-65.8585957927193,2.88029403139009,8.46094774596488));
#3226=CARTESIAN_POINT('Ctrl Pts',(-65.829381950402,2.90775172930457,8.45477590201913));
#3227=CARTESIAN_POINT('Ctrl Pts',(-65.8007276664392,2.93581942797848,8.44867903237533));
#3228=CARTESIAN_POINT('Ctrl Pts',(-65.7726605074128,2.96447869693198,8.4426670411682));
#3229=CARTESIAN_POINT('Origin',(-67.8443897919434,5.00405053462291,6.59472828129684));
#3230=CARTESIAN_POINT('',(-64.9958643435627,5.00405053462291,5.08018276581232));
#3231=CARTESIAN_POINT('',(-64.9694278532532,5.00405053462291,6.59472828129684));
#3232=CARTESIAN_POINT('Origin',(-67.8443897919434,5.00405053462291,5.08018276581232));
#3233=CARTESIAN_POINT('Ctrl Pts',(-92.8462821302271,23.0652857332401,8.74809261865455));
#3234=CARTESIAN_POINT('Ctrl Pts',(-92.1493944347995,22.9539141915869,8.77385227421979));
#3235=CARTESIAN_POINT('Ctrl Pts',(-90.6777790890032,23.2368026228366,8.79523203811201));
#3236=CARTESIAN_POINT('Ctrl Pts',(-89.7210277192233,24.3895927010595,8.74232792387828));
#3237=CARTESIAN_POINT('Ctrl Pts',(-89.2666560204073,25.6548034207073,8.66743349799743));
#3238=CARTESIAN_POINT('Ctrl Pts',(-89.2460933857264,26.3239106041185,8.6218054756183));
#3239=CARTESIAN_POINT('Ctrl Pts',(-89.5992137000951,27.5431537736272,8.52744884347868));
#3240=CARTESIAN_POINT('Ctrl Pts',(-89.9665947656243,28.0914692463851,8.47906253861626));
#3241=CARTESIAN_POINT('Ctrl Pts',(-90.8789566328862,28.8143324011408,8.40475227356996));
#3242=CARTESIAN_POINT('Ctrl Pts',(-91.8915400831856,29.2535974648989,8.34836301590274));
#3243=CARTESIAN_POINT('Ctrl Pts',(-93.5390451267521,29.0648368199257,8.32321656659974));
#3244=CARTESIAN_POINT('Ctrl Pts',(-94.8706179169754,28.0767776365925,8.364039559088));
#3245=CARTESIAN_POINT('Ctrl Pts',(-95.309789147201,27.0642204918085,8.42395719224426));
#3246=CARTESIAN_POINT('Ctrl Pts',(-95.4885718329753,25.8712885725541,8.50006617066717));
#3247=CARTESIAN_POINT('Ctrl Pts',(-95.3600436169718,25.1746309242929,8.5485447598371));
#3248=CARTESIAN_POINT('Ctrl Pts',(-94.696750109814,23.9930096895024,8.64080088327986));
#3249=CARTESIAN_POINT('Ctrl Pts',(-94.1583008182951,23.5156920397676,8.68454833011141));
#3250=CARTESIAN_POINT('Ctrl Pts',(-93.3081898714079,23.1670286071528,8.72925181683018));
#3251=CARTESIAN_POINT('Ctrl Pts',(-93.0794819914057,23.1025540452266,8.73947265285341));
#3252=CARTESIAN_POINT('Ctrl Pts',(-92.8462821302271,23.0652857332401,8.74809261865455));
#3253=CARTESIAN_POINT('Ctrl Pts',(-92.8402819519036,23.1023598201752,8.74624268540124));
#3254=CARTESIAN_POINT('Ctrl Pts',(-92.1520002002999,22.9921635683204,8.77166216448162));
#3255=CARTESIAN_POINT('Ctrl Pts',(-90.6982216987534,23.271367611503,8.79274542018323));
#3256=CARTESIAN_POINT('Ctrl Pts',(-89.7534897144109,24.4104487393618,8.74047695309076));
#3257=CARTESIAN_POINT('Ctrl Pts',(-89.3053438271953,25.660187264097,8.66654934667421));
#3258=CARTESIAN_POINT('Ctrl Pts',(-89.2854821581365,26.3209750937374,8.62151237070742));
#3259=CARTESIAN_POINT('Ctrl Pts',(-89.63491081441,27.5245038157481,8.52844505560543));
#3260=CARTESIAN_POINT('Ctrl Pts',(-89.9979498275149,28.0654852759717,8.48074839020326));
#3261=CARTESIAN_POINT('Ctrl Pts',(-90.8987527673234,28.7783650079538,8.40752290670334));
#3262=CARTESIAN_POINT('Ctrl Pts',(-91.8980694143212,29.2112654331786,8.35198079542234));
#3263=CARTESIAN_POINT('Ctrl Pts',(-93.5231991064187,29.0248280147443,8.32721693435314));
#3264=CARTESIAN_POINT('Ctrl Pts',(-94.8370430384097,28.0504695546015,8.36733186701787));
#3265=CARTESIAN_POINT('Ctrl Pts',(-95.2709673934481,27.0515269196219,8.42634556988146));
#3266=CARTESIAN_POINT('Ctrl Pts',(-95.4480459592266,25.8742386613581,8.50140057688425));
#3267=CARTESIAN_POINT('Ctrl Pts',(-95.3216127484251,25.1864450199906,8.54924102599744));
#3268=CARTESIAN_POINT('Ctrl Pts',(-94.6673875050381,24.0194050597689,8.64032424812777));
#3269=CARTESIAN_POINT('Ctrl Pts',(-94.1359051073916,23.5477507888114,8.68352570436411));
#3270=CARTESIAN_POINT('Ctrl Pts',(-93.2964706623264,23.2030086746389,8.72764782206057));
#3271=CARTESIAN_POINT('Ctrl Pts',(-93.0705979075899,23.1392520453131,8.73773566549858));
#3272=CARTESIAN_POINT('Ctrl Pts',(-92.8402819519036,23.1023598201752,8.74624268540124));
#3273=CARTESIAN_POINT('Ctrl Pts',(-92.8274934202646,23.1745726634203,8.71285099127493));
#3274=CARTESIAN_POINT('Ctrl Pts',(-92.1564413306624,23.0666234398694,8.73798054623058));
#3275=CARTESIAN_POINT('Ctrl Pts',(-90.7383026539495,23.3385634050676,8.75881152426483));
#3276=CARTESIAN_POINT('Ctrl Pts',(-89.8176342586748,24.4500868514387,8.70708904192129));
#3277=CARTESIAN_POINT('Ctrl Pts',(-89.3820081219836,25.6688655740338,8.63400014981434));
#3278=CARTESIAN_POINT('Ctrl Pts',(-89.3635138395364,26.3128979555615,8.58948470121916));
#3279=CARTESIAN_POINT('Ctrl Pts',(-89.7055648154283,27.4848541423142,8.49757244314935));
#3280=CARTESIAN_POINT('Ctrl Pts',(-90.0598968043242,28.0110566121301,8.45050398251109));
#3281=CARTESIAN_POINT('Ctrl Pts',(-90.9375580756052,28.7038399485945,8.37827861809891));
#3282=CARTESIAN_POINT('Ctrl Pts',(-91.9102949760956,29.1239162406876,8.32352781596382));
#3283=CARTESIAN_POINT('Ctrl Pts',(-93.4906301198172,28.9420856288856,8.29912611801766));
#3284=CARTESIAN_POINT('Ctrl Pts',(-94.7690175406813,27.9952992223246,8.33856774352187));
#3285=CARTESIAN_POINT('Ctrl Pts',(-95.1924461532696,27.0237696660116,8.39673905134925));
#3286=CARTESIAN_POINT('Ctrl Pts',(-95.3661467000144,25.8779467430069,8.4708216712013));
#3287=CARTESIAN_POINT('Ctrl Pts',(-95.2439335725512,25.2079698816529,8.51808588488314));
#3288=CARTESIAN_POINT('Ctrl Pts',(-94.6078556057649,24.0702211086602,8.60812189017737));
#3289=CARTESIAN_POINT('Ctrl Pts',(-94.090362984384,23.6098809560573,8.65084673865065));
#3290=CARTESIAN_POINT('Ctrl Pts',(-93.2722313279097,23.273042532723,8.69446732519828));
#3291=CARTESIAN_POINT('Ctrl Pts',(-93.0520516256478,23.2106991947986,8.70444078023156));
#3292=CARTESIAN_POINT('Ctrl Pts',(-92.8274934202646,23.1745726634203,8.71285099127494));
#3293=CARTESIAN_POINT('Ctrl Pts',(-92.8199072556647,23.2048151643553,8.63854391879801));
#3294=CARTESIAN_POINT('Ctrl Pts',(-92.1569035129999,23.0983561650757,8.66408403419738));
#3295=CARTESIAN_POINT('Ctrl Pts',(-90.7562151623224,23.3671726488197,8.68527571424194));
#3296=CARTESIAN_POINT('Ctrl Pts',(-89.8464518099182,24.464644514947,8.63279489741095));
#3297=CARTESIAN_POINT('Ctrl Pts',(-89.4154275405046,25.6685260748979,8.5585467439619));
#3298=CARTESIAN_POINT('Ctrl Pts',(-89.3966626496145,26.3048294017946,8.51331999873031));
#3299=CARTESIAN_POINT('Ctrl Pts',(-89.7338434461288,27.4632981873073,8.41985591387228));
#3300=CARTESIAN_POINT('Ctrl Pts',(-90.0836858979636,27.9837759129375,8.37195134429125));
#3301=CARTESIAN_POINT('Ctrl Pts',(-90.9511365189318,28.6694062500091,8.29840458406396));
#3302=CARTESIAN_POINT('Ctrl Pts',(-91.9130706310682,29.0855089281904,8.24261699714635));
#3303=CARTESIAN_POINT('Ctrl Pts',(-93.4768033001326,28.9058677483385,8.21774456688482));
#3304=CARTESIAN_POINT('Ctrl Pts',(-94.7413236980102,27.9688630855277,8.25804456437626));
#3305=CARTESIAN_POINT('Ctrl Pts',(-95.1594172604667,27.0079198656969,8.31730765400924));
#3306=CARTESIAN_POINT('Ctrl Pts',(-95.3303895377388,25.8750025776404,8.39266657150463));
#3307=CARTESIAN_POINT('Ctrl Pts',(-95.209033221591,25.2128729741069,8.44069938433811));
#3308=CARTESIAN_POINT('Ctrl Pts',(-94.5795623308199,24.0889169634888,8.53215110489059));
#3309=CARTESIAN_POINT('Ctrl Pts',(-94.0678843206182,23.6343693170374,8.57553621036212));
#3310=CARTESIAN_POINT('Ctrl Pts',(-93.2593344827067,23.3019421554397,8.6198621956749));
#3311=CARTESIAN_POINT('Ctrl Pts',(-93.0417767230425,23.2404278145098,8.62999689784705));
#3312=CARTESIAN_POINT('Ctrl Pts',(-92.8199072556647,23.2048151643553,8.63854391879801));
#3313=CARTESIAN_POINT('Ctrl Pts',(-92.8184498647298,23.2052393031781,8.60096260023634));
#3314=CARTESIAN_POINT('Ctrl Pts',(-92.1560355366286,23.0992323162913,8.62671728570004));
#3315=CARTESIAN_POINT('Ctrl Pts',(-90.757224641979,23.3679356580887,8.64809608584314));
#3316=CARTESIAN_POINT('Ctrl Pts',(-89.848057770029,24.4636142731835,8.59522070158816));
#3317=CARTESIAN_POINT('Ctrl Pts',(-89.4165185667693,25.6660922767692,8.52036736509376));
#3318=CARTESIAN_POINT('Ctrl Pts',(-89.3971603535995,26.3019232835841,8.47477013973066));
#3319=CARTESIAN_POINT('Ctrl Pts',(-89.7330414704,27.4602603665277,8.38049559683095));
#3320=CARTESIAN_POINT('Ctrl Pts',(-90.0822982755695,27.9811174939557,8.33215427449024));
#3321=CARTESIAN_POINT('Ctrl Pts',(-90.9493945774512,28.6677009708256,8.25791670026953));
#3322=CARTESIAN_POINT('Ctrl Pts',(-91.9115894514158,29.0848321085754,8.20158650500565));
#3323=CARTESIAN_POINT('Ctrl Pts',(-93.4768724745047,28.9053872754582,8.17646771917594));
#3324=CARTESIAN_POINT('Ctrl Pts',(-94.7420982569586,27.9670777383176,8.21721724217027));
#3325=CARTESIAN_POINT('Ctrl Pts',(-95.1595226425798,27.0054336683317,8.27705210049712));
#3326=CARTESIAN_POINT('Ctrl Pts',(-95.3295464722567,25.8722583506436,8.35307712446098));
#3327=CARTESIAN_POINT('Ctrl Pts',(-95.2075171554176,25.2103666554685,8.40151233968583));
#3328=CARTESIAN_POINT('Ctrl Pts',(-94.5773075814182,24.0874720035483,8.4937024340001));
#3329=CARTESIAN_POINT('Ctrl Pts',(-94.0655670467029,23.6336834247079,8.53743200061705));
#3330=CARTESIAN_POINT('Ctrl Pts',(-93.2575082479212,23.3020502769886,8.58212564264243));
#3331=CARTESIAN_POINT('Ctrl Pts',(-93.0401138801438,23.2407124809007,8.59234429799127));
#3332=CARTESIAN_POINT('Ctrl Pts',(-92.8184498647298,23.2052393031781,8.60096260023634));
#3333=CARTESIAN_POINT('',(-92.8462821302271,23.0652857332401,8.74809261865455));
#3334=CARTESIAN_POINT('',(-92.818451009717,23.205238967075,8.60099211321887));
#3335=CARTESIAN_POINT('Origin',(-92.8420513022181,23.0571303143979,8.59837425225328));
#3336=CARTESIAN_POINT('',(-89.4522054414625,26.0793345962327,8.48932881576078));
#3337=CARTESIAN_POINT('Ctrl Pts',(-92.818451009717,23.205238967075,8.60099211321887));
#3338=CARTESIAN_POINT('Ctrl Pts',(-92.1560362180351,23.0992316251571,8.62674663017998));
#3339=CARTESIAN_POINT('Ctrl Pts',(-90.7572238475884,23.3679350561041,8.64812528337676));
#3340=CARTESIAN_POINT('Ctrl Pts',(-89.8480565062166,24.4636150805367,8.59525020897725));
#3341=CARTESIAN_POINT('Ctrl Pts',(-89.5085050981277,25.4097721225341,8.53635308439352));
#3342=CARTESIAN_POINT('Ctrl Pts',(-89.4518746994595,25.7446217254303,8.51367827542487));
#3343=CARTESIAN_POINT('Ctrl Pts',(-89.4522054415559,26.0793345958425,8.48932881039795));
#3344=CARTESIAN_POINT('Ctrl Pts',(-89.4522054413691,26.0793345966229,8.48932882112361));
#3345=CARTESIAN_POINT('Ctrl Pts',(-89.4523062718259,26.1813754256655,8.48190561634513));
#3346=CARTESIAN_POINT('Ctrl Pts',(-89.4577001307768,26.2833858827344,8.47432725844032));
#3347=CARTESIAN_POINT('Ctrl Pts',(-89.4683994113892,26.3848360848,8.46663180645217));
#3348=CARTESIAN_POINT('Ctrl Pts',(-89.4791024455446,26.486321877829,8.45893365473012));
#3349=CARTESIAN_POINT('Ctrl Pts',(-89.4951158200291,26.5872486564895,8.45111832915245));
#3350=CARTESIAN_POINT('Ctrl Pts',(-89.5164545553122,26.687055703941,8.44322490942467));
#3351=CARTESIAN_POINT('Ctrl Pts',(-89.5306633588537,26.7535141285142,8.43796892547367));
#3352=CARTESIAN_POINT('Ctrl Pts',(-89.5472334929566,26.8194754230957,8.4326783329861));
#3353=CARTESIAN_POINT('Ctrl Pts',(-89.5661644944757,26.8847616700478,8.42736491057215));
#3354=CARTESIAN_POINT('Ctrl Pts',(-89.5940012770709,26.9807607676671,8.41955187519605));
#3355=CARTESIAN_POINT('Ctrl Pts',(-89.6269219082868,27.0752653992465,8.41169961502635));
#3356=CARTESIAN_POINT('Ctrl Pts',(-89.6646278824534,27.1677973692152,8.40385058381226));
#3357=CARTESIAN_POINT('Ctrl Pts',(-89.7023415537146,27.2603482281619,8.39599995033922));
#3358=CARTESIAN_POINT('Ctrl Pts',(-89.7448416812099,27.350927427998,8.38815252462808));
#3359=CARTESIAN_POINT('Ctrl Pts',(-89.7918370710722,27.4390984918038,8.38035146625684));
#3360=CARTESIAN_POINT('Ctrl Pts',(-89.8388459380967,27.5272948409776,8.37254817072725));
#3361=CARTESIAN_POINT('Ctrl Pts',(-89.8903527789595,27.6130833098549,8.36479125800102));
#3362=CARTESIAN_POINT('Ctrl Pts',(-89.9460787358523,27.6960429497823,8.3571248935719));
#3363=CARTESIAN_POINT('Ctrl Pts',(-90.0017979080363,27.7789924892639,8.34945946253279));
#3364=CARTESIAN_POINT('Ctrl Pts',(-90.0617360832799,27.8591151269113,8.341884566041));
#3365=CARTESIAN_POINT('Ctrl Pts',(-90.1256190872915,27.9359842205573,8.33444532686104));
#3366=CARTESIAN_POINT('Ctrl Pts',(-90.1894933628949,28.0128428114906,8.32700710411288));
#3367=CARTESIAN_POINT('Ctrl Pts',(-90.2573129616839,28.0864493845537,8.31970450670515));
#3368=CARTESIAN_POINT('Ctrl Pts',(-90.3287896521845,28.1563573380612,8.31258349125461));
#3369=CARTESIAN_POINT('Ctrl Pts',(-90.3997948211352,28.2258041187533,8.30550945212907));
#3370=CARTESIAN_POINT('Ctrl Pts',(-90.4744112824594,28.2916008813357,8.29861458280124));
#3371=CARTESIAN_POINT('Ctrl Pts',(-90.5523147893919,28.3532862849379,8.29194482884452));
#3372=CARTESIAN_POINT('Ctrl Pts',(-90.6284746985487,28.4135910763347,8.28542435402323));
#3373=CARTESIAN_POINT('Ctrl Pts',(-90.7077386837713,28.4700113722427,8.279120366951));
#3374=CARTESIAN_POINT('Ctrl Pts',(-90.7896349259198,28.5223302832596,8.27305970171485));
#3375=CARTESIAN_POINT('Ctrl Pts',(-90.8715048678066,28.5746323925159,8.26700098280833));
#3376=CARTESIAN_POINT('Ctrl Pts',(-90.9560059183173,28.6228373318061,8.26118540795694));
#3377=CARTESIAN_POINT('Ctrl Pts',(-91.0426902184395,28.6667490050529,8.25564056610177));
#3378=CARTESIAN_POINT('Ctrl Pts',(-91.129366971158,28.7106568550108,8.2500962070233));
#3379=CARTESIAN_POINT('Ctrl Pts',(-91.2182276653228,28.7502731148061,8.24482253028368));
#3380=CARTESIAN_POINT('Ctrl Pts',(-91.308835706084,28.7854034520216,8.23984810006536));
#3381=CARTESIAN_POINT('Ctrl Pts',(-91.399433028842,28.820529633678,8.23487425827118));
#3382=CARTESIAN_POINT('Ctrl Pts',(-91.4917786746137,28.8511711720322,8.2301996021285));
#3383=CARTESIAN_POINT('Ctrl Pts',(-91.5854287191267,28.8771268492963,8.22585360189163));
#3384=CARTESIAN_POINT('Ctrl Pts',(-91.6790916311159,28.9030860928595,8.22150700451619));
#3385=CARTESIAN_POINT('Ctrl Pts',(-91.7740608254519,28.9243575855243,8.21748915756351));
#3386=CARTESIAN_POINT('Ctrl Pts',(-91.8698626376838,28.9407358059325,8.21383033867546));
#3387=CARTESIAN_POINT('Ctrl Pts',(-91.8905123530894,28.9442660689036,8.21304169421249));
#3388=CARTESIAN_POINT('Ctrl Pts',(-91.9112005943564,28.9475689991132,8.21226973313607));
#3389=CARTESIAN_POINT('Ctrl Pts',(-91.9319223330605,28.950642576491,8.2115147635202));
#3390=CARTESIAN_POINT('Ctrl Pts',(-92.0270344109533,28.9647501924178,8.20804947858747));
#3391=CARTESIAN_POINT('Ctrl Pts',(-92.1228965966524,28.9740315181914,8.20494222891632));
#3392=CARTESIAN_POINT('Ctrl Pts',(-92.218998845411,28.978535166278,8.20219855793177));
#3393=CARTESIAN_POINT('Ctrl Pts',(-92.3150630497581,28.9830370314859,8.19945597309607));
#3394=CARTESIAN_POINT('Ctrl Pts',(-92.4113683559941,28.9827661200223,8.19707666317315));
#3395=CARTESIAN_POINT('Ctrl Pts',(-92.5074366913639,28.9777777770169,8.19506691718416));
#3396=CARTESIAN_POINT('Ctrl Pts',(-92.6034969024118,28.9727898558664,8.19305734115569));
#3397=CARTESIAN_POINT('Ctrl Pts',(-92.699321544972,28.9630856066579,8.19141725805634));
#3398=CARTESIAN_POINT('Ctrl Pts',(-92.794444364707,28.948716555283,8.19015391263555));
#3399=CARTESIAN_POINT('Ctrl Pts',(-92.8895587777103,28.9343487738112,8.18889067886627));
#3400=CARTESIAN_POINT('Ctrl Pts',(-92.9839727864185,28.915316569491,8.18800412340808));
#3401=CARTESIAN_POINT('Ctrl Pts',(-93.077211865472,28.8916687243131,8.18750245250483));
#3402=CARTESIAN_POINT('Ctrl Pts',(-93.1704765826199,28.8680143766506,8.18700064365635));
#3403=CARTESIAN_POINT('Ctrl Pts',(-93.2625667579323,28.8397406488391,8.18688394314294));
#3404=CARTESIAN_POINT('Ctrl Pts',(-93.3529813786199,28.806905948682,8.1871613661291));
#3405=CARTESIAN_POINT('Ctrl Pts',(-93.3777379902756,28.7979154124784,8.18723732788264));
#3406=CARTESIAN_POINT('Ctrl Pts',(-93.4023687831664,28.7885830465528,8.18734284237408));
#3407=CARTESIAN_POINT('Ctrl Pts',(-93.4268629975251,28.7789104000423,8.18747810395327));
#3408=CARTESIAN_POINT('Ctrl Pts',(-93.5164345458097,28.7435390298377,8.18797273459925));
#3409=CARTESIAN_POINT('Ctrl Pts',(-93.6042231737034,28.7035990007028,8.18886509128993));
#3410=CARTESIAN_POINT('Ctrl Pts',(-93.6898110905455,28.6593932378406,8.19013410422833));
#3411=CARTESIAN_POINT('Ctrl Pts',(-93.775376319269,28.6151991932866,8.19140278076975));
#3412=CARTESIAN_POINT('Ctrl Pts',(-93.8587436403816,28.5667420850274,8.19304790710626));
#3413=CARTESIAN_POINT('Ctrl Pts',(-93.9395278683824,28.5143149538441,8.19504919423148));
#3414=CARTESIAN_POINT('Ctrl Pts',(-94.0203197064155,28.4618828839225,8.19705066988187));
#3415=CARTESIAN_POINT('Ctrl Pts',(-94.098529322661,28.4054796648873,8.19940836292309));
#3416=CARTESIAN_POINT('Ctrl Pts',(-94.1737810692229,28.3453887436377,8.20210289112426));
#3417=CARTESIAN_POINT('Ctrl Pts',(-94.2490338020556,28.2852970348193,8.20479745464067));
#3418=CARTESIAN_POINT('Ctrl Pts',(-94.3213295181119,28.2215165220203,8.20782886414034));
#3419=CARTESIAN_POINT('Ctrl Pts',(-94.3902849055663,28.154331474105,8.21117872492771));
#3420=CARTESIAN_POINT('Ctrl Pts',(-94.459268468291,28.0871189742826,8.214529954473));
#3421=CARTESIAN_POINT('Ctrl Pts',(-94.524909308419,28.0164976186927,8.21819991271957));
#3422=CARTESIAN_POINT('Ctrl Pts',(-94.5868062769266,27.9427720025038,8.22217101848538));
#3423=CARTESIAN_POINT('Ctrl Pts',(-94.6033348732906,27.9230847547912,8.22323143882428));
#3424=CARTESIAN_POINT('Ctrl Pts',(-94.6195963994755,27.9031763366815,8.22431333690784));
#3425=CARTESIAN_POINT('Ctrl Pts',(-94.6355829979939,27.8830530274943,8.22541638573823));
#3426=CARTESIAN_POINT('Ctrl Pts',(-94.6962315340974,27.8067110062473,8.22960103431978));
#3427=CARTESIAN_POINT('Ctrl Pts',(-94.752950872403,27.7272396509965,8.23408989111321));
#3428=CARTESIAN_POINT('Ctrl Pts',(-94.8055267296698,27.645121638944,8.23884926140124));
#3429=CARTESIAN_POINT('Ctrl Pts',(-94.8606999562363,27.5589468066216,8.24384375562094));
#3430=CARTESIAN_POINT('Ctrl Pts',(-94.9113119416544,27.4698570334119,8.24913614460862));
#3431=CARTESIAN_POINT('Ctrl Pts',(-94.957143086374,27.3783805632103,8.25468843143665));
#3432=CARTESIAN_POINT('Ctrl Pts',(-95.0008119926084,27.2912198033312,8.25997877044876));
#3433=CARTESIAN_POINT('Ctrl Pts',(-95.0401416212922,27.2018910020911,8.26550505961343));
#3434=CARTESIAN_POINT('Ctrl Pts',(-95.0749453719103,27.1108376759022,8.27123532471867));
#3435=CARTESIAN_POINT('Ctrl Pts',(-95.1097480408976,27.0197871794684,8.27696541173874));
#3436=CARTESIAN_POINT('Ctrl Pts',(-95.1400253839261,26.9270108836535,8.2828994592621));
#3437=CARTESIAN_POINT('Ctrl Pts',(-95.1655843593765,26.8329577814364,8.28900648754485));
#3438=CARTESIAN_POINT('Ctrl Pts',(-95.1911488203663,26.7388844932776,8.2951148265352));
#3439=CARTESIAN_POINT('Ctrl Pts',(-95.2119923422981,26.6435323230144,8.30139624020906));
#3440=CARTESIAN_POINT('Ctrl Pts',(-95.2279172248302,26.5473780984586,8.307820596107));
#3441=CARTESIAN_POINT('Ctrl Pts',(-95.230279894972,26.5331123282146,8.30877373556217));
#3442=CARTESIAN_POINT('Ctrl Pts',(-95.2325343010787,26.5188289770104,8.30973002260688));
#3443=CARTESIAN_POINT('Ctrl Pts',(-95.2346798066204,26.5045296854226,8.31068935996386));
#3444=CARTESIAN_POINT('Ctrl Pts',(-95.2495059340451,26.4057170209765,8.31731868700176));
#3445=CARTESIAN_POINT('Ctrl Pts',(-95.2590396403176,26.3061311978125,8.32409793192479));
#3446=CARTESIAN_POINT('Ctrl Pts',(-95.2633686370313,26.206347505977,8.330991548635));
#3447=CARTESIAN_POINT('Ctrl Pts',(-95.2676982017881,26.1065507207097,8.33788606991286));
#3448=CARTESIAN_POINT('Ctrl Pts',(-95.2668236031659,26.0065544907011,8.34489501963906));
#3449=CARTESIAN_POINT('Ctrl Pts',(-95.2608502652243,25.9068836012859,8.35198375150931));
#3450=CARTESIAN_POINT('Ctrl Pts',(-95.2548767337507,25.8072094826028,8.35907271304959));
#3451=CARTESIAN_POINT('Ctrl Pts',(-95.2438049869551,25.7078591826591,8.36624145934693));
#3452=CARTESIAN_POINT('Ctrl Pts',(-95.2277376987229,25.6093287382828,8.37345614178729));
#3453=CARTESIAN_POINT('Ctrl Pts',(-95.2116705221053,25.5107989783678,8.38067077410944));
#3454=CARTESIAN_POINT('Ctrl Pts',(-95.1906078270306,25.4130875085541,8.38793132837208));
#3455=CARTESIAN_POINT('Ctrl Pts',(-95.1646435649911,25.3166850276199,8.39520489777248));
#3456=CARTESIAN_POINT('Ctrl Pts',(-95.138685512581,25.220305602365,8.40247672762135));
#3457=CARTESIAN_POINT('Ctrl Pts',(-95.1078273585335,25.1252331992767,8.40976156905477));
#3458=CARTESIAN_POINT('Ctrl Pts',(-95.0721612414798,25.0319747526154,8.41702758779364));
#3459=CARTESIAN_POINT('Ctrl Pts',(-95.0365074932314,24.9387486474498,8.42429108671878));
#3460=CARTESIAN_POINT('Ctrl Pts',(-94.9960474219594,24.8473343771159,8.43153580391729));
#3461=CARTESIAN_POINT('Ctrl Pts',(-94.9508906331173,24.7582717660632,8.43873074293602));
#3462=CARTESIAN_POINT('Ctrl Pts',(-94.9328769857913,24.7227434987399,8.4416009003883));
#3463=CARTESIAN_POINT('Ctrl Pts',(-94.9141162905502,24.6875899094692,8.44446314186475));
#3464=CARTESIAN_POINT('Ctrl Pts',(-94.8946173451984,24.6528470260049,8.44731552386644));
#3465=CARTESIAN_POINT('Ctrl Pts',(-94.8457893316991,24.5658461163558,8.45445827668568));
#3466=CARTESIAN_POINT('Ctrl Pts',(-94.7923375701879,24.4814563688581,8.4615404148584));
#3467=CARTESIAN_POINT('Ctrl Pts',(-94.7346736491801,24.4000739498789,8.4685310216223));
#3468=CARTESIAN_POINT('Ctrl Pts',(-94.677013300908,24.3186965731838,8.47552119526285));
#3469=CARTESIAN_POINT('Ctrl Pts',(-94.6151419052996,24.2403241103839,8.4824198545216));
#3470=CARTESIAN_POINT('Ctrl Pts',(-94.549453471611,24.1653073043699,8.48919688793637));
#3471=CARTESIAN_POINT('Ctrl Pts',(-94.4837748411538,24.0903016937379,8.49597290995806));
#3472=CARTESIAN_POINT('Ctrl Pts',(-94.4142799417796,24.0186490672273,8.50262733440009));
#3473=CARTESIAN_POINT('Ctrl Pts',(-94.341343778768,23.950682769492,8.50913086513849));
#3474=CARTESIAN_POINT('Ctrl Pts',(-94.2684258116864,23.8827334278174,8.51563277339243));
#3475=CARTESIAN_POINT('Ctrl Pts',(-94.19206724401,23.8184674566294,8.52198385012122));
#3476=CARTESIAN_POINT('Ctrl Pts',(-94.1126348671148,23.7582217594878,8.52815580725733));
#3477=CARTESIAN_POINT('Ctrl Pts',(-94.0332323369557,23.6979986996824,8.53432544527896));
#3478=CARTESIAN_POINT('Ctrl Pts',(-93.9507567460619,23.6417924603593,8.5403161063681));
#3479=CARTESIAN_POINT('Ctrl Pts',(-93.8655862897711,23.5899551580131,8.54610057563778));
#3480=CARTESIAN_POINT('Ctrl Pts',(-93.78046094648,23.5381453127957,8.55188198099574));
#3481=CARTESIAN_POINT('Ctrl Pts',(-93.6926416995717,23.4907002406874,8.55745744014814));
#3482=CARTESIAN_POINT('Ctrl Pts',(-93.6025440521267,23.4479871007872,8.56280053294327));
#3483=CARTESIAN_POINT('Ctrl Pts',(-93.5573022600169,23.4265390491397,8.56548352301366));
#3484=CARTESIAN_POINT('Ctrl Pts',(-93.5114866925945,23.4062843282989,8.56810793451306));
#3485=CARTESIAN_POINT('Ctrl Pts',(-93.4651560921697,23.3872698897061,8.57067045712937));
#3486=CARTESIAN_POINT('Ctrl Pts',(-93.3716321650206,23.3488869429401,8.57584321932732));
#3487=CARTESIAN_POINT('Ctrl Pts',(-93.2761349597365,23.3153500860214,8.58075941264331));
#3488=CARTESIAN_POINT('Ctrl Pts',(-93.1791577356402,23.2868377602917,8.585387954741));
#3489=CARTESIAN_POINT('Ctrl Pts',(-93.0821996726055,23.2583310681161,8.59001558231694));
#3490=CARTESIAN_POINT('Ctrl Pts',(-92.9837606265352,23.2348469535575,8.59435567663321));
#3491=CARTESIAN_POINT('Ctrl Pts',(-92.884346353075,23.2165683900811,8.59837807832422));
#3492=CARTESIAN_POINT('Ctrl Pts',(-92.8624266733303,23.212538181504,8.59926497065671));
#3493=CARTESIAN_POINT('Ctrl Pts',(-92.8404596844203,23.2087610519284,8.60013642159927));
#3494=CARTESIAN_POINT('Ctrl Pts',(-92.818451009717,23.205238967075,8.60099211321887));
#3495=CARTESIAN_POINT('Ctrl Pts',(-92.8462821302271,23.0652857332401,8.74809261865455));
#3496=CARTESIAN_POINT('Ctrl Pts',(-93.0794819914057,23.1025540452266,8.73947265285341));
#3497=CARTESIAN_POINT('Ctrl Pts',(-93.3081898714079,23.1670286071528,8.72925181683018));
#3498=CARTESIAN_POINT('Ctrl Pts',(-94.1583008182951,23.5156920397676,8.68454833011141));
#3499=CARTESIAN_POINT('Ctrl Pts',(-94.696750109814,23.9930096895024,8.64080088327986));
#3500=CARTESIAN_POINT('Ctrl Pts',(-95.3600436169718,25.1746309242929,8.5485447598371));
#3501=CARTESIAN_POINT('Ctrl Pts',(-95.4885718329753,25.8712885725541,8.50006617066717));
#3502=CARTESIAN_POINT('Ctrl Pts',(-95.309789147201,27.0642204918085,8.42395719224426));
#3503=CARTESIAN_POINT('Ctrl Pts',(-94.8706179169754,28.0767776365925,8.364039559088));
#3504=CARTESIAN_POINT('Ctrl Pts',(-93.5390451267521,29.0648368199257,8.32321656659974));
#3505=CARTESIAN_POINT('Ctrl Pts',(-91.8915400831856,29.2535974648989,8.34836301590274));
#3506=CARTESIAN_POINT('Ctrl Pts',(-90.8789566328862,28.8143324011408,8.40475227356996));
#3507=CARTESIAN_POINT('Ctrl Pts',(-89.9665947656243,28.0914692463851,8.47906253861626));
#3508=CARTESIAN_POINT('Ctrl Pts',(-89.5992137000951,27.5431537736272,8.52744884347868));
#3509=CARTESIAN_POINT('Ctrl Pts',(-89.2460933857264,26.3239106041185,8.6218054756183));
#3510=CARTESIAN_POINT('Ctrl Pts',(-89.2666560204073,25.6548034207073,8.66743349799743));
#3511=CARTESIAN_POINT('Ctrl Pts',(-89.7210277192233,24.3895927010595,8.74232792387828));
#3512=CARTESIAN_POINT('Ctrl Pts',(-90.6777790890032,23.2368026228366,8.79523203811201));
#3513=CARTESIAN_POINT('Ctrl Pts',(-92.1493944347995,22.9539141915869,8.77385227421979));
#3514=CARTESIAN_POINT('Ctrl Pts',(-92.8462821302271,23.0652857332401,8.74809261865455));
#3515=CARTESIAN_POINT('Origin',(-92.3605385186919,26.0789661501947,6.59472828129684));
#3516=CARTESIAN_POINT('',(-89.5120130703111,26.0789661501947,5.08018276581232));
#3517=CARTESIAN_POINT('',(-89.4855765800016,26.0789661501947,6.59472828129684));
#3518=CARTESIAN_POINT('Origin',(-92.3605385186919,26.0789661501947,5.08018276581232));
#3519=CARTESIAN_POINT('Ctrl Pts',(-99.9340479858649,11.5789478710124,8.9047250341065));
#3520=CARTESIAN_POINT('Ctrl Pts',(-101.244079726176,11.6837769401193,8.81841714182297));
#3521=CARTESIAN_POINT('Ctrl Pts',(-102.550327394754,11.7863802812703,8.72009246781422));
#3522=CARTESIAN_POINT('Ctrl Pts',(-104.349143121794,11.9235638836386,8.5630098797994));
#3523=CARTESIAN_POINT('Ctrl Pts',(-104.84523883372,11.961031103863,8.51739824575774));
#3524=CARTESIAN_POINT('Ctrl Pts',(-105.838411173323,12.0367618020758,8.42158742801305));
#3525=CARTESIAN_POINT('Ctrl Pts',(-106.33594053321,12.0751953488339,8.371339358997));
#3526=CARTESIAN_POINT('Ctrl Pts',(-107.297593705663,12.1530631152852,8.27128214080635));
#3527=CARTESIAN_POINT('Ctrl Pts',(-107.762684211916,12.1925561713092,8.22157525657051));
#3528=CARTESIAN_POINT('Ctrl Pts',(-108.23822605765,12.23823119554,8.17171178927896));
#3529=CARTESIAN_POINT('Ctrl Pts',(-99.4045393165926,12.1772832630534,8.9236366064517));
#3530=CARTESIAN_POINT('Ctrl Pts',(-100.747563100612,12.424970533971,8.83484137816152));
#3531=CARTESIAN_POINT('Ctrl Pts',(-102.08571387948,12.6713468134235,8.73341204485711));
#3532=CARTESIAN_POINT('Ctrl Pts',(-103.926842309545,13.0094197998314,8.56926991643522));
#3533=CARTESIAN_POINT('Ctrl Pts',(-104.43454650318,13.1026246409966,8.521406550949));
#3534=CARTESIAN_POINT('Ctrl Pts',(-105.452762110831,13.2900953580945,8.4205539181168));
#3535=CARTESIAN_POINT('Ctrl Pts',(-105.96404204548,13.3846528946049,8.36748066244725));
#3536=CARTESIAN_POINT('Ctrl Pts',(-106.953109957992,13.5696377911171,8.26283663041324));
#3537=CARTESIAN_POINT('Ctrl Pts',(-107.432537590414,13.6604686619946,8.21121754655587));
#3538=CARTESIAN_POINT('Ctrl Pts',(-107.931878714615,13.7579866018783,8.16052308101143));
#3539=CARTESIAN_POINT('Ctrl Pts',(-98.8512120450239,12.7698892376783,8.93934003127739));
#3540=CARTESIAN_POINT('Ctrl Pts',(-100.20807935029,13.1591921226822,8.84873300707478));
#3541=CARTESIAN_POINT('Ctrl Pts',(-101.55957138973,13.547553574953,8.74551525913231));
#3542=CARTESIAN_POINT('Ctrl Pts',(-103.417719603812,14.0827207926895,8.57820542435174));
#3543=CARTESIAN_POINT('Ctrl Pts',(-103.929935250493,14.2304339868564,8.52939855455815));
#3544=CARTESIAN_POINT('Ctrl Pts',(-104.957375800594,14.5271454611021,8.42639474930518));
#3545=CARTESIAN_POINT('Ctrl Pts',(-105.473494095726,14.6765533962694,8.37209954186697));
#3546=CARTESIAN_POINT('Ctrl Pts',(-106.471971699881,14.966509047232,8.26543514929757));
#3547=CARTESIAN_POINT('Ctrl Pts',(-106.956104733675,15.1077380507289,8.21297573081051));
#3548=CARTESIAN_POINT('Ctrl Pts',(-107.463362274348,15.2573079011582,8.16192159635023));
#3549=CARTESIAN_POINT('Ctrl Pts',(-97.6854471154119,13.935004699056,8.96549825978693));
#3550=CARTESIAN_POINT('Ctrl Pts',(-99.0311944253907,14.5949994330854,8.87229008335731));
#3551=CARTESIAN_POINT('Ctrl Pts',(-100.371334757245,15.2546571640075,8.76727794324471));
#3552=CARTESIAN_POINT('Ctrl Pts',(-102.212196645979,16.1653768768249,8.59853542067388));
#3553=CARTESIAN_POINT('Ctrl Pts',(-102.719312940021,16.4167561182672,8.54945933320452));
#3554=CARTESIAN_POINT('Ctrl Pts',(-103.735711326649,16.9204706972918,8.4456835894462));
#3555=CARTESIAN_POINT('Ctrl Pts',(-104.245934631462,17.1733696807272,8.39088105083295));
#3556=CARTESIAN_POINT('Ctrl Pts',(-105.232439840629,17.6612389078963,8.28309745458753));
#3557=CARTESIAN_POINT('Ctrl Pts',(-105.710362286638,17.8972103509233,8.23005571931538));
#3558=CARTESIAN_POINT('Ctrl Pts',(-106.212136552742,18.1431624905791,8.17839047170384));
#3559=CARTESIAN_POINT('Ctrl Pts',(-97.0729818693475,14.5076733896603,8.97595070593656));
#3560=CARTESIAN_POINT('Ctrl Pts',(-98.3937485862251,15.296816617375,8.88195174334831));
#3561=CARTESIAN_POINT('Ctrl Pts',(-99.7091600483469,16.0858518362132,8.77693628441454));
#3562=CARTESIAN_POINT('Ctrl Pts',(-101.515661283663,17.1751322692441,8.60993260804078));
#3563=CARTESIAN_POINT('Ctrl Pts',(-102.013149460313,17.4756996941974,8.56153205832284));
#3564=CARTESIAN_POINT('Ctrl Pts',(-103.009250474644,18.0772381611805,8.4591372166821));
#3565=CARTESIAN_POINT('Ctrl Pts',(-103.508727076199,18.378803275424,8.40504940966224));
#3566=CARTESIAN_POINT('Ctrl Pts',(-104.473828666911,18.9596712391637,8.29816691509215));
#3567=CARTESIAN_POINT('Ctrl Pts',(-104.940837748335,19.2400145146832,8.24538195905208));
#3568=CARTESIAN_POINT('Ctrl Pts',(-105.429131390446,19.5303279029766,8.19348326536602));
#3569=CARTESIAN_POINT('Ctrl Pts',(-95.7908946344407,15.6182483278947,8.99293008126641));
#3570=CARTESIAN_POINT('Ctrl Pts',(-97.0305990401287,16.64007380147,8.8980881308885));
#3571=CARTESIAN_POINT('Ctrl Pts',(-98.2657319919525,17.662151488153,8.79403640021341));
#3572=CARTESIAN_POINT('Ctrl Pts',(-99.9617665141193,19.0726968843292,8.63267034052263));
#3573=CARTESIAN_POINT('Ctrl Pts',(-100.428583974185,19.4616552620437,8.5863011279575));
#3574=CARTESIAN_POINT('Ctrl Pts',(-101.361283810007,20.2382527791318,8.48809372100113));
#3575=CARTESIAN_POINT('Ctrl Pts',(-101.827832269025,20.6264750963248,8.43618427593341));
#3576=CARTESIAN_POINT('Ctrl Pts',(-102.728005218895,21.3726275004733,8.33220377891567));
#3577=CARTESIAN_POINT('Ctrl Pts',(-103.162489817747,21.7315080958464,8.28031176170186));
#3578=CARTESIAN_POINT('Ctrl Pts',(-103.611802381197,22.0982231782988,8.22788403096601));
#3579=CARTESIAN_POINT('Ctrl Pts',(-95.1214014726596,16.1559983289098,8.99945708423463));
#3580=CARTESIAN_POINT('Ctrl Pts',(-96.3049618375745,17.2814572160918,8.90456110069339));
#3581=CARTESIAN_POINT('Ctrl Pts',(-97.484520405762,18.4072652402309,8.8014728278243));
#3582=CARTESIAN_POINT('Ctrl Pts',(-99.1043977520181,19.9605847164594,8.64400379126857));
#3583=CARTESIAN_POINT('Ctrl Pts',(-99.5501551124793,20.388763916187,8.59899040605775));
#3584=CARTESIAN_POINT('Ctrl Pts',(-100.43970649844,21.2426425425606,8.50359058965799));
#3585=CARTESIAN_POINT('Ctrl Pts',(-100.88404852904,21.6688826427968,8.45314560830584));
#3586=CARTESIAN_POINT('Ctrl Pts',(-101.740646002914,22.4873785000232,8.35116913083545));
#3587=CARTESIAN_POINT('Ctrl Pts',(-102.153494104172,22.8804555986278,8.2999155487003));
#3588=CARTESIAN_POINT('Ctrl Pts',(-102.577249344497,23.2792407155794,8.24720215864143));
#3589=CARTESIAN_POINT('Ctrl Pts',(-93.730482135384,17.1911235370288,9.00841246631895));
#3590=CARTESIAN_POINT('Ctrl Pts',(-94.7805365288661,18.4900006551809,8.91400204294557));
#3591=CARTESIAN_POINT('Ctrl Pts',(-95.8280573070692,19.7890522082403,8.81313825123696));
#3592=CARTESIAN_POINT('Ctrl Pts',(-97.2677227902122,21.5801631418278,8.66307385254033));
#3593=CARTESIAN_POINT('Ctrl Pts',(-97.6638356971303,22.0735648055529,8.62057487034986));
#3594=CARTESIAN_POINT('Ctrl Pts',(-98.4527074660694,23.0555681468565,8.53033947574175));
#3595=CARTESIAN_POINT('Ctrl Pts',(-98.8458165510589,23.544608320495,8.48256450009344));
#3596=CARTESIAN_POINT('Ctrl Pts',(-99.6023353317989,24.482598160292,8.38424277990342));
#3597=CARTESIAN_POINT('Ctrl Pts',(-99.9659592552844,24.9320760243696,8.33414218727615));
#3598=CARTESIAN_POINT('Ctrl Pts',(-100.333827155099,25.3825114552157,8.28090438393277));
#3599=CARTESIAN_POINT('Ctrl Pts',(-93.0089884782174,17.688557388119,9.01084064432556));
#3600=CARTESIAN_POINT('Ctrl Pts',(-93.9816547587028,19.0572509606842,8.91696895047747));
#3601=CARTESIAN_POINT('Ctrl Pts',(-94.9527321442247,20.4258297695754,8.81736223820494));
#3602=CARTESIAN_POINT('Ctrl Pts',(-96.2883544347479,22.3119552298702,8.67080167878822));
#3603=CARTESIAN_POINT('Ctrl Pts',(-96.6558792109384,22.8313576715229,8.62946078167094));
#3604=CARTESIAN_POINT('Ctrl Pts',(-97.3871915804598,23.8642142432632,8.54158315391838));
#3605=CARTESIAN_POINT('Ctrl Pts',(-97.7512523619042,24.3780496999128,8.49501518517871));
#3606=CARTESIAN_POINT('Ctrl Pts',(-98.4512073288418,25.3632367382987,8.39834913943876));
#3607=CARTESIAN_POINT('Ctrl Pts',(-98.7871947695026,25.8349463402821,8.34876802866468));
#3608=CARTESIAN_POINT('Ctrl Pts',(-99.124662624395,26.3050182091621,8.29529651606544));
#3609=CARTESIAN_POINT('Ctrl Pts',(-90.6209860118494,19.2256462289589,9.01176277108683));
#3610=CARTESIAN_POINT('Ctrl Pts',(-91.33104865579,20.7581481757793,8.92033277322953));
#3611=CARTESIAN_POINT('Ctrl Pts',(-92.0421459005163,22.2891144560173,8.8241572115859));
#3612=CARTESIAN_POINT('Ctrl Pts',(-93.0240074596561,24.3961246421662,8.6841316555348));
#3613=CARTESIAN_POINT('Ctrl Pts',(-93.2944920977833,24.9759343140683,8.64478907510493));
#3614=CARTESIAN_POINT('Ctrl Pts',(-93.8317036042779,26.1274579701852,8.56085775700685));
#3615=CARTESIAN_POINT('Ctrl Pts',(-94.0985459177657,26.699440587459,8.51625089831382));
#3616=CARTESIAN_POINT('Ctrl Pts',(-94.6100766665571,27.7959926992572,8.42215361061812));
#3617=CARTESIAN_POINT('Ctrl Pts',(-94.8547506626294,28.3205962378269,8.37330030272694));
#3618=CARTESIAN_POINT('Ctrl Pts',(-95.0954179030228,28.8391877464626,8.31933668770313));
#3619=CARTESIAN_POINT('Ctrl Pts',(-88.8714516760023,20.1898208369906,9.00189567484603));
#3620=CARTESIAN_POINT('Ctrl Pts',(-89.3794293706507,21.7427842539394,8.91322486216388));
#3621=CARTESIAN_POINT('Ctrl Pts',(-89.8891570059631,23.2928189602516,8.81846704015552));
#3622=CARTESIAN_POINT('Ctrl Pts',(-90.5960358282855,25.4241918337158,8.67572989729065));
#3623=CARTESIAN_POINT('Ctrl Pts',(-90.7911515923656,26.010664126109,8.63513948900849));
#3624=CARTESIAN_POINT('Ctrl Pts',(-91.1793906678196,27.1764071740027,8.54841181236838));
#3625=CARTESIAN_POINT('Ctrl Pts',(-91.3726385380116,27.7560119047515,8.50225122180437));
#3626=CARTESIAN_POINT('Ctrl Pts',(-91.7430239322868,28.8685376998959,8.40577061623982));
#3627=CARTESIAN_POINT('Ctrl Pts',(-91.9203087038843,29.4016289323275,8.35602429365738));
#3628=CARTESIAN_POINT('Ctrl Pts',(-92.0953310228848,29.9317722001574,8.3021114631398));
#3629=CARTESIAN_POINT('Ctrl Pts',(-86.2201247202954,21.468464673817,8.95900908824442));
#3630=CARTESIAN_POINT('Ctrl Pts',(-86.4216666511142,22.9365912417223,8.87411520799197));
#3631=CARTESIAN_POINT('Ctrl Pts',(-86.6247833543263,24.4000215522169,8.78154579832018));
#3632=CARTESIAN_POINT('Ctrl Pts',(-86.9100698846051,26.4107715250462,8.63654633450832));
#3633=CARTESIAN_POINT('Ctrl Pts',(-86.9891985030692,26.9642067352022,8.59475371565056));
#3634=CARTESIAN_POINT('Ctrl Pts',(-87.1469208711339,28.0666121033837,8.50565318003086));
#3635=CARTESIAN_POINT('Ctrl Pts',(-87.2255944266621,28.6160274598135,8.45831036837548));
#3636=CARTESIAN_POINT('Ctrl Pts',(-87.3759836564592,29.672877446668,8.36102589945745));
#3637=CARTESIAN_POINT('Ctrl Pts',(-87.4478432836736,30.180782625835,8.31150415172964));
#3638=CARTESIAN_POINT('Ctrl Pts',(-87.518247284212,30.691634995593,8.25932913428329));
#3639=CARTESIAN_POINT('Ctrl Pts',(-85.3316911606783,21.8667631739383,8.94003496278282));
#3640=CARTESIAN_POINT('Ctrl Pts',(-85.4304831707364,23.2873824016255,8.85634056162735));
#3641=CARTESIAN_POINT('Ctrl Pts',(-85.530610321296,24.7027551353605,8.76451391652884));
#3642=CARTESIAN_POINT('Ctrl Pts',(-85.6738459226543,26.6471484662498,8.61906300238173));
#3643=CARTESIAN_POINT('Ctrl Pts',(-85.7138365299357,27.1824124575483,8.57698104225504));
#3644=CARTESIAN_POINT('Ctrl Pts',(-85.7936013728799,28.249611610235,8.48739111096917));
#3645=CARTESIAN_POINT('Ctrl Pts',(-85.8334325920714,28.7820241939617,8.43984387695077));
#3646=CARTESIAN_POINT('Ctrl Pts',(-85.9092457797901,29.8070051031945,8.34274903346359));
#3647=CARTESIAN_POINT('Ctrl Pts',(-85.9453432553957,30.3001687021521,8.29355819752443));
#3648=CARTESIAN_POINT('Ctrl Pts',(-85.9800157388555,30.7984238163355,8.24223423586797));
#3649=CARTESIAN_POINT('Ctrl Pts',(-83.5569544644171,22.6023741447898,8.8916894959188));
#3650=CARTESIAN_POINT('Ctrl Pts',(-83.4505813297324,23.8898221149926,8.81056457196602));
#3651=CARTESIAN_POINT('Ctrl Pts',(-83.3450998235457,25.1714141566904,8.72078521412915));
#3652=CARTESIAN_POINT('Ctrl Pts',(-83.2035110232591,26.9318994180761,8.57704640595796));
#3653=CARTESIAN_POINT('Ctrl Pts',(-83.1648518326748,27.4167428402366,8.53530152144682));
#3654=CARTESIAN_POINT('Ctrl Pts',(-83.0875503999831,28.3850362588851,8.44681654019455));
#3655=CARTESIAN_POINT('Ctrl Pts',(-83.0489141248061,28.8689517278723,8.40003463173653));
#3656=CARTESIAN_POINT('Ctrl Pts',(-82.9740523495307,29.8018290514442,8.30545835197063));
#3657=CARTESIAN_POINT('Ctrl Pts',(-82.9378320998468,30.2514755324298,8.25791978590115));
#3658=CARTESIAN_POINT('Ctrl Pts',(-82.90023722678,30.7082592640277,8.20893859661473));
#3659=CARTESIAN_POINT('Ctrl Pts',(-82.6707028198956,22.9391513789062,8.86224224759967));
#3660=CARTESIAN_POINT('Ctrl Pts',(-82.4619326773501,24.1406457935872,8.7824899562625));
#3661=CARTESIAN_POINT('Ctrl Pts',(-82.2538247987576,25.3362386722175,8.69402343611417));
#3662=CARTESIAN_POINT('Ctrl Pts',(-81.9694440423455,26.9788272948489,8.55246965080745));
#3663=CARTESIAN_POINT('Ctrl Pts',(-81.8912671322261,27.431330310964,8.51135778665052));
#3664=CARTESIAN_POINT('Ctrl Pts',(-81.7348404236163,28.3357356621602,8.42448096113443));
#3665=CARTESIAN_POINT('Ctrl Pts',(-81.6565656415636,28.7880586727568,8.37867618046484));
#3666=CARTESIAN_POINT('Ctrl Pts',(-81.5055975498563,29.6604889436666,8.2864413419546));
#3667=CARTESIAN_POINT('Ctrl Pts',(-81.4328234955544,30.0812480846099,8.24022961167617));
#3668=CARTESIAN_POINT('Ctrl Pts',(-81.3587155204127,30.5090232415236,8.19273691952909));
#3669=CARTESIAN_POINT('Ctrl Pts',(-81.7991210163546,23.2402196360152,8.82715101563677));
#3670=CARTESIAN_POINT('Ctrl Pts',(-81.4896940224158,24.3375258370582,8.74895500365378));
#3671=CARTESIAN_POINT('Ctrl Pts',(-81.1804009399294,25.4296465528769,8.66227686239836));
#3672=CARTESIAN_POINT('Ctrl Pts',(-80.753571549329,26.930261558125,8.52511436021315));
#3673=CARTESIAN_POINT('Ctrl Pts',(-80.6357977397443,27.3436871670554,8.48541566195659));
#3674=CARTESIAN_POINT('Ctrl Pts',(-80.4001838333283,28.1698391270056,8.40194413518842));
#3675=CARTESIAN_POINT('Ctrl Pts',(-80.2823240970584,28.5828266278609,8.3581464656619));
#3676=CARTESIAN_POINT('Ctrl Pts',(-80.0557429252494,29.3791806542956,8.27006676825304));
#3677=CARTESIAN_POINT('Ctrl Pts',(-79.94692436206,29.7628887677686,8.22601694874443));
#3678=CARTESIAN_POINT('Ctrl Pts',(-79.8384885316009,30.1504059148345,8.18061630195762));
#3679=CARTESIAN_POINT('',(-101.266055091674,11.7255820705748,8.81156272548684));
#3680=CARTESIAN_POINT('Origin',(-99.3629741774117,11.2850256843359,8.821651472295));
#3681=CARTESIAN_POINT('Ctrl Pts',(-80.0075054514111,29.5500216179144,8.25012809512252));
#3682=CARTESIAN_POINT('Ctrl Pts',(-81.61163595191,30.0237466012997,8.25148072678415));
#3683=CARTESIAN_POINT('Ctrl Pts',(-83.2647455159378,30.3121354329315,8.25865504262191));
#3684=CARTESIAN_POINT('Ctrl Pts',(-86.6854189073754,30.5117208020925,8.27708003023878));
#3685=CARTESIAN_POINT('Ctrl Pts',(-88.4423129693407,30.4031705638021,8.28834229420676));
#3686=CARTESIAN_POINT('Ctrl Pts',(-92.8770993865806,29.5884076150971,8.31099383340181));
#3687=CARTESIAN_POINT('Ctrl Pts',(-95.4687257584673,28.5836827937548,8.31751976691746));
#3688=CARTESIAN_POINT('Ctrl Pts',(-100.265623601738,25.5896021146928,8.28952349463719));
#3689=CARTESIAN_POINT('Ctrl Pts',(-102.396055863608,23.5810962460721,8.25479473372081));
#3690=CARTESIAN_POINT('Ctrl Pts',(-105.037283272324,19.8570608254923,8.21361413582849));
#3691=CARTESIAN_POINT('Ctrl Pts',(-105.842950313025,18.3924337955294,8.20139391627146));
#3692=CARTESIAN_POINT('Ctrl Pts',(-107.087617732785,15.3549773209966,8.19394606068959));
#3693=CARTESIAN_POINT('Ctrl Pts',(-107.533034515781,13.7960241895741,8.19790989758901));
#3694=CARTESIAN_POINT('Ctrl Pts',(-107.802832174395,12.2024378405154,8.21742777342423));
#3695=CARTESIAN_POINT('',(-96.204524069379,20.1304924370778,8.77652709651006));
#3696=CARTESIAN_POINT('Ctrl Pts',(-81.8397225026838,23.2267595643462,8.82874227730019));
#3697=CARTESIAN_POINT('Ctrl Pts',(-82.6922027492123,23.4737215480162,8.82691889181612));
#3698=CARTESIAN_POINT('Ctrl Pts',(-83.5636891335652,23.6467431359971,8.82352369499835));
#3699=CARTESIAN_POINT('Ctrl Pts',(-84.444466343902,23.7442739580975,8.82007270250259));
#3700=CARTESIAN_POINT('Ctrl Pts',(-84.5826121690105,23.7595712157177,8.81953143031687));
#3701=CARTESIAN_POINT('Ctrl Pts',(-84.7209865195245,23.7730113614987,8.81898515740044));
#3702=CARTESIAN_POINT('Ctrl Pts',(-84.8595519525633,23.7845884365027,8.81843637053093));
#3703=CARTESIAN_POINT('Ctrl Pts',(-85.1091468556809,23.8054419701052,8.81744785252679));
#3704=CARTESIAN_POINT('Ctrl Pts',(-85.3593616120737,23.820250636403,8.81645147872695));
#3705=CARTESIAN_POINT('Ctrl Pts',(-85.6099770451181,23.8289793980393,8.81545708185095));
#3706=CARTESIAN_POINT('Ctrl Pts',(-86.2944876648168,23.8528204279561,8.81274106706467));
#3707=CARTESIAN_POINT('Ctrl Pts',(-86.9791777618925,23.8312077436128,8.81006541571959));
#3708=CARTESIAN_POINT('Ctrl Pts',(-87.6595559597148,23.7645396546544,8.80746057129241));
#3709=CARTESIAN_POINT('Ctrl Pts',(-88.0079032563346,23.7304062144093,8.80612691522109));
#3710=CARTESIAN_POINT('Ctrl Pts',(-88.3551202163425,23.6844620395397,8.80480800978916));
#3711=CARTESIAN_POINT('Ctrl Pts',(-88.7006040784224,23.626760899763,8.80351039662046));
#3712=CARTESIAN_POINT('Ctrl Pts',(-88.9386452249873,23.5870043525603,8.80261633076258));
#3713=CARTESIAN_POINT('Ctrl Pts',(-89.1758636230506,23.5416664256974,8.80173211066539));
#3714=CARTESIAN_POINT('Ctrl Pts',(-89.4120620903426,23.4907645558808,8.80085762312781));
#3715=CARTESIAN_POINT('Ctrl Pts',(-90.173338480305,23.3267059481321,8.79803911747322));
#3716=CARTESIAN_POINT('Ctrl Pts',(-90.9204796386909,23.1056123099014,8.79533101626158));
#3717=CARTESIAN_POINT('Ctrl Pts',(-91.6472078539198,22.8296703797588,8.79269470687804));
#3718=CARTESIAN_POINT('Ctrl Pts',(-92.0019783675469,22.6949624404818,8.79140772666387));
#3719=CARTESIAN_POINT('Ctrl Pts',(-92.3518849378947,22.5471831617882,8.79013785550389));
#3720=CARTESIAN_POINT('Ctrl Pts',(-92.6962016190137,22.3865859040758,8.78888060123311));
#3721=CARTESIAN_POINT('Ctrl Pts',(-92.8037985317943,22.3364002172403,8.7884877167914));
#3722=CARTESIAN_POINT('Ctrl Pts',(-92.9108493985312,22.2849628974555,8.78809634381784));
#3723=CARTESIAN_POINT('Ctrl Pts',(-93.0173319782445,22.2322816958629,8.78770662926496));
#3724=CARTESIAN_POINT('Ctrl Pts',(-93.4739466912828,22.0063760894017,8.78603546953905));
#3725=CARTESIAN_POINT('Ctrl Pts',(-93.9187202208374,21.7582859660355,8.78439693518744));
#3726=CARTESIAN_POINT('Ctrl Pts',(-94.3501034204904,21.4890338275084,8.78282358638246));
#3727=CARTESIAN_POINT('Ctrl Pts',(-95.0004461595415,21.0831159025499,8.78045164428519));
#3728=CARTESIAN_POINT('Ctrl Pts',(-95.6203554711514,20.6291010654288,8.77823234167187));
#3729=CARTESIAN_POINT('Ctrl Pts',(-96.2045240696912,20.1304924374453,8.77652709596496));
#3730=CARTESIAN_POINT('',(-97.8377324603105,18.5121521146353,8.77337300882313));
#3731=CARTESIAN_POINT('Ctrl Pts',(-97.8377324601719,18.5121521147434,8.77337300858045));
#3732=CARTESIAN_POINT('Ctrl Pts',(-97.9376784023808,18.6184263564611,8.76361260493891));
#3733=CARTESIAN_POINT('Ctrl Pts',(-98.0165146333413,18.7427759698424,8.75405512059949));
#3734=CARTESIAN_POINT('Ctrl Pts',(-98.1248303349993,19.0177868064041,8.73624081065337));
#3735=CARTESIAN_POINT('Ctrl Pts',(-98.1519940991393,19.1664435660349,8.7281926458863));
#3736=CARTESIAN_POINT('Ctrl Pts',(-98.1477862108002,19.465325162967,8.71499605618768));
#3737=CARTESIAN_POINT('Ctrl Pts',(-98.116689809255,19.6127074889104,8.70996072944637));
#3738=CARTESIAN_POINT('Ctrl Pts',(-97.9998744287606,19.8873789084285,8.70348121514982));
#3739=CARTESIAN_POINT('Ctrl Pts',(-97.9153037767893,20.0120339673848,8.70209490127195));
#3740=CARTESIAN_POINT('Ctrl Pts',(-97.7031680885432,20.2221474270253,8.70304978211297));
#3741=CARTESIAN_POINT('Ctrl Pts',(-97.5776242788332,20.3055525871359,8.7053805868476));
#3742=CARTESIAN_POINT('Ctrl Pts',(-97.3016151329202,20.4197563361776,8.7133870896179));
#3743=CARTESIAN_POINT('Ctrl Pts',(-97.1537785256166,20.4494131100528,8.71898773293834));
#3744=CARTESIAN_POINT('Ctrl Pts',(-96.8546129549991,20.4505713513462,8.73277021413014));
#3745=CARTESIAN_POINT('Ctrl Pts',(-96.7061474185175,20.4218625940634,8.74082987707356));
#3746=CARTESIAN_POINT('Ctrl Pts',(-96.4326488591013,20.3108221884097,8.75819069394232));
#3747=CARTESIAN_POINT('Ctrl Pts',(-96.3095174318009,20.2310587174346,8.76729614948161));
#3748=CARTESIAN_POINT('Ctrl Pts',(-96.2045240693934,20.1304924370158,8.77652709599791));
#3749=CARTESIAN_POINT('Ctrl Pts',(-97.837732460464,18.5121521147689,8.77337300856444));
#3750=CARTESIAN_POINT('Ctrl Pts',(-98.2765026443024,18.0075128224043,8.7731572854347));
#3751=CARTESIAN_POINT('Ctrl Pts',(-98.6814957732917,17.4757329367321,8.77368762105319));
#3752=CARTESIAN_POINT('Ctrl Pts',(-99.050488238157,16.9203525404849,8.77520976455754));
#3753=CARTESIAN_POINT('Ctrl Pts',(-99.3990233681303,16.3957630243783,8.77664751880631));
#3754=CARTESIAN_POINT('Ctrl Pts',(-99.7154382996764,15.8501166317905,8.77897873083794));
#3755=CARTESIAN_POINT('Ctrl Pts',(-99.997859068636,15.2863975571108,8.78226116867528));
#3756=CARTESIAN_POINT('Ctrl Pts',(-100.128587974573,15.0254593188924,8.78378056567204));
#3757=CARTESIAN_POINT('Ctrl Pts',(-100.252033000639,14.760648470565,8.78550090278514));
#3758=CARTESIAN_POINT('Ctrl Pts',(-100.368007780545,14.4922604568827,8.78740788998247));
#3759=CARTESIAN_POINT('Ctrl Pts',(-100.408608452379,14.3983026698841,8.78807549169253));
#3760=CARTESIAN_POINT('Ctrl Pts',(-100.447527550827,14.3056783660966,8.78875321857255));
#3761=CARTESIAN_POINT('Ctrl Pts',(-100.48482224877,14.2145438633322,8.78943678685253));
#3762=CARTESIAN_POINT('Ctrl Pts',(-100.55301273733,14.0479114300132,8.79068663891052));
#3763=CARTESIAN_POINT('Ctrl Pts',(-100.615811031251,13.8861578124518,8.79194953878064));
#3764=CARTESIAN_POINT('Ctrl Pts',(-100.673559369511,13.7303246923749,8.79320631623636));
#3765=CARTESIAN_POINT('Ctrl Pts',(-100.736233273119,13.5611999999474,8.79457028880228));
#3766=CARTESIAN_POINT('Ctrl Pts',(-100.792960096084,13.3990497211618,8.79592705000733));
#3767=CARTESIAN_POINT('Ctrl Pts',(-100.844239579633,13.24518006601,8.79725209404466));
#3768=CARTESIAN_POINT('Ctrl Pts',(-100.899360087061,13.0797850018858,8.79867638880444));
#3769=CARTESIAN_POINT('Ctrl Pts',(-100.948189355419,12.9239586255163,8.80006403697777));
#3770=CARTESIAN_POINT('Ctrl Pts',(-100.99138721473,12.7792787775302,8.80138460325679));
#3771=CARTESIAN_POINT('Ctrl Pts',(-101.02981978685,12.6505590034338,8.80255949385477));
#3772=CARTESIAN_POINT('Ctrl Pts',(-101.063797344886,12.5306617514344,8.8036812862565));
#3773=CARTESIAN_POINT('Ctrl Pts',(-101.09377608667,12.4206623027692,8.80472854714563));
#3774=CARTESIAN_POINT('Ctrl Pts',(-101.120472443879,12.3227067382737,8.805661143016));
#3775=CARTESIAN_POINT('Ctrl Pts',(-101.143998764131,12.2325998242227,8.80653463484989));
#3776=CARTESIAN_POINT('Ctrl Pts',(-101.164648373978,12.1510761235106,8.80733388685414));
#3777=CARTESIAN_POINT('Ctrl Pts',(-101.18397655703,12.0747693544154,8.80808199246766));
#3778=CARTESIAN_POINT('Ctrl Pts',(-101.200785163043,12.005982271946,8.80876505586571));
#3779=CARTESIAN_POINT('Ctrl Pts',(-101.215275855716,11.945297502819,8.80937066502099));
#3780=CARTESIAN_POINT('Ctrl Pts',(-101.228691440467,11.889115118601,8.80993134221788));
#3781=CARTESIAN_POINT('Ctrl Pts',(-101.24012061235,11.8398772351197,8.81042563194214));
#3782=CARTESIAN_POINT('Ctrl Pts',(-101.249682106217,11.7980307321719,8.81084368492233));
#3783=CARTESIAN_POINT('Ctrl Pts',(-101.255930433598,11.7706845189365,8.81111687778516));
#3784=CARTESIAN_POINT('Ctrl Pts',(-101.26138033716,11.746494472426,8.81135751394699));
#3785=CARTESIAN_POINT('Ctrl Pts',(-101.266053292739,11.7255816697757,8.81156284476578));
#3786=CARTESIAN_POINT('Origin',(-98.3538764610162,-5.69009925791282,5.20516372770687));
#3787=CARTESIAN_POINT('',(-96.6274600820154,-5.69009925791282,5.43014468960142));
#3788=CARTESIAN_POINT('Origin',(-98.3538764610162,-5.69009925791282,5.43014468960142));
#3789=CARTESIAN_POINT('',(-96.2713362411088,-5.69009925791282,5.08018276581232));
#3790=CARTESIAN_POINT('',(-96.3985177919135,-5.69009925791282,5.20516372770687));
#3791=CARTESIAN_POINT('Origin',(-98.3538764610162,-5.69009925791282,5.08018276581232));
#3792=CARTESIAN_POINT('Origin',(-98.3538764610162,-5.69009925791282,6.60050502782758));
#3793=CARTESIAN_POINT('',(-96.6984838107365,-5.69009925791282,9.49909138290616));
#3794=CARTESIAN_POINT('Origin',(-98.3538764610162,-5.69009925791282,9.49909138290616));
#3795=CARTESIAN_POINT('',(-96.6478887977085,-5.69009925791282,6.60050502782758));
#3796=CARTESIAN_POINT('Origin',(-67.8443897919434,5.00405053462289,5.08018276581232));
#3797=CARTESIAN_POINT('Origin',(-92.3605385186919,26.0789661501947,5.20516372770687));
#3798=CARTESIAN_POINT('',(-90.634122139691,26.0789661501947,5.43014468960142));
#3799=CARTESIAN_POINT('Origin',(-92.3605385186919,26.0789661501947,5.43014468960142));
#3800=CARTESIAN_POINT('',(-90.2779982987845,26.0789661501947,5.08018276581232));
#3801=CARTESIAN_POINT('',(-90.4051798495892,26.0789661501947,5.20516372770687));
#3802=CARTESIAN_POINT('Origin',(-92.3605385186919,26.0789661501947,5.08018276581232));
#3803=CARTESIAN_POINT('Origin',(-92.3605385186919,26.0789661501947,6.60050502782758));
#3804=CARTESIAN_POINT('',(-90.7051458684121,26.0789661501947,9.49909138290616));
#3805=CARTESIAN_POINT('Origin',(-92.3605385186919,26.0789661501947,9.49909138290616));
#3806=CARTESIAN_POINT('',(-90.6545508553842,26.0789661501947,6.60050502782758));
#3807=CARTESIAN_POINT('Origin',(-67.8443897919434,5.00405053462289,5.08018276581232));
#3808=CARTESIAN_POINT('Origin',(-67.8443897919434,5.00405053462291,5.20516372770687));
#3809=CARTESIAN_POINT('',(-66.1179734129426,5.00405053462291,5.43014468960142));
#3810=CARTESIAN_POINT('Origin',(-67.8443897919434,5.00405053462291,5.43014468960142));
#3811=CARTESIAN_POINT('',(-65.7618495720361,5.00405053462291,5.08018276581232));
#3812=CARTESIAN_POINT('',(-65.8890311228407,5.00405053462291,5.20516372770687));
#3813=CARTESIAN_POINT('Origin',(-67.8443897919434,5.00405053462291,5.08018276581232));
#3814=CARTESIAN_POINT('Origin',(-67.8443897919434,5.00405053462291,6.60050502782758));
#3815=CARTESIAN_POINT('',(-66.1889971416637,5.00405053462291,9.49909138290616));
#3816=CARTESIAN_POINT('Origin',(-67.8443897919434,5.00405053462291,9.49909138290616));
#3817=CARTESIAN_POINT('',(-66.1384021286357,5.00405053462291,6.60050502782758));
#3818=CARTESIAN_POINT('Origin',(-67.8443897919434,5.00405053462289,5.08018276581232));
#3819=CARTESIAN_POINT('Origin',(-98.3538764610162,-5.69009925791282,9.49909138290616));
#3820=CARTESIAN_POINT('',(-99.4788764610162,-5.69009925791284,9.49909138290616));
#3821=CARTESIAN_POINT('Origin',(-98.3538764610162,-5.69009925791284,9.49909138290616));
#3822=CARTESIAN_POINT('Origin',(-67.8443897919434,5.00405053462291,9.49909138290616));
#3823=CARTESIAN_POINT('',(-68.9693897919434,5.00405053462289,9.49909138290616));
#3824=CARTESIAN_POINT('Origin',(-67.8443897919434,5.00405053462289,9.49909138290616));
#3825=CARTESIAN_POINT('Origin',(-67.8443897919434,5.00405053462289,25.7991423435546));
#3826=CARTESIAN_POINT('',(-68.8828869593159,5.43665732301088,10.9778601446337));
#3827=CARTESIAN_POINT('',(-68.9693897919434,5.00405053430792,11.0035164654888));
#3828=CARTESIAN_POINT('Ctrl Pts',(-68.8828869593158,5.43665732301095,10.9778601446337));
#3829=CARTESIAN_POINT('Ctrl Pts',(-68.8511252690156,5.51290306462449,10.9715258137587));
#3830=CARTESIAN_POINT('Ctrl Pts',(-68.8110592028215,5.58542848608998,10.9644134740599));
#3831=CARTESIAN_POINT('Ctrl Pts',(-68.7029013495697,5.73861768864762,10.9467433986752));
#3832=CARTESIAN_POINT('Ctrl Pts',(-68.6307531316485,5.81536296994953,10.9358698410528));
#3833=CARTESIAN_POINT('Ctrl Pts',(-68.4524096713254,5.95868505662987,10.9105150022424));
#3834=CARTESIAN_POINT('Ctrl Pts',(-68.3435748681699,6.01982370734366,10.8959047922349));
#3835=CARTESIAN_POINT('Ctrl Pts',(-68.085796462435,6.11306317980732,10.8627300639225));
#3836=CARTESIAN_POINT('Ctrl Pts',(-67.9357137011031,6.1353598341359,10.8442969492428));
#3837=CARTESIAN_POINT('Ctrl Pts',(-67.6456644356412,6.12019893756861,10.8099608459792));
#3838=CARTESIAN_POINT('Ctrl Pts',(-67.5081219907583,6.0867681290208,10.7942548276378));
#3839=CARTESIAN_POINT('Ctrl Pts',(-67.248206124552,5.96902770129655,10.7657179062095));
#3840=CARTESIAN_POINT('Ctrl Pts',(-67.1288346212955,5.88422652912178,10.7532544690622));
#3841=CARTESIAN_POINT('Ctrl Pts',(-66.9269815285776,5.67175592739634,10.7338762351329));
#3842=CARTESIAN_POINT('Ctrl Pts',(-66.8471915123703,5.54548237584673,10.7272598697258));
#3843=CARTESIAN_POINT('Ctrl Pts',(-66.7414724461021,5.27009361294721,10.7216455039452));
#3844=CARTESIAN_POINT('Ctrl Pts',(-66.7162029362713,5.12398647361392,10.7226574931247));
#3845=CARTESIAN_POINT('Ctrl Pts',(-66.7224290806985,4.86341350572925,10.7315164893541));
#3846=CARTESIAN_POINT('Ctrl Pts',(-66.7423877659907,4.75084502889056,10.7377202014138));
#3847=CARTESIAN_POINT('Ctrl Pts',(-66.7870551716651,4.61891385029938,10.7479670654973));
#3848=CARTESIAN_POINT('Ctrl Pts',(-66.7961354136617,4.59484559016078,10.7499663503866));
#3849=CARTESIAN_POINT('Ctrl Pts',(-66.8060288209588,4.57111694394658,10.7520685233437));
#3850=CARTESIAN_POINT('Ctrl Pts',(-66.8407131005023,4.48792912262626,10.7594383153986));
#3851=CARTESIAN_POINT('Ctrl Pts',(-66.8852263644432,4.40930986803103,10.7680403723077));
#3852=CARTESIAN_POINT('Ctrl Pts',(-66.9963682978322,4.25840318923938,10.7880686018851));
#3853=CARTESIAN_POINT('Ctrl Pts',(-67.06408042757,4.18783529652657,10.7995872559401));
#3854=CARTESIAN_POINT('Ctrl Pts',(-67.2408562796831,4.04586088031331,10.8281187658852));
#3855=CARTESIAN_POINT('Ctrl Pts',(-67.3549536532886,3.98287727482907,10.8454840919634));
#3856=CARTESIAN_POINT('Ctrl Pts',(-67.6077531981863,3.89557668268682,10.8815961311365));
#3857=CARTESIAN_POINT('Ctrl Pts',(-67.7456240759274,3.87488791645645,10.9000631237767));
#3858=CARTESIAN_POINT('Ctrl Pts',(-68.0268810641806,3.88476644393974,10.9350451784249));
#3859=CARTESIAN_POINT('Ctrl Pts',(-68.1678400321298,3.91703302092821,10.9511622596217));
#3860=CARTESIAN_POINT('Ctrl Pts',(-68.4347261256278,4.03497555485787,10.978828325322));
#3861=CARTESIAN_POINT('Ctrl Pts',(-68.5573552266186,4.12120519525056,10.9899437205788));
#3862=CARTESIAN_POINT('Ctrl Pts',(-68.7615279522383,4.33600472686601,11.0053758115665));
#3863=CARTESIAN_POINT('Ctrl Pts',(-68.8412651128174,4.46208771386301,11.0095943085461));
#3864=CARTESIAN_POINT('Ctrl Pts',(-68.9439795230878,4.72905098907192,11.0110320782751));
#3865=CARTESIAN_POINT('Ctrl Pts',(-68.9693897918661,4.86600494103163,11.0086822871994));
#3866=CARTESIAN_POINT('Ctrl Pts',(-68.9693897919434,5.00405053399294,11.0035164654888));
#3867=CARTESIAN_POINT('Ctrl Pts',(-68.9693897919434,5.00405053399294,11.0035164654888));
#3868=CARTESIAN_POINT('Ctrl Pts',(-68.9693897919453,5.00738555168819,11.003391665367));
#3869=CARTESIAN_POINT('Ctrl Pts',(-68.9693749621626,5.01072120630872,11.0032652160859));
#3870=CARTESIAN_POINT('Ctrl Pts',(-68.968253653469,5.13677689269638,10.9984251985024));
#3871=CARTESIAN_POINT('Ctrl Pts',(-68.9470902676338,5.25838475354104,10.9915619951225));
#3872=CARTESIAN_POINT('Ctrl Pts',(-68.8994405227254,5.39519347247382,10.981225487958));
#3873=CARTESIAN_POINT('Ctrl Pts',(-68.8914667152716,5.41606113151336,10.9795712315607));
#3874=CARTESIAN_POINT('Ctrl Pts',(-68.8828869593158,5.43665732301095,10.9778601446337));
#3875=CARTESIAN_POINT('',(-68.9693897919434,5.00405053462289,25.7991423435546));
#3876=CARTESIAN_POINT('Origin',(-92.3605385186919,26.0789661501947,25.7991423435546));
#3877=CARTESIAN_POINT('',(-93.4271402040486,26.4367172435462,10.5325106666269));
#3878=CARTESIAN_POINT('',(-93.4855385186919,26.0789661507699,10.554715528955));
#3879=CARTESIAN_POINT('Ctrl Pts',(-93.4271402040486,26.4367172435462,10.532510666627));
#3880=CARTESIAN_POINT('Ctrl Pts',(-93.4211540055995,26.4545645387002,10.5314695324417));
#3881=CARTESIAN_POINT('Ctrl Pts',(-93.4147149098764,26.4722763367864,10.5304471084688));
#3882=CARTESIAN_POINT('Ctrl Pts',(-93.4078262699638,26.4898351877672,10.5294444884176));
#3883=CARTESIAN_POINT('Ctrl Pts',(-93.3785821575637,26.5643771899935,10.5251880990805));
#3884=CARTESIAN_POINT('Ctrl Pts',(-93.3415292646016,26.6354165166078,10.5213305855743));
#3885=CARTESIAN_POINT('Ctrl Pts',(-93.2973952032099,26.7018020456551,10.5179358570881));
#3886=CARTESIAN_POINT('Ctrl Pts',(-93.2589797682901,26.7595857367615,10.5149809971201));
#3887=CARTESIAN_POINT('Ctrl Pts',(-93.2151966170748,26.813847614409,10.5123767622598));
#3888=CARTESIAN_POINT('Ctrl Pts',(-93.1665295183479,26.86382506011,10.5101652987518));
#3889=CARTESIAN_POINT('Ctrl Pts',(-93.1064388726755,26.9255336283171,10.5074347421017));
#3890=CARTESIAN_POINT('Ctrl Pts',(-93.0394488722219,26.9801486460931,10.5053286271997));
#3891=CARTESIAN_POINT('Ctrl Pts',(-92.9668707112111,27.0265875262278,10.5038971031572));
#3892=CARTESIAN_POINT('Ctrl Pts',(-92.9168396953806,27.0585996951063,10.5029102966436));
#3893=CARTESIAN_POINT('Ctrl Pts',(-92.8643489275014,27.0866014076808,10.5022479475469));
#3894=CARTESIAN_POINT('Ctrl Pts',(-92.8098900646821,27.1103284474095,10.5019189884301));
#3895=CARTESIAN_POINT('Ctrl Pts',(-92.7584983336222,27.1327191765114,10.5016085563428));
#3896=CARTESIAN_POINT('Ctrl Pts',(-92.705504810174,27.1512374430397,10.501595942537));
#3897=CARTESIAN_POINT('Ctrl Pts',(-92.6513524427434,27.165728434035,10.5018831582952));
#3898=CARTESIAN_POINT('Ctrl Pts',(-92.5822665748176,27.1842155794271,10.502249579024));
#3899=CARTESIAN_POINT('Ctrl Pts',(-92.5115806477136,27.1960714656822,10.5031025422786));
#3900=CARTESIAN_POINT('Ctrl Pts',(-92.440255069545,27.2011382722509,10.5044331126668));
#3901=CARTESIAN_POINT('Ctrl Pts',(-92.3172035400915,27.2098795725492,10.5067286246768));
#3902=CARTESIAN_POINT('Ctrl Pts',(-92.1935882641132,27.1983195732561,10.5104214926861));
#3903=CARTESIAN_POINT('Ctrl Pts',(-92.0743577918051,27.1669576904001,10.5153652030404));
#3904=CARTESIAN_POINT('Ctrl Pts',(-91.9949413197878,27.1460683150246,10.5186580863731));
#3905=CARTESIAN_POINT('Ctrl Pts',(-91.91825467677,27.1166005006512,10.5224733625861));
#3906=CARTESIAN_POINT('Ctrl Pts',(-91.8456142717283,27.0792051315831,10.5267326600452));
#3907=CARTESIAN_POINT('Ctrl Pts',(-91.7898436141174,27.0504943290576,10.5300027935214));
#3908=CARTESIAN_POINT('Ctrl Pts',(-91.736454673768,27.017108925324,10.5335346601692));
#3909=CARTESIAN_POINT('Ctrl Pts',(-91.6860429522543,26.9793442545798,10.5372927916024));
#3910=CARTESIAN_POINT('Ctrl Pts',(-91.6195212848919,26.9295112238902,10.5422518995557));
#3911=CARTESIAN_POINT('Ctrl Pts',(-91.5589002059069,26.8725897763617,10.5475509857131));
#3912=CARTESIAN_POINT('Ctrl Pts',(-91.5051888854271,26.8097205582373,10.5530829497951));
#3913=CARTESIAN_POINT('Ctrl Pts',(-91.46277620169,26.7600764191381,10.5574512178056));
#3914=CARTESIAN_POINT('Ctrl Pts',(-91.4246690843483,26.706720424134,10.5619646930228));
#3915=CARTESIAN_POINT('Ctrl Pts',(-91.3913640587118,26.6502155406733,10.5665706427017));
#3916=CARTESIAN_POINT('Ctrl Pts',(-91.3471928015695,26.5752751468611,10.5726793480327));
#3917=CARTESIAN_POINT('Ctrl Pts',(-91.3119603140556,26.4956309716839,10.5788816827924));
#3918=CARTESIAN_POINT('Ctrl Pts',(-91.2862505287813,26.412927696984,10.5850476633735));
#3919=CARTESIAN_POINT('Ctrl Pts',(-91.269159162067,26.3579481636549,10.5891466876998));
#3920=CARTESIAN_POINT('Ctrl Pts',(-91.2562752466497,26.3016140030765,10.5932296459056));
#3921=CARTESIAN_POINT('Ctrl Pts',(-91.2477704452664,26.2444116541075,10.5972583502807));
#3922=CARTESIAN_POINT('Ctrl Pts',(-91.2303800617359,26.1274458670675,10.6054961339817));
#3923=CARTESIAN_POINT('Ctrl Pts',(-91.2315505887032,26.0085436982211,10.6133883598226));
#3924=CARTESIAN_POINT('Ctrl Pts',(-91.2511695205213,25.8920826948062,10.6206421077376));
#3925=CARTESIAN_POINT('Ctrl Pts',(-91.2540457677715,25.8750088477723,10.6217055485349));
#3926=CARTESIAN_POINT('Ctrl Pts',(-91.2573185176743,25.8579875273881,10.6227552663783));
#3927=CARTESIAN_POINT('Ctrl Pts',(-91.2609873680181,25.8410328253913,10.6237903382678));
#3928=CARTESIAN_POINT('Ctrl Pts',(-91.2879135774426,25.7165998793953,10.6313868766529));
#3929=CARTESIAN_POINT('Ctrl Pts',(-91.3357790167795,25.5975847685139,10.6380820805367));
#3930=CARTESIAN_POINT('Ctrl Pts',(-91.4025883315898,25.4890878245792,10.6435913481569));
#3931=CARTESIAN_POINT('Ctrl Pts',(-91.4637836193196,25.389707944382,10.6486376686911));
#3932=CARTESIAN_POINT('Ctrl Pts',(-91.5400919932226,25.3004220439448,10.6526246075895));
#3933=CARTESIAN_POINT('Ctrl Pts',(-91.6287961597073,25.2244615451353,10.6554158799294));
#3934=CARTESIAN_POINT('Ctrl Pts',(-91.681277190197,25.1795201921864,10.6570673113625));
#3935=CARTESIAN_POINT('Ctrl Pts',(-91.7377927818168,25.139504163544,10.6582907490766));
#3936=CARTESIAN_POINT('Ctrl Pts',(-91.7976285291908,25.1049243935334,10.6590732708016));
#3937=CARTESIAN_POINT('Ctrl Pts',(-91.8463914615626,25.0767437312961,10.6597109841357));
#3938=CARTESIAN_POINT('Ctrl Pts',(-91.8972033475538,25.0522637135959,10.6600538467174));
#3939=CARTESIAN_POINT('Ctrl Pts',(-91.9496358061858,25.0316916108044,10.6601007337932));
#3940=CARTESIAN_POINT('Ctrl Pts',(-92.0063526297085,25.0094385188465,10.6601514521092));
#3941=CARTESIAN_POINT('Ctrl Pts',(-92.0647820146024,24.9918301480975,10.6598556992036));
#3942=CARTESIAN_POINT('Ctrl Pts',(-92.1243470754993,24.9790395152946,10.6592188793629));
#3943=CARTESIAN_POINT('Ctrl Pts',(-92.2109430469278,24.9604444319342,10.6582930676219));
#3944=CARTESIAN_POINT('Ctrl Pts',(-92.2994202030048,24.9521432909266,10.6566520747189));
#3945=CARTESIAN_POINT('Ctrl Pts',(-92.3879388666203,24.9542998792799,10.6543373135651));
#3946=CARTESIAN_POINT('Ctrl Pts',(-92.4729849533307,24.9563718649223,10.6521133602228));
#3947=CARTESIAN_POINT('Ctrl Pts',(-92.5575030379248,24.9680832903899,10.6492823894743));
#3948=CARTESIAN_POINT('Ctrl Pts',(-92.6398739074495,24.9891970275877,10.6459030620807));
#3949=CARTESIAN_POINT('Ctrl Pts',(-92.707944300034,25.0066451908555,10.6431104225993));
#3950=CARTESIAN_POINT('Ctrl Pts',(-92.7742156487653,25.0304290591077,10.6399569226005));
#3951=CARTESIAN_POINT('Ctrl Pts',(-92.837821985704,25.0602289455551,10.6364844813404));
#3952=CARTESIAN_POINT('Ctrl Pts',(-92.9117032985681,25.0948427095274,10.6324511014684));
#3953=CARTESIAN_POINT('Ctrl Pts',(-92.9814060368866,25.1372995081218,10.6280200555133));
#3954=CARTESIAN_POINT('Ctrl Pts',(-93.045776383406,25.1867363206317,10.623270302788));
#3955=CARTESIAN_POINT('Ctrl Pts',(-93.0982782634476,25.2270580796462,10.6193962992864));
#3956=CARTESIAN_POINT('Ctrl Pts',(-93.147236410412,25.2720258327513,10.6153102794581));
#3957=CARTESIAN_POINT('Ctrl Pts',(-93.1920254887291,25.321170387038,10.611055085367));
#3958=CARTESIAN_POINT('Ctrl Pts',(-93.2466828835557,25.3811428939113,10.6058623501681));
#3959=CARTESIAN_POINT('Ctrl Pts',(-93.2945552900927,25.4467028450633,10.6004717646055));
#3960=CARTESIAN_POINT('Ctrl Pts',(-93.3349140655582,25.5166341364617,10.5949718205108));
#3961=CARTESIAN_POINT('Ctrl Pts',(-93.3681454581047,25.5742155216485,10.5904431697009));
#3962=CARTESIAN_POINT('Ctrl Pts',(-93.3962849886611,25.6347643904689,10.5858403752702));
#3963=CARTESIAN_POINT('Ctrl Pts',(-93.4189263953978,25.6976000499159,10.5812128381188));
#3964=CARTESIAN_POINT('Ctrl Pts',(-93.4499461667638,25.7836878011028,10.5748728988167));
#3965=CARTESIAN_POINT('Ctrl Pts',(-93.4702897749362,25.8730796551489,10.5685593725227));
#3966=CARTESIAN_POINT('Ctrl Pts',(-93.4796252505844,25.9637711568043,10.5624036453143));
#3967=CARTESIAN_POINT('Ctrl Pts',(-93.4835591903025,26.0019882668803,10.5598096414657));
#3968=CARTESIAN_POINT('Ctrl Pts',(-93.4855385187117,26.0404369316344,10.5572436588335));
#3969=CARTESIAN_POINT('Ctrl Pts',(-93.4855385186919,26.0789661507724,10.5547155289926));
#3970=CARTESIAN_POINT('Origin',(-92.3571767893183,26.0806194085084,10.5790906560621));
#3971=CARTESIAN_POINT('',(-93.4855385186918,26.0789661501947,9.49909138290616));
#3972=CARTESIAN_POINT('',(-93.4855385186919,26.0789661501947,25.7991423435546));
#3973=CARTESIAN_POINT('Origin',(-92.3605385186919,26.0789661501947,9.49909138290616));
#3974=CARTESIAN_POINT('Origin',(-92.3605385186919,26.0789661501947,9.49909138290616));
#3975=CARTESIAN_POINT('Origin',(-98.3538764610162,-5.69009925791284,25.7991423435546));
#3976=CARTESIAN_POINT('',(-99.3810608550684,-5.23127770151471,10.4983005160234));
#3977=CARTESIAN_POINT('',(-99.4788764610162,-5.69009927003151,10.451571689409));
#3978=CARTESIAN_POINT('Ctrl Pts',(-99.3810608550686,-5.23127770151516,10.4983005160233));
#3979=CARTESIAN_POINT('Ctrl Pts',(-99.3738549669679,-5.21514555667775,10.5002507359087));
#3980=CARTESIAN_POINT('Ctrl Pts',(-99.3662635684781,-5.1991709076559,10.5022191662725));
#3981=CARTESIAN_POINT('Ctrl Pts',(-99.2986757850583,-5.06520221546654,10.51904820612));
#3982=CARTESIAN_POINT('Ctrl Pts',(-99.218693245989,-4.95851700682719,10.5345879676156));
#3983=CARTESIAN_POINT('Ctrl Pts',(-99.0401133629533,-4.79160889893905,10.5633519172955));
#3984=CARTESIAN_POINT('Ctrl Pts',(-98.9471459411363,-4.72767853280326,10.5764169873734));
#3985=CARTESIAN_POINT('Ctrl Pts',(-98.746741390439,-4.63013489026004,10.6013164930564));
#3986=CARTESIAN_POINT('Ctrl Pts',(-98.6405795241022,-4.59661630390279,10.6130361380394));
#3987=CARTESIAN_POINT('Ctrl Pts',(-98.4068570945458,-4.55932012319638,10.6359694910921));
#3988=CARTESIAN_POINT('Ctrl Pts',(-98.2799754565991,-4.56046500184508,10.6467402668959));
#3989=CARTESIAN_POINT('Ctrl Pts',(-98.00923405847,-4.60888756199836,10.6661977220181));
#3990=CARTESIAN_POINT('Ctrl Pts',(-97.8691644581593,-4.66397189404152,10.6739651999166));
#3991=CARTESIAN_POINT('Ctrl Pts',(-97.6257370575986,-4.82108377438929,10.6827352854896));
#3992=CARTESIAN_POINT('Ctrl Pts',(-97.5229567926189,-4.91876199764814,10.6840209185313));
#3993=CARTESIAN_POINT('Ctrl Pts',(-97.3564828576416,-5.15003081231659,10.6803003591707));
#3994=CARTESIAN_POINT('Ctrl Pts',(-97.2955437606134,-5.28225374140658,10.6751556079077));
#3995=CARTESIAN_POINT('Ctrl Pts',(-97.2255980749625,-5.56760334195801,10.658389236026));
#3996=CARTESIAN_POINT('Ctrl Pts',(-97.2193749751205,-5.71837591692658,10.646696576577));
#3997=CARTESIAN_POINT('Ctrl Pts',(-97.2660319584983,-6.01350203236099,10.6182320679838));
#3998=CARTESIAN_POINT('Ctrl Pts',(-97.3185796687298,-6.1549085743678,10.6017302791676));
#3999=CARTESIAN_POINT('Ctrl Pts',(-97.465608376482,-6.39266057197205,10.5684884597295));
#4000=CARTESIAN_POINT('Ctrl Pts',(-97.5528854567737,-6.49072849798331,10.5522866490944));
#4001=CARTESIAN_POINT('Ctrl Pts',(-97.7408835797117,-6.63977699813126,10.5226368378506));
#4002=CARTESIAN_POINT('Ctrl Pts',(-97.836347310537,-6.69500477982621,10.5093099619639));
#4003=CARTESIAN_POINT('Ctrl Pts',(-98.0378364516135,-6.77509079108297,10.4843701301001));
#4004=CARTESIAN_POINT('Ctrl Pts',(-98.1425621297842,-6.80026933921969,10.4728459990938));
#4005=CARTESIAN_POINT('Ctrl Pts',(-98.3727638418429,-6.82174755223659,10.4505472837766));
#4006=CARTESIAN_POINT('Ctrl Pts',(-98.4973704720803,-6.81280549478518,10.4403205342315));
#4007=CARTESIAN_POINT('Ctrl Pts',(-98.7111753024336,-6.76113858956792,10.4260392357026));
#4008=CARTESIAN_POINT('Ctrl Pts',(-98.8010367594071,-6.72685467885254,10.4211656755604));
#4009=CARTESIAN_POINT('Ctrl Pts',(-98.8855175092919,-6.68155414634621,10.4177426649282));
#4010=CARTESIAN_POINT('Ctrl Pts',(-99.0081003163029,-6.6158224093376,10.4127758263017));
#4011=CARTESIAN_POINT('Ctrl Pts',(-99.1174699286826,-6.52790521715294,10.4109391668474));
#4012=CARTESIAN_POINT('Ctrl Pts',(-99.3014846231286,-6.31322055545518,10.4136116631537));
#4013=CARTESIAN_POINT('Ctrl Pts',(-99.373132925458,-6.18739458733386,10.4182946882809));
#4014=CARTESIAN_POINT('Ctrl Pts',(-99.4588181073074,-5.93488736451335,10.432540008568));
#4015=CARTESIAN_POINT('Ctrl Pts',(-99.4788764596857,-5.81274954190318,10.4412142662543));
#4016=CARTESIAN_POINT('Ctrl Pts',(-99.4788764610162,-5.69009927011733,10.4515716904251));
#4017=CARTESIAN_POINT('Ctrl Pts',(-99.4788764610162,-5.69009927011733,10.4515716904251));
#4018=CARTESIAN_POINT('Ctrl Pts',(-99.4788764613027,-5.66368890835265,10.4538019612212));
#4019=CARTESIAN_POINT('Ctrl Pts',(-99.4779464632014,-5.63725479311587,10.4561103635739));
#4020=CARTESIAN_POINT('Ctrl Pts',(-99.4668044588277,-5.47948715867079,10.4703442965877));
#4021=CARTESIAN_POINT('Ctrl Pts',(-99.4345570843838,-5.35104210910889,10.4838221604421));
#4022=CARTESIAN_POINT('Ctrl Pts',(-99.3810608550686,-5.23127770151516,10.4983005160233));
#4023=CARTESIAN_POINT('',(-99.4788764610162,-5.69009925791284,25.7991423435546));
#4024=CARTESIAN_POINT('Origin',(-67.2765442090201,-5.6599884665137,0.218));
#4025=CARTESIAN_POINT('',(-66.974370133526,-1.92209395586048,10.9958225022374));
#4026=CARTESIAN_POINT('',(-66.974370133526,-1.92209395586048,0.218));
#4027=CARTESIAN_POINT('',(-70.7809065620382,-6.99513229525349,11.5668220796398));
#4028=CARTESIAN_POINT('Ctrl Pts',(-70.7809065620382,-6.99513229525349,11.5668220796398));
#4029=CARTESIAN_POINT('Ctrl Pts',(-70.9238950750387,-6.61982923719572,11.5684073417264));
#4030=CARTESIAN_POINT('Ctrl Pts',(-71.005656388352,-6.22401085225899,11.5653097539645));
#4031=CARTESIAN_POINT('Ctrl Pts',(-71.0416953374685,-5.39495087635717,11.5482820708896));
#4032=CARTESIAN_POINT('Ctrl Pts',(-70.9868439967998,-4.96721448744592,11.5337548372331));
#4033=CARTESIAN_POINT('Ctrl Pts',(-70.7327696615531,-4.14060176226455,11.4915349120997));
#4034=CARTESIAN_POINT('Ctrl Pts',(-70.5325486163808,-3.74902945603016,11.4638830456239));
#4035=CARTESIAN_POINT('Ctrl Pts',(-69.9997497871534,-3.04304976768892,11.394203095341));
#4036=CARTESIAN_POINT('Ctrl Pts',(-69.6680161319949,-2.73696939465503,11.3523384563395));
#4037=CARTESIAN_POINT('Ctrl Pts',(-68.9604906800338,-2.28644321952659,11.2618955795122));
#4038=CARTESIAN_POINT('Ctrl Pts',(-68.5997154546567,-2.1294086936904,11.2153294893651));
#4039=CARTESIAN_POINT('Ctrl Pts',(-67.8146588241542,-1.92495269946604,11.1113387738788));
#4040=CARTESIAN_POINT('Ctrl Pts',(-67.393012128029,-1.8882506365021,11.0539800622279));
#4041=CARTESIAN_POINT('Ctrl Pts',(-66.974370133526,-1.92209395586047,10.9958225022374));
#4042=CARTESIAN_POINT('',(-70.7809065620382,-6.99513229525345,0.218));
#4043=CARTESIAN_POINT('Ctrl Pts',(-116.125582395833,34.6584418755944,20.284922969022));
#4044=CARTESIAN_POINT('Ctrl Pts',(-123.979948937584,21.3022785014803,16.0073116342286));
#4045=CARTESIAN_POINT('Ctrl Pts',(-131.834315479335,7.94611512736525,11.7297002994347));
#4046=CARTESIAN_POINT('Ctrl Pts',(-139.688682021086,-5.41004824674905,7.45208896464104));
#4047=CARTESIAN_POINT('Ctrl Pts',(-140.152718724453,-6.19913161697524,7.19936729045738));
#4048=CARTESIAN_POINT('Ctrl Pts',(-142.072128852054,-9.44988099070275,6.24214248335897));
#4049=CARTESIAN_POINT('Ctrl Pts',(-145.152210956857,-16.694715023474,4.80300275604954));
#4050=CARTESIAN_POINT('Ctrl Pts',(-144.926608722343,-24.9718193920463,4.22023206682002));
#4051=CARTESIAN_POINT('Ctrl Pts',(-142.405236616044,-30.1113446689544,4.17604498647477));
#4052=CARTESIAN_POINT('Ctrl Pts',(-139.40305882705,-32.6227551494651,4.2766446222597));
#4053=CARTESIAN_POINT('Ctrl Pts',(-135.29095446563,-33.617363479849,4.36543535845558));
#4054=CARTESIAN_POINT('Ctrl Pts',(-131.094935694745,-33.0324589700468,4.29107234248827));
#4055=CARTESIAN_POINT('Ctrl Pts',(-127.426427018873,-31.9162128649851,4.13341999740137));
#4056=CARTESIAN_POINT('Ctrl Pts',(-125.08857624704,-30.8265203984367,4.06770216573641));
#4057=CARTESIAN_POINT('Ctrl Pts',(-122.434830836167,-29.6533535999731,3.96478894385178));
#4058=CARTESIAN_POINT('Ctrl Pts',(-118.577019670612,-29.2750852092712,3.70669287138533));
#4059=CARTESIAN_POINT('Ctrl Pts',(-114.072282297438,-29.812315026625,3.49133705602692));
#4060=CARTESIAN_POINT('Ctrl Pts',(-109.75550728489,-31.9630940770211,3.44402743800043));
#4061=CARTESIAN_POINT('Ctrl Pts',(-107.082811041888,-34.7478058442332,3.71593614847905));
#4062=CARTESIAN_POINT('Ctrl Pts',(-105.973273633546,-37.7176976336598,4.18072871265055));
#4063=CARTESIAN_POINT('Ctrl Pts',(-106.018499036357,-40.5084533590433,4.71437364612564));
#4064=CARTESIAN_POINT('Ctrl Pts',(-106.929815625222,-42.5464940002097,5.14963190792284));
#4065=CARTESIAN_POINT('Ctrl Pts',(-107.925717500763,-44.7068963137554,5.67175534324835));
#4066=CARTESIAN_POINT('Ctrl Pts',(-107.783769309944,-47.8693269832177,6.50145116903531));
#4067=CARTESIAN_POINT('Ctrl Pts',(-105.705360383749,-50.5522714965923,7.27242724953316));
#4068=CARTESIAN_POINT('Ctrl Pts',(-102.685317509535,-51.5703922695899,7.64416174132394));
#4069=CARTESIAN_POINT('Ctrl Pts',(-99.4484028124025,-51.1292696836267,7.69390061039609));
#4070=CARTESIAN_POINT('Ctrl Pts',(-96.9776171109675,-49.573079403762,7.54145774836068));
#4071=CARTESIAN_POINT('Ctrl Pts',(-95.7037922854551,-48.3046067360628,7.4675219796324));
#4072=CARTESIAN_POINT('Ctrl Pts',(-88.6990660526905,-41.3293118658255,7.06095130493854));
#4073=CARTESIAN_POINT('Ctrl Pts',(-81.6943398199253,-34.3540169955888,6.65438063024415));
#4074=CARTESIAN_POINT('Ctrl Pts',(-74.6896135871604,-27.378722125352,6.24780995555029));
#4075=CARTESIAN_POINT('Ctrl Pts',(-113.206593173227,36.1465476837651,16.7599323484143));
#4076=CARTESIAN_POINT('Ctrl Pts',(-118.636418794756,24.241519499485,13.950692274851));
#4077=CARTESIAN_POINT('Ctrl Pts',(-124.066244416286,12.3364913152042,11.1414522012874));
#4078=CARTESIAN_POINT('Ctrl Pts',(-129.496070037814,0.431463130923964,8.33221212772403));
#4079=CARTESIAN_POINT('Ctrl Pts',(-129.816864638865,-0.27188703777016,8.16624196376826));
#4080=CARTESIAN_POINT('Ctrl Pts',(-131.125550152479,-3.17368020613983,7.53667049556265));
#4081=CARTESIAN_POINT('Ctrl Pts',(-133.053978410185,-9.58537647961269,6.5816830595697));
#4082=CARTESIAN_POINT('Ctrl Pts',(-132.313173433012,-16.8556327943186,6.17985164930335));
#4083=CARTESIAN_POINT('Ctrl Pts',(-129.766971676832,-21.699541142926,6.13712799525318));
#4084=CARTESIAN_POINT('Ctrl Pts',(-126.957225314567,-24.3396806288907,6.19699291581646));
#4085=CARTESIAN_POINT('Ctrl Pts',(-123.271488247937,-25.8385494690327,6.25449717822039));
#4086=CARTESIAN_POINT('Ctrl Pts',(-119.63289867372,-25.9828532909145,6.21038237389218));
#4087=CARTESIAN_POINT('Ctrl Pts',(-116.528422981962,-25.5585997325067,6.11439366633091));
#4088=CARTESIAN_POINT('Ctrl Pts',(-114.55524760513,-24.9952888954678,6.07882353266427));
#4089=CARTESIAN_POINT('Ctrl Pts',(-112.346906631438,-24.3612856636288,6.01818682991786));
#4090=CARTESIAN_POINT('Ctrl Pts',(-109.191905435308,-24.3825348635142,5.85366142445689));
#4091=CARTESIAN_POINT('Ctrl Pts',(-105.511291712469,-25.1638721729234,5.72081511304128));
#4092=CARTESIAN_POINT('Ctrl Pts',(-101.95448242506,-27.2123117048007,5.69738309200362));
#4093=CARTESIAN_POINT('Ctrl Pts',(-99.6374609320585,-29.7465943069788,5.87896660924937));
#4094=CARTESIAN_POINT('Ctrl Pts',(-98.4950299955474,-32.4403531655499,6.1832329871937));
#4095=CARTESIAN_POINT('Ctrl Pts',(-98.2725870226184,-34.9429481195422,6.53147030187043));
#4096=CARTESIAN_POINT('Ctrl Pts',(-98.7538018327383,-36.8234516724865,6.81393563241523));
#4097=CARTESIAN_POINT('Ctrl Pts',(-99.2469511963788,-38.8740222585703,7.15198790832557));
#4098=CARTESIAN_POINT('Ctrl Pts',(-98.7856582678328,-41.8002758157552,7.69290735959021));
#4099=CARTESIAN_POINT('Ctrl Pts',(-96.8056252365561,-44.4176667779549,8.19477102605211));
#4100=CARTESIAN_POINT('Ctrl Pts',(-94.1524853415097,-45.7232791330233,8.43453593282263));
#4101=CARTESIAN_POINT('Ctrl Pts',(-91.3779623043817,-45.8840878233945,8.46416194690073));
#4102=CARTESIAN_POINT('Ctrl Pts',(-89.2816961563183,-45.0849807897513,8.36388300827046));
#4103=CARTESIAN_POINT('Ctrl Pts',(-88.2014320637834,-44.3384517509952,8.3170682615516));
#4104=CARTESIAN_POINT('Ctrl Pts',(-82.2610907580239,-40.2333099476926,8.05963531013325));
#4105=CARTESIAN_POINT('Ctrl Pts',(-76.3207494522641,-36.1281681443903,7.80220235871454));
#4106=CARTESIAN_POINT('Ctrl Pts',(-70.3804081465045,-32.023026341088,7.54476940729619));
#4107=CARTESIAN_POINT('Ctrl Pts',(-110.287603950622,37.6346534919358,13.2349417278066));
#4108=CARTESIAN_POINT('Ctrl Pts',(-113.292888651929,27.1807604974897,11.8940729154735));
#4109=CARTESIAN_POINT('Ctrl Pts',(-116.298173353235,16.7268675030432,10.5532041031402));
#4110=CARTESIAN_POINT('Ctrl Pts',(-119.303458054542,6.27297450859698,9.21233529080702));
#4111=CARTESIAN_POINT('Ctrl Pts',(-119.481010553278,5.65535754143492,9.13311663707913));
#4112=CARTESIAN_POINT('Ctrl Pts',(-120.178971452905,3.10252057842308,8.83119850776632));
#4113=CARTESIAN_POINT('Ctrl Pts',(-120.955745863512,-2.47603793575135,8.36036336308985));
#4114=CARTESIAN_POINT('Ctrl Pts',(-119.699738143681,-8.73944619659089,8.13947123178668));
#4115=CARTESIAN_POINT('Ctrl Pts',(-117.128706737621,-13.2877376168975,8.09821100403159));
#4116=CARTESIAN_POINT('Ctrl Pts',(-114.511391802083,-16.0566061083164,8.11734120937323));
#4117=CARTESIAN_POINT('Ctrl Pts',(-111.252022030243,-18.0597354582163,8.1435589979852));
#4118=CARTESIAN_POINT('Ctrl Pts',(-108.170861652695,-18.9332476117823,8.12969240529609));
#4119=CARTESIAN_POINT('Ctrl Pts',(-105.630418945051,-19.2009866000284,8.09536733526046));
#4120=CARTESIAN_POINT('Ctrl Pts',(-104.02191896322,-19.1640573924989,8.08994489959214));
#4121=CARTESIAN_POINT('Ctrl Pts',(-102.258982426709,-19.0692177272844,8.07158471598393));
#4122=CARTESIAN_POINT('Ctrl Pts',(-99.806791200004,-19.4899845177571,8.00062997752844));
#4123=CARTESIAN_POINT('Ctrl Pts',(-96.9503011274995,-20.5154293192217,7.95029317005564));
#4124=CARTESIAN_POINT('Ctrl Pts',(-94.15345756523,-22.4615293325804,7.95073874600681));
#4125=CARTESIAN_POINT('Ctrl Pts',(-92.1921108222293,-24.7453827697244,8.04199707001969));
#4126=CARTESIAN_POINT('Ctrl Pts',(-91.0167863575487,-27.1630086974399,8.18573726173685));
#4127=CARTESIAN_POINT('Ctrl Pts',(-90.5266750088792,-29.3774428800411,8.34856695761522));
#4128=CARTESIAN_POINT('Ctrl Pts',(-90.5777880402541,-31.1004093447632,8.47823935690761));
#4129=CARTESIAN_POINT('Ctrl Pts',(-90.5681848919944,-33.0411482033851,8.63222047340278));
#4130=CARTESIAN_POINT('Ctrl Pts',(-89.7875472257214,-35.7312246482926,8.88436355014511));
#4131=CARTESIAN_POINT('Ctrl Pts',(-87.905890089363,-38.2830620593174,9.11711480257106));
#4132=CARTESIAN_POINT('Ctrl Pts',(-85.6196531734849,-39.8761659964566,9.22491012432132));
#4133=CARTESIAN_POINT('Ctrl Pts',(-83.3075217963609,-40.6389059631623,9.23442328340537));
#4134=CARTESIAN_POINT('Ctrl Pts',(-81.5857752016692,-40.5968821757407,9.18630826818023));
#4135=CARTESIAN_POINT('Ctrl Pts',(-80.6990718421117,-40.3722967659276,9.1666145434708));
#4136=CARTESIAN_POINT('Ctrl Pts',(-75.8231154633574,-39.1373080295596,9.05831931532796));
#4137=CARTESIAN_POINT('Ctrl Pts',(-70.9471590846029,-37.9023192931918,8.95002408718493));
#4138=CARTESIAN_POINT('Ctrl Pts',(-66.0712027058485,-36.667330556824,8.84172885904209));
#4139=CARTESIAN_POINT('Ctrl Pts',(-107.368614728016,39.1227593001065,9.70995110719887));
#4140=CARTESIAN_POINT('Ctrl Pts',(-107.949358509101,30.1200014954943,9.83745355609591));
#4141=CARTESIAN_POINT('Ctrl Pts',(-108.530102290185,21.1172436908822,9.96495600499296));
#4142=CARTESIAN_POINT('Ctrl Pts',(-109.11084607127,12.11448588627,10.09245845389));
#4143=CARTESIAN_POINT('Ctrl Pts',(-109.14515646769,11.58260212064,10.09999131039));
#4144=CARTESIAN_POINT('Ctrl Pts',(-109.23239275333,9.378721362986,10.12572651997));
#4145=CARTESIAN_POINT('Ctrl Pts',(-108.85751331684,4.63330060811,10.13904366661));
#4146=CARTESIAN_POINT('Ctrl Pts',(-107.08630285435,-0.6232595988632,10.09909081427));
#4147=CARTESIAN_POINT('Ctrl Pts',(-104.49044179841,-4.875934090869,10.05929401281));
#4148=CARTESIAN_POINT('Ctrl Pts',(-102.0655582896,-7.773531587742,10.03768950293));
#4149=CARTESIAN_POINT('Ctrl Pts',(-99.23255581255,-10.2809214474,10.03262081775));
#4150=CARTESIAN_POINT('Ctrl Pts',(-96.70882463167,-11.88364193265,10.0490024367));
#4151=CARTESIAN_POINT('Ctrl Pts',(-94.73241490814,-12.84337346755,10.07634100419));
#4152=CARTESIAN_POINT('Ctrl Pts',(-93.48859032131,-13.33282588953,10.10106626652));
#4153=CARTESIAN_POINT('Ctrl Pts',(-92.17105822198,-13.77714979094,10.12498260205));
#4154=CARTESIAN_POINT('Ctrl Pts',(-90.4216769647,-14.597434172,10.1475985306));
#4155=CARTESIAN_POINT('Ctrl Pts',(-88.38931054253,-15.86698646552,10.17977122707));
#4156=CARTESIAN_POINT('Ctrl Pts',(-86.3524327054,-17.71074696036,10.20409440001));
#4157=CARTESIAN_POINT('Ctrl Pts',(-84.7467607124,-19.74417123247,10.20502753079));
#4158=CARTESIAN_POINT('Ctrl Pts',(-83.53854271955,-21.88566422933,10.18824153628));
#4159=CARTESIAN_POINT('Ctrl Pts',(-82.78076299514,-23.81193764054,10.16566361336));
#4160=CARTESIAN_POINT('Ctrl Pts',(-82.40177424777,-25.37736701704,10.1425430814));
#4161=CARTESIAN_POINT('Ctrl Pts',(-81.88941858761,-27.2082741482,10.11245303848));
#4162=CARTESIAN_POINT('Ctrl Pts',(-80.78943618361,-29.66217348083,10.0758197407));
#4163=CARTESIAN_POINT('Ctrl Pts',(-79.00615494217,-32.14845734068,10.03945857909));
#4164=CARTESIAN_POINT('Ctrl Pts',(-77.08682100546,-34.02905285989,10.01528431582));
#4165=CARTESIAN_POINT('Ctrl Pts',(-75.23708128834,-35.39372410293,10.00468461991));
#4166=CARTESIAN_POINT('Ctrl Pts',(-73.88985424702,-36.10878356173,10.00873352809));
#4167=CARTESIAN_POINT('Ctrl Pts',(-73.19671162044,-36.40614178086,10.01616082539));
#4168=CARTESIAN_POINT('Ctrl Pts',(-69.3851401686908,-38.0413061114266,10.0570033205227));
#4169=CARTESIAN_POINT('Ctrl Pts',(-65.5735687169417,-39.6764704419933,10.0978458156553));
#4170=CARTESIAN_POINT('Ctrl Pts',(-61.7619972651925,-41.3116347725599,10.138688310788));
#4171=CARTESIAN_POINT('Ctrl Pts',(-107.294227776547,39.1606818979963,9.62012093441346));
#4172=CARTESIAN_POINT('Ctrl Pts',(-107.813185030168,30.1949045392542,9.78504306985898));
#4173=CARTESIAN_POINT('Ctrl Pts',(-108.332142283789,21.2291271805121,9.94996520530449));
#4174=CARTESIAN_POINT('Ctrl Pts',(-108.85109953741,12.26334982177,10.11488734075));
#4175=CARTESIAN_POINT('Ctrl Pts',(-108.88175958006,11.73365086431,10.1246309558));
#4176=CARTESIAN_POINT('Ctrl Pts',(-108.95343227887,9.538662838466,10.1587160191));
#4177=CARTESIAN_POINT('Ctrl Pts',(-108.54920432058,4.814473603593,10.18437120821));
#4178=CARTESIAN_POINT('Ctrl Pts',(-106.76486453198,-0.4164282841442,10.14902937713));
#4179=CARTESIAN_POINT('Ctrl Pts',(-104.16837072209,-4.661569332063,10.10926986934));
#4180=CARTESIAN_POINT('Ctrl Pts',(-101.74839109819,-7.562447333779,10.08662728393));
#4181=CARTESIAN_POINT('Ctrl Pts',(-98.92625408204,-10.08268766982,10.08076130036));
#4182=CARTESIAN_POINT('Ctrl Pts',(-96.41672831798,-11.70399115783,10.09791375883));
#4183=CARTESIAN_POINT('Ctrl Pts',(-94.4546923009,-12.68135729569,10.12682375042));
#4184=CARTESIAN_POINT('Ctrl Pts',(-93.22016103064,-13.18422392435,10.1523172908));
#4185=CARTESIAN_POINT('Ctrl Pts',(-91.91397953103,-13.64228776483,10.17731099289));
#4186=CARTESIAN_POINT('Ctrl Pts',(-90.1825085458,-14.47275337417,10.20231145805));
#4187=CARTESIAN_POINT('Ctrl Pts',(-88.17114392984,-15.74852645536,10.23658681061));
#4188=CARTESIAN_POINT('Ctrl Pts',(-86.15363291088,-17.58967894989,10.26151847557));
#4189=CARTESIAN_POINT('Ctrl Pts',(-84.55702486377,-19.61672133405,10.26014977676));
#4190=CARTESIAN_POINT('Ctrl Pts',(-83.34796861867,-21.75117741321,10.23927296426));
#4191=CARTESIAN_POINT('Ctrl Pts',(-82.58336768563,-23.67010739158,10.21197014978));
#4192=CARTESIAN_POINT('Ctrl Pts',(-82.1934183085,-25.23152212368,10.18495587259));
#4193=CARTESIAN_POINT('Ctrl Pts',(-81.66825060148,-27.05963032454,10.15017499618));
#4194=CARTESIAN_POINT('Ctrl Pts',(-80.56013007853,-29.50751096575,10.10618257765));
#4195=CARTESIAN_POINT('Ctrl Pts',(-78.77935582919,-31.9921242717,10.06296340782));
#4196=CARTESIAN_POINT('Ctrl Pts',(-76.86937197637,-33.88004617026,10.03542605741));
#4197=CARTESIAN_POINT('Ctrl Pts',(-75.03141575804,-35.26005691243,10.02431380943));
#4198=CARTESIAN_POINT('Ctrl Pts',(-73.6937328999,-35.99440973287,10.02969205285));
#4199=CARTESIAN_POINT('Ctrl Pts',(-73.00552293725,-36.30506906154,10.03781049698));
#4200=CARTESIAN_POINT('Ctrl Pts',(-69.2210760631789,-38.0133758125193,10.0824535887362));
#4201=CARTESIAN_POINT('Ctrl Pts',(-65.4366291891078,-39.7216825634987,10.1270966804924));
#4202=CARTESIAN_POINT('Ctrl Pts',(-61.6521823150367,-41.429989314478,10.1717397722486));
#4203=CARTESIAN_POINT('Ctrl Pts',(-107.084941259482,39.3116856643735,9.35791527443069));
#4204=CARTESIAN_POINT('Ctrl Pts',(-107.388211564451,30.460906328989,9.63435260796046));
#4205=CARTESIAN_POINT('Ctrl Pts',(-107.691481869421,21.6101269936045,9.91078994149023));
#4206=CARTESIAN_POINT('Ctrl Pts',(-107.99475217439,12.75934765822,10.18722727502));
#4207=CARTESIAN_POINT('Ctrl Pts',(-108.01266941212,12.23644279464,10.20355921831));
#4208=CARTESIAN_POINT('Ctrl Pts',(-108.03090814355,10.06964014124,10.26283118857));
#4209=CARTESIAN_POINT('Ctrl Pts',(-107.52851970032,5.414705377896,10.32700869187));
#4210=CARTESIAN_POINT('Ctrl Pts',(-105.70064598176,0.2668974134282,10.30841903534));
#4211=CARTESIAN_POINT('Ctrl Pts',(-103.10262193586,-3.954631259297,10.27149190034));
#4212=CARTESIAN_POINT('Ctrl Pts',(-100.69958664807,-6.866918415944,10.24745810272));
#4213=CARTESIAN_POINT('Ctrl Pts',(-97.91422343588,-9.42951159538,10.24018464824));
#4214=CARTESIAN_POINT('Ctrl Pts',(-95.45239282376,-11.11103209865,10.25962304631));
#4215=CARTESIAN_POINT('Ctrl Pts',(-93.53823240795,-12.14515737755,10.29279554711));
#4216=CARTESIAN_POINT('Ctrl Pts',(-92.33470016962,-12.69113332127,10.32025013107));
#4217=CARTESIAN_POINT('Ctrl Pts',(-91.06608728764,-13.19352751576,10.3480473308));
#4218=CARTESIAN_POINT('Ctrl Pts',(-89.39308960198,-14.05732596707,10.37939847547));
#4219=CARTESIAN_POINT('Ctrl Pts',(-87.45009124659,-15.35369703503,10.41895371073));
#4220=CARTESIAN_POINT('Ctrl Pts',(-85.49512231344,-17.18747270997,10.44466011782));
#4221=CARTESIAN_POINT('Ctrl Pts',(-83.92758310958,-19.1952153849,10.43589288385));
#4222=CARTESIAN_POINT('Ctrl Pts',(-82.71575878527,-21.30785110049,10.40257958276));
#4223=CARTESIAN_POINT('Ctrl Pts',(-81.92907259833,-23.20356909334,10.36110269831));
#4224=CARTESIAN_POINT('Ctrl Pts',(-81.50371339182,-24.75187964233,10.32231170289));
#4225=CARTESIAN_POINT('Ctrl Pts',(-80.93735517693,-26.5705434673,10.27322635182));
#4226=CARTESIAN_POINT('Ctrl Pts',(-79.80337518383,-28.99884287589,10.20677690835));
#4227=CARTESIAN_POINT('Ctrl Pts',(-78.03149137857,-31.47784874154,10.14199382394));
#4228=CARTESIAN_POINT('Ctrl Pts',(-76.15266934924,-33.38873787866,10.10283194456));
#4229=CARTESIAN_POINT('Ctrl Pts',(-74.35389478114,-34.81684568255,10.08839235213));
#4230=CARTESIAN_POINT('Ctrl Pts',(-73.04818485968,-35.61121637567,10.09640100747));
#4231=CARTESIAN_POINT('Ctrl Pts',(-72.37675187,-35.96289455468,10.10627372687));
#4232=CARTESIAN_POINT('Ctrl Pts',(-68.6845610897933,-37.8967627888867,10.1605635280929));
#4233=CARTESIAN_POINT('Ctrl Pts',(-64.9923703095866,-39.8306310230934,10.2148533293159));
#4234=CARTESIAN_POINT('Ctrl Pts',(-61.30017952938,-41.7644992573001,10.2691431305388));
#4235=CARTESIAN_POINT('Ctrl Pts',(-106.902090207715,39.6736145609884,9.07226745193475));
#4236=CARTESIAN_POINT('Ctrl Pts',(-106.785041875117,30.9893305723589,9.4813550240165));
#4237=CARTESIAN_POINT('Ctrl Pts',(-106.667993542518,22.3050465837295,9.89044259609825));
#4238=CARTESIAN_POINT('Ctrl Pts',(-106.55094520992,13.6207625951,10.29953016818));
#4239=CARTESIAN_POINT('Ctrl Pts',(-106.54402998358,13.10769429204,10.32369909986));
#4240=CARTESIAN_POINT('Ctrl Pts',(-106.4619025543,10.98381739092,10.41390332897));
#4241=CARTESIAN_POINT('Ctrl Pts',(-105.78682368325,6.441957480883,10.53157060703));
#4242=CARTESIAN_POINT('Ctrl Pts',(-103.88446186915,1.426032155799,10.54829821471));
#4243=CARTESIAN_POINT('Ctrl Pts',(-101.28688287598,-2.762239993955,10.52903230004));
#4244=CARTESIAN_POINT('Ctrl Pts',(-98.91652452246,-5.696924948633,10.51234675599));
#4245=CARTESIAN_POINT('Ctrl Pts',(-96.19812647805,-8.33083571279,10.50849467119));
#4246=CARTESIAN_POINT('Ctrl Pts',(-93.82103913958,-10.10847459169,10.53044986896));
#4247=CARTESIAN_POINT('Ctrl Pts',(-91.98993590998,-11.23105996547,10.56615196755));
#4248=CARTESIAN_POINT('Ctrl Pts',(-90.84036346778,-11.84384838462,10.59390115729));
#4249=CARTESIAN_POINT('Ctrl Pts',(-89.63575037503,-12.41565627197,10.62259377274));
#4250=CARTESIAN_POINT('Ctrl Pts',(-88.05828240847,-13.33400277127,10.6574282743));
#4251=CARTESIAN_POINT('Ctrl Pts',(-86.22560107192,-14.66542485858,10.69800688557));
#4252=CARTESIAN_POINT('Ctrl Pts',(-84.36872942124,-16.49337606281,10.71945032907));
#4253=CARTESIAN_POINT('Ctrl Pts',(-82.84570452775,-18.47778468858,10.69944485897));
#4254=CARTESIAN_POINT('Ctrl Pts',(-81.62917086866,-20.56084628318,10.65050481249));
#4255=CARTESIAN_POINT('Ctrl Pts',(-80.80748464751,-22.42260098576,10.5921522433));
#4256=CARTESIAN_POINT('Ctrl Pts',(-80.32642906678,-23.94950058516,10.53901877647));
#4257=CARTESIAN_POINT('Ctrl Pts',(-79.69630727671,-25.75126653525,10.47204785908));
#4258=CARTESIAN_POINT('Ctrl Pts',(-78.52390652717,-28.14822710895,10.37719486114));
#4259=CARTESIAN_POINT('Ctrl Pts',(-76.77025680482,-30.61766458016,10.28181832195));
#4260=CARTESIAN_POINT('Ctrl Pts',(-74.94554515977,-32.56136560463,10.22084143728));
#4261=CARTESIAN_POINT('Ctrl Pts',(-73.2141415041,-34.05788547972,10.19271933147));
#4262=CARTESIAN_POINT('Ctrl Pts',(-71.96419552286,-34.93541561855,10.1956781855));
#4263=CARTESIAN_POINT('Ctrl Pts',(-71.32284030647,-35.34185384574,10.20408771518));
#4264=CARTESIAN_POINT('Ctrl Pts',(-67.7960463401485,-37.5768460165442,10.2503314780389));
#4265=CARTESIAN_POINT('Ctrl Pts',(-64.2692523738271,-39.8118381873484,10.2965752408977));
#4266=CARTESIAN_POINT('Ctrl Pts',(-60.7424584075056,-42.0468303581527,10.3428190037566));
#4267=CARTESIAN_POINT('Ctrl Pts',(-106.88682089129,40.2707381527495,8.87422361200873));
#4268=CARTESIAN_POINT('Ctrl Pts',(-106.08704579087,31.8090726079897,9.39634887826248));
#4269=CARTESIAN_POINT('Ctrl Pts',(-105.28727069045,23.3474070632298,9.91847414451624));
#4270=CARTESIAN_POINT('Ctrl Pts',(-104.48749559003,14.88574151847,10.44059941077));
#4271=CARTESIAN_POINT('Ctrl Pts',(-104.44024480296,14.38582553371,10.4714466199));
#4272=CARTESIAN_POINT('Ctrl Pts',(-104.19930962582,12.32082678505,10.58909836591));
#4273=CARTESIAN_POINT('Ctrl Pts',(-103.26705051682,7.936936736184,10.76384929941));
#4274=CARTESIAN_POINT('Ctrl Pts',(-101.25868925166,3.09411172753,10.83673616646));
#4275=CARTESIAN_POINT('Ctrl Pts',(-98.66855088551,-1.059426279589,10.85680076617));
#4276=CARTESIAN_POINT('Ctrl Pts',(-96.35275732469,-4.033010923323,10.86150962224));
#4277=CARTESIAN_POINT('Ctrl Pts',(-93.7388175236,-6.770161397747,10.86887264793));
#4278=CARTESIAN_POINT('Ctrl Pts',(-91.48933529601,-8.677470245789,10.89225090406));
#4279=CARTESIAN_POINT('Ctrl Pts',(-89.7795812289,-9.914804151739,10.9253680917));
#4280=CARTESIAN_POINT('Ctrl Pts',(-88.70896449572,-10.6132306962,10.94950780631));
#4281=CARTESIAN_POINT('Ctrl Pts',(-87.59620947494,-11.2743373742,10.97448583109));
#4282=CARTESIAN_POINT('Ctrl Pts',(-86.14947427133,-12.26572737888,11.00555651234));
#4283=CARTESIAN_POINT('Ctrl Pts',(-84.46401039636,-13.64604667272,11.03850283845));
#4284=CARTESIAN_POINT('Ctrl Pts',(-82.73225048158,-15.47576870922,11.04853442818));
#4285=CARTESIAN_POINT('Ctrl Pts',(-81.26409220863,-17.44145062099,11.01568857055));
#4286=CARTESIAN_POINT('Ctrl Pts',(-80.04068408464,-19.49378712384,10.952791687));
#4287=CARTESIAN_POINT('Ctrl Pts',(-79.1733008912,-21.31522921996,10.88070654989));
#4288=CARTESIAN_POINT('Ctrl Pts',(-78.62007190165,-22.81247429906,10.81561266738));
#4289=CARTESIAN_POINT('Ctrl Pts',(-77.90896917373,-24.58886030252,10.73310335963));
#4290=CARTESIAN_POINT('Ctrl Pts',(-76.69048392347,-26.94517831758,10.61244777258));
#4291=CARTESIAN_POINT('Ctrl Pts',(-74.9675297178,-29.40299412746,10.48347057557));
#4292=CARTESIAN_POINT('Ctrl Pts',(-73.22112406795,-31.3852649366,10.39042020389));
#4293=CARTESIAN_POINT('Ctrl Pts',(-71.58559124923,-32.95940276666,10.3332586194));
#4294=CARTESIAN_POINT('Ctrl Pts',(-70.41501735393,-33.9270780703,10.31596707355));
#4295=CARTESIAN_POINT('Ctrl Pts',(-69.8166321601,-34.39011924397,10.31430731425));
#4296=CARTESIAN_POINT('Ctrl Pts',(-66.5261291171616,-36.9363693963423,10.3051803453953));
#4297=CARTESIAN_POINT('Ctrl Pts',(-63.2356260742231,-39.4826195487145,10.2960533765406));
#4298=CARTESIAN_POINT('Ctrl Pts',(-59.9451230312847,-42.0288697010868,10.2869264076859));
#4299=CARTESIAN_POINT('Ctrl Pts',(-106.993257143926,40.9320690365769,8.83495765933134));
#4300=CARTESIAN_POINT('Ctrl Pts',(-105.376054543228,32.7389785093146,9.41478838091422));
#4301=CARTESIAN_POINT('Ctrl Pts',(-103.758851942529,24.5458879820523,9.99461910249711));
#4302=CARTESIAN_POINT('Ctrl Pts',(-102.14164934183,16.35279745479,10.57444982408));
#4303=CARTESIAN_POINT('Ctrl Pts',(-102.04610486227,15.86874890696,10.60870627686));
#4304=CARTESIAN_POINT('Ctrl Pts',(-101.61667960476,13.87377888847,10.74161781664));
#4305=CARTESIAN_POINT('Ctrl Pts',(-100.38452546523,9.667772145683,10.95936429611));
#4306=CARTESIAN_POINT('Ctrl Pts',(-98.24884648909,5.004215225822,11.09235749111));
#4307=CARTESIAN_POINT('Ctrl Pts',(-95.66758372902,0.8791820662381,11.16151188455));
#4308=CARTESIAN_POINT('Ctrl Pts',(-93.41817546909,-2.142868320754,11.19507976109));
#4309=CARTESIAN_POINT('Ctrl Pts',(-90.93055417462,-4.995415089873,11.21789509597));
#4310=CARTESIAN_POINT('Ctrl Pts',(-88.83352381646,-7.040874696421,11.2410829092));
#4311=CARTESIAN_POINT('Ctrl Pts',(-87.26576650676,-8.397577803275,11.2670923794));
#4312=CARTESIAN_POINT('Ctrl Pts',(-86.28827135026,-9.183471040757,11.28467550815));
#4313=CARTESIAN_POINT('Ctrl Pts',(-85.28144208437,-9.937316988849,11.30217768455));
#4314=CARTESIAN_POINT('Ctrl Pts',(-83.97814470938,-11.01062644392,11.3231628062));
#4315=CARTESIAN_POINT('Ctrl Pts',(-82.45023937642,-12.45044820561,11.34214708127));
#4316=CARTESIAN_POINT('Ctrl Pts',(-80.84580768164,-14.29663087405,11.33776765819));
#4317=CARTESIAN_POINT('Ctrl Pts',(-79.43084907771,-16.25603809833,11.29568161081));
#4318=CARTESIAN_POINT('Ctrl Pts',(-78.19813275197,-18.28360958344,11.22641183047));
#4319=CARTESIAN_POINT('Ctrl Pts',(-77.28138890274,-20.06564142183,11.14944162324));
#4320=CARTESIAN_POINT('Ctrl Pts',(-76.65226175785,-21.52848650614,11.0796939506));
#4321=CARTESIAN_POINT('Ctrl Pts',(-75.85765570454,-23.27325146292,10.99020325106));
#4322=CARTESIAN_POINT('Ctrl Pts',(-74.59284522661,-25.5872323715,10.85559416287));
#4323=CARTESIAN_POINT('Ctrl Pts',(-72.90784279828,-28.03586000367,10.70053109688));
#4324=CARTESIAN_POINT('Ctrl Pts',(-71.25223436172,-30.05725104111,10.57394030324));
#4325=CARTESIAN_POINT('Ctrl Pts',(-69.72764980627,-31.7047144681,10.47926560333));
#4326=CARTESIAN_POINT('Ctrl Pts',(-68.64954111457,-32.75280502926,10.43014753245));
#4327=CARTESIAN_POINT('Ctrl Pts',(-68.1013016557,-33.26417774251,10.41082905565));
#4328=CARTESIAN_POINT('Ctrl Pts',(-65.0865485731176,-36.0762016468028,10.3045973050138));
#4329=CARTESIAN_POINT('Ctrl Pts',(-62.0717954905351,-38.8882255510955,10.1983655543776));
#4330=CARTESIAN_POINT('Ctrl Pts',(-59.0570424079527,-41.7002494553883,10.0921338037414));
#4331=CARTESIAN_POINT('Ctrl Pts',(-107.125300917851,41.5592595447449,8.96244520984858));
#4332=CARTESIAN_POINT('Ctrl Pts',(-104.588314914167,33.7130870547466,9.53748830996572));
#4333=CARTESIAN_POINT('Ctrl Pts',(-102.051328910484,25.8669145647483,10.1125314100829));
#4334=CARTESIAN_POINT('Ctrl Pts',(-99.5143429068,18.02074207475,10.6875745102));
#4335=CARTESIAN_POINT('Ctrl Pts',(-99.36445753853,17.55718947672,10.72154810986));
#4336=CARTESIAN_POINT('Ctrl Pts',(-98.72282305086,15.64957886544,10.85578398197));
#4337=CARTESIAN_POINT('Ctrl Pts',(-97.14956720851,11.64339490469,11.09763872179));
#4338=CARTESIAN_POINT('Ctrl Pts',(-94.85712406515,7.159290055296,11.28686415655));
#4339=CARTESIAN_POINT('Ctrl Pts',(-92.28033981881,3.055811273591,11.40817565128));
#4340=CARTESIAN_POINT('Ctrl Pts',(-90.10663663529,-0.02258162769458,11.47415953166));
#4341=CARTESIAN_POINT('Ctrl Pts',(-87.76720336086,-2.998961335176,11.51478322171));
#4342=CARTESIAN_POINT('Ctrl Pts',(-85.84909005403,-5.187537338399,11.5365073312));
#4343=CARTESIAN_POINT('Ctrl Pts',(-84.44541374163,-6.66652904898,11.551997353));
#4344=CARTESIAN_POINT('Ctrl Pts',(-83.57640931489,-7.540436259409,11.5607477239));
#4345=CARTESIAN_POINT('Ctrl Pts',(-82.69083396225,-8.38956424411,11.56801039375));
#4346=CARTESIAN_POINT('Ctrl Pts',(-81.54408742958,-9.555308915031,11.5746491548));
#4347=CARTESIAN_POINT('Ctrl Pts',(-80.18312775161,-11.07026399538,11.57562672636));
#4348=CARTESIAN_POINT('Ctrl Pts',(-78.70688838191,-12.95429919092,11.55579904631));
#4349=CARTESIAN_POINT('Ctrl Pts',(-77.34374926947,-14.92333598363,11.50861457615));
#4350=CARTESIAN_POINT('Ctrl Pts',(-76.10019046452,-16.93352013269,11.44041590608));
#4351=CARTESIAN_POINT('Ctrl Pts',(-75.13110820295,-18.6773338493,11.36688627443));
#4352=CARTESIAN_POINT('Ctrl Pts',(-74.42321623565,-20.10043261255,11.29966020735));
#4353=CARTESIAN_POINT('Ctrl Pts',(-73.54352152449,-21.80694299216,11.21198091641));
#4354=CARTESIAN_POINT('Ctrl Pts',(-72.23185450222,-24.07861701454,11.07571654585));
#4355=CARTESIAN_POINT('Ctrl Pts',(-70.59123123999,-26.52358826182,10.90445787641));
#4356=CARTESIAN_POINT('Ctrl Pts',(-69.03853016786,-28.58734344103,10.74734163459));
#4357=CARTESIAN_POINT('Ctrl Pts',(-67.63990852507,-30.30634488265,10.61264918944));
#4358=CARTESIAN_POINT('Ctrl Pts',(-66.66727208605,-31.42782218983,10.52579493727));
#4359=CARTESIAN_POINT('Ctrl Pts',(-66.17613506896,-31.98173255101,10.48451203959));
#4360=CARTESIAN_POINT('Ctrl Pts',(-63.4753866782946,-35.0276697629788,10.2574985676023));
#4361=CARTESIAN_POINT('Ctrl Pts',(-60.7746382876293,-38.0736069749475,10.0304850956147));
#4362=CARTESIAN_POINT('Ctrl Pts',(-58.0738898969639,-41.1195441869163,9.80347162362703));
#4363=CARTESIAN_POINT('Ctrl Pts',(-107.228108703796,41.997994841064,9.16646085136758));
#4364=CARTESIAN_POINT('Ctrl Pts',(-103.783012737004,34.564138570756,9.69852842615839));
#4365=CARTESIAN_POINT('Ctrl Pts',(-100.337916770212,27.130282300448,10.2305960009492));
#4366=CARTESIAN_POINT('Ctrl Pts',(-96.89282080342,19.69642603014,10.76266357574));
#4367=CARTESIAN_POINT('Ctrl Pts',(-96.68928421435,19.25723311259,10.79409817738));
#4368=CARTESIAN_POINT('Ctrl Pts',(-95.83792568191,17.45005964735,10.92048909529));
#4369=CARTESIAN_POINT('Ctrl Pts',(-93.92396771437,13.64899614285,11.16794393482));
#4370=CARTESIAN_POINT('Ctrl Pts',(-91.46435809029,9.323675225095,11.39530670169));
#4371=CARTESIAN_POINT('Ctrl Pts',(-88.88796164347,5.230408663527,11.55603870833));
#4372=CARTESIAN_POINT('Ctrl Pts',(-86.79130152136,2.092200375218,11.6475720267));
#4373=CARTESIAN_POINT('Ctrl Pts',(-84.60555518871,-1.004684935301,11.70259236681));
#4374=CARTESIAN_POINT('Ctrl Pts',(-82.87196261836,-3.327753114745,11.72273392133));
#4375=CARTESIAN_POINT('Ctrl Pts',(-81.63474383707,-4.920212250053,11.72886525603));
#4376=CARTESIAN_POINT('Ctrl Pts',(-80.87652356273,-5.873928069379,11.7299622267));
#4377=CARTESIAN_POINT('Ctrl Pts',(-80.11371090283,-6.810169993515,11.72838051664));
#4378=CARTESIAN_POINT('Ctrl Pts',(-79.11913398916,-8.06715591009,11.72264902606));
#4379=CARTESIAN_POINT('Ctrl Pts',(-77.91490411555,-9.663217775717,11.70868541204));
#4380=CARTESIAN_POINT('Ctrl Pts',(-76.55356900078,-11.59931571735,11.67728194027));
#4381=CARTESIAN_POINT('Ctrl Pts',(-75.23673840669,-13.58980905797,11.62866623485));
#4382=CARTESIAN_POINT('Ctrl Pts',(-73.98336899276,-15.59051809344,11.56519173806));
#4383=CARTESIAN_POINT('Ctrl Pts',(-72.96556314035,-17.30121412258,11.49844170553));
#4384=CARTESIAN_POINT('Ctrl Pts',(-72.18501879712,-18.68380956768,11.43677993469));
#4385=CARTESIAN_POINT('Ctrl Pts',(-71.22823591953,-20.35024240222,11.35506276406));
#4386=CARTESIAN_POINT('Ctrl Pts',(-69.87390806705,-22.58600236142,11.22397031831));
#4387=CARTESIAN_POINT('Ctrl Pts',(-68.27699951632,-25.03627333442,11.04611560368));
#4388=CARTESIAN_POINT('Ctrl Pts',(-66.82433854244,-27.144280743,10.86863674077));
#4389=CARTESIAN_POINT('Ctrl Pts',(-65.54811903215,-28.92865025804,10.70403501647));
#4390=CARTESIAN_POINT('Ctrl Pts',(-64.67777711561,-30.11159976488,10.58721281489));
#4391=CARTESIAN_POINT('Ctrl Pts',(-64.24166047158,-30.69966141249,10.52803868655));
#4392=CARTESIAN_POINT('Ctrl Pts',(-61.8434675365715,-33.9333955704341,10.2026418495733));
#4393=CARTESIAN_POINT('Ctrl Pts',(-59.4452746015629,-37.1671297283783,9.8772450125965));
#4394=CARTESIAN_POINT('Ctrl Pts',(-57.0470816665544,-40.4008638863224,9.55184817561975));
#4395=CARTESIAN_POINT('Ctrl Pts',(-107.264499244027,42.1705291893153,9.34637384933941));
#4396=CARTESIAN_POINT('Ctrl Pts',(-102.933614968508,35.2371850912102,9.83043543513294));
#4397=CARTESIAN_POINT('Ctrl Pts',(-98.6027306929892,28.3038409931051,10.3144970209265));
#4398=CARTESIAN_POINT('Ctrl Pts',(-94.27184641747,21.370496895,10.79855860672));
#4399=CARTESIAN_POINT('Ctrl Pts',(-94.01597737301,20.96087428298,10.82715701008));
#4400=CARTESIAN_POINT('Ctrl Pts',(-92.95983894495,19.27207378706,10.94352033971));
#4401=CARTESIAN_POINT('Ctrl Pts',(-90.70961618934,15.68681362984,11.18388418393));
#4402=CARTESIAN_POINT('Ctrl Pts',(-88.07507296414,11.50047842089,11.42446652603));
#4403=CARTESIAN_POINT('Ctrl Pts',(-85.49624930258,7.405285723634,11.60245429463));
#4404=CARTESIAN_POINT('Ctrl Pts',(-83.47844593222,4.202646140628,11.70617964906));
#4405=CARTESIAN_POINT('Ctrl Pts',(-81.45158186458,0.9868292102428,11.76874482596));
#4406=CARTESIAN_POINT('Ctrl Pts',(-79.90641375246,-1.464833089707,11.78861939749));
#4407=CARTESIAN_POINT('Ctrl Pts',(-78.83575985805,-3.164614422486,11.79036734426));
#4408=CARTESIAN_POINT('Ctrl Pts',(-78.18919646197,-4.191402906678,11.78782359851));
#4409=CARTESIAN_POINT('Ctrl Pts',(-77.54943821137,-5.207631884183,11.78200751571));
#4410=CARTESIAN_POINT('Ctrl Pts',(-76.70156929097,-6.554687625644,11.77035523988));
#4411=CARTESIAN_POINT('Ctrl Pts',(-75.64316890798,-8.236438783715,11.74934670817));
#4412=CARTESIAN_POINT('Ctrl Pts',(-74.38571716715,-10.2336998027,11.71292454504));
#4413=CARTESIAN_POINT('Ctrl Pts',(-73.11339959614,-12.25286666576,11.66480237886));
#4414=CARTESIAN_POINT('Ctrl Pts',(-71.85414150391,-14.25027366902,11.60518476423));
#4415=CARTESIAN_POINT('Ctrl Pts',(-70.79293760372,-15.93312626189,11.54324899243));
#4416=CARTESIAN_POINT('Ctrl Pts',(-69.94642305362,-17.27557639814,11.48562382931));
#4417=CARTESIAN_POINT('Ctrl Pts',(-68.92113850714,-18.90149919715,11.40853611299));
#4418=CARTESIAN_POINT('Ctrl Pts',(-67.52884622227,-21.10963418335,11.28248259003));
#4419=CARTESIAN_POINT('Ctrl Pts',(-65.97365624058,-23.57702405714,11.10421889805));
#4420=CARTESIAN_POINT('Ctrl Pts',(-64.61440733357,-25.73486607953,10.91913294228));
#4421=CARTESIAN_POINT('Ctrl Pts',(-63.45115013489,-27.58293052897,10.74179316263));
#4422=CARTESIAN_POINT('Ctrl Pts',(-62.6734706155,-28.81978337237,10.6114208346));
#4423=CARTESIAN_POINT('Ctrl Pts',(-62.28616871192,-29.43628627079,10.54394806514));
#4424=CARTESIAN_POINT('Ctrl Pts',(-60.1564066365771,-32.8264180523724,10.17291723832));
#4425=CARTESIAN_POINT('Ctrl Pts',(-58.0266445612342,-36.2165498339547,9.80188641149993));
#4426=CARTESIAN_POINT('Ctrl Pts',(-55.8968824858913,-39.6066816155371,9.43085558467989));
#4427=CARTESIAN_POINT('Ctrl Pts',(-107.106463853891,42.0580464252685,9.39760286583936));
#4428=CARTESIAN_POINT('Ctrl Pts',(-101.953132631331,35.716409661459,9.86299801714291));
#4429=CARTESIAN_POINT('Ctrl Pts',(-96.7998014087702,29.3747728976495,10.3283931684465));
#4430=CARTESIAN_POINT('Ctrl Pts',(-91.64647018621,23.03313613384,10.79378831975));
#4431=CARTESIAN_POINT('Ctrl Pts',(-91.34201089988,22.65847164598,10.82128390843));
#4432=CARTESIAN_POINT('Ctrl Pts',(-90.09446489636,21.10698270162,10.93270030712));
#4433=CARTESIAN_POINT('Ctrl Pts',(-87.51939337648,17.7519147788,11.15933310767));
#4434=CARTESIAN_POINT('Ctrl Pts',(-84.69801537782,13.68995726221,11.38125179269));
#4435=CARTESIAN_POINT('Ctrl Pts',(-82.10735476037,9.584806511269,11.54485637562));
#4436=CARTESIAN_POINT('Ctrl Pts',(-80.16515142266,6.315443943081,11.64092027442));
#4437=CARTESIAN_POINT('Ctrl Pts',(-78.29865646797,2.982641659315,11.70077378003));
#4438=CARTESIAN_POINT('Ctrl Pts',(-76.94478047949,0.4051142272022,11.72315672659));
#4439=CARTESIAN_POINT('Ctrl Pts',(-76.04200940694,-1.400675703327,11.72930055936));
#4440=CARTESIAN_POINT('Ctrl Pts',(-75.50962284391,-2.496851172233,11.73002521326));
#4441=CARTESIAN_POINT('Ctrl Pts',(-74.99550803274,-3.589130579179,11.72781250699));
#4442=CARTESIAN_POINT('Ctrl Pts',(-74.29284271949,-5.028703843056,11.72105858948));
#4443=CARTESIAN_POINT('Ctrl Pts',(-73.37557591898,-6.803538583448,11.70578314384));
#4444=CARTESIAN_POINT('Ctrl Pts',(-72.21792825846,-8.86865763806,11.67375425038));
#4445=CARTESIAN_POINT('Ctrl Pts',(-70.98954386003,-10.91757809733,11.62624491654));
#4446=CARTESIAN_POINT('Ctrl Pts',(-69.7242631117,-12.91184133291,11.5649533187));
#4447=CARTESIAN_POINT('Ctrl Pts',(-68.61900619036,-14.56769569607,11.50058543144));
#4448=CARTESIAN_POINT('Ctrl Pts',(-67.70783240453,-15.86772324849,11.44095406525));
#4449=CARTESIAN_POINT('Ctrl Pts',(-66.61643326183,-17.44948941496,11.36171702485));
#4450=CARTESIAN_POINT('Ctrl Pts',(-65.1831087963,-19.63492008489,11.23384626404));
#4451=CARTESIAN_POINT('Ctrl Pts',(-63.6621014089,-22.13152753203,11.0581740938));
#4452=CARTESIAN_POINT('Ctrl Pts',(-62.38916380432,-24.35060297805,10.88073490159));
#4453=CARTESIAN_POINT('Ctrl Pts',(-61.33333401274,-26.27131032392,10.7145236688));
#4454=CARTESIAN_POINT('Ctrl Pts',(-60.6453732549,-27.56695282397,10.59528241154));
#4455=CARTESIAN_POINT('Ctrl Pts',(-60.30545632084,-28.21433240096,10.5344896935));
#4456=CARTESIAN_POINT('Ctrl Pts',(-58.4362628357677,-31.7742541536814,10.2001922781199));
#4457=CARTESIAN_POINT('Ctrl Pts',(-56.5670693506955,-35.3341759064027,9.86589486273971));
#4458=CARTESIAN_POINT('Ctrl Pts',(-54.6978758656232,-38.8940976591241,9.53159744735957));
#4459=CARTESIAN_POINT('Ctrl Pts',(-106.715375689766,41.7653481050042,9.3882434700098));
#4460=CARTESIAN_POINT('Ctrl Pts',(-100.817550093184,36.0732174839228,9.84022706432654));
#4461=CARTESIAN_POINT('Ctrl Pts',(-94.9197244966021,30.3810868628414,10.2922106586433));
#4462=CARTESIAN_POINT('Ctrl Pts',(-89.02189890002,24.68895624176,10.74419425296));
#4463=CARTESIAN_POINT('Ctrl Pts',(-88.67345481706,24.35266463702,10.77089748561));
#4464=CARTESIAN_POINT('Ctrl Pts',(-87.25055419228,22.95056286597,10.87755022301));
#4465=CARTESIAN_POINT('Ctrl Pts',(-84.36173169299,19.83431205692,11.08144191372));
#4466=CARTESIAN_POINT('Ctrl Pts',(-81.33479088834,15.88457607144,11.26169897344));
#4467=CARTESIAN_POINT('Ctrl Pts',(-78.71619550212,11.76564302754,11.38928637925));
#4468=CARTESIAN_POINT('Ctrl Pts',(-76.84226030927,8.430896578876,11.46421496076));
#4469=CARTESIAN_POINT('Ctrl Pts',(-75.13604827018,4.986304796516,11.51406640071));
#4470=CARTESIAN_POINT('Ctrl Pts',(-73.97903820494,2.287934064243,11.53980826004));
#4471=CARTESIAN_POINT('Ctrl Pts',(-73.25054402229,0.3783340945965,11.55496385073));
#4472=CARTESIAN_POINT('Ctrl Pts',(-72.8384281761,-0.7838138611112,11.56274269648));
#4473=CARTESIAN_POINT('Ctrl Pts',(-72.45657730779,-1.94893721796,11.5685179001));
#4474=CARTESIAN_POINT('Ctrl Pts',(-71.90284204669,-3.485486812276,11.5728153253));
#4475=CARTESIAN_POINT('Ctrl Pts',(-71.12752746747,-5.365210335558,11.57083271589));
#4476=CARTESIAN_POINT('Ctrl Pts',(-70.0666554135,-7.512212435777,11.54944643473));
#4477=CARTESIAN_POINT('Ctrl Pts',(-68.87660162982,-9.595778679259,11.50423200984));
#4478=CARTESIAN_POINT('Ctrl Pts',(-67.59787311114,-11.58599480361,11.44022027031));
#4479=CARTESIAN_POINT('Ctrl Pts',(-66.44117717593,-13.21219531485,11.37136357645));
#4480=CARTESIAN_POINT('Ctrl Pts',(-65.46187706514,-14.46372883796,11.30814392781));
#4481=CARTESIAN_POINT('Ctrl Pts',(-64.30107878936,-15.99337717138,11.22536024623));
#4482=CARTESIAN_POINT('Ctrl Pts',(-62.81710453146,-18.15540071619,11.0954733284));
#4483=CARTESIAN_POINT('Ctrl Pts',(-61.32058609312,-20.68813729858,10.92845361927));
#4484=CARTESIAN_POINT('Ctrl Pts',(-60.13209571679,-22.97689683122,10.77116442542));
#4485=CARTESIAN_POINT('Ctrl Pts',(-59.18982567464,-24.97810665351,10.63288242397));
#4486=CARTESIAN_POINT('Ctrl Pts',(-58.60325826482,-26.33800263224,10.54079589788));
#4487=CARTESIAN_POINT('Ctrl Pts',(-58.31903856071,-27.01940794556,10.49602750215));
#4488=CARTESIAN_POINT('Ctrl Pts',(-56.7561225479473,-30.7664362478527,10.2498473762111));
#4489=CARTESIAN_POINT('Ctrl Pts',(-55.1932065351846,-34.5134645501454,10.0036672502722));
#4490=CARTESIAN_POINT('Ctrl Pts',(-53.6302905224219,-38.260492852438,9.75748712433334));
#4491=CARTESIAN_POINT('Ctrl Pts',(-106.146896759254,41.3332537838665,9.38752486516137));
#4492=CARTESIAN_POINT('Ctrl Pts',(-99.5651769530457,36.336614403301,9.80695154102758));
#4493=CARTESIAN_POINT('Ctrl Pts',(-92.9834571468378,31.3399750227355,10.2263782168938));
#4494=CARTESIAN_POINT('Ctrl Pts',(-86.40173734063,26.34333564217,10.64580489276));
#4495=CARTESIAN_POINT('Ctrl Pts',(-86.01288872437,26.04813372439,10.67058465965));
#4496=CARTESIAN_POINT('Ctrl Pts',(-84.42710957294,24.80479671362,10.76769770609));
#4497=CARTESIAN_POINT('Ctrl Pts',(-81.23236073491,21.93178185079,10.9374011117));
#4498=CARTESIAN_POINT('Ctrl Pts',(-77.9818026509,18.07972680714,11.06183329214));
#4499=CARTESIAN_POINT('Ctrl Pts',(-75.32133452622,13.94219875364,11.14183322787));
#4500=CARTESIAN_POINT('Ctrl Pts',(-73.51048795989,10.54332723957,11.18863831412));
#4501=CARTESIAN_POINT('Ctrl Pts',(-71.96680278194,6.993094045619,11.22427427449));
#4502=CARTESIAN_POINT('Ctrl Pts',(-71.01442753273,4.181665823396,11.25233544818));
#4503=CARTESIAN_POINT('Ctrl Pts',(-70.46812970706,2.173720850367,11.27694284249));
#4504=CARTESIAN_POINT('Ctrl Pts',(-70.18309067678,0.9509885994181,11.29250310221));
#4505=CARTESIAN_POINT('Ctrl Pts',(-69.94044964238,-0.2822290651998,11.3071945758));
#4506=CARTESIAN_POINT('Ctrl Pts',(-69.53867536976,-1.91929871584,11.32386686144));
#4507=CARTESIAN_POINT('Ctrl Pts',(-68.90421535327,-3.915679707617,11.33746458049));
#4508=CARTESIAN_POINT('Ctrl Pts',(-67.93314125804,-6.162732897644,11.32986779016));
#4509=CARTESIAN_POINT('Ctrl Pts',(-66.77320070576,-8.291202636535,11.29015993962));
#4510=CARTESIAN_POINT('Ctrl Pts',(-65.47337295789,-10.27997559135,11.22679610261));
#4511=CARTESIAN_POINT('Ctrl Pts',(-64.25884902968,-11.87558732344,11.15664552201));
#4512=CARTESIAN_POINT('Ctrl Pts',(-63.20933215554,-13.07271633256,11.09277136729));
#4513=CARTESIAN_POINT('Ctrl Pts',(-61.97757659831,-14.54227244461,11.01044825833));
#4514=CARTESIAN_POINT('Ctrl Pts',(-60.43556160068,-16.67989429276,10.8851881755));
#4515=CARTESIAN_POINT('Ctrl Pts',(-58.95616206564,-19.25308958162,10.73609190451));
#4516=CARTESIAN_POINT('Ctrl Pts',(-57.85205024342,-21.61472670428,10.60859361509));
#4517=CARTESIAN_POINT('Ctrl Pts',(-57.03082792548,-23.69670401353,10.50766420377));
#4518=CARTESIAN_POINT('Ctrl Pts',(-56.55808360131,-25.11828827769,10.44982787525));
#4519=CARTESIAN_POINT('Ctrl Pts',(-56.33820593274,-25.83179560552,10.42475163405));
#4520=CARTESIAN_POINT('Ctrl Pts',(-55.1291049306364,-29.7553519661918,10.2868581018823));
#4521=CARTESIAN_POINT('Ctrl Pts',(-53.9200039285328,-33.6789083268635,10.1489645697147));
#4522=CARTESIAN_POINT('Ctrl Pts',(-52.7109029264292,-37.6024646875353,10.011071037547));
#4523=CARTESIAN_POINT('Ctrl Pts',(-105.514376280892,40.8725392534024,9.45424163946679));
#4524=CARTESIAN_POINT('Ctrl Pts',(-98.3698460967412,36.5206025896216,9.80662318356119));
#4525=CARTESIAN_POINT('Ctrl Pts',(-91.2253159125906,32.1686659258408,10.1590047276556));
#4526=CARTESIAN_POINT('Ctrl Pts',(-84.08078572844,27.81672926206,10.51138627175));
#4527=CARTESIAN_POINT('Ctrl Pts',(-83.65868622288,27.55961644055,10.53220500604));
#4528=CARTESIAN_POINT('Ctrl Pts',(-81.93724142329,26.4627258463,10.61228347915));
#4529=CARTESIAN_POINT('Ctrl Pts',(-78.47455898203,23.80648857473,10.73913572242));
#4530=CARTESIAN_POINT('Ctrl Pts',(-75.00743219687,20.02756291296,10.80893991273));
#4531=CARTESIAN_POINT('Ctrl Pts',(-72.29673177228,15.8696393557,10.84526228752));
#4532=CARTESIAN_POINT('Ctrl Pts',(-70.53743939255,12.41561636078,10.86668327078));
#4533=CARTESIAN_POINT('Ctrl Pts',(-69.14104043379,8.778165531689,10.88877954057));
#4534=CARTESIAN_POINT('Ctrl Pts',(-68.37945333066,5.875392610621,10.91642247934));
#4535=CARTESIAN_POINT('Ctrl Pts',(-68.00447978096,3.787178141499,10.94623984906));
#4536=CARTESIAN_POINT('Ctrl Pts',(-67.84009854056,2.516939999883,10.96683690405));
#4537=CARTESIAN_POINT('Ctrl Pts',(-67.72873310414,1.228211861297,10.98730125955));
#4538=CARTESIAN_POINT('Ctrl Pts',(-67.46529551773,-0.5020222960279,11.01165320691));
#4539=CARTESIAN_POINT('Ctrl Pts',(-66.95517181975,-2.613682438851,11.03627729361));
#4540=CARTESIAN_POINT('Ctrl Pts',(-66.05569284385,-4.969649374216,11.04085715456));
#4541=CARTESIAN_POINT('Ctrl Pts',(-64.91239925553,-7.151156796832,11.01019511807));
#4542=CARTESIAN_POINT('Ctrl Pts',(-63.58488878398,-9.142735556471,10.9542814313));
#4543=CARTESIAN_POINT('Ctrl Pts',(-62.31190725983,-10.71036145023,10.89061785284));
#4544=CARTESIAN_POINT('Ctrl Pts',(-61.19761676291,-11.85270786107,10.83281953298));
#4545=CARTESIAN_POINT('Ctrl Pts',(-59.90092706234,-13.26026969662,10.75920461408));
#4546=CARTESIAN_POINT('Ctrl Pts',(-58.29999947764,-15.37369043026,10.65017018852));
#4547=CARTESIAN_POINT('Ctrl Pts',(-56.82941042516,-17.98416287479,10.52818795935));
#4548=CARTESIAN_POINT('Ctrl Pts',(-55.80210273715,-20.40978127141,10.4329656914));
#4549=CARTESIAN_POINT('Ctrl Pts',(-55.09881194507,-22.55887595034,10.36650717029));
#4550=CARTESIAN_POINT('Ctrl Pts',(-54.743175810779,-24.02774499419,10.33683516596));
#4551=CARTESIAN_POINT('Ctrl Pts',(-54.591772318062,-24.76465383193,10.32707871697));
#4552=CARTESIAN_POINT('Ctrl Pts',(-53.759208847853,-28.8168944253705,10.2734282834016));
#4553=CARTESIAN_POINT('Ctrl Pts',(-52.926645377644,-32.8691350188111,10.2197778498333));
#4554=CARTESIAN_POINT('Ctrl Pts',(-52.094081907435,-36.9213756122517,10.1661274162649));
#4555=CARTESIAN_POINT('Ctrl Pts',(-104.890481071956,40.469965667448,9.60059821745752));
#4556=CARTESIAN_POINT('Ctrl Pts',(-97.2798269986473,36.6841053092887,9.85262684385502));
#4557=CARTESIAN_POINT('Ctrl Pts',(-89.6691729253386,32.8982449511293,10.1046554702525));
#4558=CARTESIAN_POINT('Ctrl Pts',(-82.05851885203,29.11238459297,10.35668409665));
#4559=CARTESIAN_POINT('Ctrl Pts',(-81.60888070389,28.88871561207,10.37157397126));
#4560=CARTESIAN_POINT('Ctrl Pts',(-79.77408859036,27.92033975624,10.42763926012));
#4561=CARTESIAN_POINT('Ctrl Pts',(-76.07920208511,25.45029379214,10.50636990442));
#4562=CARTESIAN_POINT('Ctrl Pts',(-72.410906403,21.72365545091,10.53027300202));
#4563=CARTESIAN_POINT('Ctrl Pts',(-69.64850818179,17.54491181389,10.53406265678));
#4564=CARTESIAN_POINT('Ctrl Pts',(-67.93250835596,14.04453606134,10.53746340864));
#4565=CARTESIAN_POINT('Ctrl Pts',(-66.66860014528,10.33697714196,10.54937372698));
#4566=CARTESIAN_POINT('Ctrl Pts',(-66.08214559883,7.363459035893,10.57400162001));
#4567=CARTESIAN_POINT('Ctrl Pts',(-65.86522988767,5.212678915341,10.60378372347));
#4568=CARTESIAN_POINT('Ctrl Pts',(-65.8131882685,3.907718780077,10.62605133074));
#4569=CARTESIAN_POINT('Ctrl Pts',(-65.82247512472,2.574718424682,10.6480286935));
#4570=CARTESIAN_POINT('Ctrl Pts',(-65.68092975332,0.7583585837553,10.67285357965));
#4571=CARTESIAN_POINT('Ctrl Pts',(-65.27734216962,-1.463704120026,10.70102697441));
#4572=CARTESIAN_POINT('Ctrl Pts',(-64.43244324341,-3.932018569047,10.71361313358));
#4573=CARTESIAN_POINT('Ctrl Pts',(-63.29507761079,-6.173092240448,10.69500187281));
#4574=CARTESIAN_POINT('Ctrl Pts',(-61.93664510768,-8.173017258293,10.65385229105));
#4575=CARTESIAN_POINT('Ctrl Pts',(-60.60720725878,-9.71796750129,10.60538652213));
#4576=CARTESIAN_POINT('Ctrl Pts',(-59.43511089859,-10.80808881337,10.56076441836));
#4577=CARTESIAN_POINT('Ctrl Pts',(-58.0820388432,-12.15411161707,10.50411338397));
#4578=CARTESIAN_POINT('Ctrl Pts',(-56.42632996133,-14.24359140474,10.42272796804));
#4579=CARTESIAN_POINT('Ctrl Pts',(-54.961151977426,-16.88522855809,10.33475015496));
#4580=CARTESIAN_POINT('Ctrl Pts',(-54.004335863786,-19.36226963342,10.26963045461));
#4581=CARTESIAN_POINT('Ctrl Pts',(-53.413545572255,-21.56112850275,10.22847571169));
#4582=CARTESIAN_POINT('Ctrl Pts',(-53.173697406196,-23.05966864311,10.21501475209));
#4583=CARTESIAN_POINT('Ctrl Pts',(-53.091893572586,-23.80903948142,10.21300977898));
#4584=CARTESIAN_POINT('Ctrl Pts',(-52.6420566344511,-27.9298082590795,10.2019844892712));
#4585=CARTESIAN_POINT('Ctrl Pts',(-52.1922196963162,-32.050577036739,10.1909591995623));
#4586=CARTESIAN_POINT('Ctrl Pts',(-51.7423827581813,-36.1713458143985,10.1799339098535));
#4587=CARTESIAN_POINT('Ctrl Pts',(-104.41794172837,40.2304263703577,9.77591208496438));
#4588=CARTESIAN_POINT('Ctrl Pts',(-96.4944455837964,36.8295411720451,9.92624776242292));
#4589=CARTESIAN_POINT('Ctrl Pts',(-88.5709494392232,33.4286559737326,10.0765834398815));
#4590=CARTESIAN_POINT('Ctrl Pts',(-80.64745329465,30.02777077542,10.22691911734));
#4591=CARTESIAN_POINT('Ctrl Pts',(-80.17933240794,29.82684616265,10.2358009631));
#4592=CARTESIAN_POINT('Ctrl Pts',(-78.26805830521,28.9462379091,10.26813469791));
#4593=CARTESIAN_POINT('Ctrl Pts',(-74.41247567782,26.60212298789,10.30475952358));
#4594=CARTESIAN_POINT('Ctrl Pts',(-70.59795212543,22.90442412221,10.29741823286));
#4595=CARTESIAN_POINT('Ctrl Pts',(-67.79618071022,18.70931010409,10.28263908161));
#4596=CARTESIAN_POINT('Ctrl Pts',(-66.11045046783,15.17784079723,10.27682642542));
#4597=CARTESIAN_POINT('Ctrl Pts',(-64.9424215574,11.42529798178,10.28348260193));
#4598=CARTESIAN_POINT('Ctrl Pts',(-64.48427873856,8.408373307948,10.30504143237));
#4599=CARTESIAN_POINT('Ctrl Pts',(-64.38335177111,6.218878498053,10.33248103442));
#4600=CARTESIAN_POINT('Ctrl Pts',(-64.41456683692,4.894623784393,10.35486190977));
#4601=CARTESIAN_POINT('Ctrl Pts',(-64.51170270619,3.532934318128,10.37592176854));
#4602=CARTESIAN_POINT('Ctrl Pts',(-64.454931532,1.651788177864,10.39646234056));
#4603=CARTESIAN_POINT('Ctrl Pts',(-64.12386696844,-0.6537210704041,10.42270992062));
#4604=CARTESIAN_POINT('Ctrl Pts',(-63.31177606231,-3.210755798067,10.43848991556));
#4605=CARTESIAN_POINT('Ctrl Pts',(-62.17276104285,-5.5015589469,10.43056099211));
#4606=CARTESIAN_POINT('Ctrl Pts',(-60.7879838394,-7.511279038619,10.40468237471));
#4607=CARTESIAN_POINT('Ctrl Pts',(-59.41479469121,-9.04253717078,10.37274752645));
#4608=CARTESIAN_POINT('Ctrl Pts',(-58.20107217988,-10.09380106469,10.34187415525));
#4609=CARTESIAN_POINT('Ctrl Pts',(-56.8092782318,-11.39132739757,10.30213189132));
#4610=CARTESIAN_POINT('Ctrl Pts',(-55.11400845948,-13.46135305154,10.24774748697));
#4611=CARTESIAN_POINT('Ctrl Pts',(-53.652616290043,-16.12262836151,10.18917648997));
#4612=CARTESIAN_POINT('Ctrl Pts',(-52.748501326894,-18.63179134901,10.14562374264));
#4613=CARTESIAN_POINT('Ctrl Pts',(-52.243279954371,-20.85905229138,10.11868048566));
#4614=CARTESIAN_POINT('Ctrl Pts',(-52.093427990418,-22.37030172801,10.11126644485));
#4615=CARTESIAN_POINT('Ctrl Pts',(-52.066905855374,-23.12270446063,10.11146012202));
#4616=CARTESIAN_POINT('Ctrl Pts',(-51.921061394369,-27.2601455382658,10.1125251472309));
#4617=CARTESIAN_POINT('Ctrl Pts',(-51.775216933364,-31.3975866159016,10.1135901724417));
#4618=CARTESIAN_POINT('Ctrl Pts',(-51.629372472359,-35.5350276935374,10.1146551976526));
#4619=CARTESIAN_POINT('Ctrl Pts',(-104.130401906956,40.1232535417569,9.92209275528646));
#4620=CARTESIAN_POINT('Ctrl Pts',(-96.025450069094,36.9403069136479,9.99495895223098));
#4621=CARTESIAN_POINT('Ctrl Pts',(-87.920498231232,33.757360285539,10.0678251491755));
#4622=CARTESIAN_POINT('Ctrl Pts',(-79.81554639337,30.57441365743,10.14069134612));
#4623=CARTESIAN_POINT('Ctrl Pts',(-79.33670508748,30.38636487559,10.14499628779));
#4624=CARTESIAN_POINT('Ctrl Pts',(-77.38103288626,29.55592705859,10.15948623553));
#4625=CARTESIAN_POINT('Ctrl Pts',(-73.43092808252,27.28401962746,10.16648810587));
#4626=CARTESIAN_POINT('Ctrl Pts',(-69.52736270535,23.60001121593,10.14091293692));
#4627=CARTESIAN_POINT('Ctrl Pts',(-66.70076075251,19.39442925493,10.11732021805));
#4628=CARTESIAN_POINT('Ctrl Pts',(-65.03286860979,15.84519592636,10.10791412187));
#4629=CARTESIAN_POINT('Ctrl Pts',(-63.92298603309,12.06788728248,10.11262383705));
#4630=CARTESIAN_POINT('Ctrl Pts',(-63.54348805766,9.028118815447,10.13220305458));
#4631=CARTESIAN_POINT('Ctrl Pts',(-63.5137583202,6.818060577632,10.15745295823));
#4632=CARTESIAN_POINT('Ctrl Pts',(-63.5965166138,5.48494704648,10.17981351278));
#4633=CARTESIAN_POINT('Ctrl Pts',(-63.74718305888,4.107206647485,10.19952640635));
#4634=CARTESIAN_POINT('Ctrl Pts',(-63.74018060658,2.185079133725,10.21487966316));
#4635=CARTESIAN_POINT('Ctrl Pts',(-63.45118355461,-0.1726135853422,10.23762502663));
#4636=CARTESIAN_POINT('Ctrl Pts',(-62.65606828483,-2.786454579297,10.25378743518));
#4637=CARTESIAN_POINT('Ctrl Pts',(-61.51304108921,-5.110029066675,10.25307220447));
#4638=CARTESIAN_POINT('Ctrl Pts',(-60.10991361658,-7.127018000638,10.23847124693));
#4639=CARTESIAN_POINT('Ctrl Pts',(-58.70824313958,-8.650928151848,10.21914660514));
#4640=CARTESIAN_POINT('Ctrl Pts',(-57.46896648978,-9.677872695465,10.1983939942));
#4641=CARTESIAN_POINT('Ctrl Pts',(-56.05430222081,-10.94376316327,10.17062315201));
#4642=CARTESIAN_POINT('Ctrl Pts',(-54.334525830618,-13.00062728827,10.13548359614));
#4643=CARTESIAN_POINT('Ctrl Pts',(-52.874978919654,-15.67230840042,10.09659579107));
#4644=CARTESIAN_POINT('Ctrl Pts',(-52.003559199283,-18.19872818136,10.065794924));
#4645=CARTESIAN_POINT('Ctrl Pts',(-51.552460409999,-20.43990275677,10.04554879574));
#4646=CARTESIAN_POINT('Ctrl Pts',(-51.460715010256,-21.95479533828,10.03946274682));
#4647=CARTESIAN_POINT('Ctrl Pts',(-51.470651554783,-22.70598557433,10.03990753819));
#4648=CARTESIAN_POINT('Ctrl Pts',(-51.5252923285513,-26.8367591680537,10.0423534331947));
#4649=CARTESIAN_POINT('Ctrl Pts',(-51.5799331023197,-30.9675327617773,10.0447993281993));
#4650=CARTESIAN_POINT('Ctrl Pts',(-51.634573876088,-35.098306355501,10.047245223204));
#4651=CARTESIAN_POINT('Ctrl Pts',(-104.040395149799,40.0942936283635,9.97243780806215));
#4652=CARTESIAN_POINT('Ctrl Pts',(-95.8790322049496,36.978048526269,10.0192443700314));
#4653=CARTESIAN_POINT('Ctrl Pts',(-87.7176692600998,33.8618034241745,10.0660509320007));
#4654=CARTESIAN_POINT('Ctrl Pts',(-79.55630631525,30.74555832208,10.11285749397));
#4655=CARTESIAN_POINT('Ctrl Pts',(-79.07413223593,30.56145027258,10.11562282999));
#4656=CARTESIAN_POINT('Ctrl Pts',(-77.10466705284,29.74644420992,10.12413488116));
#4657=CARTESIAN_POINT('Ctrl Pts',(-73.12511859064,27.49682058794,10.12138743957));
#4658=CARTESIAN_POINT('Ctrl Pts',(-69.1935273795,23.81673666083,10.09014472069));
#4659=CARTESIAN_POINT('Ctrl Pts',(-66.35903143941,19.60780823168,10.06403315534));
#4660=CARTESIAN_POINT('Ctrl Pts',(-64.69670221184,16.0530955494,10.05370728093));
#4661=CARTESIAN_POINT('Ctrl Pts',(-63.60510712063,12.26824597901,10.05794161475));
#4662=CARTESIAN_POINT('Ctrl Pts',(-63.25042360415,9.221640683294,10.07690367458));
#4663=CARTESIAN_POINT('Ctrl Pts',(-63.24316298024,7.005403689463,10.10140645862));
#4664=CARTESIAN_POINT('Ctrl Pts',(-63.34223054589,5.669796480058,10.12377968435));
#4665=CARTESIAN_POINT('Ctrl Pts',(-63.50974510324,4.287131963797,10.14299666017));
#4666=CARTESIAN_POINT('Ctrl Pts',(-63.51822288932,2.351924198216,10.15642792367));
#4667=CARTESIAN_POINT('Ctrl Pts',(-63.24226701476,-0.02232821970336,10.17782615604));
#4668=CARTESIAN_POINT('Ctrl Pts',(-62.45220759122,-2.654310685907,10.19393612675));
#4669=CARTESIAN_POINT('Ctrl Pts',(-61.30761532664,-4.988434240839,10.19555671127));
#4670=CARTESIAN_POINT('Ctrl Pts',(-59.8984696888,-7.007830954661,10.18470284948));
#4671=CARTESIAN_POINT('Ctrl Pts',(-58.4876328946,-8.529521253263,10.16960971371));
#4672=CARTESIAN_POINT('Ctrl Pts',(-57.24028196715,-9.548740592839,10.15221221733));
#4673=CARTESIAN_POINT('Ctrl Pts',(-55.81848675923,-10.80445341982,10.1283561073));
#4674=CARTESIAN_POINT('Ctrl Pts',(-54.090945328216,-12.85703526471,10.09954115564));
#4675=CARTESIAN_POINT('Ctrl Pts',(-52.631927892989,-15.53183543417,10.06701580854));
#4676=CARTESIAN_POINT('Ctrl Pts',(-51.770859013109,-18.0634633382,10.04018877121));
#4677=CARTESIAN_POINT('Ctrl Pts',(-51.337001074424,-20.30868552036,10.02186589932));
#4678=CARTESIAN_POINT('Ctrl Pts',(-51.263886551193,-21.82430701062,10.01599170342));
#4679=CARTESIAN_POINT('Ctrl Pts',(-51.285588425556,-22.5747897947,10.01645320436));
#4680=CARTESIAN_POINT('Ctrl Pts',(-51.4049264111299,-26.7016731303023,10.0189909848115));
#4681=CARTESIAN_POINT('Ctrl Pts',(-51.5242643967038,-30.8285564659045,10.0215287652631));
#4682=CARTESIAN_POINT('Ctrl Pts',(-51.6436023822777,-34.9554398015068,10.0240665457146));
#4683=CARTESIAN_POINT('Ctrl Pts',(-100.636939443334,38.9992227068998,11.876152179901));
#4684=CARTESIAN_POINT('Ctrl Pts',(-90.3424843835056,38.4051847869706,10.9375570213029));
#4685=CARTESIAN_POINT('Ctrl Pts',(-80.0480293236773,37.8111468670413,9.99896186270482));
#4686=CARTESIAN_POINT('Ctrl Pts',(-69.7535742638494,37.2171089471119,9.06036670410671));
#4687=CARTESIAN_POINT('Ctrl Pts',(-69.145376904644,37.1820131317366,9.00491441513127));
#4688=CARTESIAN_POINT('Ctrl Pts',(-66.654353070431,36.9505331734314,8.78738225766016));
#4689=CARTESIAN_POINT('Ctrl Pts',(-61.5614416722623,35.5435347032651,8.41598081307652));
#4690=CARTESIAN_POINT('Ctrl Pts',(-56.5701001982876,32.0118486222293,8.17042912717799));
#4691=CARTESIAN_POINT('Ctrl Pts',(-53.4371062698077,27.6763790701522,8.04907157478334));
#4692=CARTESIAN_POINT('Ctrl Pts',(-51.9851294192143,23.9144737476622,8.00396581756816));
#4693=CARTESIAN_POINT('Ctrl Pts',(-51.5850451524584,19.8444765930987,7.99022439652775));
#4694=CARTESIAN_POINT('Ctrl Pts',(-52.1686790977356,16.5393480005731,7.98584966518542));
#4695=CARTESIAN_POINT('Ctrl Pts',(-53.0110506030877,14.0894716324791,7.98210136474692));
#4696=CARTESIAN_POINT('Ctrl Pts',(-53.7268261446764,12.6595701306412,8.00495373005767));
#4697=CARTESIAN_POINT('Ctrl Pts',(-54.5314240239896,11.0907083161141,8.0054184016118));
#4698=CARTESIAN_POINT('Ctrl Pts',(-55.1252612576961,8.66089259987984,7.94617268723424));
#4699=CARTESIAN_POINT('Ctrl Pts',(-55.3424357999764,5.6604627333313,7.91663139934488));
#4700=CARTESIAN_POINT('Ctrl Pts',(-54.7435547865929,2.34249069035017,7.9307585204177));
#4701=CARTESIAN_POINT('Ctrl Pts',(-53.5397820443332,-0.390528295311174,
8.02070406991731));
#4702=CARTESIAN_POINT('Ctrl Pts',(-51.9030695062572,-2.50097119677402,8.15154039690732));
#4703=CARTESIAN_POINT('Ctrl Pts',(-50.1456236843891,-3.93872146392856,8.29645461798109));
#4704=CARTESIAN_POINT('Ctrl Pts',(-48.5929573871647,-4.66582507122465,8.40592519413048));
#4705=CARTESIAN_POINT('Ctrl Pts',(-46.9015175922323,-5.53668735103484,8.53009816469547));
#4706=CARTESIAN_POINT('Ctrl Pts',(-44.8803540673728,-7.42734190138076,8.74043759399161));
#4707=CARTESIAN_POINT('Ctrl Pts',(-43.441357875833,-10.2200840313764,8.94849800477482));
#4708=CARTESIAN_POINT('Ctrl Pts',(-42.9716888002422,-12.9486484411825,9.07193472466017));
#4709=CARTESIAN_POINT('Ctrl Pts',(-43.1897649297223,-15.3469241353898,9.12633659115924));
#4710=CARTESIAN_POINT('Ctrl Pts',(-43.8211459908713,-16.8901080967691,9.12847326458324));
#4711=CARTESIAN_POINT('Ctrl Pts',(-44.2877342297002,-17.6138397621508,9.12956661009982));
#4712=CARTESIAN_POINT('Ctrl Pts',(-46.8534895917918,-21.5936194621909,9.13557888578174));
#4713=CARTESIAN_POINT('Ctrl Pts',(-49.4192449538835,-25.5733991622311,9.14159116146366));
#4714=CARTESIAN_POINT('Ctrl Pts',(-51.9850003159751,-29.5531788622713,9.14760343714558));
#4715=CARTESIAN_POINT('Ctrl Pts',(-97.2334837368685,37.9041517854361,13.7798665517399));
#4716=CARTESIAN_POINT('Ctrl Pts',(-84.8059365620617,39.8323210476723,11.8558696725744));
#4717=CARTESIAN_POINT('Ctrl Pts',(-72.3783893872549,41.760490309908,9.93187279340892));
#4718=CARTESIAN_POINT('Ctrl Pts',(-59.9508422124487,43.6886595721438,8.00787591424341));
#4719=CARTESIAN_POINT('Ctrl Pts',(-59.2166215733581,43.8025759908933,7.89420600027253));
#4720=CARTESIAN_POINT('Ctrl Pts',(-56.2040390880219,44.1546221369427,7.45062963416031));
#4721=CARTESIAN_POINT('Ctrl Pts',(-49.9977647538847,43.5902488185901,6.71057418658304));
#4722=CARTESIAN_POINT('Ctrl Pts',(-43.9466730170753,40.2069605836286,6.25071353366598));
#4723=CARTESIAN_POINT('Ctrl Pts',(-40.5151811002054,35.7449499086245,6.03410999422668));
#4724=CARTESIAN_POINT('Ctrl Pts',(-39.2735566265886,31.7758519459244,5.95422435420631));
#4725=CARTESIAN_POINT('Ctrl Pts',(-39.5649831842869,27.4207072071874,5.9225071783055));
#4726=CARTESIAN_POINT('Ctrl Pts',(-41.0869345913212,23.8570553178523,5.89479565579085));
#4727=CARTESIAN_POINT('Ctrl Pts',(-42.7789382259355,21.1735395754953,5.86279627087383));
#4728=CARTESIAN_POINT('Ctrl Pts',(-44.1114217434628,19.6493437812244,5.88612777576534));
#4729=CARTESIAN_POINT('Ctrl Pts',(-45.5531029447392,17.8942846684311,5.86784014305361));
#4730=CARTESIAN_POINT('Ctrl Pts',(-46.7322996260722,14.9698610015437,5.73591745079848));
#4731=CARTESIAN_POINT('Ctrl Pts',(-47.4426045851927,11.343253686366,5.65543664264976));
#4732=CARTESIAN_POINT('Ctrl Pts',(-47.0349019819658,7.33929206660734,5.6675809140854));
#4733=CARTESIAN_POINT('Ctrl Pts',(-45.7719487620264,4.20737765021665,5.84585142856462));
#4734=CARTESIAN_POINT('Ctrl Pts',(-43.9076693237144,2.00588856111295,6.11837794433464));
#4735=CARTESIAN_POINT('Ctrl Pts',(-41.8036144741782,0.65207832540588,6.42329952225218));
#4736=CARTESIAN_POINT('Ctrl Pts',(-39.9456328071794,0.217090450389693,6.65963817093095));
#4737=CARTESIAN_POINT('Ctrl Pts',(-37.9845484252345,-0.268921282249681,
6.93184022209095));
#4738=CARTESIAN_POINT('Ctrl Pts',(-35.6697628065296,-1.99764853805152,7.38133403234322));
#4739=CARTESIAN_POINT('Ctrl Pts',(-34.250787858677,-4.9083326285828,7.82998020100964));
#4740=CARTESIAN_POINT('Ctrl Pts',(-34.1725185873754,-7.8338335441649,8.10368067811034));
#4741=CARTESIAN_POINT('Ctrl Pts',(-35.0425287850207,-10.3851627504195,8.23080728299847));
#4742=CARTESIAN_POINT('Ctrl Pts',(-36.3784054305496,-11.9559091829182,8.24095482574648));
#4743=CARTESIAN_POINT('Ctrl Pts',(-37.2898800338443,-12.6528897296015,8.24268001583964));
#4744=CARTESIAN_POINT('Ctrl Pts',(-42.3020527724537,-16.4855657940796,8.25216678675194));
#4745=CARTESIAN_POINT('Ctrl Pts',(-47.3142255110632,-20.3182418585576,8.26165355766425));
#4746=CARTESIAN_POINT('Ctrl Pts',(-52.3263982496726,-24.1509179230357,8.27114032857655));
#4747=CARTESIAN_POINT('Ctrl Pts',(-93.8300280304031,36.8090808639724,15.6835809235787));
#4748=CARTESIAN_POINT('Ctrl Pts',(-79.2693887406177,41.2594573083739,12.7741823238458));
#4749=CARTESIAN_POINT('Ctrl Pts',(-64.7087494508324,45.7098337527748,9.86478372411302));
#4750=CARTESIAN_POINT('Ctrl Pts',(-50.1481101610481,50.1602101971757,6.95538512438011));
#4751=CARTESIAN_POINT('Ctrl Pts',(-49.2878662420721,50.4231388500499,6.7834975854138));
#4752=CARTESIAN_POINT('Ctrl Pts',(-45.7537251056129,51.3587111004541,6.11387701066047));
#4753=CARTESIAN_POINT('Ctrl Pts',(-38.434087835507,51.6369629339152,5.00516756008955));
#4754=CARTESIAN_POINT('Ctrl Pts',(-31.3232458358629,48.4020725450279,4.33099794015397));
#4755=CARTESIAN_POINT('Ctrl Pts',(-27.5932559306032,43.8135207470967,4.01914841367002));
#4756=CARTESIAN_POINT('Ctrl Pts',(-26.561983833963,39.6372301441866,3.90448289084446));
#4757=CARTESIAN_POINT('Ctrl Pts',(-27.5449212161153,34.9969378212761,3.85478996008324));
#4758=CARTESIAN_POINT('Ctrl Pts',(-30.0051900849068,31.1747626351314,3.80374164639627));
#4759=CARTESIAN_POINT('Ctrl Pts',(-32.5468258487832,28.2576075185114,3.74349117700075));
#4760=CARTESIAN_POINT('Ctrl Pts',(-34.4960173422492,26.6391174318077,3.76730182147301));
#4761=CARTESIAN_POINT('Ctrl Pts',(-36.5747818654887,24.6978610207482,3.73026188449541));
#4762=CARTESIAN_POINT('Ctrl Pts',(-38.3393379944484,21.2788294032075,3.52566221436272));
#4763=CARTESIAN_POINT('Ctrl Pts',(-39.5427733704091,17.0260446394006,3.39424188595464));
#4764=CARTESIAN_POINT('Ctrl Pts',(-39.3262491773386,12.3360934428645,3.40440330775309));
#4765=CARTESIAN_POINT('Ctrl Pts',(-38.0041154797196,8.80528359574448,3.67099878721193));
#4766=CARTESIAN_POINT('Ctrl Pts',(-35.9122691411716,6.51274831899993,4.08521549176196));
#4767=CARTESIAN_POINT('Ctrl Pts',(-33.4616052639673,5.24287811474032,4.55014442652327));
#4768=CARTESIAN_POINT('Ctrl Pts',(-31.2983082271942,5.10000597200404,4.91335114773143));
#4769=CARTESIAN_POINT('Ctrl Pts',(-29.0675792582368,4.99884478653548,5.33358227948642));
#4770=CARTESIAN_POINT('Ctrl Pts',(-26.4591715456865,3.43204482527773,6.02223047069482));
#4771=CARTESIAN_POINT('Ctrl Pts',(-25.0602178415211,0.403418774210802,6.71146239724446));
#4772=CARTESIAN_POINT('Ctrl Pts',(-25.3733483745085,-2.71901864714734,7.13542663156051));
#4773=CARTESIAN_POINT('Ctrl Pts',(-26.895292640319,-5.42340136544928,7.33527797483771));
#4774=CARTESIAN_POINT('Ctrl Pts',(-28.935664870228,-7.02171026906728,7.35343638690972));
#4775=CARTESIAN_POINT('Ctrl Pts',(-30.2920258379885,-7.69193969705223,7.35579342157945));
#4776=CARTESIAN_POINT('Ctrl Pts',(-37.7506159531157,-11.3775121259682,7.36875468772214));
#4777=CARTESIAN_POINT('Ctrl Pts',(-45.2092060682429,-15.0630845548841,7.38171595386483));
#4778=CARTESIAN_POINT('Ctrl Pts',(-52.6677961833701,-18.7486569838001,7.39467722000752));
#4779=CARTESIAN_POINT('',(-80.0079274790132,29.5501462560616,10.2561209110767));
#4780=CARTESIAN_POINT('Ctrl Pts',(-66.974370133526,-1.92209395586049,10.9958225022374));
#4781=CARTESIAN_POINT('Ctrl Pts',(-66.6489975717345,-1.32424522179234,10.9207480024997));
#4782=CARTESIAN_POINT('Ctrl Pts',(-66.3516207151059,-0.711457202178164,
10.845026548288));
#4783=CARTESIAN_POINT('Ctrl Pts',(-65.6853825278009,0.84190638248677,10.6677104483033));
#4784=CARTESIAN_POINT('Ctrl Pts',(-65.3514566702669,1.79740430457891,10.5716732114835));
#4785=CARTESIAN_POINT('Ctrl Pts',(-64.5656026201692,4.67371638835494,10.3656249657027));
#4786=CARTESIAN_POINT('Ctrl Pts',(-64.232694124253,6.91147831069384,10.2992817479022));
#4787=CARTESIAN_POINT('Ctrl Pts',(-64.4351583134052,12.270134796526,10.180600540947));
#4788=CARTESIAN_POINT('Ctrl Pts',(-65.1187221213705,15.1175176072416,10.1599494854496));
#4789=CARTESIAN_POINT('Ctrl Pts',(-67.524735851359,20.3132410059039,10.1571153277757));
#4790=CARTESIAN_POINT('Ctrl Pts',(-69.1970665629803,22.6232960874444,10.1761849740825));
#4791=CARTESIAN_POINT('Ctrl Pts',(-72.4792989709622,25.6887856809278,10.2105284454317));
#4792=CARTESIAN_POINT('Ctrl Pts',(-73.8224221186294,26.6831708605356,10.224216648386));
#4793=CARTESIAN_POINT('Ctrl Pts',(-76.7603990290951,28.3783537266152,10.2464134942159));
#4794=CARTESIAN_POINT('Ctrl Pts',(-78.352358009558,29.061266691288,10.2547197652786));
#4795=CARTESIAN_POINT('Ctrl Pts',(-80.0079274811276,29.550146245322,10.2561221588311));
#4796=CARTESIAN_POINT('',(-81.8401368364916,23.2268787828373,10.8310592674319));
#4797=CARTESIAN_POINT('Ctrl Pts',(-81.841399464217,23.2272446472965,10.8310689034985));
#4798=CARTESIAN_POINT('Ctrl Pts',(-81.7828060744734,23.4437082795606,10.8157861285498));
#4799=CARTESIAN_POINT('Ctrl Pts',(-81.7244273909869,23.6580314185295,10.8003138184236));
#4800=CARTESIAN_POINT('Ctrl Pts',(-81.657861841979,23.9008184871221,10.7823774457293));
#4801=CARTESIAN_POINT('Ctrl Pts',(-81.6494591975441,23.9314368816519,10.7801079109393));
#4802=CARTESIAN_POINT('Ctrl Pts',(-81.6013498659616,24.1065778486085,10.7670824433279));
#4803=CARTESIAN_POINT('Ctrl Pts',(-81.5617413165691,24.250114522109,10.7562374323313));
#4804=CARTESIAN_POINT('Ctrl Pts',(-81.4827248646707,24.5350867537948,10.7343573064458));
#4805=CARTESIAN_POINT('Ctrl Pts',(-81.4429368526282,24.6778794771277,10.7232145686736));
#4806=CARTESIAN_POINT('Ctrl Pts',(-81.3409951222327,25.0418657930483,10.694350137608));
#4807=CARTESIAN_POINT('Ctrl Pts',(-81.2776763090304,25.2659060599086,10.6761177480994));
#4808=CARTESIAN_POINT('Ctrl Pts',(-81.199166129035,25.5413742585205,10.6530889487177));
#4809=CARTESIAN_POINT('Ctrl Pts',(-81.1841754746669,25.5938684218664,10.6486728953335));
#4810=CARTESIAN_POINT('Ctrl Pts',(-81.1298626901588,25.7836980322674,10.6326023539852));
#4811=CARTESIAN_POINT('Ctrl Pts',(-81.0904792711871,25.9206511569406,10.620815912944));
#4812=CARTESIAN_POINT('Ctrl Pts',(-81.0116120719017,26.1935711514933,10.5969314975771));
#4813=CARTESIAN_POINT('Ctrl Pts',(-80.9717098817864,26.3309709346508,10.5847038537979));
#4814=CARTESIAN_POINT('Ctrl Pts',(-80.919436279802,26.5101310355035,10.5684924682285));
#4815=CARTESIAN_POINT('Ctrl Pts',(-80.9062560566992,26.5552551933336,10.5643867460602));
#4816=CARTESIAN_POINT('Ctrl Pts',(-80.7925061965871,26.9442623781768,10.5287946894741));
#4817=CARTESIAN_POINT('Ctrl Pts',(-80.6918517924027,27.2855817862939,10.4962293402676));
#4818=CARTESIAN_POINT('Ctrl Pts',(-80.5685507150541,27.6999114078348,10.4550086300235));
#4819=CARTESIAN_POINT('Ctrl Pts',(-80.5457577817005,27.7763438745709,10.4473330953624));
#4820=CARTESIAN_POINT('Ctrl Pts',(-80.4166532572163,28.2083643627994,10.4035423193796));
#4821=CARTESIAN_POINT('Ctrl Pts',(-80.3105689107082,28.5598519041788,10.3663475202784));
#4822=CARTESIAN_POINT('Ctrl Pts',(-80.1854414139234,28.9707335369895,10.3212512836634));
#4823=CARTESIAN_POINT('Ctrl Pts',(-80.1657360561395,29.0353300618094,10.3141131153545));
#4824=CARTESIAN_POINT('Ctrl Pts',(-80.0998543272917,29.2509372252105,10.2901302749615));
#4825=CARTESIAN_POINT('Ctrl Pts',(-80.0537996982403,29.4010630982749,10.2731714615502));
#4826=CARTESIAN_POINT('Ctrl Pts',(-80.007927518028,29.5501461329852,10.2561196806937));
#4827=CARTESIAN_POINT('',(-74.4186586167108,-1.78044260883517,11.6558070679716));
#4828=CARTESIAN_POINT('Ctrl Pts',(-74.4186586168839,-1.78044260868557,11.6558070679763));
#4829=CARTESIAN_POINT('Ctrl Pts',(-73.903357236299,-1.18295761265902,11.6198452869515));
#4830=CARTESIAN_POINT('Ctrl Pts',(-73.4347280280788,-0.547201230756584,
11.576793773553));
#4831=CARTESIAN_POINT('Ctrl Pts',(-72.586339199055,0.809289111720396,11.4821096988179));
#4832=CARTESIAN_POINT('Ctrl Pts',(-72.2108086340837,1.53003129992038,11.4304542107487));
#4833=CARTESIAN_POINT('Ctrl Pts',(-71.2569494325357,3.77455033669771,11.2761594296608));
#4834=CARTESIAN_POINT('Ctrl Pts',(-70.8598664709003,5.36433314791026,11.1775532264504));
#4835=CARTESIAN_POINT('Ctrl Pts',(-70.5389694282144,9.02694596408118,11.0010919217707));
#4836=CARTESIAN_POINT('Ctrl Pts',(-70.7656497673494,11.0815093052002,10.9354991583152));
#4837=CARTESIAN_POINT('Ctrl Pts',(-71.9819320234838,14.9117654411761,10.8565097772196));
#4838=CARTESIAN_POINT('Ctrl Pts',(-72.9309090419608,16.6591417271491,10.8412551978554));
#4839=CARTESIAN_POINT('Ctrl Pts',(-75.1396816454875,19.3475536036196,10.8316107604582));
#4840=CARTESIAN_POINT('Ctrl Pts',(-76.2626132518098,20.3672212220727,10.832896852067));
#4841=CARTESIAN_POINT('Ctrl Pts',(-78.1640003305704,21.644092249966,10.8341026296544));
#4842=CARTESIAN_POINT('Ctrl Pts',(-78.844964864582,22.0301164171143,10.8344091123816));
#4843=CARTESIAN_POINT('Ctrl Pts',(-79.9170583229291,22.5348843781645,10.8339503442099));
#4844=CARTESIAN_POINT('Ctrl Pts',(-80.2885379033244,22.6923710100146,10.8336370218201));
#4845=CARTESIAN_POINT('Ctrl Pts',(-81.2396838101468,23.0524653773913,10.8323719484179));
#4846=CARTESIAN_POINT('Ctrl Pts',(-81.6835697415796,23.1815112256743,10.8313641279133));
#4847=CARTESIAN_POINT('Ctrl Pts',(-81.8400997677638,23.2268680416427,10.831006570829));
#4848=CARTESIAN_POINT('',(-75.9967427089551,-3.36305543201544,11.736228925294));
#4849=CARTESIAN_POINT('Ctrl Pts',(-75.9967427107217,-3.36305543492761,11.7362289253607));
#4850=CARTESIAN_POINT('Ctrl Pts',(-75.8982432844746,-3.42284730157981,11.7344187251425));
#4851=CARTESIAN_POINT('Ctrl Pts',(-75.791333147563,-3.46748921807309,11.7321547874114));
#4852=CARTESIAN_POINT('Ctrl Pts',(-75.5843421740354,-3.51936653488732,11.7271097369449));
#4853=CARTESIAN_POINT('Ctrl Pts',(-75.4864500046055,-3.53094030697887,11.7244742487122));
#4854=CARTESIAN_POINT('Ctrl Pts',(-75.2417526899889,-3.52844764589733,11.717158706674));
#4855=CARTESIAN_POINT('Ctrl Pts',(-75.0968626089287,-3.498959655568,11.7121703328974));
#4856=CARTESIAN_POINT('Ctrl Pts',(-74.8209575253369,-3.38513742929708,11.7011390735383));
#4857=CARTESIAN_POINT('Ctrl Pts',(-74.6933564053542,-3.29991494404128,11.6951686811999));
#4858=CARTESIAN_POINT('Ctrl Pts',(-74.4890376698067,-3.0951893389912,11.6839086938033));
#4859=CARTESIAN_POINT('Ctrl Pts',(-74.4102310280545,-2.98142308950761,11.6787056231196));
#4860=CARTESIAN_POINT('Ctrl Pts',(-74.2937746573553,-2.72559836818841,11.669138255841));
#4861=CARTESIAN_POINT('Ctrl Pts',(-74.2592601665017,-2.58469412893638,11.6649173754118));
#4862=CARTESIAN_POINT('Ctrl Pts',(-74.2455667563831,-2.32718720363125,11.6592442374153));
#4863=CARTESIAN_POINT('Ctrl Pts',(-74.2564833218145,-2.21302658541963,11.6574318291473));
#4864=CARTESIAN_POINT('Ctrl Pts',(-74.2987046527199,-2.04333127767006,11.6558694282573));
#4865=CARTESIAN_POINT('Ctrl Pts',(-74.3180430082942,-1.98558060640725,11.6555531689176));
#4866=CARTESIAN_POINT('Ctrl Pts',(-74.3637920217208,-1.87809346460122,11.6553865134299));
#4867=CARTESIAN_POINT('Ctrl Pts',(-74.3894578835805,-1.82823768058648,11.6555014375454));
#4868=CARTESIAN_POINT('Ctrl Pts',(-74.4186586160726,-1.78044260844505,11.6558070679345));
#4869=CARTESIAN_POINT('',(-101.270656643414,11.7049171539743,10.8146562391342));
#4870=CARTESIAN_POINT('Ctrl Pts',(-101.270659212305,11.7049194177356,10.814831905799));
#4871=CARTESIAN_POINT('Ctrl Pts',(-101.553529430789,10.4308113003018,10.8272579884462));
#4872=CARTESIAN_POINT('Ctrl Pts',(-101.674183563777,9.12613427413083,10.8366257665539));
#4873=CARTESIAN_POINT('Ctrl Pts',(-101.588380300946,6.6081049158358,10.8457034146852));
#4874=CARTESIAN_POINT('Ctrl Pts',(-101.404399790926,5.40358400235692,10.8462584341886));
#4875=CARTESIAN_POINT('Ctrl Pts',(-100.542888064568,2.27906009272037,10.8448889743005));
#4876=CARTESIAN_POINT('Ctrl Pts',(-99.6257781337837,0.449787693259527,10.8410544196637));
#4877=CARTESIAN_POINT('Ctrl Pts',(-97.1942738850012,-2.68148940585005,10.8694147954695));
#4878=CARTESIAN_POINT('Ctrl Pts',(-95.7295705152657,-3.97526090871947,10.9004681238808));
#4879=CARTESIAN_POINT('Ctrl Pts',(-92.4094105647749,-5.95084915995,11.0265334574672));
#4880=CARTESIAN_POINT('Ctrl Pts',(-90.586464541358,-6.61798828833197,11.1226160280818));
#4881=CARTESIAN_POINT('Ctrl Pts',(-87.2627868481116,-7.17311759978507,11.3313146053049));
#4882=CARTESIAN_POINT('Ctrl Pts',(-85.8107636470425,-7.21052207301737,11.4318157062915));
#4883=CARTESIAN_POINT('Ctrl Pts',(-82.8344666044511,-6.86984134180121,11.6158407458265));
#4884=CARTESIAN_POINT('Ctrl Pts',(-81.3285928963758,-6.46328773439071,11.6950672199548));
#4885=CARTESIAN_POINT('Ctrl Pts',(-78.4854264474156,-5.21339549335764,11.7755105336962));
#4886=CARTESIAN_POINT('Ctrl Pts',(-77.1692481875478,-4.38015349621437,11.7755504705188));
#4887=CARTESIAN_POINT('Ctrl Pts',(-75.9967427095502,-3.36305543132945,11.7362289252948));
#4888=CARTESIAN_POINT('',(-102.32523380061,11.7887279249393,10.73554843109));
#4889=CARTESIAN_POINT('Origin',(-87.955647216962,-8.88082795911167,-195.608957270726));
#4890=CARTESIAN_POINT('',(-107.799111019352,12.2243414492026,10.2228767749197));
#4891=CARTESIAN_POINT('Ctrl Pts',(-102.32523380061,11.78872792494,10.73554843109));
#4892=CARTESIAN_POINT('Ctrl Pts',(-102.741170463452,11.8263893182204,10.7029048667579));
#4893=CARTESIAN_POINT('Ctrl Pts',(-103.186282853335,11.8656266220134,10.6666798903706));
#4894=CARTESIAN_POINT('Ctrl Pts',(-103.897307031362,11.9258534706178,10.6056197448301));
#4895=CARTESIAN_POINT('Ctrl Pts',(-104.141523090185,11.9461406975161,10.5841401866407));
#4896=CARTESIAN_POINT('Ctrl Pts',(-104.518719349841,11.9768292020853,10.5500777363438));
#4897=CARTESIAN_POINT('Ctrl Pts',(-104.710039652273,11.9922409025434,10.5325861684765));
#4898=CARTESIAN_POINT('Ctrl Pts',(-104.938043170448,12.0103390231757,10.5113404599232));
#4899=CARTESIAN_POINT('Ctrl Pts',(-105.053248847985,12.0194178781233,10.5005036189034));
#4900=CARTESIAN_POINT('Ctrl Pts',(-105.102881223736,12.0233152479509,10.4958129444425));
#4901=CARTESIAN_POINT('Ctrl Pts',(-105.136026982775,12.0259149301789,10.4926754847598));
#4902=CARTESIAN_POINT('Ctrl Pts',(-105.153805559264,12.0273075813038,10.4909898296476));
#4903=CARTESIAN_POINT('Ctrl Pts',(-106.127288789989,12.1034797116755,10.3985552155778));
#4904=CARTESIAN_POINT('Ctrl Pts',(-106.999407212975,12.1670310934398,10.3069446911044));
#4905=CARTESIAN_POINT('Ctrl Pts',(-107.799111019352,12.2243414492026,10.2228767749197));
#4906=CARTESIAN_POINT('',(-85.9393631960088,-13.3515846309967,10.8967220338836));
#4907=CARTESIAN_POINT('Ctrl Pts',(-107.799112411042,12.2243414759355,10.2228606090395));
#4908=CARTESIAN_POINT('Ctrl Pts',(-108.100653094387,10.4541748722704,10.2451072942996));
#4909=CARTESIAN_POINT('Ctrl Pts',(-108.183346631553,8.65344268054867,10.2474656578418));
#4910=CARTESIAN_POINT('Ctrl Pts',(-107.912815387112,5.14513032557262,10.23514537044));
#4911=CARTESIAN_POINT('Ctrl Pts',(-107.57808144639,3.4489019401441,10.2207454844907));
#4912=CARTESIAN_POINT('Ctrl Pts',(-106.157447976331,-0.945077707680119,
10.1795325875201));
#4913=CARTESIAN_POINT('Ctrl Pts',(-104.729401587665,-3.49598203558713,10.1497974736592));
#4914=CARTESIAN_POINT('Ctrl Pts',(-100.956372948976,-7.90338073964411,10.1340006244924));
#4915=CARTESIAN_POINT('Ctrl Pts',(-98.6456069218861,-9.71262401182424,10.1453932725609));
#4916=CARTESIAN_POINT('Ctrl Pts',(-94.1282426456091,-11.9848116626849,10.2644351168181));
#4917=CARTESIAN_POINT('Ctrl Pts',(-92.0704467787871,-12.6622831848546,10.3274992979045));
#4918=CARTESIAN_POINT('Ctrl Pts',(-89.354254305992,-13.1353210225189,10.5377578527928));
#4919=CARTESIAN_POINT('Ctrl Pts',(-88.7378076561162,-13.2157562850716,10.594868415783));
#4920=CARTESIAN_POINT('Ctrl Pts',(-87.3939149424626,-13.3333555991331,10.7318780778095));
#4921=CARTESIAN_POINT('Ctrl Pts',(-86.666387045266,-13.3605732367165,10.8138088244705));
#4922=CARTESIAN_POINT('Ctrl Pts',(-85.9393631960089,-13.3515846310019,10.8967220338855));
#4923=CARTESIAN_POINT('',(-77.6720848629522,-11.6203656044897,11.6342491320783));
#4924=CARTESIAN_POINT('Ctrl Pts',(-77.6720848629698,-11.6203656044894,11.6342491320768));
#4925=CARTESIAN_POINT('Ctrl Pts',(-77.6646873462285,-11.1591119836572,11.6515852988723));
#4926=CARTESIAN_POINT('Ctrl Pts',(-77.7310491072087,-10.6995114956794,11.6648297321274));
#4927=CARTESIAN_POINT('Ctrl Pts',(-78.0253990921321,-9.75790513871445,11.6863681899155));
#4928=CARTESIAN_POINT('Ctrl Pts',(-78.2719172750912,-9.28936832235269,11.6935983188159));
#4929=CARTESIAN_POINT('Ctrl Pts',(-78.9358922990682,-8.44398915674895,11.7002111365487));
#4930=CARTESIAN_POINT('Ctrl Pts',(-79.3547860280735,-8.08020585180414,11.6991189878452));
#4931=CARTESIAN_POINT('Ctrl Pts',(-80.3275614752167,-7.5164780440319,11.6859005900231));
#4932=CARTESIAN_POINT('Ctrl Pts',(-80.8769169052852,-7.33028149022051,11.6733286352043));
#4933=CARTESIAN_POINT('Ctrl Pts',(-81.9318444966324,-7.19390877043576,11.6365646622259));
#4934=CARTESIAN_POINT('Ctrl Pts',(-82.4241790248822,-7.21395033197716,11.6145577843427));
#4935=CARTESIAN_POINT('Ctrl Pts',(-83.3510610597358,-7.41112568010036,11.5609619888152));
#4936=CARTESIAN_POINT('Ctrl Pts',(-83.7813304153422,-7.57714355873667,11.5303986977914));
#4937=CARTESIAN_POINT('Ctrl Pts',(-84.6441146574731,-8.07859240856178,11.4539745090149));
#4938=CARTESIAN_POINT('Ctrl Pts',(-85.0556753880103,-8.43457847242351,11.4070533367834));
#4939=CARTESIAN_POINT('Ctrl Pts',(-85.7161292031132,-9.26543827124106,11.3051581598519));
#4940=CARTESIAN_POINT('Ctrl Pts',(-85.9643052512818,-9.7295245607005,11.2510642449549));
#4941=CARTESIAN_POINT('Ctrl Pts',(-86.3001646321478,-10.7747231119348,11.1334819637547));
#4942=CARTESIAN_POINT('Ctrl Pts',(-86.3652655238328,-11.3531107020892,11.0709594714386));
#4943=CARTESIAN_POINT('Ctrl Pts',(-86.2721739845828,-12.4194733843428,10.9677056202592));
#4944=CARTESIAN_POINT('Ctrl Pts',(-86.145309658876,-12.9012020408895,10.9260424100258));
#4945=CARTESIAN_POINT('Ctrl Pts',(-85.9393631959927,-13.3515846309897,10.8967220338888));
#4946=CARTESIAN_POINT('Ctrl Pts',(-77.6720848629499,-11.620365604495,11.6342491320772));
#4947=CARTESIAN_POINT('Ctrl Pts',(-76.3883756218834,-11.0768898064752,11.6909779412409));
#4948=CARTESIAN_POINT('Ctrl Pts',(-75.1581027957115,-10.4111684448135,11.7113526262557));
#4949=CARTESIAN_POINT('Ctrl Pts',(-72.8459414700026,-8.85866600010354,11.6899756415005));
#4950=CARTESIAN_POINT('Ctrl Pts',(-71.767958368415,-7.97502813553052,11.6464936759388));
#4951=CARTESIAN_POINT('Ctrl Pts',(-70.7809065620382,-6.99513229525347,11.5668220796398));
#4952=CARTESIAN_POINT('Origin',(-86.2101045506703,8.54674176895101,-1.004));
#4953=CARTESIAN_POINT('',(-85.9393631959872,-13.3515846310017,0.218));
#4954=CARTESIAN_POINT('Ctrl Pts',(-80.007927482968,29.5501462458654,10.2561196677723));
#4955=CARTESIAN_POINT('Ctrl Pts',(-81.6102140178427,30.0232916739512,10.2573361105837));
#4956=CARTESIAN_POINT('Ctrl Pts',(-83.2613550175155,30.311527623186,10.2642095469082));
#4957=CARTESIAN_POINT('Ctrl Pts',(-86.6787661294494,30.51176139707,10.28216294755));
#4958=CARTESIAN_POINT('Ctrl Pts',(-88.43440169777,30.4038741822693,10.2932385077406));
#4959=CARTESIAN_POINT('Ctrl Pts',(-92.8677182958869,29.5913045725285,10.3155184030102));
#4960=CARTESIAN_POINT('Ctrl Pts',(-95.4592700930618,28.5879723441255,10.3219383093658));
#4961=CARTESIAN_POINT('Ctrl Pts',(-100.257272584262,25.5965052830797,10.2938438774316));
#4962=CARTESIAN_POINT('Ctrl Pts',(-102.388765891541,23.5889608523041,10.2590354873664));
#4963=CARTESIAN_POINT('Ctrl Pts',(-105.03212101436,19.8657200454947,10.2179930599345));
#4964=CARTESIAN_POINT('Ctrl Pts',(-105.838677555201,18.4010301868636,10.2058815648425));
#4965=CARTESIAN_POINT('Ctrl Pts',(-107.083122826262,15.3677074181648,10.1988701292334));
#4966=CARTESIAN_POINT('Ctrl Pts',(-107.528434615232,13.8133302047463,10.2031208904144));
#4967=CARTESIAN_POINT('Ctrl Pts',(-107.799112350838,12.2243418293598,10.2228896932771));
#4968=CARTESIAN_POINT('Origin',(-82.0015281049678,-11.5509306398262,0.218));
#4969=CARTESIAN_POINT('',(-77.67208486297,-11.6203656045035,0.218));
#4970=CARTESIAN_POINT('Ctrl Pts',(-97.4937914247772,18.9013057340952,7.26990542546867));
#4971=CARTESIAN_POINT('Ctrl Pts',(-97.4937914247772,18.9013057340952,12.3899230093741));
#4972=CARTESIAN_POINT('Ctrl Pts',(-97.5591152547401,18.8275924993223,7.26990542546867));
#4973=CARTESIAN_POINT('Ctrl Pts',(-97.5591152547401,18.8275924993223,12.3899230093741));
#4974=CARTESIAN_POINT('Ctrl Pts',(-97.624439084703,18.7538792645493,7.26990542546867));
#4975=CARTESIAN_POINT('Ctrl Pts',(-97.624439084703,18.7538792645493,12.3899230093741));
#4976=CARTESIAN_POINT('Ctrl Pts',(-97.6897629146658,18.6801660297764,7.26990542546867));
#4977=CARTESIAN_POINT('Ctrl Pts',(-97.6897629146658,18.6801660297764,12.3899230093741));
#4978=CARTESIAN_POINT('Ctrl Pts',(-97.7069246367609,18.6608002630934,7.26990542546867));
#4979=CARTESIAN_POINT('Ctrl Pts',(-97.7069246367609,18.6608002630934,12.3899230093741));
#4980=CARTESIAN_POINT('Ctrl Pts',(-97.7240863588559,18.6414344964104,7.26990542546867));
#4981=CARTESIAN_POINT('Ctrl Pts',(-97.7240863588559,18.6414344964104,12.3899230093741));
#4982=CARTESIAN_POINT('Ctrl Pts',(-97.7412480809509,18.6220687297275,7.26990542546867));
#4983=CARTESIAN_POINT('Ctrl Pts',(-97.7412480809509,18.6220687297275,12.3899230093741));
#4984=CARTESIAN_POINT('Ctrl Pts',(-98.6353859959754,17.6130985256371,7.26990542546867));
#4985=CARTESIAN_POINT('Ctrl Pts',(-98.6353859959754,17.6130985256371,12.3899230093741));
#4986=CARTESIAN_POINT('Ctrl Pts',(-99.3939923699346,16.4917309250352,7.26990542546867));
#4987=CARTESIAN_POINT('Ctrl Pts',(-99.3939923699346,16.4917309250352,12.3899230093741));
#4988=CARTESIAN_POINT('Ctrl Pts',(-99.997859068636,15.2863975571108,7.26990542546867));
#4989=CARTESIAN_POINT('Ctrl Pts',(-99.997859068636,15.2863975571108,12.3899230093741));
#4990=CARTESIAN_POINT('Ctrl Pts',(-100.564362104162,14.1556430160537,7.26990542546867));
#4991=CARTESIAN_POINT('Ctrl Pts',(-100.564362104162,14.1556430160537,12.3899230093741));
#4992=CARTESIAN_POINT('Ctrl Pts',(-100.990274964003,12.9597689242088,7.26990542546867));
#4993=CARTESIAN_POINT('Ctrl Pts',(-100.990274964003,12.9597689242088,12.3899230093741));
#4994=CARTESIAN_POINT('Ctrl Pts',(-101.266053847646,11.7255791864088,7.26990542546867));
#4995=CARTESIAN_POINT('Ctrl Pts',(-101.266053847646,11.7255791864088,12.3899230093741));
#4996=CARTESIAN_POINT('Ctrl Pts',(-101.271696141585,11.7003282999551,7.26990542546867));
#4997=CARTESIAN_POINT('Ctrl Pts',(-101.271696141585,11.7003282999551,12.3899230093741));
#4998=CARTESIAN_POINT('Ctrl Pts',(-101.277338435524,11.6750774135015,7.26990542546867));
#4999=CARTESIAN_POINT('Ctrl Pts',(-101.277338435524,11.6750774135015,12.3899230093741));
#5000=CARTESIAN_POINT('Ctrl Pts',(-101.282980729463,11.6498265270479,7.26990542546867));
#5001=CARTESIAN_POINT('Ctrl Pts',(-101.282980729463,11.6498265270479,12.3899230093741));
#5002=CARTESIAN_POINT('',(-101.266055092965,11.7255820712701,10.8143603540343));
#5003=CARTESIAN_POINT('',(-101.266053292847,11.7255816692905,-1.004));
#5004=CARTESIAN_POINT('',(-97.8377324605452,18.5121521151567,10.7756274770937));
#5005=CARTESIAN_POINT('',(-97.8377324605452,18.5121521151566,10.7756274770937));
#5006=CARTESIAN_POINT('Ctrl Pts',(-97.8377324603069,18.5121521149495,10.7756274771149));
#5007=CARTESIAN_POINT('Ctrl Pts',(-98.2764932547142,18.007523621593,10.7754863516477));
#5008=CARTESIAN_POINT('Ctrl Pts',(-98.6814545194362,17.4757833543412,10.7760937066444));
#5009=CARTESIAN_POINT('Ctrl Pts',(-99.0504051658941,16.9204775734482,10.7776893881806));
#5010=CARTESIAN_POINT('Ctrl Pts',(-99.3989904828271,16.3958235486196,10.7791969913231));
#5011=CARTESIAN_POINT('Ctrl Pts',(-99.7154299460156,15.8501333059111,10.781594783418));
#5012=CARTESIAN_POINT('Ctrl Pts',(-99.997859068636,15.2863975571108,10.7849326639613));
#5013=CARTESIAN_POINT('Ctrl Pts',(-100.143817262238,14.9950612713905,10.7866576657549));
#5014=CARTESIAN_POINT('Ctrl Pts',(-100.280691648925,14.6989055931993,10.7886305546279));
#5015=CARTESIAN_POINT('Ctrl Pts',(-100.408224386273,14.3983422183619,10.7908288414554));
#5016=CARTESIAN_POINT('Ctrl Pts',(-100.433381036231,14.3390541659904,10.7912624676236));
#5017=CARTESIAN_POINT('Ctrl Pts',(-100.457865355215,14.2803223205203,10.7916994571463));
#5018=CARTESIAN_POINT('Ctrl Pts',(-100.481691723555,14.2221878995125,10.7921386977149));
#5019=CARTESIAN_POINT('Ctrl Pts',(-100.549202117546,14.0574679719653,10.7933832559885));
#5020=CARTESIAN_POINT('Ctrl Pts',(-100.611467268942,13.897444153245,10.7946394296478));
#5021=CARTESIAN_POINT('Ctrl Pts',(-100.668804849233,13.74313735497,10.7958888436762));
#5022=CARTESIAN_POINT('Ctrl Pts',(-100.73101672351,13.5757128650326,10.7972444709639));
#5023=CARTESIAN_POINT('Ctrl Pts',(-100.787428590038,13.4150195686586,10.7985921404917));
#5024=CARTESIAN_POINT('Ctrl Pts',(-100.838509922135,13.2623391177848,10.799908381372));
#5025=CARTESIAN_POINT('Ctrl Pts',(-100.894086960043,13.0962211475258,10.8013404655854));
#5026=CARTESIAN_POINT('Ctrl Pts',(-100.943356439815,12.9395897203044,10.8027353455914));
#5027=CARTESIAN_POINT('Ctrl Pts',(-100.98696790729,12.7940532536682,10.8040627920223));
#5028=CARTESIAN_POINT('Ctrl Pts',(-101.026165595471,12.6632460745392,10.80525589178));
#5029=CARTESIAN_POINT('Ctrl Pts',(-101.060795288278,12.5414013976446,10.8063945167317));
#5030=CARTESIAN_POINT('Ctrl Pts',(-101.091323513918,12.4296507452203,10.8074567182019));
#5031=CARTESIAN_POINT('Ctrl Pts',(-101.118339470364,12.3307569937711,10.8083967135031));
#5032=CARTESIAN_POINT('Ctrl Pts',(-101.142144547738,12.2397678480195,10.8092768587722));
#5033=CARTESIAN_POINT('Ctrl Pts',(-101.163034356813,12.1574425176409,10.8100819427672));
#5034=CARTESIAN_POINT('Ctrl Pts',(-101.182535078434,12.0805914873431,10.8108334919466));
#5035=CARTESIAN_POINT('Ctrl Pts',(-101.199496113247,12.0112902152995,10.8115196304924));
#5036=CARTESIAN_POINT('Ctrl Pts',(-101.214119548472,11.9501364976374,10.8121279843136));
#5037=CARTESIAN_POINT('Ctrl Pts',(-101.227620702051,11.893676047584,10.8126896497666));
#5038=CARTESIAN_POINT('Ctrl Pts',(-101.239129606785,11.8441604197021,10.8131850115962));
#5039=CARTESIAN_POINT('Ctrl Pts',(-101.24876440386,11.8020446596303,10.813604331624));
#5040=CARTESIAN_POINT('Ctrl Pts',(-101.25541208921,11.7729862042131,10.8138936483148));
#5041=CARTESIAN_POINT('Ctrl Pts',(-101.2611667854,11.7474501771684,10.8141467650394));
#5042=CARTESIAN_POINT('Ctrl Pts',(-101.266053292633,11.725581670249,10.8143604831872));
#5043=CARTESIAN_POINT('Origin',(-86.2101045506703,8.54674176895101,-1.004));
#5044=CARTESIAN_POINT('Ctrl Pts',(-109.104622042363,4.9418078640357,10.5919624087323));
#5045=CARTESIAN_POINT('Ctrl Pts',(-109.419939995963,3.56002390155787,10.5731685363465));
#5046=CARTESIAN_POINT('Ctrl Pts',(-109.735257949563,2.17823993908004,10.5543746639607));
#5047=CARTESIAN_POINT('Ctrl Pts',(-110.050575903164,0.796455976602253,10.5355807915749));
#5048=CARTESIAN_POINT('Ctrl Pts',(-110.728095415965,-2.17256493186252,10.4951986467682));
#5049=CARTESIAN_POINT('Ctrl Pts',(-111.661836815203,-6.18194524775991,10.4394579757451));
#5050=CARTESIAN_POINT('Ctrl Pts',(-112.87936520868,-11.2969437290944,10.4497824698635));
#5051=CARTESIAN_POINT('Ctrl Pts',(-113.516038018396,-14.4359347715875,10.4751289066142));
#5052=CARTESIAN_POINT('Ctrl Pts',(-113.952750945836,-16.5900646926266,10.4430627007088));
#5053=CARTESIAN_POINT('Ctrl Pts',(-113.912383370624,-17.731034334229,10.3912062719883));
#5054=CARTESIAN_POINT('Ctrl Pts',(-113.906580097628,-17.8309640845387,10.3861550261374));
#5055=CARTESIAN_POINT('Ctrl Pts',(-113.567012881344,-23.6781587906658,10.0905912134862));
#5056=CARTESIAN_POINT('Ctrl Pts',(-113.22744566506,-29.5253534967929,9.79502740083505));
#5057=CARTESIAN_POINT('Ctrl Pts',(-112.887878448776,-35.37254820292,9.49946358818385));
#5058=CARTESIAN_POINT('Ctrl Pts',(-105.291503763437,7.06988068931213,10.7463599127014));
#5059=CARTESIAN_POINT('Ctrl Pts',(-105.727043306588,6.16092040262747,10.7194518720909));
#5060=CARTESIAN_POINT('Ctrl Pts',(-106.162582849739,5.25196011594281,10.6925438314804));
#5061=CARTESIAN_POINT('Ctrl Pts',(-106.598122392889,4.34299982925817,10.66563579087));
#5062=CARTESIAN_POINT('Ctrl Pts',(-107.533960443693,2.38992889384832,10.6078188402121));
#5063=CARTESIAN_POINT('Ctrl Pts',(-108.805399165082,-0.248545159536606,
10.5227281282667));
#5064=CARTESIAN_POINT('Ctrl Pts',(-110.42925768573,-3.61779876223625,10.4553966155257));
#5065=CARTESIAN_POINT('Ctrl Pts',(-111.350246285904,-5.68495872485164,10.4224915048461));
#5066=CARTESIAN_POINT('Ctrl Pts',(-111.990179629721,-7.10104386502107,10.3638411627525));
#5067=CARTESIAN_POINT('Ctrl Pts',(-112.149052243856,-7.848952237146,10.3097062956022));
#5068=CARTESIAN_POINT('Ctrl Pts',(-112.161480904565,-7.91443416578911,10.3046274600316));
#5069=CARTESIAN_POINT('Ctrl Pts',(-112.888719778686,-11.7459816811435,10.007449288669));
#5070=CARTESIAN_POINT('Ctrl Pts',(-113.615958652807,-15.5775291964979,9.71027111730637));
#5071=CARTESIAN_POINT('Ctrl Pts',(-114.343197526928,-19.4090767118523,9.41309294594373));
#5072=CARTESIAN_POINT('Ctrl Pts',(-101.478385484512,9.19795351458857,10.9007574166706));
#5073=CARTESIAN_POINT('Ctrl Pts',(-102.034146617213,8.76181690369707,10.8657352078354));
#5074=CARTESIAN_POINT('Ctrl Pts',(-102.589907749914,8.32568029280557,10.8307129990002));
#5075=CARTESIAN_POINT('Ctrl Pts',(-103.145668882615,7.88954368191408,10.795690790165));
#5076=CARTESIAN_POINT('Ctrl Pts',(-104.339825471422,6.95242271955916,10.7204390336561));
#5077=CARTESIAN_POINT('Ctrl Pts',(-105.948961514961,5.6848549286867,10.6059982807884));
#5078=CARTESIAN_POINT('Ctrl Pts',(-107.97915016278,4.06134620462188,10.4610107611878));
#5079=CARTESIAN_POINT('Ctrl Pts',(-109.184454553412,3.06601732188418,10.3698541030781));
#5080=CARTESIAN_POINT('Ctrl Pts',(-110.027608313605,2.38797696258446,10.2846196247963));
#5081=CARTESIAN_POINT('Ctrl Pts',(-110.385721117088,2.033129859937,10.2282063192161));
#5082=CARTESIAN_POINT('Ctrl Pts',(-110.416381711503,2.00209575296045,10.2230998939258));
#5083=CARTESIAN_POINT('Ctrl Pts',(-112.210426676029,0.186195428378759,9.92430736385174));
#5084=CARTESIAN_POINT('Ctrl Pts',(-114.004471640554,-1.62970489620291,9.62551483377768));
#5085=CARTESIAN_POINT('Ctrl Pts',(-115.79851660508,-3.44560522078462,9.32672230370361));
#5086=CARTESIAN_POINT('Ctrl Pts',(-97.6652672055872,11.326026339865,11.0551549206397));
#5087=CARTESIAN_POINT('Ctrl Pts',(-98.3412499278381,11.3627134047667,11.0120185435798));
#5088=CARTESIAN_POINT('Ctrl Pts',(-99.0172326500891,11.3994004696683,10.9688821665199));
#5089=CARTESIAN_POINT('Ctrl Pts',(-99.69321537234,11.43608753457,10.92574578946));
#5090=CARTESIAN_POINT('Ctrl Pts',(-101.14569049915,11.51491654527,10.8330592271));
#5091=CARTESIAN_POINT('Ctrl Pts',(-103.09252386484,11.61825501691,10.68926843331));
#5092=CARTESIAN_POINT('Ctrl Pts',(-105.52904263983,11.74049117148,10.46662490685));
#5093=CARTESIAN_POINT('Ctrl Pts',(-107.01866282092,11.81699336862,10.31721670131));
#5094=CARTESIAN_POINT('Ctrl Pts',(-108.06503699749,11.87699779019,10.20539808684));
#5095=CARTESIAN_POINT('Ctrl Pts',(-108.62238999032,11.91521195702,10.14670634283));
#5096=CARTESIAN_POINT('Ctrl Pts',(-108.67128251844,11.91862567171,10.14157232782));
#5097=CARTESIAN_POINT('Ctrl Pts',(-111.532133573371,12.118372537901,9.8411654390345));
#5098=CARTESIAN_POINT('Ctrl Pts',(-114.392984628301,12.3181194040921,9.540758550249));
#5099=CARTESIAN_POINT('Ctrl Pts',(-117.253835683232,12.5178662702831,9.2403516614635));
#5100=CARTESIAN_POINT('Ctrl Pts',(-97.0207718009005,11.6857144104684,11.0812512739454));
#5101=CARTESIAN_POINT('Ctrl Pts',(-97.7170744441037,11.8023184000456,11.0367434355902));
#5102=CARTESIAN_POINT('Ctrl Pts',(-98.4133770873068,11.9189223896228,10.9922355972351));
#5103=CARTESIAN_POINT('Ctrl Pts',(-99.10967973051,12.0355263792,10.94772775888));
#5104=CARTESIAN_POINT('Ctrl Pts',(-100.60581600248,12.28607182803,10.85209435579));
#5105=CARTESIAN_POINT('Ctrl Pts',(-102.60972716025,12.62112165028,10.70334280151));
#5106=CARTESIAN_POINT('Ctrl Pts',(-105.11492408278,13.03842459002,10.46757381292));
#5107=CARTESIAN_POINT('Ctrl Pts',(-106.65259947932,13.29608828152,10.30831989794));
#5108=CARTESIAN_POINT('Ctrl Pts',(-107.73332208542,13.48083744871,10.19200801776));
#5109=CARTESIAN_POINT('Ctrl Pts',(-108.32435076756,13.58548705326,10.1329311708));
#5110=CARTESIAN_POINT('Ctrl Pts',(-108.37632486741,13.59472315822,10.12779249256));
#5111=CARTESIAN_POINT('Ctrl Pts',(-111.417488090142,14.1351558507864,9.8271127439535));
#5112=CARTESIAN_POINT('Ctrl Pts',(-114.458651312875,14.6755885433528,9.526432995347));
#5113=CARTESIAN_POINT('Ctrl Pts',(-117.499814535608,15.2160212359191,9.2257532467405));
#5114=CARTESIAN_POINT('Ctrl Pts',(-95.809064625109,12.3689574923958,11.1217272522075));
#5115=CARTESIAN_POINT('Ctrl Pts',(-96.521780098516,12.6384354518839,11.075248020765));
#5116=CARTESIAN_POINT('Ctrl Pts',(-97.234495571923,12.9079134113719,11.0287687893225));
#5117=CARTESIAN_POINT('Ctrl Pts',(-97.94721104533,13.17739137086,10.98228955788));
#5118=CARTESIAN_POINT('Ctrl Pts',(-99.47861334829,13.75641509513,10.88242024856));
#5119=CARTESIAN_POINT('Ctrl Pts',(-101.52885154678,14.53342583658,10.72816837569));
#5120=CARTESIAN_POINT('Ctrl Pts',(-104.08707514429,15.50869809142,10.48212750114));
#5121=CARTESIAN_POINT('Ctrl Pts',(-105.65905113964,16.1089686006,10.3148151414));
#5122=CARTESIAN_POINT('Ctrl Pts',(-106.76307951787,16.53038035546,10.19461990758));
#5123=CARTESIAN_POINT('Ctrl Pts',(-107.37669745856,16.7646113805,10.13506334442));
#5124=CARTESIAN_POINT('Ctrl Pts',(-107.43073954178,16.78523819456,10.12991331995));
#5125=CARTESIAN_POINT('Ctrl Pts',(-110.592906783597,17.9921760444212,9.82856966879385));
#5126=CARTESIAN_POINT('Ctrl Pts',(-113.755074025414,19.1991138942825,9.5272260176377));
#5127=CARTESIAN_POINT('Ctrl Pts',(-116.91724126723,20.4060517441437,9.22588236648155));
#5128=CARTESIAN_POINT('Ctrl Pts',(-94.0610939888566,13.3904187925618,11.1594611579817));
#5129=CARTESIAN_POINT('Ctrl Pts',(-94.7332485390377,13.8654501824845,11.1115060277178));
#5130=CARTESIAN_POINT('Ctrl Pts',(-95.4054030892188,14.3404815724073,11.0635508974539));
#5131=CARTESIAN_POINT('Ctrl Pts',(-96.0775576394,14.81551296233,11.01559576719));
#5132=CARTESIAN_POINT('Ctrl Pts',(-97.52180722356,15.83620662151,10.91255521361));
#5133=CARTESIAN_POINT('Ctrl Pts',(-99.45617484799,17.20765271679,10.75787051935));
#5134=CARTESIAN_POINT('Ctrl Pts',(-101.86739398566,18.92788393629,10.52236223793));
#5135=CARTESIAN_POINT('Ctrl Pts',(-103.34189388739,19.97956796784,10.36154030123));
#5136=CARTESIAN_POINT('Ctrl Pts',(-104.37470461052,20.71249879876,10.24244303989));
#5137=CARTESIAN_POINT('Ctrl Pts',(-104.93997877484,21.109937669,10.18121053129));
#5138=CARTESIAN_POINT('Ctrl Pts',(-104.98969728747,21.14485860392,10.17588547056));
#5139=CARTESIAN_POINT('Ctrl Pts',(-107.898879217234,23.1881890952352,9.86429991356849));
#5140=CARTESIAN_POINT('Ctrl Pts',(-110.808061146997,25.2315195865504,9.55271435657697));
#5141=CARTESIAN_POINT('Ctrl Pts',(-113.717243076761,27.2748500778656,9.24112879958545));
#5142=CARTESIAN_POINT('Ctrl Pts',(-92.3643239086709,14.4238142071945,11.1804655371513));
#5143=CARTESIAN_POINT('Ctrl Pts',(-92.948545481054,15.059383204483,11.1321371734576));
#5144=CARTESIAN_POINT('Ctrl Pts',(-93.532767053437,15.6949522017715,11.0838088097638));
#5145=CARTESIAN_POINT('Ctrl Pts',(-94.11698862582,16.33052119906,11.03548044607));
#5146=CARTESIAN_POINT('Ctrl Pts',(-95.37229778462,17.69615989003,10.93163793076));
#5147=CARTESIAN_POINT('Ctrl Pts',(-97.05497766077,19.53168739332,10.78054271667));
#5148=CARTESIAN_POINT('Ctrl Pts',(-99.15272096348,21.83144975394,10.5653408203));
#5149=CARTESIAN_POINT('Ctrl Pts',(-100.42802233702,23.22891288327,10.41762391775));
#5150=CARTESIAN_POINT('Ctrl Pts',(-101.31865379432,24.1995635488,10.30202050029));
#5151=CARTESIAN_POINT('Ctrl Pts',(-101.79348631374,24.71270102254,10.23835553964));
#5152=CARTESIAN_POINT('Ctrl Pts',(-101.8351502056,24.75768248493,10.23276520468));
#5153=CARTESIAN_POINT('Ctrl Pts',(-104.273031688997,27.389685146256,9.90565764279482));
#5154=CARTESIAN_POINT('Ctrl Pts',(-106.710913172394,30.0216878075821,9.57855008090964));
#5155=CARTESIAN_POINT('Ctrl Pts',(-109.14879465579,32.6536904689082,9.25144251902445));
#5156=CARTESIAN_POINT('Ctrl Pts',(-89.9301940867627,15.9717509184678,11.1875433967148));
#5157=CARTESIAN_POINT('Ctrl Pts',(-90.3447483857418,16.7593923028119,11.1400937411432));
#5158=CARTESIAN_POINT('Ctrl Pts',(-90.7593026847209,17.5470336871559,11.0926440855716));
#5159=CARTESIAN_POINT('Ctrl Pts',(-91.1738569837,18.3346750715,11.04519443));
#5160=CARTESIAN_POINT('Ctrl Pts',(-92.06460431815,20.02706968744,10.9432399832));
#5161=CARTESIAN_POINT('Ctrl Pts',(-93.26236685724,22.30038688434,10.79932287179));
#5162=CARTESIAN_POINT('Ctrl Pts',(-94.76185871497,25.14209519678,10.60838736045));
#5163=CARTESIAN_POINT('Ctrl Pts',(-95.66748299799,26.85885482097,10.47590661172));
#5164=CARTESIAN_POINT('Ctrl Pts',(-96.29637996201,28.04978490055,10.36445054133));
#5165=CARTESIAN_POINT('Ctrl Pts',(-96.61910619016,28.66341973368,10.29788364361));
#5166=CARTESIAN_POINT('Ctrl Pts',(-96.64731933125,28.71708246306,10.29198275845));
#5167=CARTESIAN_POINT('Ctrl Pts',(-98.2981563313779,31.8570525537965,9.94670395647065));
#5168=CARTESIAN_POINT('Ctrl Pts',(-99.9489933315059,34.9970226445329,9.6014251544913));
#5169=CARTESIAN_POINT('Ctrl Pts',(-101.599830331634,38.1369927352694,9.25614635251195));
#5170=CARTESIAN_POINT('Ctrl Pts',(-87.2465266904344,17.7803925475417,11.1573594915458));
#5171=CARTESIAN_POINT('Ctrl Pts',(-87.4568401430229,18.5897088095311,11.1129392019639));
#5172=CARTESIAN_POINT('Ctrl Pts',(-87.6671535956115,19.3990250715206,11.0685189123819));
#5173=CARTESIAN_POINT('Ctrl Pts',(-87.8774670482,20.20834133351,11.0240986228));
#5174=CARTESIAN_POINT('Ctrl Pts',(-88.3293647797,21.94730847212,10.9286533346));
#5175=CARTESIAN_POINT('Ctrl Pts',(-88.938799617,24.27977156898,10.78980710188));
#5176=CARTESIAN_POINT('Ctrl Pts',(-89.71033065457,27.19004468832,10.58655874343));
#5177=CARTESIAN_POINT('Ctrl Pts',(-90.17918977381,28.95281086558,10.44480255061));
#5178=CARTESIAN_POINT('Ctrl Pts',(-90.50427946682,30.17989586216,10.32959650312));
#5179=CARTESIAN_POINT('Ctrl Pts',(-90.6726576629,30.81990738513,10.26404339566));
#5180=CARTESIAN_POINT('Ctrl Pts',(-90.68738741734,30.87594335451,10.25826105938));
#5181=CARTESIAN_POINT('Ctrl Pts',(-91.5492703092439,34.154778961485,9.91991891421595));
#5182=CARTESIAN_POINT('Ctrl Pts',(-92.4111532011477,37.4336145684601,9.58157676905189));
#5183=CARTESIAN_POINT('Ctrl Pts',(-93.2730360930516,40.7124501754351,9.24323462388783));
#5184=CARTESIAN_POINT('Ctrl Pts',(-84.3952940019188,19.7739486012445,11.0699345382112));
#5185=CARTESIAN_POINT('Ctrl Pts',(-84.3883670070392,20.4840773830463,11.0281875811275));
#5186=CARTESIAN_POINT('Ctrl Pts',(-84.3814400121596,21.1942061648482,10.9864406240437));
#5187=CARTESIAN_POINT('Ctrl Pts',(-84.37451301728,21.90433494665,10.94469366696));
#5188=CARTESIAN_POINT('Ctrl Pts',(-84.35962907508,23.4301792596,10.85499253291));
#5189=CARTESIAN_POINT('Ctrl Pts',(-84.34045092298,25.47322240141,10.72111877032));
#5190=CARTESIAN_POINT('Ctrl Pts',(-84.32436886516,28.02147456137,10.51157409755));
#5191=CARTESIAN_POINT('Ctrl Pts',(-84.31489974511,29.57393074698,10.36726633975));
#5192=CARTESIAN_POINT('Ctrl Pts',(-84.30729205268,30.65941613267,10.25576248544));
#5193=CARTESIAN_POINT('Ctrl Pts',(-84.30167228728,31.23677903621,10.19548796633));
#5194=CARTESIAN_POINT('Ctrl Pts',(-84.30116439873,31.28742261273,10.19020167241));
#5195=CARTESIAN_POINT('Ctrl Pts',(-84.2714462894417,34.2507328542698,9.88088447979936));
#5196=CARTESIAN_POINT('Ctrl Pts',(-84.2417281801534,37.2140430958095,9.57156728718871));
#5197=CARTESIAN_POINT('Ctrl Pts',(-84.2120100708651,40.1773533373493,9.26225009457807));
#5198=CARTESIAN_POINT('Ctrl Pts',(-82.9550044104886,20.8065918283323,11.0027499313172));
#5199=CARTESIAN_POINT('Ctrl Pts',(-82.8384341862891,21.4237901523782,10.9624550981981));
#5200=CARTESIAN_POINT('Ctrl Pts',(-82.7218639620895,22.0409884764241,10.9221602650791));
#5201=CARTESIAN_POINT('Ctrl Pts',(-82.60529373789,22.65818680047,10.88186543196));
#5202=CARTESIAN_POINT('Ctrl Pts',(-82.35482084028,23.98435266903,10.79528445745));
#5203=CARTESIAN_POINT('Ctrl Pts',(-82.01879313043,25.75874354623,10.66527616183));
#5204=CARTESIAN_POINT('Ctrl Pts',(-81.60155844717,27.97322898942,10.46237206813));
#5205=CARTESIAN_POINT('Ctrl Pts',(-81.34649917658,29.32531166168,10.32443758776));
#5206=CARTESIAN_POINT('Ctrl Pts',(-81.1680946733,30.27209354566,10.21950162883));
#5207=CARTESIAN_POINT('Ctrl Pts',(-81.0730045987,30.77625344053,10.16308759516));
#5208=CARTESIAN_POINT('Ctrl Pts',(-81.06466275243,30.82048021808,10.15814102157));
#5209=CARTESIAN_POINT('Ctrl Pts',(-80.5765558653605,33.4083239658937,9.86870190239581));
#5210=CARTESIAN_POINT('Ctrl Pts',(-80.088448978291,35.9961677137074,9.57926278322162));
#5211=CARTESIAN_POINT('Ctrl Pts',(-79.6003420912215,38.5840114615211,9.28982366404744));
#5212=CARTESIAN_POINT('Ctrl Pts',(-82.2200563784711,21.3413310600702,10.9609713003679));
#5213=CARTESIAN_POINT('Ctrl Pts',(-82.0476144288674,21.8992180812268,10.9215142983052));
#5214=CARTESIAN_POINT('Ctrl Pts',(-81.8751724792637,22.4571051023834,10.8820572962426));
#5215=CARTESIAN_POINT('Ctrl Pts',(-81.70273052966,23.01499212354,10.84260029418));
#5216=CARTESIAN_POINT('Ctrl Pts',(-81.33220679529,24.21371658073,10.75781955617));
#5217=CARTESIAN_POINT('Ctrl Pts',(-80.83455555501,25.81803952352,10.63048384768));
#5218=CARTESIAN_POINT('Ctrl Pts',(-80.20956930203,27.82062610737,10.43569763487));
#5219=CARTESIAN_POINT('Ctrl Pts',(-79.8277535271,29.04236769066,10.30473040667));
#5220=CARTESIAN_POINT('Ctrl Pts',(-79.56185619518,29.89750839973,10.20521792083));
#5221=CARTESIAN_POINT('Ctrl Pts',(-79.4235630331,30.34839364935,10.15136660757));
#5222=CARTESIAN_POINT('Ctrl Pts',(-79.41146153482,30.38791070166,10.14663869777));
#5223=CARTESIAN_POINT('Ctrl Pts',(-78.7033659330621,32.7001740501902,9.86999426437614));
#5224=CARTESIAN_POINT('Ctrl Pts',(-77.9952703313042,35.0124373987203,9.59334983098227));
#5225=CARTESIAN_POINT('Ctrl Pts',(-77.2871747295463,37.3247007472505,9.31670539758841));
#5226=CARTESIAN_POINT('Ctrl Pts',(-80.6260926884641,22.5010796162678,10.8703613281652));
#5227=CARTESIAN_POINT('Ctrl Pts',(-80.332475502364,22.9303316059745,10.8327214236716));
#5228=CARTESIAN_POINT('Ctrl Pts',(-80.0388583162638,23.3595835956813,10.7950815191781));
#5229=CARTESIAN_POINT('Ctrl Pts',(-79.7452411301637,23.7888355853881,10.7574416146845));
#5230=CARTESIAN_POINT('Ctrl Pts',(-79.1143497692213,24.7111636533403,10.6765652501668));
#5231=CARTESIAN_POINT('Ctrl Pts',(-78.266167569291,25.9466413166349,10.5550258791837));
#5232=CARTESIAN_POINT('Ctrl Pts',(-77.1906073379488,27.4896592330042,10.37784581921));
#5233=CARTESIAN_POINT('Ctrl Pts',(-76.533880607974,28.4287155731433,10.2619892471303));
#5234=CARTESIAN_POINT('Ctrl Pts',(-76.078227829529,29.0851038548952,10.1742392517013));
#5235=CARTESIAN_POINT('Ctrl Pts',(-75.8462353176456,29.4204464451336,10.1259459957504));
#5236=CARTESIAN_POINT('Ctrl Pts',(-75.8259798431252,29.4497489915256,10.1216923264768));
#5237=CARTESIAN_POINT('Ctrl Pts',(-74.640770203165,31.1643304210638,9.87279715380674));
#5238=CARTESIAN_POINT('Ctrl Pts',(-73.4555605632049,32.8789118506019,9.62390198113666));
#5239=CARTESIAN_POINT('Ctrl Pts',(-72.2703509232448,34.59349328014,9.37500680846658));
#5240=CARTESIAN_POINT('Ctrl Pts',(-79.0321289984572,23.6608281724653,10.7797513559626));
#5241=CARTESIAN_POINT('Ctrl Pts',(-78.6173365758606,23.9614451307222,10.743928549038));
#5242=CARTESIAN_POINT('Ctrl Pts',(-78.2025441532639,24.2620620889792,10.7081057421135));
#5243=CARTESIAN_POINT('Ctrl Pts',(-77.7877517306673,24.5626790472361,10.6722829351889));
#5244=CARTESIAN_POINT('Ctrl Pts',(-76.8964927431526,25.2086107259506,10.5953109441635));
#5245=CARTESIAN_POINT('Ctrl Pts',(-75.697779583572,26.0752431097499,10.4795679106873));
#5246=CARTESIAN_POINT('Ctrl Pts',(-74.1716453738675,27.1586923586384,10.31999400355));
#5247=CARTESIAN_POINT('Ctrl Pts',(-73.240007688848,27.8150634556265,10.2192480875906));
#5248=CARTESIAN_POINT('Ctrl Pts',(-72.5945994638779,28.2726993100603,10.1432605825726));
#5249=CARTESIAN_POINT('Ctrl Pts',(-72.2689076021911,28.4924992409173,10.1005253839308));
#5250=CARTESIAN_POINT('Ctrl Pts',(-72.2404981514303,28.5115872813913,10.0967459551836));
#5251=CARTESIAN_POINT('Ctrl Pts',(-70.5781744732679,29.6284867919374,9.87560004323734));
#5252=CARTESIAN_POINT('Ctrl Pts',(-68.9158507951056,30.7453863024835,9.65445413129105));
#5253=CARTESIAN_POINT('Ctrl Pts',(-67.2535271169432,31.8622858130296,9.43330821934475));
#5254=CARTESIAN_POINT('Ctrl Pts',(-77.4381653084502,24.8205767286628,10.68914138376));
#5255=CARTESIAN_POINT('Ctrl Pts',(-76.9021976493571,24.99255865547,10.6551356744044));
#5256=CARTESIAN_POINT('Ctrl Pts',(-76.366229990264,25.1645405822771,10.6211299650489));
#5257=CARTESIAN_POINT('Ctrl Pts',(-75.830262331171,25.3365225090842,10.5871242556934));
#5258=CARTESIAN_POINT('Ctrl Pts',(-74.6786357170838,25.7060577985608,10.5140566381603));
#5259=CARTESIAN_POINT('Ctrl Pts',(-73.129391597853,26.2038449028648,10.404109942191));
#5260=CARTESIAN_POINT('Ctrl Pts',(-71.1526834097862,26.8277254842726,10.26214218789));
#5261=CARTESIAN_POINT('Ctrl Pts',(-69.946134769722,27.2014113381097,10.1765069280509));
#5262=CARTESIAN_POINT('Ctrl Pts',(-69.1109710982269,27.4602947652255,10.1122819134439));
#5263=CARTESIAN_POINT('Ctrl Pts',(-68.6915798867367,27.5645520367009,10.0751047721112));
#5264=CARTESIAN_POINT('Ctrl Pts',(-68.6550164597355,27.5734255712569,10.0717995838905));
#5265=CARTESIAN_POINT('Ctrl Pts',(-66.5155787433709,28.092643162811,9.87840293266794));
#5266=CARTESIAN_POINT('Ctrl Pts',(-64.3761410270063,28.611860754365,9.68500628144544));
#5267=CARTESIAN_POINT('Ctrl Pts',(-62.2367033106417,29.1310783459191,9.49160963022292));
#5268=CARTESIAN_POINT('Ctrl Pts',(-101.270659769507,11.7049169079796,10.8145622051721));
#5269=CARTESIAN_POINT('Ctrl Pts',(-101.269894977975,11.7083616957293,10.8145285288736));
#5270=CARTESIAN_POINT('Ctrl Pts',(-101.269129009032,11.7118062220259,10.8144948576471));
#5271=CARTESIAN_POINT('Ctrl Pts',(-101.267594613124,11.7186952150603,10.8144275211429));
#5272=CARTESIAN_POINT('Ctrl Pts',(-101.266210941969,11.7248930758086,10.8143669472232));
#5273=CARTESIAN_POINT('Ctrl Pts',(-101.266056896781,11.7255824729217,10.8143602098142));
#5274=CARTESIAN_POINT('',(-96.2045240698596,20.1304924374319,10.7785454059327));
#5275=CARTESIAN_POINT('Ctrl Pts',(-97.8377324605452,18.5121521151567,10.7756274770937));
#5276=CARTESIAN_POINT('Ctrl Pts',(-97.8861318937876,18.5636160661103,10.7709137009859));
#5277=CARTESIAN_POINT('Ctrl Pts',(-97.9297011663106,18.619446595501,10.7662346919342));
#5278=CARTESIAN_POINT('Ctrl Pts',(-98.0118108682309,18.7474092476512,10.7563867024079));
#5279=CARTESIAN_POINT('Ctrl Pts',(-98.0483626240623,18.8203563035741,10.7512791338554));
#5280=CARTESIAN_POINT('Ctrl Pts',(-98.1244902459684,19.0235666176637,10.7383380884952));
#5281=CARTESIAN_POINT('Ctrl Pts',(-98.1492484623999,19.1580462541474,10.7310596516681));
#5282=CARTESIAN_POINT('Ctrl Pts',(-98.1508118964888,19.446906097353,10.7180322967461));
#5283=CARTESIAN_POINT('Ctrl Pts',(-98.1210450416027,19.5987397156968,10.7127300284547));
#5284=CARTESIAN_POINT('Ctrl Pts',(-98.0248465938115,19.8308404250185,10.7071176396626));
#5285=CARTESIAN_POINT('Ctrl Pts',(-97.975905584082,19.916210332917,10.7057186194186));
#5286=CARTESIAN_POINT('Ctrl Pts',(-97.8753147511217,20.0490182890666,10.7047101835534));
#5287=CARTESIAN_POINT('Ctrl Pts',(-97.8290942727235,20.0998794143578,10.7046914883782));
#5288=CARTESIAN_POINT('Ctrl Pts',(-97.7307292117112,20.1903759073016,10.705415201604));
#5289=CARTESIAN_POINT('Ctrl Pts',(-97.6791898493865,20.2302874149859,10.7061172570691));
#5290=CARTESIAN_POINT('Ctrl Pts',(-97.5551774086914,20.3104974297182,10.7084763399216));
#5291=CARTESIAN_POINT('Ctrl Pts',(-97.4811738344171,20.3477572391255,10.7103328329573));
#5292=CARTESIAN_POINT('Ctrl Pts',(-97.2749657902558,20.4250934740648,10.7166098841268));
#5293=CARTESIAN_POINT('Ctrl Pts',(-97.1385091981749,20.4498846738678,10.7218612204576));
#5294=CARTESIAN_POINT('Ctrl Pts',(-96.850830566225,20.4501248015285,10.7350990213507));
#5295=CARTESIAN_POINT('Ctrl Pts',(-96.7021720217165,20.4208522514758,10.7431648518208));
#5296=CARTESIAN_POINT('Ctrl Pts',(-96.4301172954378,20.309197573628,10.7604372111098));
#5297=CARTESIAN_POINT('Ctrl Pts',(-96.3084080120661,20.2299960768148,10.7694316446757));
#5298=CARTESIAN_POINT('Ctrl Pts',(-96.2045240698595,20.1304924374319,10.7785454059327));
#5299=CARTESIAN_POINT('Ctrl Pts',(-81.8400996867136,23.2268688286923,10.831071724915));
#5300=CARTESIAN_POINT('Ctrl Pts',(-81.8865796319394,23.240332706941,10.8309693977172));
#5301=CARTESIAN_POINT('Ctrl Pts',(-81.9415802803138,23.2560338436928,10.8308382823343));
#5302=CARTESIAN_POINT('Ctrl Pts',(-82.0046133924998,23.2735405110256,10.8306775005357));
#5303=CARTESIAN_POINT('Ctrl Pts',(-82.0734130121823,23.2926487544968,10.83050200981));
#5304=CARTESIAN_POINT('Ctrl Pts',(-82.1517825682025,23.3139073456437,10.8302911763901));
#5305=CARTESIAN_POINT('Ctrl Pts',(-82.2390955707936,23.3366887951852,10.8300438582907));
#5306=CARTESIAN_POINT('Ctrl Pts',(-82.3393157130465,23.3628379373063,10.8297599801241));
#5307=CARTESIAN_POINT('Ctrl Pts',(-82.4513201293069,23.3909922545725,10.8294280332195));
#5308=CARTESIAN_POINT('Ctrl Pts',(-82.5741571656719,23.4201333471912,10.8290462905913));
#5309=CARTESIAN_POINT('Ctrl Pts',(-82.7103758711947,23.4524490235661,10.8286229615352));
#5310=CARTESIAN_POINT('Ctrl Pts',(-82.8599181612451,23.4859745165493,10.828138396469));
#5311=CARTESIAN_POINT('Ctrl Pts',(-83.021452211124,23.5192814295795,10.8275902402834));
#5312=CARTESIAN_POINT('Ctrl Pts',(-83.1565855146274,23.5471447388363,10.8271316734595));
#5313=CARTESIAN_POINT('Ctrl Pts',(-83.3001108284979,23.5748530468268,10.8266286032457));
#5314=CARTESIAN_POINT('Ctrl Pts',(-83.4512165776479,23.6015832016597,10.826079650827));
#5315=CARTESIAN_POINT('Ctrl Pts',(-83.5752506878832,23.6235244645818,10.8256290470266));
#5316=CARTESIAN_POINT('Ctrl Pts',(-83.7043918931578,23.6448065178345,10.8251475285592));
#5317=CARTESIAN_POINT('Ctrl Pts',(-83.8381730555592,23.6649935699979,10.8246343328428));
#5318=CARTESIAN_POINT('Ctrl Pts',(-84.0387330002605,23.6952572782279,10.8238649681382));
#5319=CARTESIAN_POINT('Ctrl Pts',(-84.2397921287954,23.7215666628272,10.8230749769335));
#5320=CARTESIAN_POINT('Ctrl Pts',(-84.4412333490264,23.7439156162384,10.8222747143514));
#5321=CARTESIAN_POINT('Ctrl Pts',(-84.5805031464175,23.7593669434787,10.8217214392692));
#5322=CARTESIAN_POINT('Ctrl Pts',(-84.7199555796371,23.772925226969,10.8211631798697));
#5323=CARTESIAN_POINT('Ctrl Pts',(-84.8595519525633,23.7845884365027,10.8206024775499));
#5324=CARTESIAN_POINT('Ctrl Pts',(-85.4648819210448,23.8351634629983,10.8181711108929));
#5325=CARTESIAN_POINT('Ctrl Pts',(-86.0729179110862,23.8501046397033,10.8157092908573));
#5326=CARTESIAN_POINT('Ctrl Pts',(-86.6805061958343,23.829246461045,10.8133014443001));
#5327=CARTESIAN_POINT('Ctrl Pts',(-86.7317136399085,23.8274885370626,10.813098511375));
#5328=CARTESIAN_POINT('Ctrl Pts',(-86.7829178732643,23.8254763280387,10.8128959618284));
#5329=CARTESIAN_POINT('Ctrl Pts',(-86.8341169910078,23.8232097354792,10.8126938462023));
#5330=CARTESIAN_POINT('Ctrl Pts',(-87.1088916282531,23.8110454214095,10.8116091351702));
#5331=CARTESIAN_POINT('Ctrl Pts',(-87.3832125936251,23.7915678385014,10.8105355060873));
#5332=CARTESIAN_POINT('Ctrl Pts',(-87.6567893866861,23.7648104916745,10.8094715329792));
#5333=CARTESIAN_POINT('Ctrl Pts',(-88.0061427675946,23.7306417689788,10.8081128555917));
#5334=CARTESIAN_POINT('Ctrl Pts',(-88.3542826249838,23.6846019302303,10.8067702778006));
#5335=CARTESIAN_POINT('Ctrl Pts',(-88.7006040784225,23.626760899763,10.8054507490015));
#5336=CARTESIAN_POINT('Ctrl Pts',(-88.8039606750695,23.609498752136,10.8050569472197));
#5337=CARTESIAN_POINT('Ctrl Pts',(-88.9071553120511,23.5911855119578,10.80466513137));
#5338=CARTESIAN_POINT('Ctrl Pts',(-89.0101719090542,23.5718230230561,10.8042753373534));
#5339=CARTESIAN_POINT('Ctrl Pts',(-90.007857798445,23.3843029289868,10.8005002952586));
#5340=CARTESIAN_POINT('Ctrl Pts',(-90.9839960730259,23.099281418629,10.7969350911874));
#5341=CARTESIAN_POINT('Ctrl Pts',(-91.924604818753,22.7212787049087,10.7935079702995));
#5342=CARTESIAN_POINT('Ctrl Pts',(-92.1846165890314,22.6167876981953,10.7925606138423));
#5343=CARTESIAN_POINT('Ctrl Pts',(-92.4419137369333,22.5051916492255,10.7916238087533));
#5344=CARTESIAN_POINT('Ctrl Pts',(-92.6962016190137,22.3865859040758,10.7906960393677));
#5345=CARTESIAN_POINT('Ctrl Pts',(-92.7132600583942,22.3786294537044,10.7906338016536));
#5346=CARTESIAN_POINT('Ctrl Pts',(-92.7303049506876,22.3706414606436,10.7905716120225));
#5347=CARTESIAN_POINT('Ctrl Pts',(-92.7473362109275,22.3626219516408,10.7905094710182));
#5348=CARTESIAN_POINT('Ctrl Pts',(-93.2997869910042,22.1024894692505,10.7884937748331));
#5349=CARTESIAN_POINT('Ctrl Pts',(-93.8357646143393,21.8101988979768,10.7865308427907));
#5350=CARTESIAN_POINT('Ctrl Pts',(-94.3525855466394,21.4874842578378,10.7846742066508));
#5351=CARTESIAN_POINT('Ctrl Pts',(-95.001910558072,21.0820310838243,10.7823415606464));
#5352=CARTESIAN_POINT('Ctrl Pts',(-95.6209967906732,20.6285536764687,10.7801805669509));
#5353=CARTESIAN_POINT('Ctrl Pts',(-96.2045240697953,20.1304924373565,10.778545405939));
#5354=CARTESIAN_POINT('Ctrl Pts',(-74.9059455250936,-2.33758432085225,7.32520359189117));
#5355=CARTESIAN_POINT('Ctrl Pts',(-74.9059455250936,-2.33758432085225,13.5730059166705));
#5356=CARTESIAN_POINT('Ctrl Pts',(-74.8367905091014,-2.25861009998491,7.32520359189117));
#5357=CARTESIAN_POINT('Ctrl Pts',(-74.8367905091014,-2.25861009998491,13.5730059166705));
#5358=CARTESIAN_POINT('Ctrl Pts',(-74.7676354931093,-2.17963587911757,7.32520359189117));
#5359=CARTESIAN_POINT('Ctrl Pts',(-74.7676354931093,-2.17963587911757,13.5730059166705));
#5360=CARTESIAN_POINT('Ctrl Pts',(-74.6984804771172,-2.10066165825023,7.32520359189117));
#5361=CARTESIAN_POINT('Ctrl Pts',(-74.6984804771172,-2.10066165825023,13.5730059166705));
#5362=CARTESIAN_POINT('Ctrl Pts',(-74.6306814418307,-2.02323595151755,7.32520359189117));
#5363=CARTESIAN_POINT('Ctrl Pts',(-74.6306814418307,-2.02323595151755,13.5730059166705));
#5364=CARTESIAN_POINT('Ctrl Pts',(-74.5628824065443,-1.94581024478487,7.32520359189117));
#5365=CARTESIAN_POINT('Ctrl Pts',(-74.5628824065443,-1.94581024478487,13.5730059166705));
#5366=CARTESIAN_POINT('Ctrl Pts',(-74.4950833712579,-1.86838453805218,7.32520359189117));
#5367=CARTESIAN_POINT('Ctrl Pts',(-74.4950833712579,-1.86838453805218,13.5730059166705));
#5368=CARTESIAN_POINT('Ctrl Pts',(-73.4589246977246,-0.685103430192542,
7.32520359189117));
#5369=CARTESIAN_POINT('Ctrl Pts',(-73.4589246977246,-0.685103430192542,
13.5730059166705));
#5370=CARTESIAN_POINT('Ctrl Pts',(-72.6098109366571,0.648549848650342,7.32520359189117));
#5371=CARTESIAN_POINT('Ctrl Pts',(-72.6098109366571,0.648549848650342,13.5730059166705));
#5372=CARTESIAN_POINT('Ctrl Pts',(-71.9759996838957,2.08611865541141,7.32520359189117));
#5373=CARTESIAN_POINT('Ctrl Pts',(-71.9759996838957,2.08611865541141,13.5730059166705));
#5374=CARTESIAN_POINT('Ctrl Pts',(-71.3346367614989,3.5408156602908,7.32520359189117));
#5375=CARTESIAN_POINT('Ctrl Pts',(-71.3346367614989,3.5408156602908,13.5730059166705));
#5376=CARTESIAN_POINT('Ctrl Pts',(-70.9205213385201,5.08653165146127,7.32520359189117));
#5377=CARTESIAN_POINT('Ctrl Pts',(-70.9205213385201,5.08653165146127,13.5730059166705));
#5378=CARTESIAN_POINT('Ctrl Pts',(-70.7488932917461,6.66884596204247,7.32520359189117));
#5379=CARTESIAN_POINT('Ctrl Pts',(-70.7488932917461,6.66884596204247,13.5730059166705));
#5380=CARTESIAN_POINT('Ctrl Pts',(-70.5626678979434,8.38573962334277,7.32520359189117));
#5381=CARTESIAN_POINT('Ctrl Pts',(-70.5626678979434,8.38573962334277,13.5730059166705));
#5382=CARTESIAN_POINT('Ctrl Pts',(-70.6644113110549,10.1221684872882,7.32520359189117));
#5383=CARTESIAN_POINT('Ctrl Pts',(-70.6644113110549,10.1221684872882,13.5730059166705));
#5384=CARTESIAN_POINT('Ctrl Pts',(-71.0507163287125,11.8068345610864,7.32520359189117));
#5385=CARTESIAN_POINT('Ctrl Pts',(-71.0507163287125,11.8068345610864,13.5730059166705));
#5386=CARTESIAN_POINT('Ctrl Pts',(-71.5113488015825,13.8156407221853,7.32520359189117));
#5387=CARTESIAN_POINT('Ctrl Pts',(-71.5113488015825,13.8156407221853,13.5730059166705));
#5388=CARTESIAN_POINT('Ctrl Pts',(-72.3680039824639,15.7128817282075,7.32520359189117));
#5389=CARTESIAN_POINT('Ctrl Pts',(-72.3680039824639,15.7128817282075,13.5730059166705));
#5390=CARTESIAN_POINT('Ctrl Pts',(-73.5709235430467,17.3870383111549,7.32520359189117));
#5391=CARTESIAN_POINT('Ctrl Pts',(-73.5709235430467,17.3870383111549,13.5730059166705));
#5392=CARTESIAN_POINT('Ctrl Pts',(-74.7326180990321,19.0038202240992,7.32520359189117));
#5393=CARTESIAN_POINT('Ctrl Pts',(-74.7326180990321,19.0038202240992,13.5730059166705));
#5394=CARTESIAN_POINT('Ctrl Pts',(-76.1951012304617,20.3816978927374,7.32520359189117));
#5395=CARTESIAN_POINT('Ctrl Pts',(-76.1951012304617,20.3816978927374,13.5730059166705));
#5396=CARTESIAN_POINT('Ctrl Pts',(-77.8783552272316,21.4449594313892,7.32520359189117));
#5397=CARTESIAN_POINT('Ctrl Pts',(-77.8783552272316,21.4449594313892,13.5730059166705));
#5398=CARTESIAN_POINT('Ctrl Pts',(-79.1082720396979,22.2218613398037,7.32520359189117));
#5399=CARTESIAN_POINT('Ctrl Pts',(-79.1082720396979,22.2218613398037,13.5730059166705));
#5400=CARTESIAN_POINT('Ctrl Pts',(-80.4415168904211,22.8216086308412,7.32520359189117));
#5401=CARTESIAN_POINT('Ctrl Pts',(-80.4415168904211,22.8216086308412,13.5730059166705));
#5402=CARTESIAN_POINT('Ctrl Pts',(-81.8388001491313,23.2264914585386,7.32520359189117));
#5403=CARTESIAN_POINT('Ctrl Pts',(-81.8388001491313,23.2264914585386,13.5730059166705));
#5404=CARTESIAN_POINT('Ctrl Pts',(-81.9377658928148,23.255168199563,7.32520359189117));
#5405=CARTESIAN_POINT('Ctrl Pts',(-81.9377658928148,23.255168199563,13.5730059166705));
#5406=CARTESIAN_POINT('Ctrl Pts',(-82.0367316364982,23.2838449405874,7.32520359189117));
#5407=CARTESIAN_POINT('Ctrl Pts',(-82.0367316364982,23.2838449405874,13.5730059166705));
#5408=CARTESIAN_POINT('Ctrl Pts',(-82.1356973801817,23.3125216816118,7.32520359189117));
#5409=CARTESIAN_POINT('Ctrl Pts',(-82.1356973801817,23.3125216816118,13.5730059166705));
#5410=CARTESIAN_POINT('',(-81.8388001491313,23.2264914585386,-1.004));
#5411=CARTESIAN_POINT('',(-74.4186586167108,-1.78044260883517,9.65454794170984));
#5412=CARTESIAN_POINT('Ctrl Pts',(-81.6915777789668,23.1838323755262,7.27351053622713));
#5413=CARTESIAN_POINT('Ctrl Pts',(-81.6915777789668,23.1838323755262,12.4110460181636));
#5414=CARTESIAN_POINT('Ctrl Pts',(-81.7406518196363,23.1980523361118,7.27351053622713));
#5415=CARTESIAN_POINT('Ctrl Pts',(-81.7406518196363,23.1980523361118,12.4110460181636));
#5416=CARTESIAN_POINT('Ctrl Pts',(-81.7897258603057,23.2122722966975,7.27351053622713));
#5417=CARTESIAN_POINT('Ctrl Pts',(-81.7897258603057,23.2122722966975,12.4110460181636));
#5418=CARTESIAN_POINT('Ctrl Pts',(-81.8387999009751,23.2264922572831,7.27351053622713));
#5419=CARTESIAN_POINT('Ctrl Pts',(-81.8387999009751,23.2264922572831,12.4110460181636));
#5420=CARTESIAN_POINT('Ctrl Pts',(-82.8246960985897,23.5121708947127,7.27351053622713));
#5421=CARTESIAN_POINT('Ctrl Pts',(-82.8246960985897,23.5121708947127,12.4110460181636));
#5422=CARTESIAN_POINT('Ctrl Pts',(-83.8366102686945,23.6991221528907,7.27351053622713));
#5423=CARTESIAN_POINT('Ctrl Pts',(-83.8366102686945,23.6991221528907,12.4110460181636));
#5424=CARTESIAN_POINT('Ctrl Pts',(-84.8595519525633,23.7845884365027,7.27351053622713));
#5425=CARTESIAN_POINT('Ctrl Pts',(-84.8595519525633,23.7845884365027,12.4110460181636));
#5426=CARTESIAN_POINT('Ctrl Pts',(-86.1414760794046,23.891692578138,7.27351053622713));
#5427=CARTESIAN_POINT('Ctrl Pts',(-86.1414760794046,23.891692578138,12.4110460181636));
#5428=CARTESIAN_POINT('Ctrl Pts',(-87.4317743283745,23.8386750607302,7.27351053622713));
#5429=CARTESIAN_POINT('Ctrl Pts',(-87.4317743283745,23.8386750607302,12.4110460181636));
#5430=CARTESIAN_POINT('Ctrl Pts',(-88.7006040784224,23.626760899763,7.27351053622713));
#5431=CARTESIAN_POINT('Ctrl Pts',(-88.7006040784224,23.626760899763,12.4110460181636));
#5432=CARTESIAN_POINT('Ctrl Pts',(-90.0824173123269,23.3959767523506,7.27351053622713));
#5433=CARTESIAN_POINT('Ctrl Pts',(-90.0824173123269,23.3959767523506,12.4110460181636));
#5434=CARTESIAN_POINT('Ctrl Pts',(-91.4265571508055,22.9787774273018,7.27351053622713));
#5435=CARTESIAN_POINT('Ctrl Pts',(-91.4265571508055,22.9787774273018,12.4110460181636));
#5436=CARTESIAN_POINT('Ctrl Pts',(-92.6962016190137,22.3865859040758,7.27351053622713));
#5437=CARTESIAN_POINT('Ctrl Pts',(-92.6962016190137,22.3865859040758,12.4110460181636));
#5438=CARTESIAN_POINT('Ctrl Pts',(-94.0064051432785,21.7754766997286,7.27351053622713));
#5439=CARTESIAN_POINT('Ctrl Pts',(-94.0064051432785,21.7754766997286,12.4110460181636));
#5440=CARTESIAN_POINT('Ctrl Pts',(-95.2246088713535,20.9839235449008,7.27351053622713));
#5441=CARTESIAN_POINT('Ctrl Pts',(-95.2246088713535,20.9839235449008,12.4110460181636));
#5442=CARTESIAN_POINT('Ctrl Pts',(-96.3153183543291,20.0350177870766,7.27351053622713));
#5443=CARTESIAN_POINT('Ctrl Pts',(-96.3153183543291,20.0350177870766,12.4110460181636));
#5444=CARTESIAN_POINT('Ctrl Pts',(-96.353867723323,20.0014802422311,7.27351053622713));
#5445=CARTESIAN_POINT('Ctrl Pts',(-96.353867723323,20.0014802422311,12.4110460181636));
#5446=CARTESIAN_POINT('Ctrl Pts',(-96.3924170923168,19.9679426973855,7.27351053622713));
#5447=CARTESIAN_POINT('Ctrl Pts',(-96.3924170923168,19.9679426973855,12.4110460181636));
#5448=CARTESIAN_POINT('Ctrl Pts',(-96.4309664613107,19.93440515254,7.27351053622713));
#5449=CARTESIAN_POINT('Ctrl Pts',(-96.4309664613107,19.93440515254,12.4110460181636));
#5450=CARTESIAN_POINT('Ctrl Pts',(-96.4862469663042,19.8863116956639,7.27351053622713));
#5451=CARTESIAN_POINT('Ctrl Pts',(-96.4862469663042,19.8863116956639,12.4110460181636));
#5452=CARTESIAN_POINT('Ctrl Pts',(-96.5415274712978,19.8382182387878,7.27351053622713));
#5453=CARTESIAN_POINT('Ctrl Pts',(-96.5415274712978,19.8382182387878,12.4110460181636));
#5454=CARTESIAN_POINT('Ctrl Pts',(-96.5968079762914,19.7901247819118,7.27351053622713));
#5455=CARTESIAN_POINT('Ctrl Pts',(-96.5968079762914,19.7901247819118,12.4110460181636));
#5456=CARTESIAN_POINT('',(-96.2045240698596,20.1304924374319,8.77652729933787));
#5457=CARTESIAN_POINT('Ctrl Pts',(-96.0982677477198,20.0137101824084,7.19902041387264));
#5458=CARTESIAN_POINT('Ctrl Pts',(-96.0982677477198,20.0137101824084,12.3683960652531));
#5459=CARTESIAN_POINT('Ctrl Pts',(-96.0986431127993,20.0141829032901,7.19902041387264));
#5460=CARTESIAN_POINT('Ctrl Pts',(-96.0986431127993,20.0141829032901,12.3683960652531));
#5461=CARTESIAN_POINT('Ctrl Pts',(-96.0990184778789,20.0146556241718,7.19902041387264));
#5462=CARTESIAN_POINT('Ctrl Pts',(-96.0990184778789,20.0146556241718,12.3683960652531));
#5463=CARTESIAN_POINT('Ctrl Pts',(-96.0993938429585,20.0151283450535,7.19902041387264));
#5464=CARTESIAN_POINT('Ctrl Pts',(-96.0993938429585,20.0151283450535,12.3683960652531));
#5465=CARTESIAN_POINT('Ctrl Pts',(-96.1266711501911,20.0494803757218,7.19902041387264));
#5466=CARTESIAN_POINT('Ctrl Pts',(-96.1266711501911,20.0494803757218,12.3683960652531));
#5467=CARTESIAN_POINT('Ctrl Pts',(-96.1558486058784,20.0821894742761,7.19902041387264));
#5468=CARTESIAN_POINT('Ctrl Pts',(-96.1558486058784,20.0821894742761,12.3683960652531));
#5469=CARTESIAN_POINT('Ctrl Pts',(-96.1867663878019,20.1131118025816,7.19902041387264));
#5470=CARTESIAN_POINT('Ctrl Pts',(-96.1867663878019,20.1131118025816,12.3683960652531));
#5471=CARTESIAN_POINT('Ctrl Pts',(-96.196522893632,20.1228697430814,7.19902041387264));
#5472=CARTESIAN_POINT('Ctrl Pts',(-96.196522893632,20.1228697430814,12.3683960652531));
#5473=CARTESIAN_POINT('Ctrl Pts',(-96.2064527125557,20.1324497721045,7.19902041387264));
#5474=CARTESIAN_POINT('Ctrl Pts',(-96.2064527125557,20.1324497721045,12.3683960652531));
#5475=CARTESIAN_POINT('Ctrl Pts',(-96.2165508476823,20.1418473979873,7.19902041387264));
#5476=CARTESIAN_POINT('Ctrl Pts',(-96.2165508476823,20.1418473979873,12.3683960652531));
#5477=CARTESIAN_POINT('Ctrl Pts',(-96.2686663682873,20.190347656618,7.19902041387264));
#5478=CARTESIAN_POINT('Ctrl Pts',(-96.2686663682873,20.190347656618,12.3683960652531));
#5479=CARTESIAN_POINT('Ctrl Pts',(-96.3252656243413,20.2339901299291,7.19902041387264));
#5480=CARTESIAN_POINT('Ctrl Pts',(-96.3252656243413,20.2339901299291,12.3683960652531));
#5481=CARTESIAN_POINT('Ctrl Pts',(-96.3856597782788,20.2721553846868,7.19902041387264));
#5482=CARTESIAN_POINT('Ctrl Pts',(-96.3856597782788,20.2721553846868,12.3683960652531));
#5483=CARTESIAN_POINT('Ctrl Pts',(-96.5015447928045,20.3453873254231,7.19902041387264));
#5484=CARTESIAN_POINT('Ctrl Pts',(-96.5015447928045,20.3453873254231,12.3683960652531));
#5485=CARTESIAN_POINT('Ctrl Pts',(-96.6296230416749,20.3973286911146,7.19902041387264));
#5486=CARTESIAN_POINT('Ctrl Pts',(-96.6296230416749,20.3973286911146,12.3683960652531));
#5487=CARTESIAN_POINT('Ctrl Pts',(-96.7638474163655,20.4254918734681,7.19902041387264));
#5488=CARTESIAN_POINT('Ctrl Pts',(-96.7638474163655,20.4254918734681,12.3683960652531));
#5489=CARTESIAN_POINT('Ctrl Pts',(-96.8909403424496,20.4521587233708,7.19902041387264));
#5490=CARTESIAN_POINT('Ctrl Pts',(-96.8909403424496,20.4521587233708,12.3683960652531));
#5491=CARTESIAN_POINT('Ctrl Pts',(-97.0216770788901,20.4571147924728,7.19902041387264));
#5492=CARTESIAN_POINT('Ctrl Pts',(-97.0216770788901,20.4571147924728,12.3683960652531));
#5493=CARTESIAN_POINT('Ctrl Pts',(-97.1505000568284,20.4401095267099,7.19902041387264));
#5494=CARTESIAN_POINT('Ctrl Pts',(-97.1505000568284,20.4401095267099,12.3683960652531));
#5495=CARTESIAN_POINT('Ctrl Pts',(-97.2662656977317,20.4248278935628,7.19902041387264));
#5496=CARTESIAN_POINT('Ctrl Pts',(-97.2662656977317,20.4248278935628,12.3683960652531));
#5497=CARTESIAN_POINT('Ctrl Pts',(-97.3790611865957,20.3919988765244,7.19902041387264));
#5498=CARTESIAN_POINT('Ctrl Pts',(-97.3790611865957,20.3919988765244,12.3683960652531));
#5499=CARTESIAN_POINT('Ctrl Pts',(-97.4849920928977,20.3427284736856,7.19902041387264));
#5500=CARTESIAN_POINT('Ctrl Pts',(-97.4849920928977,20.3427284736856,12.3683960652531));
#5501=CARTESIAN_POINT('Ctrl Pts',(-97.5500079144744,20.3124884254145,7.19902041387264));
#5502=CARTESIAN_POINT('Ctrl Pts',(-97.5500079144744,20.3124884254145,12.3683960652531));
#5503=CARTESIAN_POINT('Ctrl Pts',(-97.6120599262872,20.2762306430019,7.19902041387264));
#5504=CARTESIAN_POINT('Ctrl Pts',(-97.6120599262872,20.2762306430019,12.3683960652531));
#5505=CARTESIAN_POINT('Ctrl Pts',(-97.6703348090092,20.2344256224177,7.19902041387264));
#5506=CARTESIAN_POINT('Ctrl Pts',(-97.6703348090092,20.2344256224177,12.3683960652531));
#5507=CARTESIAN_POINT('Ctrl Pts',(-97.7197707545943,20.1989614459794,7.19902041387264));
#5508=CARTESIAN_POINT('Ctrl Pts',(-97.7197707545943,20.1989614459794,12.3683960652531));
#5509=CARTESIAN_POINT('Ctrl Pts',(-97.7663164155173,20.1596286091315,7.19902041387264));
#5510=CARTESIAN_POINT('Ctrl Pts',(-97.7663164155173,20.1596286091315,12.3683960652531));
#5511=CARTESIAN_POINT('Ctrl Pts',(-97.8095325393093,20.1167968338574,7.19902041387264));
#5512=CARTESIAN_POINT('Ctrl Pts',(-97.8095325393093,20.1167968338574,12.3683960652531));
#5513=CARTESIAN_POINT('Ctrl Pts',(-97.8587104955377,20.0680562485203,7.19902041387264));
#5514=CARTESIAN_POINT('Ctrl Pts',(-97.8587104955377,20.0680562485203,12.3683960652531));
#5515=CARTESIAN_POINT('Ctrl Pts',(-97.9033853816194,20.0149745706701,7.19902041387264));
#5516=CARTESIAN_POINT('Ctrl Pts',(-97.9033853816194,20.0149745706701,12.3683960652531));
#5517=CARTESIAN_POINT('Ctrl Pts',(-97.9430130785833,19.9581993114749,7.19902041387264));
#5518=CARTESIAN_POINT('Ctrl Pts',(-97.9430130785833,19.9581993114749,12.3683960652531));
#5519=CARTESIAN_POINT('Ctrl Pts',(-98.0052809071827,19.8689871598964,7.19902041387264));
#5520=CARTESIAN_POINT('Ctrl Pts',(-98.0052809071827,19.8689871598964,12.3683960652531));
#5521=CARTESIAN_POINT('Ctrl Pts',(-98.0545653448228,19.77140293797,7.19902041387264));
#5522=CARTESIAN_POINT('Ctrl Pts',(-98.0545653448228,19.77140293797,12.3683960652531));
#5523=CARTESIAN_POINT('Ctrl Pts',(-98.0894039535808,19.6683734869973,7.19902041387264));
#5524=CARTESIAN_POINT('Ctrl Pts',(-98.0894039535808,19.6683734869973,12.3683960652531));
#5525=CARTESIAN_POINT('Ctrl Pts',(-98.1386215303866,19.522820604799,7.19902041387264));
#5526=CARTESIAN_POINT('Ctrl Pts',(-98.1386215303866,19.522820604799,12.3683960652531));
#5527=CARTESIAN_POINT('Ctrl Pts',(-98.1581537513457,19.3689300933668,7.19902041387264));
#5528=CARTESIAN_POINT('Ctrl Pts',(-98.1581537513457,19.3689300933668,12.3683960652531));
#5529=CARTESIAN_POINT('Ctrl Pts',(-98.1469142880976,19.2158120212997,7.19902041387264));
#5530=CARTESIAN_POINT('Ctrl Pts',(-98.1469142880976,19.2158120212997,12.3683960652531));
#5531=CARTESIAN_POINT('Ctrl Pts',(-98.1368752915648,19.07904821322,7.19902041387264));
#5532=CARTESIAN_POINT('Ctrl Pts',(-98.1368752915648,19.07904821322,12.3683960652531));
#5533=CARTESIAN_POINT('Ctrl Pts',(-98.1024584481776,18.9452261431146,7.19902041387264));
#5534=CARTESIAN_POINT('Ctrl Pts',(-98.1024584481776,18.9452261431146,12.3683960652531));
#5535=CARTESIAN_POINT('Ctrl Pts',(-98.0453391767304,18.8206608657822,7.19902041387264));
#5536=CARTESIAN_POINT('Ctrl Pts',(-98.0453391767304,18.8206608657822,12.3683960652531));
#5537=CARTESIAN_POINT('Ctrl Pts',(-98.0082522193919,18.739781908309,7.19902041387264));
#5538=CARTESIAN_POINT('Ctrl Pts',(-98.0082522193919,18.739781908309,12.3683960652531));
#5539=CARTESIAN_POINT('Ctrl Pts',(-97.9619088167353,18.6634907232054,7.19902041387264));
#5540=CARTESIAN_POINT('Ctrl Pts',(-97.9619088167353,18.6634907232054,12.3683960652531));
#5541=CARTESIAN_POINT('Ctrl Pts',(-97.9072464297726,18.5933148397894,7.19902041387264));
#5542=CARTESIAN_POINT('Ctrl Pts',(-97.9072464297726,18.5933148397894,12.3683960652531));
#5543=CARTESIAN_POINT('Ctrl Pts',(-97.8887210716598,18.5695318796334,7.19902041387264));
#5544=CARTESIAN_POINT('Ctrl Pts',(-97.8887210716598,18.5695318796334,12.3683960652531));
#5545=CARTESIAN_POINT('Ctrl Pts',(-97.8692814825383,18.5465042712454,7.19902041387264));
#5546=CARTESIAN_POINT('Ctrl Pts',(-97.8692814825383,18.5465042712454,12.3683960652531));
#5547=CARTESIAN_POINT('Ctrl Pts',(-97.848976626752,18.5242818431035,7.19902041387264));
#5548=CARTESIAN_POINT('Ctrl Pts',(-97.848976626752,18.5242818431035,12.3683960652531));
#5549=CARTESIAN_POINT('Ctrl Pts',(-97.8396703704588,18.514096712319,7.19902041387264));
#5550=CARTESIAN_POINT('Ctrl Pts',(-97.8396703704588,18.514096712319,12.3683960652531));
#5551=CARTESIAN_POINT('Ctrl Pts',(-97.8301823498457,18.5040807155822,7.19902041387264));
#5552=CARTESIAN_POINT('Ctrl Pts',(-97.8301823498457,18.5040807155822,12.3683960652531));
#5553=CARTESIAN_POINT('Ctrl Pts',(-97.8205172670053,18.4942386361977,7.19902041387264));
#5554=CARTESIAN_POINT('Ctrl Pts',(-97.8205172670053,18.4942386361977,12.3683960652531));
#5555=CARTESIAN_POINT('Ctrl Pts',(-97.7898549340551,18.4630147843186,7.19902041387264));
#5556=CARTESIAN_POINT('Ctrl Pts',(-97.7898549340551,18.4630147843186,12.3683960652531));
#5557=CARTESIAN_POINT('Ctrl Pts',(-97.7574104600863,18.4335412894503,7.19902041387264));
#5558=CARTESIAN_POINT('Ctrl Pts',(-97.7574104600863,18.4335412894503,12.3683960652531));
#5559=CARTESIAN_POINT('Ctrl Pts',(-97.7233342311439,18.405971146967,7.19902041387264));
#5560=CARTESIAN_POINT('Ctrl Pts',(-97.7233342311439,18.405971146967,12.3683960652531));
#5561=CARTESIAN_POINT('Ctrl Pts',(-97.7210094920551,18.4040902643135,7.19902041387264));
#5562=CARTESIAN_POINT('Ctrl Pts',(-97.7210094920551,18.4040902643135,12.3683960652531));
#5563=CARTESIAN_POINT('Ctrl Pts',(-97.7186847529664,18.4022093816601,7.19902041387264));
#5564=CARTESIAN_POINT('Ctrl Pts',(-97.7186847529664,18.4022093816601,12.3683960652531));
#5565=CARTESIAN_POINT('Ctrl Pts',(-97.7163600138776,18.4003284990066,7.19902041387264));
#5566=CARTESIAN_POINT('Ctrl Pts',(-97.7163600138776,18.4003284990066,12.3683960652531));
#5567=CARTESIAN_POINT('Ctrl Pts',(-227.189215009154,112.460875002222,8.15230472231661));
#5568=CARTESIAN_POINT('Ctrl Pts',(-227.189215009154,112.460875002222,13.322728472028));
#5569=CARTESIAN_POINT('Ctrl Pts',(-176.825938356927,73.8762880563657,8.15230472231661));
#5570=CARTESIAN_POINT('Ctrl Pts',(-176.825938356927,73.8762880563657,13.322728472028));
#5571=CARTESIAN_POINT('Ctrl Pts',(-126.4626617047,35.2917011105091,8.15230472231661));
#5572=CARTESIAN_POINT('Ctrl Pts',(-126.4626617047,35.2917011105091,13.322728472028));
#5573=CARTESIAN_POINT('Ctrl Pts',(-76.0993850524725,-3.29288583534746,8.15230472231661));
#5574=CARTESIAN_POINT('Ctrl Pts',(-76.0993850524725,-3.29288583534746,13.322728472028));
#5575=CARTESIAN_POINT('Ctrl Pts',(-76.0885814201966,-3.30116277276279,8.15230472231661));
#5576=CARTESIAN_POINT('Ctrl Pts',(-76.0885814201966,-3.30116277276279,13.322728472028));
#5577=CARTESIAN_POINT('Ctrl Pts',(-76.0776380628543,-3.30924240460313,8.15230472231661));
#5578=CARTESIAN_POINT('Ctrl Pts',(-76.0776380628543,-3.30924240460313,13.322728472028));
#5579=CARTESIAN_POINT('Ctrl Pts',(-76.066560624025,-3.31712161547259,8.15230472231661));
#5580=CARTESIAN_POINT('Ctrl Pts',(-76.066560624025,-3.31712161547259,13.322728472028));
#5581=CARTESIAN_POINT('Ctrl Pts',(-76.0288953165341,-3.34391236600219,8.15230472231661));
#5582=CARTESIAN_POINT('Ctrl Pts',(-76.0288953165341,-3.34391236600219,13.322728472028));
#5583=CARTESIAN_POINT('Ctrl Pts',(-75.9896799787854,-3.3683859289785,8.15230472231661));
#5584=CARTESIAN_POINT('Ctrl Pts',(-75.9896799787854,-3.3683859289785,13.322728472028));
#5585=CARTESIAN_POINT('Ctrl Pts',(-75.9491351230616,-3.39042091443789,8.15230472231661));
#5586=CARTESIAN_POINT('Ctrl Pts',(-75.9491351230616,-3.39042091443789,13.322728472028));
#5587=CARTESIAN_POINT('Ctrl Pts',(-75.9016228818237,-3.41624247739899,8.15230472231661));
#5588=CARTESIAN_POINT('Ctrl Pts',(-75.9016228818237,-3.41624247739899,13.322728472028));
#5589=CARTESIAN_POINT('Ctrl Pts',(-75.8522845294542,-3.43871552911295,8.15230472231661));
#5590=CARTESIAN_POINT('Ctrl Pts',(-75.8522845294542,-3.43871552911295,13.322728472028));
#5591=CARTESIAN_POINT('Ctrl Pts',(-75.8014754302853,-3.45764441207537,8.15230472231661));
#5592=CARTESIAN_POINT('Ctrl Pts',(-75.8014754302853,-3.45764441207537,13.322728472028));
#5593=CARTESIAN_POINT('Ctrl Pts',(-75.6685179483363,-3.50717759916097,8.15230472231661));
#5594=CARTESIAN_POINT('Ctrl Pts',(-75.6685179483363,-3.50717759916097,13.322728472028));
#5595=CARTESIAN_POINT('Ctrl Pts',(-75.5275504080112,-3.53167403566698,8.15230472231661));
#5596=CARTESIAN_POINT('Ctrl Pts',(-75.5275504080112,-3.53167403566698,13.322728472028));
#5597=CARTESIAN_POINT('Ctrl Pts',(-75.385708653201,-3.52991119544367,8.15230472231661));
#5598=CARTESIAN_POINT('Ctrl Pts',(-75.385708653201,-3.52991119544367,13.322728472028));
#5599=CARTESIAN_POINT('Ctrl Pts',(-75.2330083740339,-3.52801340311455,8.15230472231661));
#5600=CARTESIAN_POINT('Ctrl Pts',(-75.2330083740339,-3.52801340311455,13.322728472028));
#5601=CARTESIAN_POINT('Ctrl Pts',(-75.082222602039,-3.49571873876637,8.15230472231661));
#5602=CARTESIAN_POINT('Ctrl Pts',(-75.082222602039,-3.49571873876637,13.322728472028));
#5603=CARTESIAN_POINT('Ctrl Pts',(-74.9421651766864,-3.43493472525851,8.15230472231661));
#5604=CARTESIAN_POINT('Ctrl Pts',(-74.9421651766864,-3.43493472525851,13.322728472028));
#5605=CARTESIAN_POINT('Ctrl Pts',(-74.8095340995092,-3.37737369865521,8.15230472231661));
#5606=CARTESIAN_POINT('Ctrl Pts',(-74.8095340995092,-3.37737369865521,13.322728472028));
#5607=CARTESIAN_POINT('Ctrl Pts',(-74.6889433778572,-3.29531457909491,8.15230472231661));
#5608=CARTESIAN_POINT('Ctrl Pts',(-74.6889433778572,-3.29531457909491,13.322728472028));
#5609=CARTESIAN_POINT('Ctrl Pts',(-74.5867253245474,-3.19307090851135,8.15230472231661));
#5610=CARTESIAN_POINT('Ctrl Pts',(-74.5867253245474,-3.19307090851135,13.322728472028));
#5611=CARTESIAN_POINT('Ctrl Pts',(-74.4796338865477,-3.08595263189954,8.15230472231661));
#5612=CARTESIAN_POINT('Ctrl Pts',(-74.4796338865477,-3.08595263189954,13.322728472028));
#5613=CARTESIAN_POINT('Ctrl Pts',(-74.3947422706726,-2.95871321099602,8.15230472231661));
#5614=CARTESIAN_POINT('Ctrl Pts',(-74.3947422706726,-2.95871321099602,13.322728472028));
#5615=CARTESIAN_POINT('Ctrl Pts',(-74.3369526366378,-2.8186687853593,8.15230472231661));
#5616=CARTESIAN_POINT('Ctrl Pts',(-74.3369526366378,-2.8186687853593,13.322728472028));
#5617=CARTESIAN_POINT('Ctrl Pts',(-74.2881416686078,-2.70038279693426,8.15230472231661));
#5618=CARTESIAN_POINT('Ctrl Pts',(-74.2881416686078,-2.70038279693426,13.322728472028));
#5619=CARTESIAN_POINT('Ctrl Pts',(-74.259406930693,-2.5747582778244,8.15230472231661));
#5620=CARTESIAN_POINT('Ctrl Pts',(-74.259406930693,-2.5747582778244,13.322728472028));
#5621=CARTESIAN_POINT('Ctrl Pts',(-74.2519521229027,-2.44697814489153,8.15230472231661));
#5622=CARTESIAN_POINT('Ctrl Pts',(-74.2519521229027,-2.44697814489153,13.322728472028));
#5623=CARTESIAN_POINT('Ctrl Pts',(-74.2461810729414,-2.34805868888992,8.15230472231661));
#5624=CARTESIAN_POINT('Ctrl Pts',(-74.2461810729414,-2.34805868888992,13.322728472028));
#5625=CARTESIAN_POINT('Ctrl Pts',(-74.2532184540786,-2.24879841177579,8.15230472231661));
#5626=CARTESIAN_POINT('Ctrl Pts',(-74.2532184540786,-2.24879841177579,13.322728472028));
#5627=CARTESIAN_POINT('Ctrl Pts',(-74.2728957921769,-2.15166668068912,8.15230472231661));
#5628=CARTESIAN_POINT('Ctrl Pts',(-74.2728957921769,-2.15166668068912,13.322728472028));
#5629=CARTESIAN_POINT('Ctrl Pts',(-74.2906229885049,-2.06416128447968,8.15230472231661));
#5630=CARTESIAN_POINT('Ctrl Pts',(-74.2906229885049,-2.06416128447968,13.322728472028));
#5631=CARTESIAN_POINT('Ctrl Pts',(-74.3184810078448,-1.9790149310372,8.15230472231661));
#5632=CARTESIAN_POINT('Ctrl Pts',(-74.3184810078448,-1.9790149310372,13.322728472028));
#5633=CARTESIAN_POINT('Ctrl Pts',(-74.3559082459026,-1.89794978578387,8.15230472231661));
#5634=CARTESIAN_POINT('Ctrl Pts',(-74.3559082459026,-1.89794978578387,13.322728472028));
#5635=CARTESIAN_POINT('Ctrl Pts',(-74.3668669844095,-1.87421381767747,8.15230472231661));
#5636=CARTESIAN_POINT('Ctrl Pts',(-74.3668669844095,-1.87421381767747,13.322728472028));
#5637=CARTESIAN_POINT('Ctrl Pts',(-74.3786245711068,-1.85087441166485,8.15230472231661));
#5638=CARTESIAN_POINT('Ctrl Pts',(-74.3786245711068,-1.85087441166485,13.322728472028));
#5639=CARTESIAN_POINT('Ctrl Pts',(-74.3911573695631,-1.82797053151466,8.15230472231661));
#5640=CARTESIAN_POINT('Ctrl Pts',(-74.3911573695631,-1.82797053151466,13.322728472028));
#5641=CARTESIAN_POINT('Ctrl Pts',(-74.4133168506281,-1.78747374220809,8.15230472231661));
#5642=CARTESIAN_POINT('Ctrl Pts',(-74.4133168506281,-1.78747374220809,13.322728472028));
#5643=CARTESIAN_POINT('Ctrl Pts',(-74.4378998566863,-1.74833845173267,8.15230472231661));
#5644=CARTESIAN_POINT('Ctrl Pts',(-74.4378998566863,-1.74833845173267,13.322728472028));
#5645=CARTESIAN_POINT('Ctrl Pts',(-74.4647760490716,-1.71077943910254,8.15230472231661));
#5646=CARTESIAN_POINT('Ctrl Pts',(-74.4647760490716,-1.71077943910254,13.322728472028));
#5647=CARTESIAN_POINT('',(-75.9967427071863,-3.36305542927889,9.73586905132641));
#5648=CARTESIAN_POINT('Ctrl Pts',(-61.7565804319794,188.542004739012,7.30740291139034));
#5649=CARTESIAN_POINT('Ctrl Pts',(-61.7565804319794,188.542004739012,13.7419901465043));
#5650=CARTESIAN_POINT('Ctrl Pts',(-74.9264059240676,129.603197299881,7.30740291139034));
#5651=CARTESIAN_POINT('Ctrl Pts',(-74.9264059240676,129.603197299881,13.7419901465043));
#5652=CARTESIAN_POINT('Ctrl Pts',(-88.0962314161558,70.664389860751,7.30740291139034));
#5653=CARTESIAN_POINT('Ctrl Pts',(-88.0962314161558,70.664389860751,13.7419901465043));
#5654=CARTESIAN_POINT('Ctrl Pts',(-101.266056908244,11.7255824216208,7.30740291139034));
#5655=CARTESIAN_POINT('Ctrl Pts',(-101.266056908244,11.7255824216208,13.7419901465043));
#5656=CARTESIAN_POINT('Ctrl Pts',(-101.502705326364,10.6665117790573,7.30740291139034));
#5657=CARTESIAN_POINT('Ctrl Pts',(-101.502705326364,10.6665117790573,13.7419901465043));
#5658=CARTESIAN_POINT('Ctrl Pts',(-101.627371704262,9.58551205597936,7.30740291139034));
#5659=CARTESIAN_POINT('Ctrl Pts',(-101.627371704262,9.58551205597936,13.7419901465043));
#5660=CARTESIAN_POINT('Ctrl Pts',(-101.637976778614,8.5003153297627,7.30740291139034));
#5661=CARTESIAN_POINT('Ctrl Pts',(-101.637976778614,8.5003153297627,13.7419901465043));
#5662=CARTESIAN_POINT('Ctrl Pts',(-101.651144922891,7.15284462034697,7.30740291139034));
#5663=CARTESIAN_POINT('Ctrl Pts',(-101.651144922891,7.15284462034697,13.7419901465043));
#5664=CARTESIAN_POINT('Ctrl Pts',(-101.488349480582,5.80945797477185,7.30740291139034));
#5665=CARTESIAN_POINT('Ctrl Pts',(-101.488349480582,5.80945797477185,13.7419901465043));
#5666=CARTESIAN_POINT('Ctrl Pts',(-101.153766363593,4.50415133280237,7.30740291139034));
#5667=CARTESIAN_POINT('Ctrl Pts',(-101.153766363593,4.50415133280237,13.7419901465043));
#5668=CARTESIAN_POINT('Ctrl Pts',(-100.65110922218,2.54313874129555,7.30740291139034));
#5669=CARTESIAN_POINT('Ctrl Pts',(-100.65110922218,2.54313874129555,13.7419901465043));
#5670=CARTESIAN_POINT('Ctrl Pts',(-99.7688253953732,0.699684011702233,7.30740291139034));
#5671=CARTESIAN_POINT('Ctrl Pts',(-99.7688253953732,0.699684011702233,13.7419901465043));
#5672=CARTESIAN_POINT('Ctrl Pts',(-98.5572094620089,-0.92194717876149,7.30740291139034));
#5673=CARTESIAN_POINT('Ctrl Pts',(-98.5572094620089,-0.92194717876149,13.7419901465043));
#5674=CARTESIAN_POINT('Ctrl Pts',(-97.3283612463184,-2.56664211882895,7.30740291139034));
#5675=CARTESIAN_POINT('Ctrl Pts',(-97.3283612463184,-2.56664211882895,13.7419901465043));
#5676=CARTESIAN_POINT('Ctrl Pts',(-95.7851791984487,-3.95049852485034,7.30740291139034));
#5677=CARTESIAN_POINT('Ctrl Pts',(-95.7851791984487,-3.95049852485034,13.7419901465043));
#5678=CARTESIAN_POINT('Ctrl Pts',(-94.0178947042337,-4.99364331310767,7.30740291139034));
#5679=CARTESIAN_POINT('Ctrl Pts',(-94.0178947042337,-4.99364331310767,13.7419901465043));
#5680=CARTESIAN_POINT('Ctrl Pts',(-92.662811168793,-5.79348529229966,7.30740291139034));
#5681=CARTESIAN_POINT('Ctrl Pts',(-92.662811168793,-5.79348529229966,13.7419901465043));
#5682=CARTESIAN_POINT('Ctrl Pts',(-91.195019381887,-6.3818854774626,7.30740291139034));
#5683=CARTESIAN_POINT('Ctrl Pts',(-91.195019381887,-6.3818854774626,13.7419901465043));
#5684=CARTESIAN_POINT('Ctrl Pts',(-89.6645249591332,-6.73964137106365,7.30740291139034));
#5685=CARTESIAN_POINT('Ctrl Pts',(-89.6645249591332,-6.73964137106365,13.7419901465043));
#5686=CARTESIAN_POINT('Ctrl Pts',(-88.0106180139206,-7.12624516936626,7.30740291139034));
#5687=CARTESIAN_POINT('Ctrl Pts',(-88.0106180139206,-7.12624516936626,13.7419901465043));
#5688=CARTESIAN_POINT('Ctrl Pts',(-86.3055810312797,-7.23838192594959,7.30740291139034));
#5689=CARTESIAN_POINT('Ctrl Pts',(-86.3055810312797,-7.23838192594959,13.7419901465043));
#5690=CARTESIAN_POINT('Ctrl Pts',(-84.6166588371283,-7.07191290331022,7.30740291139034));
#5691=CARTESIAN_POINT('Ctrl Pts',(-84.6166588371283,-7.07191290331022,13.7419901465043));
#5692=CARTESIAN_POINT('Ctrl Pts',(-83.0903614354556,-6.92147303249004,7.30740291139034));
#5693=CARTESIAN_POINT('Ctrl Pts',(-83.0903614354556,-6.92147303249004,13.7419901465043));
#5694=CARTESIAN_POINT('Ctrl Pts',(-81.5937092733169,-6.54506376920397,7.30740291139034));
#5695=CARTESIAN_POINT('Ctrl Pts',(-81.5937092733169,-6.54506376920397,13.7419901465043));
#5696=CARTESIAN_POINT('Ctrl Pts',(-80.1756056773334,-5.95339358460269,7.30740291139034));
#5697=CARTESIAN_POINT('Ctrl Pts',(-80.1756056773334,-5.95339358460269,13.7419901465043));
#5698=CARTESIAN_POINT('Ctrl Pts',(-78.6167746804924,-5.30300822046192,7.30740291139034));
#5699=CARTESIAN_POINT('Ctrl Pts',(-78.6167746804924,-5.30300822046192,13.7419901465043));
#5700=CARTESIAN_POINT('Ctrl Pts',(-77.176651274504,-4.40281508332521,7.30740291139034));
#5701=CARTESIAN_POINT('Ctrl Pts',(-77.176651274504,-4.40281508332521,13.7419901465043));
#5702=CARTESIAN_POINT('Ctrl Pts',(-75.9090207021749,-3.28638027538592,7.30740291139034));
#5703=CARTESIAN_POINT('Ctrl Pts',(-75.9090207021749,-3.28638027538592,13.7419901465043));
#5704=CARTESIAN_POINT('Ctrl Pts',(-75.8123575547107,-3.20124655833163,7.30740291139034));
#5705=CARTESIAN_POINT('Ctrl Pts',(-75.8123575547107,-3.20124655833163,13.7419901465043));
#5706=CARTESIAN_POINT('Ctrl Pts',(-75.7156944072464,-3.11611284127735,7.30740291139034));
#5707=CARTESIAN_POINT('Ctrl Pts',(-75.7156944072464,-3.11611284127735,13.7419901465043));
#5708=CARTESIAN_POINT('Ctrl Pts',(-75.6190312597822,-3.03097912422306,7.30740291139034));
#5709=CARTESIAN_POINT('Ctrl Pts',(-75.6190312597822,-3.03097912422306,13.7419901465043));
#5710=CARTESIAN_POINT('Ctrl Pts',(-51.9571300266507,-8.23651089410271,8.27702647989847));
#5711=CARTESIAN_POINT('Ctrl Pts',(-52.6266007322729,-8.60170354323671,8.17543398907555));
#5712=CARTESIAN_POINT('Ctrl Pts',(-53.4446404052623,-8.69028467965227,8.08881646530997));
#5713=CARTESIAN_POINT('Ctrl Pts',(-54.9357598120518,-8.2456225085415,7.99764206399701));
#5714=CARTESIAN_POINT('Ctrl Pts',(-55.5897883344358,-7.69983312350286,7.99346789241431));
#5715=CARTESIAN_POINT('Ctrl Pts',(-56.00717525393,-6.87056111591984,8.03435067331757));
#5716=CARTESIAN_POINT('Ctrl Pts',(-56.061535631169,-6.74057789366509,8.04168480717923));
#5717=CARTESIAN_POINT('Ctrl Pts',(-56.2786110171996,-6.09159867396566,8.08272731527239));
#5718=CARTESIAN_POINT('Ctrl Pts',(-56.324086028308,-4.96236611146032,8.18140923555004));
#5719=CARTESIAN_POINT('Ctrl Pts',(-55.7674951150818,-3.98591525915705,8.31369020854228));
#5720=CARTESIAN_POINT('Ctrl Pts',(-54.720315740431,-2.95642423026274,8.48978599757639));
#5721=CARTESIAN_POINT('Ctrl Pts',(-53.7369311249916,-2.65518629771502,8.59578979712208));
#5722=CARTESIAN_POINT('Ctrl Pts',(-52.146559900265,-2.95212136251994,8.71182633655639));
#5723=CARTESIAN_POINT('Ctrl Pts',(-51.5200070115505,-3.32364740622823,8.74032470299844));
#5724=CARTESIAN_POINT('Ctrl Pts',(-50.7037674404926,-4.33493953973863,8.7392079145906));
#5725=CARTESIAN_POINT('Ctrl Pts',(-50.4766250712474,-4.93268117662136,8.71516718420504));
#5726=CARTESIAN_POINT('Ctrl Pts',(-50.4018310470037,-6.40018611736573,8.60327762776837));
#5727=CARTESIAN_POINT('Ctrl Pts',(-50.7611515394345,-7.26400937968868,8.48963263005229));
#5728=CARTESIAN_POINT('Ctrl Pts',(-51.5657717643521,-7.99129406791923,8.33956686898462));
#5729=CARTESIAN_POINT('Ctrl Pts',(-51.7546310807465,-8.1260488231767,8.30775578567892));
#5730=CARTESIAN_POINT('Ctrl Pts',(-51.9571300266507,-8.23651089410271,8.27702647989847));
#5731=CARTESIAN_POINT('Ctrl Pts',(-51.9612102962302,-8.23952482786817,8.31669757411883));
#5732=CARTESIAN_POINT('Ctrl Pts',(-52.6312672073662,-8.60346406829793,8.21605718530751));
#5733=CARTESIAN_POINT('Ctrl Pts',(-53.4483745940818,-8.6905594694058,8.1302740134578));
#5734=CARTESIAN_POINT('Ctrl Pts',(-54.9368883029375,-8.24535989454676,8.0398932380312));
#5735=CARTESIAN_POINT('Ctrl Pts',(-55.5896515404671,-7.70053475517834,8.03570500145008));
#5736=CARTESIAN_POINT('Ctrl Pts',(-56.0070240248479,-6.87265580997324,8.07616254849624));
#5737=CARTESIAN_POINT('Ctrl Pts',(-56.0614106926608,-6.74286105200986,8.08342320967316));
#5738=CARTESIAN_POINT('Ctrl Pts',(-56.2787186151425,-6.09484614744112,8.12406631181313));
#5739=CARTESIAN_POINT('Ctrl Pts',(-56.3257121644271,-4.96668103008745,8.22181760177917));
#5740=CARTESIAN_POINT('Ctrl Pts',(-55.7707249451559,-3.98929029336221,8.35301960864823));
#5741=CARTESIAN_POINT('Ctrl Pts',(-54.7246816480084,-2.95773491013546,8.52778522942967));
#5742=CARTESIAN_POINT('Ctrl Pts',(-53.7406665003372,-2.65464691350051,8.63310328743889));
#5743=CARTESIAN_POINT('Ctrl Pts',(-52.1479280639355,-2.95062254975796,8.74836730242969));
#5744=CARTESIAN_POINT('Ctrl Pts',(-51.5202141440297,-3.32238999013632,8.77664993505335));
#5745=CARTESIAN_POINT('Ctrl Pts',(-50.7026261294245,-4.33535796363156,8.77543269978755));
#5746=CARTESIAN_POINT('Ctrl Pts',(-50.4753724539682,-4.93426060107098,8.75148800592922));
#5747=CARTESIAN_POINT('Ctrl Pts',(-50.4017369257359,-6.40431026692259,8.64023839242932));
#5748=CARTESIAN_POINT('Ctrl Pts',(-50.7631729178853,-7.26888432281052,8.52740587199219));
#5749=CARTESIAN_POINT('Ctrl Pts',(-51.5694365797046,-7.99497087266965,8.37867025984847));
#5750=CARTESIAN_POINT('Ctrl Pts',(-51.7585468329434,-8.12944067246022,8.34714009723178));
#5751=CARTESIAN_POINT('Ctrl Pts',(-51.9612102962302,-8.23952482786817,8.31669757411883));
#5752=CARTESIAN_POINT('Ctrl Pts',(-51.9530356189279,-8.27521495968913,8.39499828303522));
#5753=CARTESIAN_POINT('Ctrl Pts',(-52.6311848208749,-8.64238047560489,8.29616800252705));
#5754=CARTESIAN_POINT('Ctrl Pts',(-53.4567396685476,-8.72923302465915,8.21199196855764));
#5755=CARTESIAN_POINT('Ctrl Pts',(-54.9597562415111,-8.27841882901224,8.12313168358971));
#5756=CARTESIAN_POINT('Ctrl Pts',(-55.618775759363,-7.72816627621414,8.11891271791626));
#5757=CARTESIAN_POINT('Ctrl Pts',(-56.0408563366657,-6.89199617964631,8.15856377009451));
#5758=CARTESIAN_POINT('Ctrl Pts',(-56.0958755096467,-6.76087694642466,8.16568381542849));
#5759=CARTESIAN_POINT('Ctrl Pts',(-56.3158448302509,-6.10621883324701,8.20556085465153));
#5760=CARTESIAN_POINT('Ctrl Pts',(-56.3646220437199,-4.96599667209806,8.30153665934653));
#5761=CARTESIAN_POINT('Ctrl Pts',(-55.804593707602,-3.97640537454078,8.43067078067837));
#5762=CARTESIAN_POINT('Ctrl Pts',(-54.7474623402947,-2.93108534284331,8.60288866662334));
#5763=CARTESIAN_POINT('Ctrl Pts',(-53.7516356675195,-2.62286946310505,8.70689146942001));
#5764=CARTESIAN_POINT('Ctrl Pts',(-52.1389284859375,-2.92122843373373,8.82066982947347));
#5765=CARTESIAN_POINT('Ctrl Pts',(-51.503144363631,-3.29746613989319,8.84853718626405));
#5766=CARTESIAN_POINT('Ctrl Pts',(-50.6753456970861,-4.32334622390315,8.84712836905834));
#5767=CARTESIAN_POINT('Ctrl Pts',(-50.4454716904186,-4.93013590418989,8.82336363922619));
#5768=CARTESIAN_POINT('Ctrl Pts',(-50.3721847809651,-6.41928043762597,8.71334742052187));
#5769=CARTESIAN_POINT('Ctrl Pts',(-50.7396133297734,-7.29462489916939,8.60208078172342));
#5770=CARTESIAN_POINT('Ctrl Pts',(-51.556435151997,-8.02834328745681,8.45588060777107));
#5771=CARTESIAN_POINT('Ctrl Pts',(-51.747938653749,-8.16413552066011,8.42489459030705));
#5772=CARTESIAN_POINT('Ctrl Pts',(-51.9530356189279,-8.27521495968913,8.39499828303522));
#5773=CARTESIAN_POINT('Ctrl Pts',(-51.9175676495828,-8.34813300485807,8.42492799075309));
#5774=CARTESIAN_POINT('Ctrl Pts',(-52.6130078516743,-8.72691908364263,8.32476623439976));
#5775=CARTESIAN_POINT('Ctrl Pts',(-53.4616615851644,-8.81812207437165,8.23940712568854));
#5776=CARTESIAN_POINT('Ctrl Pts',(-55.008159839654,-8.35571191989656,8.14945534339347));
#5777=CARTESIAN_POINT('Ctrl Pts',(-55.6864982787506,-7.78921393066293,8.14528149301123));
#5778=CARTESIAN_POINT('Ctrl Pts',(-56.1199391309062,-6.92862934540505,8.18555568901534));
#5779=CARTESIAN_POINT('Ctrl Pts',(-56.1763992473236,-6.79370742579609,8.19278373668695));
#5780=CARTESIAN_POINT('Ctrl Pts',(-56.4019289200017,-6.12008773458193,8.23324913421021));
#5781=CARTESIAN_POINT('Ctrl Pts',(-56.4500049072396,-4.94765497502757,8.33057204515728));
#5782=CARTESIAN_POINT('Ctrl Pts',(-55.8727605660316,-3.93248698156349,8.46126070934566));
#5783=CARTESIAN_POINT('Ctrl Pts',(-54.7857221204482,-2.86144963732103,8.6353790692241));
#5784=CARTESIAN_POINT('Ctrl Pts',(-53.7640194773992,-2.54713768822323,8.74034721208469));
#5785=CARTESIAN_POINT('Ctrl Pts',(-52.1112732625677,-2.8545423052094,8.85518860865733));
#5786=CARTESIAN_POINT('Ctrl Pts',(-51.4600839489284,-3.24055370022971,8.88333942950566));
#5787=CARTESIAN_POINT('Ctrl Pts',(-50.6120884533877,-4.29196972421999,8.88202428015638));
#5788=CARTESIAN_POINT('Ctrl Pts',(-50.3763549812171,-4.91368510510107,8.8581059377295));
#5789=CARTESIAN_POINT('Ctrl Pts',(-50.2999082880865,-6.44004562217809,8.74712915435301));
#5790=CARTESIAN_POINT('Ctrl Pts',(-50.6745388677001,-7.33834263467412,8.63468958526174));
#5791=CARTESIAN_POINT('Ctrl Pts',(-51.5109695681067,-8.0936387041304,8.4866166260869));
#5792=CARTESIAN_POINT('Ctrl Pts',(-51.7072363605228,-8.23353229390589,8.45522659235653));
#5793=CARTESIAN_POINT('Ctrl Pts',(-51.9175676495828,-8.34813300485807,8.42492799075309));
#5794=CARTESIAN_POINT('Ctrl Pts',(-51.8982358792759,-8.38308041150155,8.42310506546138));
#5795=CARTESIAN_POINT('Ctrl Pts',(-52.6022552249515,-8.76768612066817,8.32146347563802));
#5796=CARTESIAN_POINT('Ctrl Pts',(-53.4624935251496,-8.86093600650393,8.23485370622853));
#5797=CARTESIAN_POINT('Ctrl Pts',(-55.0308398128353,-8.39272916409261,8.14373649130313));
#5798=CARTESIAN_POINT('Ctrl Pts',(-55.7189070840169,-7.81816771318094,8.13959820685932));
#5799=CARTESIAN_POINT('Ctrl Pts',(-56.1580190180158,-6.94533597139088,8.18052572427319));
#5800=CARTESIAN_POINT('Ctrl Pts',(-56.2152078153086,-6.808525904179,8.1878670856579));
#5801=CARTESIAN_POINT('Ctrl Pts',(-56.4435723021367,-6.12546942641747,8.22894621041533));
#5802=CARTESIAN_POINT('Ctrl Pts',(-56.4913268904569,-4.93697165243474,8.32770155870785));
#5803=CARTESIAN_POINT('Ctrl Pts',(-55.9055335026304,-3.90917662423381,8.46008908146512));
#5804=CARTESIAN_POINT('Ctrl Pts',(-54.8036085426791,-2.82543809277601,8.63632497104798));
#5805=CARTESIAN_POINT('Ctrl Pts',(-53.7690259981667,-2.50815806457949,8.74240669988595));
#5806=CARTESIAN_POINT('Ctrl Pts',(-52.0962653971261,-2.82025417029303,8.85849538632565));
#5807=CARTESIAN_POINT('Ctrl Pts',(-51.4373890038027,-3.21110833530021,8.88698943194016));
#5808=CARTESIAN_POINT('Ctrl Pts',(-50.5792415440426,-4.27531648830871,8.88580774583044));
#5809=CARTESIAN_POINT('Ctrl Pts',(-50.3405552181813,-4.904424596983,8.86171241303596));
#5810=CARTESIAN_POINT('Ctrl Pts',(-50.2623878846805,-6.44927027027808,8.74964186633971));
#5811=CARTESIAN_POINT('Ctrl Pts',(-50.6404794761921,-7.35889759564437,8.6358558409548));
#5812=CARTESIAN_POINT('Ctrl Pts',(-51.4866769842188,-8.12482847299394,8.48567984598233));
#5813=CARTESIAN_POINT('Ctrl Pts',(-51.6852868070415,-8.26674635129975,8.4538492238233));
#5814=CARTESIAN_POINT('Ctrl Pts',(-51.8982358792759,-8.38308041150155,8.42310506546139));
#5815=CARTESIAN_POINT('',(-51.9571344381382,-8.23651416083661,8.2770694021012));
#5816=CARTESIAN_POINT('',(-51.8982358792759,-8.38308041150151,8.42310506546139));
#5817=CARTESIAN_POINT('Origin',(-51.885007790096,-8.36800900273605,8.27445154113561));
#5818=CARTESIAN_POINT('Ctrl Pts',(-51.8982358792759,-8.38308041150155,8.42310506546138));
#5819=CARTESIAN_POINT('Ctrl Pts',(-52.6022552249515,-8.76768612066817,8.32146347563802));
#5820=CARTESIAN_POINT('Ctrl Pts',(-53.4624935251496,-8.86093600650393,8.23485370622853));
#5821=CARTESIAN_POINT('Ctrl Pts',(-55.0308398128353,-8.39272916409261,8.14373649130313));
#5822=CARTESIAN_POINT('Ctrl Pts',(-55.7189070840169,-7.81816771318094,8.13959820685932));
#5823=CARTESIAN_POINT('Ctrl Pts',(-56.1580190180158,-6.94533597139088,8.18052572427319));
#5824=CARTESIAN_POINT('Ctrl Pts',(-56.2152078153086,-6.808525904179,8.1878670856579));
#5825=CARTESIAN_POINT('Ctrl Pts',(-56.4435723021367,-6.12546942641747,8.22894621041533));
#5826=CARTESIAN_POINT('Ctrl Pts',(-56.4913268904569,-4.93697165243474,8.32770155870785));
#5827=CARTESIAN_POINT('Ctrl Pts',(-55.9055335026304,-3.90917662423381,8.46008908146512));
#5828=CARTESIAN_POINT('Ctrl Pts',(-54.8036085426791,-2.82543809277601,8.63632497104798));
#5829=CARTESIAN_POINT('Ctrl Pts',(-53.7690259981667,-2.50815806457949,8.74240669988595));
#5830=CARTESIAN_POINT('Ctrl Pts',(-52.0962653971261,-2.82025417029303,8.85849538632565));
#5831=CARTESIAN_POINT('Ctrl Pts',(-51.4373890038027,-3.21110833530021,8.88698943194016));
#5832=CARTESIAN_POINT('Ctrl Pts',(-50.5792415440426,-4.27531648830871,8.88580774583044));
#5833=CARTESIAN_POINT('Ctrl Pts',(-50.3405552181813,-4.904424596983,8.86171241303596));
#5834=CARTESIAN_POINT('Ctrl Pts',(-50.2623878846805,-6.44927027027808,8.74964186633971));
#5835=CARTESIAN_POINT('Ctrl Pts',(-50.6404794761921,-7.35889759564437,8.6358558409548));
#5836=CARTESIAN_POINT('Ctrl Pts',(-51.4866769842188,-8.12482847299394,8.48567984598233));
#5837=CARTESIAN_POINT('Ctrl Pts',(-51.6852868070415,-8.26674635129975,8.4538492238233));
#5838=CARTESIAN_POINT('Ctrl Pts',(-51.8982358792759,-8.38308041150155,8.42310506546139));
#5839=CARTESIAN_POINT('',(-50.4424012793004,-5.69006539158748,8.65699652804642));
#5840=CARTESIAN_POINT('Ctrl Pts',(-51.9571344381382,-8.23651416083659,8.2770694021012));
#5841=CARTESIAN_POINT('Ctrl Pts',(-51.8611225220091,-8.18414042391448,8.29163909344475));
#5842=CARTESIAN_POINT('Ctrl Pts',(-51.7681158175941,-8.1263690365311,8.30645069696511));
#5843=CARTESIAN_POINT('Ctrl Pts',(-51.589267222918,-8.00077273081356,8.33634353723784));
#5844=CARTESIAN_POINT('Ctrl Pts',(-51.5034191137291,-7.93295685014971,8.35142452248777));
#5845=CARTESIAN_POINT('Ctrl Pts',(-51.4126080305008,-7.85250121934098,8.36821134590869));
#5846=CARTESIAN_POINT('Ctrl Pts',(-51.4036509773285,-7.84446573160571,8.3698766461755));
#5847=CARTESIAN_POINT('Ctrl Pts',(-51.3202946212284,-7.7687459293778,8.38546405085285));
#5848=CARTESIAN_POINT('Ctrl Pts',(-51.2493676850143,-7.69725497983012,8.39932229545092));
#5849=CARTESIAN_POINT('Ctrl Pts',(-51.1153261762394,-7.54732900473492,8.42676510360553));
#5850=CARTESIAN_POINT('Ctrl Pts',(-51.052209395999,-7.46889637919323,8.44034975083868));
#5851=CARTESIAN_POINT('Ctrl Pts',(-50.9344612730962,-7.30593522979277,8.467100929046));
#5852=CARTESIAN_POINT('Ctrl Pts',(-50.8798259685212,-7.221409972953,8.48026766214192));
#5853=CARTESIAN_POINT('Ctrl Pts',(-50.7796224636174,-7.04717609782653,8.5060392669639));
#5854=CARTESIAN_POINT('Ctrl Pts',(-50.7340483806374,-6.95747126029756,8.51864450930354));
#5855=CARTESIAN_POINT('Ctrl Pts',(-50.6523329728645,-6.77357857160614,8.54318593563615));
#5856=CARTESIAN_POINT('Ctrl Pts',(-50.6162114191584,-6.67938215103808,8.55512068964298));
#5857=CARTESIAN_POINT('Ctrl Pts',(-50.5540629914944,-6.48808509074543,8.57810058679267));
#5858=CARTESIAN_POINT('Ctrl Pts',(-50.527993233032,-6.39099907826952,8.58914935384654));
#5859=CARTESIAN_POINT('Ctrl Pts',(-50.4858925655079,-6.19391445347954,8.6103422992204));
#5860=CARTESIAN_POINT('Ctrl Pts',(-50.4699283279762,-6.09390128128635,8.62048011528911));
#5861=CARTESIAN_POINT('Ctrl Pts',(-50.448513151059,-5.89263879774644,8.63962601628347));
#5862=CARTESIAN_POINT('Ctrl Pts',(-50.4430622898222,-5.7913898114237,8.64863410174194));
#5863=CARTESIAN_POINT('Ctrl Pts',(-50.4429173393638,-5.69006555142336,8.65700552319653));
#5864=CARTESIAN_POINT('Ctrl Pts',(-50.4420045489278,-5.6900652687108,8.65698961286444));
#5865=CARTESIAN_POINT('Ctrl Pts',(-50.4418763440273,-5.6406802234419,8.66106752594284));
#5866=CARTESIAN_POINT('Ctrl Pts',(-50.4430589360576,-5.59125675739364,8.66499408221834));
#5867=CARTESIAN_POINT('Ctrl Pts',(-50.476623710624,-4.93268288406895,8.71520648161185));
#5868=CARTESIAN_POINT('Ctrl Pts',(-50.7037662007655,-4.33493998994797,8.73924710809241));
#5869=CARTESIAN_POINT('Ctrl Pts',(-51.5200072322472,-3.3236460413857,8.74036400517758));
#5870=CARTESIAN_POINT('Ctrl Pts',(-52.1465613782688,-2.95211973571858,8.71186587214702));
#5871=CARTESIAN_POINT('Ctrl Pts',(-53.7369351671886,-2.65518570813431,8.59583016853909));
#5872=CARTESIAN_POINT('Ctrl Pts',(-54.7203204668954,-2.95642564264987,8.48982711092506));
#5873=CARTESIAN_POINT('Ctrl Pts',(-55.7674986149665,-3.98591890696647,8.31373276105339));
#5874=CARTESIAN_POINT('Ctrl Pts',(-56.3240877946748,-4.96237077819791,8.18145295543817));
#5875=CARTESIAN_POINT('Ctrl Pts',(-56.2786111408185,-6.09160218854313,8.08277204204546));
#5876=CARTESIAN_POINT('Ctrl Pts',(-56.0615355027649,-6.74058036656799,8.04172996608584));
#5877=CARTESIAN_POINT('Ctrl Pts',(-56.0071750969675,-6.87056338524454,8.03439591171721));
#5878=CARTESIAN_POINT('Ctrl Pts',(-55.5897881921671,-7.69983388775592,7.99351359088998));
#5879=CARTESIAN_POINT('Ctrl Pts',(-54.9357610370519,-8.24562223095788,7.9976877776909));
#5880=CARTESIAN_POINT('Ctrl Pts',(-53.4446444456679,-8.6902849844021,8.08886132034807));
#5881=CARTESIAN_POINT('Ctrl Pts',(-52.6266057793596,-8.60170545495537,8.17547794139304));
#5882=CARTESIAN_POINT('Ctrl Pts',(-51.9571344381382,-8.23651416083661,8.2770694021012));
#5883=CARTESIAN_POINT('Ctrl Pts',(-63.7080807299424,11.7595564345279,8.13529913788067));
#5884=CARTESIAN_POINT('Ctrl Pts',(-63.7193663113221,11.4053309293772,8.14171895104899));
#5885=CARTESIAN_POINT('Ctrl Pts',(-63.7247688988598,11.0505259364932,8.14745415757993));
#5886=CARTESIAN_POINT('Ctrl Pts',(-63.7181986205021,9.04234235444679,8.17638396128388));
#5887=CARTESIAN_POINT('Ctrl Pts',(-63.569630857447,7.38077304569254,8.18685156051238));
#5888=CARTESIAN_POINT('Ctrl Pts',(-62.807780767059,3.31096189257033,8.19220034536958));
#5889=CARTESIAN_POINT('Ctrl Pts',(-61.9986544518565,0.943291863481527,8.17674219835552));
#5890=CARTESIAN_POINT('Ctrl Pts',(-60.3146505979771,-2.36045368819006,8.14951140986213));
#5891=CARTESIAN_POINT('Ctrl Pts',(-59.6516529401762,-3.44424455577366,8.13945346597409));
#5892=CARTESIAN_POINT('Ctrl Pts',(-58.1849892681708,-5.49114191215751,8.12199092957297));
#5893=CARTESIAN_POINT('Ctrl Pts',(-57.3815132577337,-6.45399400707873,8.11458531758558));
#5894=CARTESIAN_POINT('Ctrl Pts',(-55.6398014866686,-8.25295456854543,8.10559612662035));
#5895=CARTESIAN_POINT('Ctrl Pts',(-54.7016391412878,-9.08902785391398,8.10399642677676));
#5896=CARTESIAN_POINT('Ctrl Pts',(-52.6951198224977,-10.6094619993204,8.11082095373999));
#5897=CARTESIAN_POINT('Ctrl Pts',(-51.6266798129064,-11.2940894713019,8.11918415116142));
#5898=CARTESIAN_POINT('Ctrl Pts',(-50.0980913610206,-12.0963275111711,8.14158103928787));
#5899=CARTESIAN_POINT('Ctrl Pts',(-49.6974613198242,-12.29164411013,8.14834704829566));
#5900=CARTESIAN_POINT('Ctrl Pts',(-48.8862187361945,-12.6482601268631,8.1648556873795));
#5901=CARTESIAN_POINT('Ctrl Pts',(-48.4757751892109,-12.8092514444199,8.17462774397159));
#5902=CARTESIAN_POINT('Ctrl Pts',(-47.6314351492848,-13.1134249972437,8.19479300407521));
#5903=CARTESIAN_POINT('Ctrl Pts',(-47.1940392241731,-13.2625997220305,8.20435863115245));
#5904=CARTESIAN_POINT('Ctrl Pts',(-46.3154548108638,-13.6268708796197,8.21985569016207));
#5905=CARTESIAN_POINT('Ctrl Pts',(-45.8776127470745,-13.8359593891693,8.22669193125948));
#5906=CARTESIAN_POINT('Ctrl Pts',(-44.5946302789027,-14.5119813034513,8.24763705973885));
#5907=CARTESIAN_POINT('Ctrl Pts',(-43.7805699345089,-15.0268085381679,8.26230830172953));
#5908=CARTESIAN_POINT('Ctrl Pts',(-42.3698492516289,-16.1023461327325,8.28423361073766));
#5909=CARTESIAN_POINT('Ctrl Pts',(-41.7589490552035,-16.6458365734483,8.29228454989335));
#5910=CARTESIAN_POINT('Ctrl Pts',(-41.1969057118142,-17.2268361594036,8.29658649776846));
#5911=CARTESIAN_POINT('Ctrl Pts',(-63.554786502344,11.8463585420224,8.14928096958296));
#5912=CARTESIAN_POINT('Ctrl Pts',(-63.5648118821531,11.4930541911599,8.15642759691906));
#5913=CARTESIAN_POINT('Ctrl Pts',(-63.5689125980632,11.1391565061427,8.16285372708184));
#5914=CARTESIAN_POINT('Ctrl Pts',(-63.5550001558363,9.13611174678644,8.19551170148492));
#5915=CARTESIAN_POINT('Ctrl Pts',(-63.4005813020166,7.47897332439939,8.20835848343982));
#5916=CARTESIAN_POINT('Ctrl Pts',(-62.6274301609921,3.4202959266181,8.21818876781033));
#5917=CARTESIAN_POINT('Ctrl Pts',(-61.8145288804712,1.05939540562517,8.20408870194695));
#5918=CARTESIAN_POINT('Ctrl Pts',(-60.1280196567126,-2.23859071560495,8.17782107139833));
#5919=CARTESIAN_POINT('Ctrl Pts',(-59.4647452245531,-3.32122758119793,8.1678944069435));
#5920=CARTESIAN_POINT('Ctrl Pts',(-57.9986042486101,-5.36755872132283,8.15048203644252));
#5921=CARTESIAN_POINT('Ctrl Pts',(-57.1959221278872,-6.33100451562397,8.14299568683085));
#5922=CARTESIAN_POINT('Ctrl Pts',(-55.4570037675281,-8.1330554429722,8.13384017705902));
#5923=CARTESIAN_POINT('Ctrl Pts',(-54.5208352174648,-8.97162956216094,8.13215613315822));
#5924=CARTESIAN_POINT('Ctrl Pts',(-52.5197706239144,-10.4993641368059,8.13904607969784));
#5925=CARTESIAN_POINT('Ctrl Pts',(-51.4548002931332,-11.1887696913722,8.14756478175472));
#5926=CARTESIAN_POINT('Ctrl Pts',(-49.9323042758712,-11.9992212512964,8.17037470360534));
#5927=CARTESIAN_POINT('Ctrl Pts',(-49.5333785100174,-12.196787275963,8.17726545056076));
#5928=CARTESIAN_POINT('Ctrl Pts',(-48.7256386843858,-12.5584502149438,8.19396342181122));
#5929=CARTESIAN_POINT('Ctrl Pts',(-48.3169822834784,-12.7222597870895,8.20379721901569));
#5930=CARTESIAN_POINT('Ctrl Pts',(-47.4766095866011,-13.0322289630441,8.2240935283621));
#5931=CARTESIAN_POINT('Ctrl Pts',(-47.0414900014414,-13.1842107674509,8.23377381205986));
#5932=CARTESIAN_POINT('Ctrl Pts',(-46.1680365272618,-13.5526194359835,8.24970861046859));
#5933=CARTESIAN_POINT('Ctrl Pts',(-45.7329544929459,-13.7632173573864,8.2568159894157));
#5934=CARTESIAN_POINT('Ctrl Pts',(-44.4581217055343,-14.4429379352668,8.27848673270649));
#5935=CARTESIAN_POINT('Ctrl Pts',(-43.6493016006947,-14.9591538807172,8.29351695971836));
#5936=CARTESIAN_POINT('Ctrl Pts',(-42.2473826491065,-16.0352998553961,8.31581752497337));
#5937=CARTESIAN_POINT('Ctrl Pts',(-41.6401746336463,-16.5782964684686,8.32392393457378));
#5938=CARTESIAN_POINT('Ctrl Pts',(-41.0810802194929,-17.1583458299759,8.32810313247003));
#5939=CARTESIAN_POINT('Ctrl Pts',(-63.4016923067885,11.933635471216,8.16300761194048));
#5940=CARTESIAN_POINT('Ctrl Pts',(-63.4104046225767,11.5812164893394,8.17084175666935));
#5941=CARTESIAN_POINT('Ctrl Pts',(-63.4131611574847,11.2281972788374,8.17792406521753));
#5942=CARTESIAN_POINT('Ctrl Pts',(-63.3917010946948,9.23015232596133,8.21413210877645));
#5943=CARTESIAN_POINT('Ctrl Pts',(-63.2313751602015,7.57739299724231,8.22928187701261));
#5944=CARTESIAN_POINT('Ctrl Pts',(-62.4468420600981,3.52971510555292,8.24351861881112));
#5945=CARTESIAN_POINT('Ctrl Pts',(-61.6301682530045,1.17549512455485,8.23083772811867));
#5946=CARTESIAN_POINT('Ctrl Pts',(-59.9411955281626,-2.11685417274029,8.20568793661531));
#5947=CARTESIAN_POINT('Ctrl Pts',(-59.2776664079271,-3.19837612565408,8.19595704135061));
#5948=CARTESIAN_POINT('Ctrl Pts',(-57.8121031558424,-5.24420374020273,8.17872296778049));
#5949=CARTESIAN_POINT('Ctrl Pts',(-57.0102481156086,-6.20826658669544,8.17121949261946));
#5950=CARTESIAN_POINT('Ctrl Pts',(-55.2741938691732,-8.01342676674031,8.16199961577418));
#5951=CARTESIAN_POINT('Ctrl Pts',(-54.3400565926105,-8.85449762086291,8.16026946503485));
#5952=CARTESIAN_POINT('Ctrl Pts',(-52.3445255113362,-10.3894647831792,8.16725279051635));
#5953=CARTESIAN_POINT('Ctrl Pts',(-51.2830651969028,-11.083586605101,8.17591621710946));
#5954=CARTESIAN_POINT('Ctrl Pts',(-49.766709653548,-11.902110071632,8.19908699780166));
#5955=CARTESIAN_POINT('Ctrl Pts',(-49.3694985318566,-12.101886133369,8.20608556062764));
#5956=CARTESIAN_POINT('Ctrl Pts',(-48.5652838344514,-12.4685070761776,8.22293966589963));
#5957=CARTESIAN_POINT('Ctrl Pts',(-48.1584277664507,-12.6350832421442,8.23281928357789));
#5958=CARTESIAN_POINT('Ctrl Pts',(-47.3220410723354,-12.9507456326825,8.25321219334688));
#5959=CARTESIAN_POINT('Ctrl Pts',(-46.8892002244997,-13.1054896696568,8.26298551324245));
#5960=CARTESIAN_POINT('Ctrl Pts',(-46.020855577524,-13.4779840197151,8.27929686782022));
#5961=CARTESIAN_POINT('Ctrl Pts',(-45.5885118351606,-13.6900785240001,8.28663947544369));
#5962=CARTESIAN_POINT('Ctrl Pts',(-44.3217570626845,-14.3734746216073,8.30893183625551));
#5963=CARTESIAN_POINT('Ctrl Pts',(-43.5181228805947,-14.8910811657769,8.32425739188959));
#5964=CARTESIAN_POINT('Ctrl Pts',(-42.1248937070393,-15.967885527383,8.34683695407821));
#5965=CARTESIAN_POINT('Ctrl Pts',(-41.5213212790535,-16.5104305301778,8.35496304584975));
#5966=CARTESIAN_POINT('Ctrl Pts',(-40.9651242476298,-17.0895865776721,8.35900075215697));
#5967=CARTESIAN_POINT('Ctrl Pts',(-62.6440963916648,12.3682054128173,8.22975437473317));
#5968=CARTESIAN_POINT('Ctrl Pts',(-62.6460673837697,12.0200297841028,8.2408160439832));
#5969=CARTESIAN_POINT('Ctrl Pts',(-62.6419731928869,11.6712444703506,8.25098906975229));
#5970=CARTESIAN_POINT('Ctrl Pts',(-62.5821808499479,9.69738532860397,8.30396361390363));
#5971=CARTESIAN_POINT('Ctrl Pts',(-62.3923221492089,8.06608513034721,8.33016146287574));
#5972=CARTESIAN_POINT('Ctrl Pts',(-61.5510179722684,4.07227354937285,8.36585438064608));
#5973=CARTESIAN_POINT('Ctrl Pts',(-60.7156683782534,1.75072145372479,8.36047165057393));
#5974=CARTESIAN_POINT('Ctrl Pts',(-59.0146987265255,-1.51429029177348,8.34154798677414));
#5975=CARTESIAN_POINT('Ctrl Pts',(-58.3500158118144,-2.59047649284897,8.33307546163233));
#5976=CARTESIAN_POINT('Ctrl Pts',(-56.8875820791869,-4.63411212249161,8.31729853932808));
#5977=CARTESIAN_POINT('Ctrl Pts',(-56.0899847607362,-5.60134585098424,8.30999528157047));
#5978=CARTESIAN_POINT('Ctrl Pts',(-54.368459879918,-7.42200595969963,8.30091282209779));
#5979=CARTESIAN_POINT('Ctrl Pts',(-53.4445652159239,-8.27543023225962,8.29912454238912));
#5980=CARTESIAN_POINT('Ctrl Pts',(-51.4768210026336,-9.84591743435084,8.30669198631194));
#5981=CARTESIAN_POINT('Ctrl Pts',(-50.4329389962151,-10.5631176209878,8.31602007726636));
#5982=CARTESIAN_POINT('Ctrl Pts',(-48.9472284659568,-11.4209612653702,8.34073700904024));
#5983=CARTESIAN_POINT('Ctrl Pts',(-48.5585607128138,-11.6314984415182,8.348191615647));
#5984=CARTESIAN_POINT('Ctrl Pts',(-47.771916700143,-12.0222541156101,8.36566510197732));
#5985=CARTESIAN_POINT('Ctrl Pts',(-47.3740415193116,-12.2022888952623,8.37569728232998));
#5986=CARTESIAN_POINT('Ctrl Pts',(-46.5574878687551,-12.5456652649139,8.39641050848358));
#5987=CARTESIAN_POINT('Ctrl Pts',(-46.1359436493208,-12.7138817408092,8.40654460514146));
#5988=CARTESIAN_POINT('Ctrl Pts',(-45.2927914058567,-13.1063811467132,8.42443975193262));
#5989=CARTESIAN_POINT('Ctrl Pts',(-44.8739075763935,-13.3258278470548,8.43278611052475));
#5990=CARTESIAN_POINT('Ctrl Pts',(-43.6468271733885,-14.0273111580469,8.45769097394218));
#5991=CARTESIAN_POINT('Ctrl Pts',(-42.8686195587932,-14.5518116349599,8.47419435736356));
#5992=CARTESIAN_POINT('Ctrl Pts',(-41.5178929589809,-15.6321156554504,8.4977284363802));
#5993=CARTESIAN_POINT('Ctrl Pts',(-40.9320567841662,-16.1726223113698,8.50579645985188));
#5994=CARTESIAN_POINT('Ctrl Pts',(-40.3899651257483,-16.7476214000524,8.50905338010002));
#5995=CARTESIAN_POINT('Ctrl Pts',(-62.0421190692555,12.7218818973734,8.27905260561149));
#5996=CARTESIAN_POINT('Ctrl Pts',(-62.0379913385399,12.37663620956,8.29213105333674));
#5997=CARTESIAN_POINT('Ctrl Pts',(-62.0278359884151,12.0308539688541,8.3042684942301));
#5998=CARTESIAN_POINT('Ctrl Pts',(-61.9345362244173,10.0744450798765,8.36804066261822));
#5999=CARTESIAN_POINT('Ctrl Pts',(-61.7202564968416,8.45953304431782,8.40190623755622));
#6000=CARTESIAN_POINT('Ctrl Pts',(-60.8324466638331,4.50673203971015,8.45353716739749));
#6001=CARTESIAN_POINT('Ctrl Pts',(-59.9822730419671,2.20989205667501,8.45481696128663));
#6002=CARTESIAN_POINT('Ctrl Pts',(-58.2724212998473,-1.03517470721138,8.44303047345173));
#6003=CARTESIAN_POINT('Ctrl Pts',(-57.6071694817958,-2.10770116259497,8.43647137177559));
#6004=CARTESIAN_POINT('Ctrl Pts',(-56.1480935888292,-4.15055387430645,8.42366516786694));
#6005=CARTESIAN_POINT('Ctrl Pts',(-55.3544058288768,-5.12068284140105,8.41741975034738));
#6006=CARTESIAN_POINT('Ctrl Pts',(-53.6455552075858,-6.95402392612615,8.40988373490713));
#6007=CARTESIAN_POINT('Ctrl Pts',(-52.7304012924448,-7.81725887815381,8.40858589612695));
#6008=CARTESIAN_POINT('Ctrl Pts',(-50.7860012620499,-9.41510977581946,8.41700195087674));
#6009=CARTESIAN_POINT('Ctrl Pts',(-49.7567369270933,-10.149819922305,8.42669779065495));
#6010=CARTESIAN_POINT('Ctrl Pts',(-48.2961582544287,-11.0369098512838,8.45188413490513));
#6011=CARTESIAN_POINT('Ctrl Pts',(-47.9144523599036,-11.2554353304891,8.45945565724551));
#6012=CARTESIAN_POINT('Ctrl Pts',(-47.1421377446215,-11.6640784412427,8.47693609014328));
#6013=CARTESIAN_POINT('Ctrl Pts',(-46.7516068452118,-11.8540546139659,8.4868541299321));
#6014=CARTESIAN_POINT('Ctrl Pts',(-45.951122288227,-12.2179494759286,8.50731813846818));
#6015=CARTESIAN_POINT('Ctrl Pts',(-45.5386095789579,-12.39621034449,8.51742624474269));
#6016=CARTESIAN_POINT('Ctrl Pts',(-44.7151937887997,-12.8038689530799,8.5357088447385));
#6017=CARTESIAN_POINT('Ctrl Pts',(-44.306717998715,-13.0289800450201,8.54434808028263));
#6018=CARTESIAN_POINT('Ctrl Pts',(-43.1102014787264,-13.7445104595365,8.56986990658092));
#6019=CARTESIAN_POINT('Ctrl Pts',(-42.3514388039506,-14.2745279317376,8.58641843386161));
#6020=CARTESIAN_POINT('Ctrl Pts',(-41.0328962506401,-15.3583957855899,8.6093729600644));
#6021=CARTESIAN_POINT('Ctrl Pts',(-40.4603460974872,-15.8979271026981,8.61690413930184));
#6022=CARTESIAN_POINT('Ctrl Pts',(-39.9287244282598,-16.470476360722,8.61928806395478));
#6023=CARTESIAN_POINT('Ctrl Pts',(-60.8416376555436,13.4386970536762,8.3704050899526));
#6024=CARTESIAN_POINT('Ctrl Pts',(-60.8242122019955,13.0989475391944,8.38674964518962));
#6025=CARTESIAN_POINT('Ctrl Pts',(-60.8010185432805,12.7588648337908,8.40209972112736));
#6026=CARTESIAN_POINT('Ctrl Pts',(-60.6362028550783,10.8357847709496,8.48371325222388));
#6027=CARTESIAN_POINT('Ctrl Pts',(-60.3718628403043,9.25285253105103,8.53097157798532));
#6028=CARTESIAN_POINT('Ctrl Pts',(-59.3895453493004,5.37925558158897,8.61198152087945));
#6029=CARTESIAN_POINT('Ctrl Pts',(-58.5102505320656,3.1294147991805,8.62721219018353));
#6030=CARTESIAN_POINT('Ctrl Pts',(-56.7843606170134,-0.0792110550479778,
8.63187256175165));
#6031=CARTESIAN_POINT('Ctrl Pts',(-56.1187456566492,-1.14555558910959,8.63010920073611));
#6032=CARTESIAN_POINT('Ctrl Pts',(-54.6681504396819,-3.18878069622281,8.62519400590808));
#6033=CARTESIAN_POINT('Ctrl Pts',(-53.8832763011081,-4.16549769814129,8.62204415565979));
#6034=CARTESIAN_POINT('Ctrl Pts',(-52.2017778004908,-6.02511554188346,8.61914568673315));
#6035=CARTESIAN_POINT('Ctrl Pts',(-51.3051144610969,-6.9080951475392,8.61939197800409));
#6036=CARTESIAN_POINT('Ctrl Pts',(-49.4092948033064,-8.55951491305304,8.62981416994401));
#6037=CARTESIAN_POINT('Ctrl Pts',(-48.4101374249563,-9.32799009060611,8.63998407735129));
#6038=CARTESIAN_POINT('Ctrl Pts',(-47.0006244310626,-10.2703604285345,8.66507715068441));
#6039=CARTESIAN_POINT('Ctrl Pts',(-46.6329938510306,-10.5039341774864,8.67255570802138));
#6040=CARTESIAN_POINT('Ctrl Pts',(-45.8896558207625,-10.946187834063,8.68939966198998));
#6041=CARTESIAN_POINT('Ctrl Pts',(-45.5139919039623,-11.1547886371387,8.69876860675079));
#6042=CARTESIAN_POINT('Ctrl Pts',(-44.7458427122698,-11.5571146675254,8.71805040276378));
#6043=CARTESIAN_POINT('Ctrl Pts',(-44.3513459261656,-11.754238835702,8.72769408144623));
#6044=CARTESIAN_POINT('Ctrl Pts',(-43.5666752366015,-12.1906141393768,8.74568462744094));
#6045=CARTESIAN_POINT('Ctrl Pts',(-43.1784031216517,-12.4265388834455,8.75431258300204));
#6046=CARTESIAN_POINT('Ctrl Pts',(-42.0409386540572,-13.1690187605765,8.77937728391906));
#6047=CARTESIAN_POINT('Ctrl Pts',(-41.3193857985116,-13.7098104940057,8.79503107329584));
#6048=CARTESIAN_POINT('Ctrl Pts',(-40.0617713338542,-14.801664293931,8.81546254441162));
#6049=CARTESIAN_POINT('Ctrl Pts',(-39.514077282261,-15.3401673698302,8.82147870384466));
#6050=CARTESIAN_POINT('Ctrl Pts',(-39.0018867458001,-15.9091161306495,8.82196801234157));
#6051=CARTESIAN_POINT('Ctrl Pts',(-60.2430738563426,13.8018290280145,8.41246931483213));
#6052=CARTESIAN_POINT('Ctrl Pts',(-60.2184647799261,13.4646482433558,8.43006073537138));
#6053=CARTESIAN_POINT('Ctrl Pts',(-60.1883015292083,13.1272636533059,8.44665765057514));
#6054=CARTESIAN_POINT('Ctrl Pts',(-59.9855089294565,11.2200688697528,8.53530919416096));
#6055=CARTESIAN_POINT('Ctrl Pts',(-59.69551921176,9.65272907555379,8.58829370032307));
#6056=CARTESIAN_POINT('Ctrl Pts',(-58.6651988285162,5.8173298435632,8.68274523832782));
#6057=CARTESIAN_POINT('Ctrl Pts',(-57.7716186241128,3.58977229314235,8.70526399988964));
#6058=CARTESIAN_POINT('Ctrl Pts',(-56.0385813469563,0.397637889425631,8.71923373471468));
#6059=CARTESIAN_POINT('Ctrl Pts',(-55.3731738049101,-0.666185745356099,
8.72035264136309));
#6060=CARTESIAN_POINT('Ctrl Pts',(-53.9277022117073,-2.71056722752566,8.72035764972756));
#6061=CARTESIAN_POINT('Ctrl Pts',(-53.1477313442521,-3.69097673363394,8.71924560033863));
#6062=CARTESIAN_POINT('Ctrl Pts',(-51.4809085577466,-5.56418890341033,8.71943821831416));
#6063=CARTESIAN_POINT('Ctrl Pts',(-50.5939937368484,-6.45710128430729,8.72073832456964));
#6064=CARTESIAN_POINT('Ctrl Pts',(-48.7234088789173,-8.13472525205977,8.73231776312929));
#6065=CARTESIAN_POINT('Ctrl Pts',(-47.7397409840186,-8.91945647498579,8.74259374343738));
#6066=CARTESIAN_POINT('Ctrl Pts',(-46.356156641955,-9.88785490468372,8.76712492725995));
#6067=CARTESIAN_POINT('Ctrl Pts',(-45.9956377601008,-10.1284865657657,8.77439391071843));
#6068=CARTESIAN_POINT('Ctrl Pts',(-45.2669396856604,-10.5864523621424,8.7905963612453));
#6069=CARTESIAN_POINT('Ctrl Pts',(-44.8987931888817,-10.8037271626257,8.7995321067965));
#6070=CARTESIAN_POINT('Ctrl Pts',(-44.1469001415051,-11.2239477818001,8.81788466481956));
#6071=CARTESIAN_POINT('Ctrl Pts',(-43.7613814101021,-11.4298796890311,8.82709241989123));
#6072=CARTESIAN_POINT('Ctrl Pts',(-42.9957109209875,-11.879804185653,8.84440589180671));
#6073=CARTESIAN_POINT('Ctrl Pts',(-42.6172344364898,-12.1208820824341,8.85272933222612));
#6074=CARTESIAN_POINT('Ctrl Pts',(-41.5082589418528,-12.876274329137,8.87671890216506));
#6075=CARTESIAN_POINT('Ctrl Pts',(-40.8044706878669,-13.4223290619372,8.89143203814676));
#6076=CARTESIAN_POINT('Ctrl Pts',(-39.5756070205595,-14.5186211752516,8.9099169791871));
#6077=CARTESIAN_POINT('Ctrl Pts',(-39.0394894538134,-15.0570814139886,8.91495239261335));
#6078=CARTESIAN_POINT('Ctrl Pts',(-38.5362644754195,-15.624884681571,8.91441865561483));
#6079=CARTESIAN_POINT('Ctrl Pts',(-58.7497507316533,14.7167052826808,8.50968301380556));
#6080=CARTESIAN_POINT('Ctrl Pts',(-58.7065650600382,14.3859782493749,8.52976063534516));
#6081=CARTESIAN_POINT('Ctrl Pts',(-58.6584557342335,14.0553614692113,8.54887330360438));
#6082=CARTESIAN_POINT('Ctrl Pts',(-58.3581385153884,12.1879107469756,8.65190289679363));
#6083=CARTESIAN_POINT('Ctrl Pts',(-58.0032321917923,10.6591774332014,8.71727642988085));
#6084=CARTESIAN_POINT('Ctrl Pts',(-56.8515851898153,6.91714203904897,8.84211626127846));
#6085=CARTESIAN_POINT('Ctrl Pts',(-55.9221368786864,4.74293669092703,8.88235039308244));
#6086=CARTESIAN_POINT('Ctrl Pts',(-54.1718557623124,1.58904749786654,8.91975752787867));
#6087=CARTESIAN_POINT('Ctrl Pts',(-53.5073468448977,0.530605239638858,8.92830689390551));
#6088=CARTESIAN_POINT('Ctrl Pts',(-52.0757239287295,-1.51813868899514,8.9411576845548));
#6089=CARTESIAN_POINT('Ctrl Pts',(-51.3086749610644,-2.50832771274024,8.94546025972084));
#6090=CARTESIAN_POINT('Ctrl Pts',(-49.6800256847869,-4.41598739800209,8.95388364988152));
#6091=CARTESIAN_POINT('Ctrl Pts',(-48.8183049701802,-5.33364692965459,8.9580010255608));
#6092=CARTESIAN_POINT('Ctrl Pts',(-47.0124544623784,-7.07548714780828,8.97247243728479));
#6093=CARTESIAN_POINT('Ctrl Pts',(-46.0683307156982,-7.89966370604653,8.98282670524587));
#6094=CARTESIAN_POINT('Ctrl Pts',(-44.7503641102061,-8.9304326472569,9.00536447634057));
#6095=CARTESIAN_POINT('Ctrl Pts',(-44.4077901408116,-9.18793569313839,9.01192869242961));
#6096=CARTESIAN_POINT('Ctrl Pts',(-43.7160839937546,-9.68331221222443,9.02619500087043));
#6097=CARTESIAN_POINT('Ctrl Pts',(-43.3669660827426,-9.92116017563205,9.03389743459309));
#6098=CARTESIAN_POINT('Ctrl Pts',(-42.6560128440007,-10.383899408534,9.04959415017722));
#6099=CARTESIAN_POINT('Ctrl Pts',(-42.2929373129144,-10.6108610710071,9.05749333294342));
#6100=CARTESIAN_POINT('Ctrl Pts',(-41.574153987817,-11.0935670032208,9.07252235604547));
#6101=CARTESIAN_POINT('Ctrl Pts',(-41.2196187426267,-11.3473026290115,9.07975076161679));
#6102=CARTESIAN_POINT('Ctrl Pts',(-40.1800062474124,-12.1346563537045,9.10015028341281));
#6103=CARTESIAN_POINT('Ctrl Pts',(-39.5191220123401,-12.694097125872,9.11204868197566));
#6104=CARTESIAN_POINT('Ctrl Pts',(-38.3590367300506,-13.8029688648238,9.12516693000635));
#6105=CARTESIAN_POINT('Ctrl Pts',(-37.8503112641718,-14.3424229970763,9.12766459197677));
#6106=CARTESIAN_POINT('Ctrl Pts',(-37.3681399257811,-14.9086725821944,9.12468775310241));
#6107=CARTESIAN_POINT('Ctrl Pts',(-57.8568759593911,15.2719311665026,8.56083206559188));
#6108=CARTESIAN_POINT('Ctrl Pts',(-57.802119572543,14.9450916995168,8.58182099461614));
#6109=CARTESIAN_POINT('Ctrl Pts',(-57.7428772396717,14.6185402491283,8.60189262671236));
#6110=CARTESIAN_POINT('Ctrl Pts',(-57.3822017303608,12.7748691183578,8.7106133910791));
#6111=CARTESIAN_POINT('Ctrl Pts',(-56.9876547313504,11.2688785086982,8.78168868395403));
#6112=CARTESIAN_POINT('Ctrl Pts',(-55.7618061068441,7.58087181831844,8.92188234646784));
#6113=CARTESIAN_POINT('Ctrl Pts',(-54.8102931923468,5.43663611731338,8.97231885552289));
#6114=CARTESIAN_POINT('Ctrl Pts',(-53.0496191791114,2.30333528658335,9.02399640810786));
#6115=CARTESIAN_POINT('Ctrl Pts',(-52.3857757357238,1.247440300072,9.0372313812972));
#6116=CARTESIAN_POINT('Ctrl Pts',(-50.9630048656634,-0.804909947795695,
9.05833588079798));
#6117=CARTESIAN_POINT('Ctrl Pts',(-50.2041284554808,-1.80127103374214,9.06620615767168));
#6118=CARTESIAN_POINT('Ctrl Pts',(-48.5994416190836,-3.72964252328322,9.08008145436021));
#6119=CARTESIAN_POINT('Ctrl Pts',(-47.7534787326614,-4.66188802177228,9.08608404503393));
#6120=CARTESIAN_POINT('Ctrl Pts',(-45.9878767096858,-6.44080325842679,9.10233611571277));
#6121=CARTESIAN_POINT('Ctrl Pts',(-45.0682423416067,-7.28746419233954,9.11258619353109));
#6122=CARTESIAN_POINT('Ctrl Pts',(-43.7905029655521,-8.35322826649411,9.13339540520706));
#6123=CARTESIAN_POINT('Ctrl Pts',(-43.4588915849821,-8.62017121805645,9.13937131206154));
#6124=CARTESIAN_POINT('Ctrl Pts',(-42.7898380324391,-9.13635630769082,9.15216865577737));
#6125=CARTESIAN_POINT('Ctrl Pts',(-42.4524050600611,-9.38558207516227,9.1589902886644));
#6126=CARTESIAN_POINT('Ctrl Pts',(-41.7664041863179,-9.87193133232798,9.17277962287426));
#6127=CARTESIAN_POINT('Ctrl Pts',(-41.4168376609039,-10.1107116255117,9.17968507541588));
#6128=CARTESIAN_POINT('Ctrl Pts',(-40.7257259101083,-10.6123597015078,9.19277683165157));
#6129=CARTESIAN_POINT('Ctrl Pts',(-40.3851248533985,-10.8736254995724,9.19902781822236));
#6130=CARTESIAN_POINT('Ctrl Pts',(-39.3856685885952,-11.680275859128,9.2163987374081));
#6131=CARTESIAN_POINT('Ctrl Pts',(-38.7493449513498,-12.2482162876643,9.2261457357691));
#6132=CARTESIAN_POINT('Ctrl Pts',(-37.6280719691549,-13.3663666454143,9.23551588484314));
#6133=CARTESIAN_POINT('Ctrl Pts',(-37.1345451325377,-13.9075546531423,9.23638001831902));
#6134=CARTESIAN_POINT('Ctrl Pts',(-36.6639047965098,-14.4741421459198,9.23201678946298));
#6135=CARTESIAN_POINT('Ctrl Pts',(-56.0759198997184,16.3904009045772,8.64925107778285));
#6136=CARTESIAN_POINT('Ctrl Pts',(-55.9978265664247,16.0717996395331,8.67120532452411));
#6137=CARTESIAN_POINT('Ctrl Pts',(-55.9161381203775,15.7537623718578,8.69237609614443));
#6138=CARTESIAN_POINT('Ctrl Pts',(-55.4337611716098,13.9593995696184,8.80806044182897));
#6139=CARTESIAN_POINT('Ctrl Pts',(-54.9592025610376,12.4987009585451,8.88772238439154));
#6140=CARTESIAN_POINT('Ctrl Pts',(-53.5826362075182,8.91611874222254,9.05325881009344));
#6141=CARTESIAN_POINT('Ctrl Pts',(-52.5851657822775,6.82827337382938,9.1223843952504));
#6142=CARTESIAN_POINT('Ctrl Pts',(-50.802252027919,3.73249666225871,9.20118908418328));
#6143=CARTESIAN_POINT('Ctrl Pts',(-50.1394761467902,2.68074014037466,9.22352675292036));
#6144=CARTESIAN_POINT('Ctrl Pts',(-48.7344642400642,0.61998587392226,9.26085400133287));
#6145=CARTESIAN_POINT('Ctrl Pts',(-47.9922561614458,-0.388949414071964,
9.27584372130678));
#6146=CARTESIAN_POINT('Ctrl Pts',(-46.4366710027862,-2.3582498933968,9.30065003298471));
#6147=CARTESIAN_POINT('Ctrl Pts',(-45.623085148689,-3.31893326052109,9.31046708528676));
#6148=CARTESIAN_POINT('Ctrl Pts',(-43.9400459101508,-5.16922681622959,9.33017156692425));
#6149=CARTESIAN_POINT('Ctrl Pts',(-43.0705937403692,-6.05882426765317,9.34005994296658));
#6150=CARTESIAN_POINT('Ctrl Pts',(-41.874712153381,-7.19092662553492,9.35692621083901));
#6151=CARTESIAN_POINT('Ctrl Pts',(-41.5653598899067,-7.47574074277788,9.36157779854579));
#6152=CARTESIAN_POINT('Ctrl Pts',(-40.9424000506297,-8.03115304605583,9.37116402232249));
#6153=CARTESIAN_POINT('Ctrl Pts',(-40.6287956909081,-8.30174589682955,9.37609862066586));
#6154=CARTESIAN_POINT('Ctrl Pts',(-39.993426181171,-8.83261439844254,9.38580278662455));
#6155=CARTESIAN_POINT('Ctrl Pts',(-39.671053300114,-9.0938839645727,9.39055218834425));
#6156=CARTESIAN_POINT('Ctrl Pts',(-39.0348052277001,-9.63246267643204,9.39934572054002));
#6157=CARTESIAN_POINT('Ctrl Pts',(-38.7215036901087,-9.90881944145594,9.40341110071009));
#6158=CARTESIAN_POINT('Ctrl Pts',(-37.8003328341402,-10.7547670540498,9.4141288513882));
#6159=CARTESIAN_POINT('Ctrl Pts',(-37.2113706909812,-11.3409632701774,9.41930699918018));
#6160=CARTESIAN_POINT('Ctrl Pts',(-36.1640931529687,-12.4812759184273,9.4210331185978));
#6161=CARTESIAN_POINT('Ctrl Pts',(-35.6991479535252,-13.0280915646953,9.41870057513494));
#6162=CARTESIAN_POINT('Ctrl Pts',(-35.2500319189825,-13.5975793993743,9.41181551235795));
#6163=CARTESIAN_POINT('Ctrl Pts',(-55.1878377623864,16.9536468448679,8.68652429823519));
#6164=CARTESIAN_POINT('Ctrl Pts',(-55.097976499122,16.6393963473729,8.70853182283192));
#6165=CARTESIAN_POINT('Ctrl Pts',(-55.0049732608132,16.325808061803,8.72984226183451));
#6166=CARTESIAN_POINT('Ctrl Pts',(-54.4612439717266,14.5569751536143,8.84679697071214));
#6167=CARTESIAN_POINT('Ctrl Pts',(-53.9463118732605,13.1188269987526,8.92934417910789));
#6168=CARTESIAN_POINT('Ctrl Pts',(-52.4932348413681,9.58764019712615,9.10486916810913));
#6169=CARTESIAN_POINT('Ctrl Pts',(-51.4718794451328,7.52621239092537,9.18248158363304));
#6170=CARTESIAN_POINT('Ctrl Pts',(-49.6771282549183,4.44736450534204,9.27414201919261));
#6171=CARTESIAN_POINT('Ctrl Pts',(-49.0147572435699,3.39719659705829,9.30089640397816));
#6172=CARTESIAN_POINT('Ctrl Pts',(-47.6186563703088,1.33163975329804,9.3461919248461));
#6173=CARTESIAN_POINT('Ctrl Pts',(-46.8849453929029,0.316300039285465,9.36473301622913));
#6174=CARTESIAN_POINT('Ctrl Pts',(-45.3545010290566,-1.67322155665235,9.39501774490539));
#6175=CARTESIAN_POINT('Ctrl Pts',(-44.5575345827819,-2.6477585747304,9.40676367517534));
#6176=CARTESIAN_POINT('Ctrl Pts',(-42.9168075563612,-4.53235526925358,9.42813984644001));
#6177=CARTESIAN_POINT('Ctrl Pts',(-42.0730458995374,-5.44240326490657,9.43777079900648));
#6178=CARTESIAN_POINT('Ctrl Pts',(-40.9187873283005,-6.60583540093521,9.45242561986487));
#6179=CARTESIAN_POINT('Ctrl Pts',(-40.6207290905677,-6.89907633322318,9.45634213810694));
#6180=CARTESIAN_POINT('Ctrl Pts',(-40.0212018367826,-7.47289147935108,9.464189321479));
#6181=CARTESIAN_POINT('Ctrl Pts',(-39.7197348668932,-7.75346237610415,9.46811998939265));
#6182=CARTESIAN_POINT('Ctrl Pts',(-39.1100333767429,-8.30521977106087,9.47565163089484));
#6183=CARTESIAN_POINT('Ctrl Pts',(-38.8013394977688,-8.57715315572191,9.4792403822074));
#6184=CARTESIAN_POINT('Ctrl Pts',(-38.1922775931632,-9.13372162536858,9.48567239274284));
#6185=CARTESIAN_POINT('Ctrl Pts',(-37.8923432067027,-9.41764355500753,9.48852882558628));
#6186=CARTESIAN_POINT('Ctrl Pts',(-37.0093071118507,-10.2835997276884,9.49561983301945));
#6187=CARTESIAN_POINT('Ctrl Pts',(-36.4431464127185,-10.8795547468233,9.49837944412603));
#6188=CARTESIAN_POINT('Ctrl Pts',(-35.4310535139266,-12.0327577319842,9.49620746259353));
#6189=CARTESIAN_POINT('Ctrl Pts',(-34.9794929496765,-12.5834703863186,9.49231067652309));
#6190=CARTESIAN_POINT('Ctrl Pts',(-34.5403702899253,-13.1555220412354,9.48428970080468));
#6191=CARTESIAN_POINT('Ctrl Pts',(-53.4139868809077,18.0841776554025,8.74772042862582));
#6192=CARTESIAN_POINT('Ctrl Pts',(-53.300616424467,17.7794588773685,8.76933451548803));
#6193=CARTESIAN_POINT('Ctrl Pts',(-53.1850094821314,17.4754913429456,8.79042963869925));
#6194=CARTESIAN_POINT('Ctrl Pts',(-52.5186826395798,15.7612466027204,8.90715511906345));
#6195=CARTESIAN_POINT('Ctrl Pts',(-51.9229116209878,14.3689392456116,8.99330127317223));
#6196=CARTESIAN_POINT('Ctrl Pts',(-50.3158447157208,10.9395425754215,9.18373414014428));
#6197=CARTESIAN_POINT('Ctrl Pts',(-49.2454549733719,8.92775059091975,9.27560098330689));
#6198=CARTESIAN_POINT('Ctrl Pts',(-47.4261214460792,5.87915319663718,9.38948499290912));
#6199=CARTESIAN_POINT('Ctrl Pts',(-46.7644280593305,4.83113461162365,9.42399117930114));
#6200=CARTESIAN_POINT('Ctrl Pts',(-45.3863586661019,2.75448969942854,9.48338248590923));
#6201=CARTESIAN_POINT('Ctrl Pts',(-44.6699877459708,1.72589069764865,9.50826744689735));
#6202=CARTESIAN_POINT('Ctrl Pts',(-43.1909172400006,-0.304180629391961,
9.54837563521398));
#6203=CARTESIAN_POINT('Ctrl Pts',(-42.427945227163,-1.3060694787907,9.56360502278782));
#6204=CARTESIAN_POINT('Ctrl Pts',(-40.8734500200877,-3.25756957949487,9.58794857109154));
#6205=CARTESIAN_POINT('Ctrl Pts',(-40.0819222513628,-4.20717288937545,9.59706331158466));
#6206=CARTESIAN_POINT('Ctrl Pts',(-39.0116316315001,-5.43075395858634,9.60755473524415));
#6207=CARTESIAN_POINT('Ctrl Pts',(-38.7363105227295,-5.74013753182284,9.61009227239792));
#6208=CARTESIAN_POINT('Ctrl Pts',(-38.1840354237175,-6.34898665652408,9.61470074052473));
#6209=CARTESIAN_POINT('Ctrl Pts',(-37.9070823597404,-6.64845095308845,9.61677167471351));
#6210=CARTESIAN_POINT('Ctrl Pts',(-37.3491019195069,-7.23980811608647,9.62028608107222));
#6211=CARTESIAN_POINT('Ctrl Pts',(-37.0678487734181,-7.53206308102901,9.62172722032109));
#6212=CARTESIAN_POINT('Ctrl Pts',(-36.5126523362169,-8.12361346803625,9.62378424405118));
#6213=CARTESIAN_POINT('Ctrl Pts',(-36.238921530543,-8.42256744767345,9.62440301289846));
#6214=CARTESIAN_POINT('Ctrl Pts',(-35.4302273908644,-9.32878026323933,9.62482038149581));
#6215=CARTESIAN_POINT('Ctrl Pts',(-34.9079416720357,-9.94511554123071,9.62318240796871));
#6216=CARTESIAN_POINT('Ctrl Pts',(-33.9628863781993,-11.1266133345007,9.61404871957155));
#6217=CARTESIAN_POINT('Ctrl Pts',(-33.5365141512293,-11.6866350069596,9.60741562259038));
#6218=CARTESIAN_POINT('Ctrl Pts',(-33.1161525052279,-12.2653455702374,9.59750228276026));
#6219=CARTESIAN_POINT('Ctrl Pts',(-52.5282397424339,18.6514588073396,8.7716427384767));
#6220=CARTESIAN_POINT('Ctrl Pts',(-52.4031248975892,18.3519206062501,8.79281024132551));
#6221=CARTESIAN_POINT('Ctrl Pts',(-52.2762264912454,18.0531246077269,8.81355048208728));
#6222=CARTESIAN_POINT('Ctrl Pts',(-51.5486427653172,16.3679375075063,8.92877678426684));
#6223=CARTESIAN_POINT('Ctrl Pts',(-50.9124064111778,14.9989214927084,9.01563638730311));
#6224=CARTESIAN_POINT('Ctrl Pts',(-49.2278618961818,11.6199204450636,9.21098791306196));
#6225=CARTESIAN_POINT('Ctrl Pts',(-48.1323253200495,9.63134683602471,9.30862193686004));
#6226=CARTESIAN_POINT('Ctrl Pts',(-46.3002434062493,6.59607237095782,9.431873438195));
#6227=CARTESIAN_POINT('Ctrl Pts',(-45.6388205105947,5.5486156324086,9.4697146774494));
#6228=CARTESIAN_POINT('Ctrl Pts',(-44.269865592491,3.4656887510299,9.53523373706651));
#6229=CARTESIAN_POINT('Ctrl Pts',(-43.5623339455167,2.43023735013311,9.56291141594701));
#6230=CARTESIAN_POINT('Ctrl Pts',(-42.1094886292571,0.379843454012016,9.60736546106748));
#6231=CARTESIAN_POINT('Ctrl Pts',(-41.3638874719553,-0.635539881862663,
9.62414986673979));
#6232=CARTESIAN_POINT('Ctrl Pts',(-39.853304034755,-2.6196312881721,9.6497906464861));
#6233=CARTESIAN_POINT('Ctrl Pts',(-39.0883158922949,-3.58833412355209,9.65864740959668));
#6234=CARTESIAN_POINT('Ctrl Pts',(-38.0603674325962,-4.84072627278652,9.66718950473911));
#6235=CARTESIAN_POINT('Ctrl Pts',(-37.7964889797659,-5.15782345935218,9.66908386977579));
#6236=CARTESIAN_POINT('Ctrl Pts',(-37.2680316975372,-5.78329638995559,9.67219467144202));
#6237=CARTESIAN_POINT('Ctrl Pts',(-37.0034533881106,-6.09167150623077,9.6734111222643));
#6238=CARTESIAN_POINT('Ctrl Pts',(-36.4715240466665,-6.70173409535539,9.67508384078011));
#6239=CARTESIAN_POINT('Ctrl Pts',(-36.2040312387468,-7.00364780025668,9.67553873571688));
#6240=CARTESIAN_POINT('Ctrl Pts',(-35.6755135832147,-7.61220222875835,9.67558102463337));
#6241=CARTESIAN_POINT('Ctrl Pts',(-35.4146224449083,-7.9186302651362,9.67517021356993));
#6242=CARTESIAN_POINT('Ctrl Pts',(-34.6421473372481,-8.84510877695815,9.67253784165384));
#6243=CARTESIAN_POINT('Ctrl Pts',(-34.1409432940957,-9.47207584235498,9.66891877035195));
#6244=CARTESIAN_POINT('Ctrl Pts',(-33.227755829974,-10.668992274753,9.65671759859686));
#6245=CARTESIAN_POINT('Ctrl Pts',(-32.8131945306738,-11.2344296217177,9.64891096516203));
#6246=CARTESIAN_POINT('Ctrl Pts',(-32.4016059927774,-11.8172365342608,9.63824019145997));
#6247=CARTESIAN_POINT('Ctrl Pts',(-50.756716591321,19.7863948585837,8.80644784867499));
#6248=CARTESIAN_POINT('Ctrl Pts',(-50.6083384400134,19.4984268532682,8.82660915615201));
#6249=CARTESIAN_POINT('Ctrl Pts',(-50.4590723235945,19.2110445776957,8.8464938580973));
#6250=CARTESIAN_POINT('Ctrl Pts',(-49.6101023661756,17.5893165803489,8.95771739031007));
#6251=CARTESIAN_POINT('Ctrl Pts',(-48.8934894540017,16.2685337144419,9.04448829508864));
#6252=CARTESIAN_POINT('Ctrl Pts',(-47.0543026424292,12.9908547784089,9.24489874483439));
#6253=CARTESIAN_POINT('Ctrl Pts',(-45.9076824377222,11.0457798025511,9.35031055923255));
#6254=CARTESIAN_POINT('Ctrl Pts',(-44.0496343441235,8.03354374761022,9.48675885403701));
#6255=CARTESIAN_POINT('Ctrl Pts',(-43.3887240984514,6.98611811494531,9.52939572166805));
#6256=CARTESIAN_POINT('Ctrl Pts',(-42.0383406373537,4.88892499434744,9.60383484464117));
#6257=CARTESIAN_POINT('Ctrl Pts',(-41.3488627648224,3.83916378889555,9.63563705972722));
#6258=CARTESIAN_POINT('Ctrl Pts',(-39.9495082745245,1.74759529334914,9.68658269541508));
#6259=CARTESIAN_POINT('Ctrl Pts',(-39.2393249920289,0.705314254728125,9.70573703673553));
#6260=CARTESIAN_POINT('Ctrl Pts',(-37.817760065516,-1.34305657480273,9.73343709759709));
#6261=CARTESIAN_POINT('Ctrl Pts',(-37.1063723065764,-2.34914569582191,9.74198310762702));
#6262=CARTESIAN_POINT('Ctrl Pts',(-36.1631101241462,-3.65761919159485,9.74769326170266));
#6263=CARTESIAN_POINT('Ctrl Pts',(-35.9220652321161,-3.98969080614073,9.74864585653773));
#6264=CARTESIAN_POINT('Ctrl Pts',(-35.4412284565316,-4.6471297385443,9.74955777816357));
#6265=CARTESIAN_POINT('Ctrl Pts',(-35.201436844648,-4.97249682996823,9.74951711449859));
#6266=CARTESIAN_POINT('Ctrl Pts',(-34.7216223133083,-5.61821559098646,9.74847776247465));
#6267=CARTESIAN_POINT('Ctrl Pts',(-34.4815708111174,-5.93861186628235,9.7474790870867));
#6268=CARTESIAN_POINT('Ctrl Pts',(-34.0056540431119,-6.58035158820399,9.74455250031304));
#6269=CARTESIAN_POINT('Ctrl Pts',(-33.76981573903,-6.90165441030289,9.74262467843673));
#6270=CARTESIAN_POINT('Ctrl Pts',(-33.0676352948708,-7.86883227692356,9.73550542818035));
#6271=CARTESIAN_POINT('Ctrl Pts',(-32.606811315277,-8.51769327537335,9.72898066125722));
#6272=CARTESIAN_POINT('Ctrl Pts',(-31.754339313582,-9.74702387433746,9.71232394161333));
#6273=CARTESIAN_POINT('Ctrl Pts',(-31.3621289972378,-10.3241734403754,9.70283313872464));
#6274=CARTESIAN_POINT('Ctrl Pts',(-30.9672755695164,-10.9160213018636,9.69111985544728));
#6275=CARTESIAN_POINT('Ctrl Pts',(-49.8709522155563,20.3540481211388,8.81732845544475));
#6276=CARTESIAN_POINT('Ctrl Pts',(-49.711051598046,20.0724699974382,8.83693083066873));
#6277=CARTESIAN_POINT('Ctrl Pts',(-49.5507063176677,19.7913301895133,8.85631540536896));
#6278=CARTESIAN_POINT('Ctrl Pts',(-48.6415935644095,18.2040053356004,8.96503764856177));
#6279=CARTESIAN_POINT('Ctrl Pts',(-47.8850679373811,16.9081665062905,9.05100606491574));
#6280=CARTESIAN_POINT('Ctrl Pts',(-45.9687154570409,13.6814178785208,9.2515558586343));
#6281=CARTESIAN_POINT('Ctrl Pts',(-44.7961627486681,11.7566242240937,9.35897707397238));
#6282=CARTESIAN_POINT('Ctrl Pts',(-42.9249028946784,8.75410074157397,9.49925404301559));
#6283=CARTESIAN_POINT('Ctrl Pts',(-42.2642371540664,7.70614313493667,9.54335134214929));
#6284=CARTESIAN_POINT('Ctrl Pts',(-40.9233158479502,5.6009625639465,9.62058277199933));
#6285=CARTESIAN_POINT('Ctrl Pts',(-40.2430553909911,4.54374208250273,9.65371687274178));
#6286=CARTESIAN_POINT('Ctrl Pts',(-38.8709716470752,2.4313176917751,9.70680869461785));
#6287=CARTESIAN_POINT('Ctrl Pts',(-38.1788377113899,1.37563157293751,9.72677820033747));
#6288=CARTESIAN_POINT('Ctrl Pts',(-36.8023815755514,-0.704430119542481,
9.75524123483934));
#6289=CARTESIAN_POINT('Ctrl Pts',(-36.118054274462,-1.72880692030178,9.76373497956718));
#6290=CARTESIAN_POINT('Ctrl Pts',(-35.2171313412077,-3.0645501360787,9.76856387710419));
#6291=CARTESIAN_POINT('Ctrl Pts',(-34.987475826873,-3.40388209495962,9.76921823215062));
#6292=CARTESIAN_POINT('Ctrl Pts',(-34.5304375313354,-4.07666021263526,9.76942983534907));
#6293=CARTESIAN_POINT('Ctrl Pts',(-34.3030549569516,-4.41010621098085,9.76898709173476));
#6294=CARTESIAN_POINT('Ctrl Pts',(-33.849298166803,-5.07277179420243,9.76707869561771));
#6295=CARTESIAN_POINT('Ctrl Pts',(-33.6229240002524,-5.40199119089999,9.76561301889424));
#6296=CARTESIAN_POINT('Ctrl Pts',(-33.1729217619196,-6.05991456272809,9.76173169327628));
#6297=CARTESIAN_POINT('Ctrl Pts',(-32.9492939290759,-6.38861907239084,9.75931606689038));
#6298=CARTESIAN_POINT('Ctrl Pts',(-32.2811811806315,-7.37622994342518,9.75075845477678));
#6299=CARTESIAN_POINT('Ctrl Pts',(-31.8396494427914,-8.03634947379481,9.74330826693039));
#6300=CARTESIAN_POINT('Ctrl Pts',(-31.0160168348396,-9.28266618988521,9.72526205185001));
#6301=CARTESIAN_POINT('Ctrl Pts',(-30.6343439294628,-9.86610632236333,9.71526030867206));
#6302=CARTESIAN_POINT('Ctrl Pts',(-30.247452704631,-10.4628939680079,9.7032616988708));
#6303=CARTESIAN_POINT('Ctrl Pts',(-48.0982304037489,21.4851817870066,8.82623171297267));
#6304=CARTESIAN_POINT('Ctrl Pts',(-47.9160677345024,21.2177418840874,8.84501222217578));
#6305=CARTESIAN_POINT('Ctrl Pts',(-47.7342794492217,20.9503082126245,8.86361995125395));
#6306=CARTESIAN_POINT('Ctrl Pts',(-46.7085609516457,19.4379844215185,8.96820297458009));
#6307=CARTESIAN_POINT('Ctrl Pts',(-45.8737941407873,18.1943746660119,9.05174260738614));
#6308=CARTESIAN_POINT('Ctrl Pts',(-43.8046036854837,15.071649145092,9.24811393782018));
#6309=CARTESIAN_POINT('Ctrl Pts',(-42.5788549413146,13.1853790069879,9.35472720662215));
#6310=CARTESIAN_POINT('Ctrl Pts',(-40.6793153968216,10.1998088050875,9.49504764019606));
#6311=CARTESIAN_POINT('Ctrl Pts',(-40.018536425996,9.15005223114466,9.53939301947921));
#6312=CARTESIAN_POINT('Ctrl Pts',(-38.6957130081537,7.02779477639317,9.61737414357945));
#6313=CARTESIAN_POINT('Ctrl Pts',(-38.0336676305833,5.95529331072894,9.65100977846368));
#6314=CARTESIAN_POINT('Ctrl Pts',(-36.7161007091399,3.80085578415559,9.70513501234154));
#6315=CARTESIAN_POINT('Ctrl Pts',(-36.0602735174195,2.71843946932868,9.72563640592235));
#6316=CARTESIAN_POINT('Ctrl Pts',(-34.7745133975211,0.575304027946787,9.75494529566978));
#6317=CARTESIAN_POINT('Ctrl Pts',(-34.1445801207336,-0.485418207991082,
9.76375299456904));
#6318=CARTESIAN_POINT('Ctrl Pts',(-33.3283229830765,-1.87556712364102,9.76869297920794));
#6319=CARTESIAN_POINT('Ctrl Pts',(-33.1214280939021,-2.22936979249409,9.7693482686692));
#6320=CARTESIAN_POINT('Ctrl Pts',(-32.7121471390034,-2.93234935903685,9.76952025647758));
#6321=CARTESIAN_POINT('Ctrl Pts',(-32.5097613353216,-3.2815259202961,9.76903696453622));
#6322=CARTESIAN_POINT('Ctrl Pts',(-32.108496807049,-3.97714592239293,9.76701924083754));
#6323=CARTESIAN_POINT('Ctrl Pts',(-31.9096183933553,-4.32358936719305,9.76548478917062));
#6324=CARTESIAN_POINT('Ctrl Pts',(-31.5112187646468,-5.01380236806567,9.76145104306235));
#6325=CARTESIAN_POINT('Ctrl Pts',(-31.3116970701774,-5.35757168386513,9.75895176929601));
#6326=CARTESIAN_POINT('Ctrl Pts',(-30.7106298455238,-6.38705342142389,9.75014081458207));
#6327=CARTESIAN_POINT('Ctrl Pts',(-30.3067603608901,-7.07065457719182,9.74251858974024));
#6328=CARTESIAN_POINT('Ctrl Pts',(-29.5394539323376,-8.35238565373261,9.72424578672617));
#6329=CARTESIAN_POINT('Ctrl Pts',(-29.1783824397765,-8.94892396968014,9.71417632426284));
#6330=CARTESIAN_POINT('Ctrl Pts',(-28.8072032705867,-9.55584697252893,9.70218191393981));
#6331=CARTESIAN_POINT('Ctrl Pts',(-47.2115011136591,22.0485254645626,8.82425610924895));
#6332=CARTESIAN_POINT('Ctrl Pts',(-47.0186923096262,21.7887737138516,8.8427736793231));
#6333=CARTESIAN_POINT('Ctrl Pts',(-46.8266202640284,21.5287520673254,8.86110484568334));
#6334=CARTESIAN_POINT('Ctrl Pts',(-45.7448250031255,20.0567769477496,8.96405135006916));
#6335=CARTESIAN_POINT('Ctrl Pts',(-44.8718099732116,18.8403997365414,9.04596700567046));
#6336=CARTESIAN_POINT('Ctrl Pts',(-42.7268868722167,15.770803205462,9.23802470718912));
#6337=CARTESIAN_POINT('Ctrl Pts',(-41.4735991765871,13.9029499341931,9.34182222794261));
#6338=CARTESIAN_POINT('Ctrl Pts',(-39.5585215295344,10.9249164864892,9.47836005640564));
#6339=CARTESIAN_POINT('Ctrl Pts',(-38.8972097094768,9.87400320196587,9.52149393973099));
#6340=CARTESIAN_POINT('Ctrl Pts',(-37.5826898244929,7.74286578089819,9.59743405118319));
#6341=CARTESIAN_POINT('Ctrl Pts',(-36.9294841480492,6.66264241545638,9.63024008248237));
#6342=CARTESIAN_POINT('Ctrl Pts',(-35.6389088274701,4.48720880262,9.68325385183008));
#6343=CARTESIAN_POINT('Ctrl Pts',(-35.0012419649875,3.39152898181975,9.70347254893806));
#6344=CARTESIAN_POINT('Ctrl Pts',(-33.7609959386142,1.21705748157227,9.73286496713412));
#6345=CARTESIAN_POINT('Ctrl Pts',(-33.1584191134466,0.138263197399321,9.74203894345303));
#6346=CARTESIAN_POINT('Ctrl Pts',(-32.3846640608513,-1.27913266794847,9.74797051516969));
#6347=CARTESIAN_POINT('Ctrl Pts',(-32.1891988516388,-1.64018266188936,9.74892470996469));
#6348=CARTESIAN_POINT('Ctrl Pts',(-31.8040142942604,-2.35811163954773,9.74975675966539));
#6349=CARTESIAN_POINT('Ctrl Pts',(-31.6142953426894,-2.71499006435918,9.74963462487074));
#6350=CARTESIAN_POINT('Ctrl Pts',(-31.2396404142515,-3.42672865211276,9.74837582645818));
#6351=CARTESIAN_POINT('Ctrl Pts',(-31.0546767740091,-3.78163400549283,9.74723918312965));
#6352=CARTESIAN_POINT('Ctrl Pts',(-30.6821707266993,-4.48808236120479,9.74400696021377));
#6353=CARTESIAN_POINT('Ctrl Pts',(-30.4946534750144,-4.83958305079279,9.74191145871863));
#6354=CARTESIAN_POINT('Ctrl Pts',(-29.9268918187831,-5.8907081331736,9.73428446999481));
#6355=CARTESIAN_POINT('Ctrl Pts',(-29.5416137716277,-6.58667087235998,9.72741507920524));
#6356=CARTESIAN_POINT('Ctrl Pts',(-28.8021210951982,-7.88703480809555,9.71030448441732));
#6357=CARTESIAN_POINT('Ctrl Pts',(-28.4512298250562,-8.49045367055604,9.70067800711454));
#6358=CARTESIAN_POINT('Ctrl Pts',(-28.0878479030389,-9.10260217617168,9.68897290939793));
#6359=CARTESIAN_POINT('Ctrl Pts',(-45.4393003974289,23.1725586303969,8.80558989172502));
#6360=CARTESIAN_POINT('Ctrl Pts',(-45.2262731509403,22.9289427216394,8.82360250112349));
#6361=CARTESIAN_POINT('Ctrl Pts',(-45.0145888458349,22.6844344352681,8.84136288642729));
#6362=CARTESIAN_POINT('Ctrl Pts',(-43.8254287276688,21.2966681845719,8.94072175784727));
#6363=CARTESIAN_POINT('Ctrl Pts',(-42.8774959086062,20.1361159261536,9.01830727509929));
#6364=CARTESIAN_POINT('Ctrl Pts',(-40.5814883083202,17.1739039969132,9.19779367189843));
#6365=CARTESIAN_POINT('Ctrl Pts',(-39.2701283052994,15.3415040610136,9.29248022784521));
#6366=CARTESIAN_POINT('Ctrl Pts',(-37.3194800734196,12.3775298547982,9.41613950717473));
#6367=CARTESIAN_POINT('Ctrl Pts',(-36.6555649910475,11.3241573908063,9.45501615993692));
#6368=CARTESIAN_POINT('Ctrl Pts',(-35.3551350907239,9.17538775090967,9.52356283763765));
#6369=CARTESIAN_POINT('Ctrl Pts',(-34.7186303981741,8.07999748295898,9.55323247499983));
#6370=CARTESIAN_POINT('Ctrl Pts',(-33.4809340345964,5.86347145725722,9.60175824095088));
#6371=CARTESIAN_POINT('Ctrl Pts',(-32.879470211412,4.74190169348513,9.62062267073773));
#6372=CARTESIAN_POINT('Ctrl Pts',(-31.7309445532874,2.5060624304265,9.64953606030758));
#6373=CARTESIAN_POINT('Ctrl Pts',(-31.1838884753707,1.39179091088696,9.65958541850047));
#6374=CARTESIAN_POINT('Ctrl Pts',(-30.4968387454798,-0.07961538731056,9.66848042120027));
#6375=CARTESIAN_POINT('Ctrl Pts',(-30.3247357369811,-0.455056062940518,
9.67035430825409));
#6376=CARTESIAN_POINT('Ctrl Pts',(-29.9890386491089,-1.2024283225936,9.67325714911176));
#6377=CARTESIAN_POINT('Ctrl Pts',(-29.8254453646208,-1.57435882602892,9.67428612655318));
#6378=CARTESIAN_POINT('Ctrl Pts',(-29.5056967502972,-2.31763138285799,9.67547105576355));
#6379=CARTESIAN_POINT('Ctrl Pts',(-29.3494004598652,-2.68919710158277,9.67562552569457));
#6380=CARTESIAN_POINT('Ctrl Pts',(-29.0298356686586,-3.42848558707416,9.67500746880656));
#6381=CARTESIAN_POINT('Ctrl Pts',(-28.866700935106,-3.79599566874598,9.67423691581986));
#6382=CARTESIAN_POINT('Ctrl Pts',(-28.3664310473236,-4.8924451322519,9.67051836705424));
#6383=CARTESIAN_POINT('Ctrl Pts',(-28.0186004526973,-5.61502618204655,9.66616628481598));
#6384=CARTESIAN_POINT('Ctrl Pts',(-27.3347490694481,-6.95609517547898,9.6529855333071));
#6385=CARTESIAN_POINT('Ctrl Pts',(-27.0040399045014,-7.57482126831871,9.64487811711138));
#6386=CARTESIAN_POINT('Ctrl Pts',(-26.6558885772537,-8.19853654721881,9.63419641575263));
#6387=CARTESIAN_POINT('Ctrl Pts',(-44.5538192904439,23.7332542307734,8.78890054803509));
#6388=CARTESIAN_POINT('Ctrl Pts',(-44.3312201782848,23.4980863879608,8.80667073782148));
#6389=CARTESIAN_POINT('Ctrl Pts',(-44.1102077588115,23.2616796728998,8.82413660658726));
#6390=CARTESIAN_POINT('Ctrl Pts',(-42.8697614004158,21.9177743719888,8.9215431110599));
#6391=CARTESIAN_POINT('Ctrl Pts',(-41.8851589332315,20.7858131781247,8.99642286895819));
#6392=CARTESIAN_POINT('Ctrl Pts',(-39.5137988370894,17.877853911304,9.16765268458162));
#6393=CARTESIAN_POINT('Ctrl Pts',(-38.1719049746041,16.062488054524,9.25604491027569));
#6394=CARTESIAN_POINT('Ctrl Pts',(-36.2012268790665,13.1050334688747,9.37060858337375));
#6395=CARTESIAN_POINT('Ctrl Pts',(-35.5352426181658,12.0503573947229,9.40643953139096));
#6396=CARTESIAN_POINT('Ctrl Pts',(-34.2406022890248,9.89283327337913,9.4696335743421));
#6397=CARTESIAN_POINT('Ctrl Pts',(-33.6119607206003,8.78999684629201,9.49699624996902));
#6398=CARTESIAN_POINT('Ctrl Pts',(-32.4001554601869,6.55337279921518,9.54214485326259));
#6399=CARTESIAN_POINT('Ctrl Pts',(-31.816736159955,5.41917587960225,9.55993740596431));
#6400=CARTESIAN_POINT('Ctrl Pts',(-30.7144188437794,3.15330506517506,9.58828721713281));
#6401=CARTESIAN_POINT('Ctrl Pts',(-30.1955273617228,2.02162920568639,9.59884514091349));
#6402=CARTESIAN_POINT('Ctrl Pts',(-29.5526777446446,0.52346368651994,9.60971055949963));
#6403=CARTESIAN_POINT('Ctrl Pts',(-29.3925060326244,0.140880832250279,9.61220485575417));
#6404=CARTESIAN_POINT('Ctrl Pts',(-29.0821951070133,-0.620982794671629,
9.61651748235966));
#6405=CARTESIAN_POINT('Ctrl Pts',(-28.9320571246416,-1.00026184619548,9.61833582683736));
#6406=CARTESIAN_POINT('Ctrl Pts',(-28.6405989275818,-1.75894607475741,9.621204153935));
#6407=CARTESIAN_POINT('Ctrl Pts',(-28.4990531136794,-2.13870722080988,9.62225158593894));
#6408=CARTESIAN_POINT('Ctrl Pts',(-28.2065357209964,-2.89459246865196,9.62344681665882));
#6409=CARTESIAN_POINT('Ctrl Pts',(-28.0557793761192,-3.27037780318532,9.62359784951168));
#6410=CARTESIAN_POINT('Ctrl Pts',(-27.5896937158295,-4.39050199514553,9.62260512428776));
#6411=CARTESIAN_POINT('Ctrl Pts',(-27.2607149764668,-5.12733646781052,9.6200184392762));
#6412=CARTESIAN_POINT('Ctrl Pts',(-26.6046823046631,-6.49047578134642,9.60960695779608));
#6413=CARTESIAN_POINT('Ctrl Pts',(-26.2839699411056,-7.11762963628367,9.60257600865141));
#6414=CARTESIAN_POINT('Ctrl Pts',(-25.9432484182999,-7.74768903740465,9.59262871873135));
#6415=CARTESIAN_POINT('Ctrl Pts',(-42.7854931776835,24.854100288584,8.73902932099806));
#6416=CARTESIAN_POINT('Ctrl Pts',(-42.5445676928114,24.6363573859423,8.75605464588894));
#6417=CARTESIAN_POINT('Ctrl Pts',(-42.3056239725285,24.416624652154,8.77266761598498));
#6418=CARTESIAN_POINT('Ctrl Pts',(-40.9662128291776,23.1627818299574,8.86465042489243));
#6419=CARTESIAN_POINT('Ctrl Pts',(-39.9093404349635,22.0886504840108,8.93276675763589));
#6420=CARTESIAN_POINT('Ctrl Pts',(-37.3869179144091,19.2889537479535,9.08402812095984));
#6421=CARTESIAN_POINT('Ctrl Pts',(-35.9810044038864,17.5058223529496,9.15768926210277));
#6422=CARTESIAN_POINT('Ctrl Pts',(-33.9661662534393,14.5600065982275,9.25105529058982));
#6423=CARTESIAN_POINT('Ctrl Pts',(-33.2946991073629,13.5024952804578,9.27980583591463));
#6424=CARTESIAN_POINT('Ctrl Pts',(-32.0095865263481,11.3275315637539,9.33052926973393));
#6425=CARTESIAN_POINT('Ctrl Pts',(-31.395963779837,10.2101012033615,9.35250179906352));
#6426=CARTESIAN_POINT('Ctrl Pts',(-30.2354277952563,7.93438511112558,9.38965716546231));
#6427=CARTESIAN_POINT('Ctrl Pts',(-29.6882963609778,6.77574814324039,9.40484315989051));
#6428=CARTESIAN_POINT('Ctrl Pts',(-28.6798195374447,4.45184624091504,9.43147637348767));
#6429=CARTESIAN_POINT('Ctrl Pts',(-28.2184769563083,3.2865740523482,9.44292441552436));
#6430=CARTESIAN_POINT('Ctrl Pts',(-27.6663338591173,1.73648105026954,9.45781528866336));
#6431=CARTESIAN_POINT('Ctrl Pts',(-27.5306787515916,1.34002143968781,9.46159568210228));
#6432=CARTESIAN_POINT('Ctrl Pts',(-27.2727073745219,0.550229709375353,9.46887540829275));
#6433=CARTESIAN_POINT('Ctrl Pts',(-27.1503944333413,0.156902143008991,9.47237479118205));
#6434=CARTESIAN_POINT('Ctrl Pts',(-26.9174078635543,-0.631360874953031,
9.4788453968151));
#6435=CARTESIAN_POINT('Ctrl Pts',(-26.8062684825579,-1.02702081178127,9.48180381004885));
#6436=CARTESIAN_POINT('Ctrl Pts',(-26.5689938446394,-1.8161566632377,9.48686737019132));
#6437=CARTESIAN_POINT('Ctrl Pts',(-26.4433107282414,-2.20893711092025,9.48898678500514));
#6438=CARTESIAN_POINT('Ctrl Pts',(-26.0461966591404,-3.37826134089626,9.49386223634849));
#6439=CARTESIAN_POINT('Ctrl Pts',(-25.7548634864055,-4.14552590617825,9.49513962077986));
#6440=CARTESIAN_POINT('Ctrl Pts',(-25.1536247198898,-5.55688587268001,9.49092313588464));
#6441=CARTESIAN_POINT('Ctrl Pts',(-24.8522291116238,-6.20297250016925,9.48636351261429));
#6442=CARTESIAN_POINT('Ctrl Pts',(-24.5255256291113,-6.8474948494512,9.47820251940881));
#6443=CARTESIAN_POINT('Ctrl Pts',(-41.9026477334315,25.4142452610957,8.70584860505087));
#6444=CARTESIAN_POINT('Ctrl Pts',(-41.6529680536737,25.2054808555222,8.72237111975409));
#6445=CARTESIAN_POINT('Ctrl Pts',(-41.4054213951361,24.9943217391709,8.73842542705816));
#6446=CARTESIAN_POINT('Ctrl Pts',(-40.0183329457208,23.7866853252823,8.82693570615976));
#6447=CARTESIAN_POINT('Ctrl Pts',(-38.9258614274745,22.7417905809586,8.89099462438568));
#6448=CARTESIAN_POINT('Ctrl Pts',(-36.3277326804505,19.9960988374853,9.03054482095591));
#6449=CARTESIAN_POINT('Ctrl Pts',(-34.8883358034363,18.2281648676403,9.09577000200562));
#6450=CARTESIAN_POINT('Ctrl Pts',(-32.8493676599222,15.2874697078984,9.17703448326858));
#6451=CARTESIAN_POINT('Ctrl Pts',(-32.174485956273,14.2284278381501,9.20175044201787));
#6452=CARTESIAN_POINT('Ctrl Pts',(-30.8931084269157,12.0447819238099,9.24535592004144));
#6453=CARTESIAN_POINT('Ctrl Pts',(-30.2866390108786,10.9202055310602,9.26424524374346));
#6454=CARTESIAN_POINT('Ctrl Pts',(-29.1514757408772,8.62549875452498,9.29678421592292));
#6455=CARTESIAN_POINT('Ctrl Pts',(-28.6225844834518,7.45505039811711,9.31043540326383));
#6456=CARTESIAN_POINT('Ctrl Pts',(-27.6617328262477,5.10315072423252,9.33591463856306));
#6457=CARTESIAN_POINT('Ctrl Pts',(-27.2297707459933,3.92168678152044,9.34774372646266));
#6458=CARTESIAN_POINT('Ctrl Pts',(-26.7241279667089,2.34642376761087,9.36468714096329));
#6459=CARTESIAN_POINT('Ctrl Pts',(-26.6010564835097,1.94322888752103,9.36913248846625));
#6460=CARTESIAN_POINT('Ctrl Pts',(-26.3700323142621,1.13999846430143,9.37796751536883));
#6461=CARTESIAN_POINT('Ctrl Pts',(-26.2620849744441,0.739970357018785,9.38235723427187));
#6462=CARTESIAN_POINT('Ctrl Pts',(-26.0592741926378,-0.0624601559591455,
9.39074357771907));
#6463=CARTESIAN_POINT('Ctrl Pts',(-25.9637906209932,-0.465821668100206,
9.39471924626635));
#6464=CARTESIAN_POINT('Ctrl Pts',(-25.7547196500081,-1.27160554157982,9.40183903253452));
#6465=CARTESIAN_POINT('Ctrl Pts',(-25.6417374284404,-1.673105379308,9.4050059838348));
#6466=CARTESIAN_POINT('Ctrl Pts',(-25.2794261158786,-2.86795703945053,9.41302621893393));
#6467=CARTESIAN_POINT('Ctrl Pts',(-25.0068956496482,-3.65140028546483,9.41640401062013));
#6468=CARTESIAN_POINT('Ctrl Pts',(-24.4326450612289,-5.08891567294213,9.41561658658606));
#6469=CARTESIAN_POINT('Ctrl Pts',(-24.1405733031195,-5.74551102636258,9.41245305422505));
#6470=CARTESIAN_POINT('Ctrl Pts',(-23.8204599606113,-6.39815553218162,9.40534482735332));
#6471=CARTESIAN_POINT('Ctrl Pts',(-40.1413577806984,26.5358515114819,8.62120189678477));
#6472=CARTESIAN_POINT('Ctrl Pts',(-39.8748118468509,26.3452939023897,8.63618860393528));
#6473=CARTESIAN_POINT('Ctrl Pts',(-39.6106192180998,26.1514996085326,8.65062364538754));
#6474=CARTESIAN_POINT('Ctrl Pts',(-38.1309024843102,25.0372994863964,8.7294989446521));
#6475=CARTESIAN_POINT('Ctrl Pts',(-36.9677752935922,24.0508765576163,8.78380195967167));
#6476=CARTESIAN_POINT('Ctrl Pts',(-34.2168468078586,21.4118258833408,8.89689333953794));
#6477=CARTESIAN_POINT('Ctrl Pts',(-32.707175694885,19.6722362792474,8.94438124005883));
#6478=CARTESIAN_POINT('Ctrl Pts',(-30.6155561511709,16.7403641785458,9.00070717696812));
#6479=CARTESIAN_POINT('Ctrl Pts',(-29.9324439498152,15.6780812400575,9.017207054978));
#6480=CARTESIAN_POINT('Ctrl Pts',(-28.6564604439046,13.4773184339439,9.04636708593764));
#6481=CARTESIAN_POINT('Ctrl Pts',(-28.0636207732676,12.3388763391099,9.05902737435058));
#6482=CARTESIAN_POINT('Ctrl Pts',(-26.978872023864,10.0076542538402,9.08215429013855));
#6483=CARTESIAN_POINT('Ctrl Pts',(-26.4868071428746,8.81462608102403,9.09261949171005));
#6484=CARTESIAN_POINT('Ctrl Pts',(-25.6231973111624,6.40951026952173,9.11530767516389));
#6485=CARTESIAN_POINT('Ctrl Pts',(-25.2516310322523,5.1973867413203,9.12753058646757));
#6486=CARTESIAN_POINT('Ctrl Pts',(-24.8421494632687,3.57433634467649,9.1478232030855));
#6487=CARTESIAN_POINT('Ctrl Pts',(-24.7451358437907,3.15833570828902,9.15338250453966));
#6488=CARTESIAN_POINT('Ctrl Pts',(-24.5700805977728,2.3298200180963,9.16492083397035));
#6489=CARTESIAN_POINT('Ctrl Pts',(-24.492051953218,1.91732264498648,9.17090026406922));
#6490=CARTESIAN_POINT('Ctrl Pts',(-24.3520058826115,1.08827348062949,9.18272512127286));
#6491=CARTESIAN_POINT('Ctrl Pts',(-24.2889550973271,0.670143937542285,9.18850736302701));
#6492=CARTESIAN_POINT('Ctrl Pts',(-24.137669131372,-0.16896945746736,9.19919146291612));
#6493=CARTESIAN_POINT('Ctrl Pts',(-24.0504594853856,-0.588420388485011,
9.20416122771231));
#6494=CARTESIAN_POINT('Ctrl Pts',(-23.7584432238633,-1.83643475212807,9.21769283823843));
#6495=CARTESIAN_POINT('Ctrl Pts',(-23.5234184629076,-2.65439471251922,9.22488673554882));
#6496=CARTESIAN_POINT('Ctrl Pts',(-23.0019009150003,-4.14913879383011,9.23060636122074));
#6497=CARTESIAN_POINT('Ctrl Pts',(-22.727489088798,-4.82937522351021,9.23021838532788));
#6498=CARTESIAN_POINT('Ctrl Pts',(-22.4193309848798,-5.50066270297479,9.22539098789193));
#6499=CARTESIAN_POINT('Ctrl Pts',(-39.2629146479946,27.0973056304473,8.56973651974543));
#6500=CARTESIAN_POINT('Ctrl Pts',(-38.9882556018151,26.9159788033069,8.58369010687383));
#6501=CARTESIAN_POINT('Ctrl Pts',(-38.7160189968332,26.7309776782108,8.59706443387766));
#6502=CARTESIAN_POINT('Ctrl Pts',(-37.1913464434737,25.664016237207,8.66977672296617));
#6503=CARTESIAN_POINT('Ctrl Pts',(-35.993161465207,24.7068280035994,8.71838104375275));
#6504=CARTESIAN_POINT('Ctrl Pts',(-33.1651395191876,22.1204106388416,8.81672435388193));
#6505=CARTESIAN_POINT('Ctrl Pts',(-31.6186802811517,20.3939645844984,8.85491088954355));
#6506=CARTESIAN_POINT('Ctrl Pts',(-29.4985421576723,17.4657937678376,8.89840006894453));
#6507=CARTESIAN_POINT('Ctrl Pts',(-28.8106144679407,16.4018003649126,8.91071855592674));
#6508=CARTESIAN_POINT('Ctrl Pts',(-27.5362896432214,14.1926035713403,8.93255130571173));
#6509=CARTESIAN_POINT('Ctrl Pts',(-26.9499256037833,13.0474424405533,8.94206586367574));
#6510=CARTESIAN_POINT('Ctrl Pts',(-25.8902157114504,10.6986971177492,8.96039714430298));
#6511=CARTESIAN_POINT('Ctrl Pts',(-25.4167349271459,9.49490134859643,8.96921115462425));
#6512=CARTESIAN_POINT('Ctrl Pts',(-24.6027314823418,7.06456931521618,8.99026108055155));
#6513=CARTESIAN_POINT('Ctrl Pts',(-24.2621727167687,5.83797946681376,9.00249582155235));
#6514=CARTESIAN_POINT('Ctrl Pts',(-23.9023283975268,4.19231389148587,9.0240805131441));
#6515=CARTESIAN_POINT('Ctrl Pts',(-23.8187816926038,3.77024313599233,9.03008742527723));
#6516=CARTESIAN_POINT('Ctrl Pts',(-23.672724063406,2.92988133958566,9.04276953782929));
#6517=CARTESIAN_POINT('Ctrl Pts',(-23.6102322026674,2.51161643964923,9.04944530027949));
#6518=CARTESIAN_POINT('Ctrl Pts',(-23.5027497871775,1.67011961467358,9.06278641005072));
#6519=CARTESIAN_POINT('Ctrl Pts',(-23.4564683611963,1.24492859228279,9.06935617161025));
#6520=CARTESIAN_POINT('Ctrl Pts',(-23.3347689647238,0.389146089384727,9.08154970053439));
#6521=CARTESIAN_POINT('Ctrl Pts',(-23.2606408213123,-0.0395348497545593,
9.08727613682148));
#6522=CARTESIAN_POINT('Ctrl Pts',(-23.0041406827893,-1.31518510045678,9.10317860486502));
#6523=CARTESIAN_POINT('Ctrl Pts',(-22.7878313253882,-2.1514834828993,9.11209075823507));
#6524=CARTESIAN_POINT('Ctrl Pts',(-22.292081905524,-3.67730456283212,9.1208931308514));
#6525=CARTESIAN_POINT('Ctrl Pts',(-22.0260167921939,-4.37067737312455,9.12188687114405));
#6526=CARTESIAN_POINT('Ctrl Pts',(-21.723228954686,-5.05248912490539,9.11828880668625));
#6527=CARTESIAN_POINT('Ctrl Pts',(-37.8038603869037,28.036175129136,8.46715154053575));
#6528=CARTESIAN_POINT('Ctrl Pts',(-37.5160656253555,27.8700977153639,8.47874249034392));
#6529=CARTESIAN_POINT('Ctrl Pts',(-37.2307582916034,27.6996281828075,8.48975393209372));
#6530=CARTESIAN_POINT('Ctrl Pts',(-35.6327774276638,26.7106738982202,8.54908118971417));
#6531=CARTESIAN_POINT('Ctrl Pts',(-34.3764004469804,25.8014612533793,8.5865960352592));
#6532=CARTESIAN_POINT('Ctrl Pts',(-31.4185576145264,23.300216346616,8.65819682021274));
#6533=CARTESIAN_POINT('Ctrl Pts',(-29.8082577466507,21.5935633256101,8.68121495530631));
#6534=CARTESIAN_POINT('Ctrl Pts',(-27.6374282797713,18.6701316210391,8.70462709950894));
#6535=CARTESIAN_POINT('Ctrl Pts',(-26.9405075385553,17.6031216180822,8.71057766010685));
#6536=CARTESIAN_POINT('Ctrl Pts',(-25.6676513109138,15.3801640644778,8.72137852396007));
#6537=CARTESIAN_POINT('Ctrl Pts',(-25.0917486625366,14.2242644525924,8.72622900204856));
#6538=CARTESIAN_POINT('Ctrl Pts',(-24.0739937023772,11.8478954378304,8.73738072025061));
#6539=CARTESIAN_POINT('Ctrl Pts',(-23.6320365226892,10.6272722973861,8.74367674731372));
#6540=CARTESIAN_POINT('Ctrl Pts',(-22.9030353085921,8.15807955332882,8.76179213293142));
#6541=CARTESIAN_POINT('Ctrl Pts',(-22.615914434398,6.90940611047013,8.77360435182877));
#6542=CARTESIAN_POINT('Ctrl Pts',(-22.3420738225823,5.22925295366495,8.79615746212794));
#6543=CARTESIAN_POINT('Ctrl Pts',(-22.2818773918171,4.79790406394046,8.80255399081924));
#6544=CARTESIAN_POINT('Ctrl Pts',(-22.1862587591177,3.93980552803022,8.8164663547352));
#6545=CARTESIAN_POINT('Ctrl Pts',(-22.1508826658957,3.51311920800255,8.82398531753344));
#6546=CARTESIAN_POINT('Ctrl Pts',(-22.1000566488006,2.65293162953066,8.8391517034729));
#6547=CARTESIAN_POINT('Ctrl Pts',(-22.0827352592678,2.21662729418461,8.84658993614955));
#6548=CARTESIAN_POINT('Ctrl Pts',(-22.01132938919,1.3328682712423,8.8601303849344));
#6549=CARTESIAN_POINT('Ctrl Pts',(-21.9591313920391,0.888157420617548,8.86645783600228));
#6550=CARTESIAN_POINT('Ctrl Pts',(-21.7618400669971,-0.435904450773157,
8.88447042562512));
#6551=CARTESIAN_POINT('Ctrl Pts',(-21.5762736586576,-1.3048327925101,8.8952117557211));
#6552=CARTESIAN_POINT('Ctrl Pts',(-21.1217253247428,-2.88722689608625,8.90782450496352));
#6553=CARTESIAN_POINT('Ctrl Pts',(-20.8684064066455,-3.60507562500275,8.91074608932243));
#6554=CARTESIAN_POINT('Ctrl Pts',(-20.5732315627746,-4.30693764078248,8.90918405971931));
#6555=CARTESIAN_POINT('Ctrl Pts',(-37.2215480309093,28.4126006386813,8.42163003958327));
#6556=CARTESIAN_POINT('Ctrl Pts',(-36.92860942176,28.2525726403904,8.43210669455643));
#6557=CARTESIAN_POINT('Ctrl Pts',(-36.6381709016338,28.087869525083,8.44201575645937));
#6558=CARTESIAN_POINT('Ctrl Pts',(-35.0113415862631,27.1298546275667,8.49516624554822));
#6559=CARTESIAN_POINT('Ctrl Pts',(-33.7317901954053,26.2395894928192,8.5278247888515));
#6560=CARTESIAN_POINT('Ctrl Pts',(-30.72176719093,23.7716474454517,8.58816163107839));
#6561=CARTESIAN_POINT('Ctrl Pts',(-29.0853243975826,22.0723179589454,8.60520674676433));
#6562=CARTESIAN_POINT('Ctrl Pts',(-26.8934726999707,19.1503812721959,8.62094899840809));
#6563=CARTESIAN_POINT('Ctrl Pts',(-26.1927290730067,18.0821183402934,8.62451612641125));
#6564=CARTESIAN_POINT('Ctrl Pts',(-24.9201740539179,15.8537397300556,8.63122608708504));
#6565=CARTESIAN_POINT('Ctrl Pts',(-24.3483946999894,14.6936737525918,8.6343688498099));
#6566=CARTESIAN_POINT('Ctrl Pts',(-23.3475268819636,12.3066976187097,8.64287258677193));
#6567=CARTESIAN_POINT('Ctrl Pts',(-22.9183445861727,11.0796562637086,8.64822707925457));
#6568=CARTESIAN_POINT('Ctrl Pts',(-22.2239844002013,8.5958017463408,8.66511971926642));
#6569=CARTESIAN_POINT('Ctrl Pts',(-21.9587092087235,7.33885884487401,8.67664698135846));
#6570=CARTESIAN_POINT('Ctrl Pts',(-21.7201202796732,5.64580122996194,8.69927228986987));
#6571=CARTESIAN_POINT('Ctrl Pts',(-21.6694975376267,5.21097498190548,8.70572972227641));
#6572=CARTESIAN_POINT('Ctrl Pts',(-21.5945923226108,4.34633968271014,8.71995319654516));
#6573=CARTESIAN_POINT('Ctrl Pts',(-21.5703700177395,3.91661324508399,8.72772382963806));
#6574=CARTESIAN_POINT('Ctrl Pts',(-21.5428107044345,3.04951533061176,8.74343241674833));
#6575=CARTESIAN_POINT('Ctrl Pts',(-21.5373230752226,2.60893904675777,8.75109838778417));
#6576=CARTESIAN_POINT('Ctrl Pts',(-21.4862590478811,1.71391788038994,8.76486198444692));
#6577=CARTESIAN_POINT('Ctrl Pts',(-21.4428573442191,1.26261431161579,8.77125290225422));
#6578=CARTESIAN_POINT('Ctrl Pts',(-21.2692232182408,-0.08145969338929,8.78961517391737));
#6579=CARTESIAN_POINT('Ctrl Pts',(-21.0958094470673,-0.964000673495111,
8.80080888901633));
#6580=CARTESIAN_POINT('Ctrl Pts',(-20.6572474509526,-2.5703158726523,8.8145873608152));
#6581=CARTESIAN_POINT('Ctrl Pts',(-20.4087111050613,-3.29865093624886,8.81817930590185));
#6582=CARTESIAN_POINT('Ctrl Pts',(-20.116225664581,-4.00921276970161,8.81742851497555));
#6583=CARTESIAN_POINT('Ctrl Pts',(-36.0605986552964,29.1687109061564,8.32119131190838));
#6584=CARTESIAN_POINT('Ctrl Pts',(-35.7575606279351,29.0204521270926,8.32898684234133));
#6585=CARTESIAN_POINT('Ctrl Pts',(-35.4570317667836,28.8669900754798,8.3362687363862));
#6586=CARTESIAN_POINT('Ctrl Pts',(-33.7733720503198,27.9693070189177,8.3748457145576));
#6587=CARTESIAN_POINT('Ctrl Pts',(-32.4477559117922,27.1159991393304,8.39661691896741));
#6588=CARTESIAN_POINT('Ctrl Pts',(-29.333148116988,24.7122845668633,8.43277206872013));
#6589=CARTESIAN_POINT('Ctrl Pts',(-27.6434493322488,23.0261725601291,8.43803150118672));
#6590=CARTESIAN_POINT('Ctrl Pts',(-25.4084292696533,20.1062711369539,8.43934382596386));
#6591=CARTESIAN_POINT('Ctrl Pts',(-24.6997166803007,19.0353989437017,8.43857840701594));
#6592=CARTESIAN_POINT('Ctrl Pts',(-23.427453435806,16.7963896352283,8.43800158159427));
#6593=CARTESIAN_POINT('Ctrl Pts',(-22.8639315506047,15.628304354277,8.43818916152778));
#6594=CARTESIAN_POINT('Ctrl Pts',(-21.8973298760423,13.2211712413814,8.44212352104762));
#6595=CARTESIAN_POINT('Ctrl Pts',(-21.4941734257691,11.9820321269704,8.44586025029316));
#6596=CARTESIAN_POINT('Ctrl Pts',(-20.8707263741474,9.47096003933769,8.46045764197173));
#6597=CARTESIAN_POINT('Ctrl Pts',(-20.6502851715059,8.1988278675366,8.47129508453493));
#6598=CARTESIAN_POINT('Ctrl Pts',(-20.4842044265227,6.48210088923933,8.49359546068739));
#6599=CARTESIAN_POINT('Ctrl Pts',(-20.4532723615855,6.0408778336113,8.50002598370001));
#6600=CARTESIAN_POINT('Ctrl Pts',(-20.4210855314365,5.16456806897757,8.51464679133794));
#6601=CARTESIAN_POINT('Ctrl Pts',(-20.419940159707,4.72963081666445,8.5228489815249));
#6602=CARTESIAN_POINT('Ctrl Pts',(-20.440351854475,3.85011576152491,8.53942558303945));
#6603=CARTESIAN_POINT('Ctrl Pts',(-20.4590482441211,3.40132585032737,8.54732649410723));
#6604=CARTESIAN_POINT('Ctrl Pts',(-20.4489396737653,2.48335295349273,8.56075589179181));
#6605=CARTESIAN_POINT('Ctrl Pts',(-20.4230307035015,2.01829025497398,8.56679311854134));
#6606=CARTESIAN_POINT('Ctrl Pts',(-20.2962470950026,0.632370611907043,8.58451189116568));
#6607=CARTESIAN_POINT('Ctrl Pts',(-20.1466488968211,-0.278678312030016,
8.59585968130206));
#6608=CARTESIAN_POINT('Ctrl Pts',(-19.7387427012296,-1.93562182138318,8.6109358038699));
#6609=CARTESIAN_POINT('Ctrl Pts',(-19.4989985423141,-2.68638588719493,8.6155352994105));
#6610=CARTESIAN_POINT('Ctrl Pts',(-19.2110377691371,-3.41578784224223,8.6163161628246));
#6611=CARTESIAN_POINT('Ctrl Pts',(-35.4819609879952,29.5484002242871,8.2662729249697));
#6612=CARTESIAN_POINT('Ctrl Pts',(-35.1739675316107,29.4058595214338,8.27250201713391));
#6613=CARTESIAN_POINT('Ctrl Pts',(-34.8684793544808,29.2578714157138,8.27825935028528));
#6614=CARTESIAN_POINT('Ctrl Pts',(-33.1568365635001,28.389578681101,8.30844046703));
#6615=CARTESIAN_POINT('Ctrl Pts',(-31.8083280259375,27.5542841752386,8.32418016435789));
#6616=CARTESIAN_POINT('Ctrl Pts',(-28.641312036929,25.1814975370542,8.34741693295562));
#6617=CARTESIAN_POINT('Ctrl Pts',(-26.9244998383011,23.5012791566096,8.34686314626418));
#6618=CARTESIAN_POINT('Ctrl Pts',(-24.66733380427,20.5819164182332,8.34141514283101));
#6619=CARTESIAN_POINT('Ctrl Pts',(-23.9544754397309,19.5096872505496,8.33870052834478));
#6620=CARTESIAN_POINT('Ctrl Pts',(-22.6822030837529,17.2654672981443,8.33492773566513));
#6621=CARTESIAN_POINT('Ctrl Pts',(-22.1228153955102,16.0935286883076,8.33386772089612));
#6622=CARTESIAN_POINT('Ctrl Pts',(-21.1735919446564,13.6768453419834,8.33588051214153));
#6623=CARTESIAN_POINT('Ctrl Pts',(-20.7836857558417,12.432026747417,8.33894074789842));
#6624=CARTESIAN_POINT('Ctrl Pts',(-20.196503425143,9.90840049248128,8.35246467671885));
#6625=CARTESIAN_POINT('Ctrl Pts',(-19.9990439333199,8.62935004222149,8.36289617248143));
#6626=CARTESIAN_POINT('Ctrl Pts',(-19.8701993536029,6.90186023456407,8.38479695119769));
#6627=CARTESIAN_POINT('Ctrl Pts',(-19.849378064372,6.45771841652168,8.39113893714307));
#6628=CARTESIAN_POINT('Ctrl Pts',(-19.8391728862324,5.57627251773883,8.40584273437731));
#6629=CARTESIAN_POINT('Ctrl Pts',(-19.8499327276076,5.1391647054422,8.4142220261877));
#6630=CARTESIAN_POINT('Ctrl Pts',(-19.8950199408841,4.25414111614137,8.43111976608318));
#6631=CARTESIAN_POINT('Ctrl Pts',(-19.9260585041602,3.80140959249448,8.43902673471356));
#6632=CARTESIAN_POINT('Ctrl Pts',(-19.9365712196392,2.87174860241535,8.45190019873037));
#6633=CARTESIAN_POINT('Ctrl Pts',(-19.9193724920708,2.39951962823104,8.45752248582798));
#6634=CARTESIAN_POINT('Ctrl Pts',(-19.8158149972777,0.991766754822956,8.47425330125759));
#6635=CARTESIAN_POINT('Ctrl Pts',(-19.6778891178603,0.0658231652519467,
8.48530401902299));
#6636=CARTESIAN_POINT('Ctrl Pts',(-19.2846701605584,-1.61782654886178,8.50051399267836));
#6637=CARTESIAN_POINT('Ctrl Pts',(-19.0489445292506,-2.38053282169643,8.50545201873916));
#6638=CARTESIAN_POINT('Ctrl Pts',(-18.7628246443263,-3.12007434901383,8.50695386945985));
#6639=CARTESIAN_POINT('Ctrl Pts',(-34.7618824901341,30.0258887220135,8.19151674056979));
#6640=CARTESIAN_POINT('Ctrl Pts',(-34.4477479677274,29.8901593096839,8.19542812224265));
#6641=CARTESIAN_POINT('Ctrl Pts',(-34.136115162231,29.7487286166368,8.1989443765035));
#6642=CARTESIAN_POINT('Ctrl Pts',(-32.3897782736248,28.91571188056,8.21686505693472));
#6643=CARTESIAN_POINT('Ctrl Pts',(-31.0127547388477,28.1022232763597,8.22411761308324));
#6644=CARTESIAN_POINT('Ctrl Pts',(-27.7799402467463,25.7663872425887,8.2298263073391));
#6645=CARTESIAN_POINT('Ctrl Pts',(-26.028580460146,24.0925913861954,8.22206924614917));
#6646=CARTESIAN_POINT('Ctrl Pts',(-23.7429558328037,21.173270119949,8.20881899076651));
#6647=CARTESIAN_POINT('Ctrl Pts',(-23.0246899234797,20.0992781642408,8.20399151780343));
#6648=CARTESIAN_POINT('Ctrl Pts',(-21.7521786368389,17.8486914274944,8.1969115099789));
#6649=CARTESIAN_POINT('Ctrl Pts',(-21.1979553226244,16.6721481733367,8.19465561636964));
#6650=CARTESIAN_POINT('Ctrl Pts',(-20.2707682410139,14.2442385626873,8.19486979629815));
#6651=CARTESIAN_POINT('Ctrl Pts',(-19.8977361916727,12.9928130901894,8.19732251114817));
#6652=CARTESIAN_POINT('Ctrl Pts',(-19.3569913710253,10.4549283667162,8.20975207447282));
#6653=CARTESIAN_POINT('Ctrl Pts',(-19.1890435555196,9.16815558543415,8.21967949312909));
#6654=CARTESIAN_POINT('Ctrl Pts',(-19.1081320957729,7.428690225799,8.24093714588669));
#6655=CARTESIAN_POINT('Ctrl Pts',(-19.1003218327941,6.98127998986087,8.24711605491349));
#6656=CARTESIAN_POINT('Ctrl Pts',(-19.1184914985296,6.09441846426816,8.26192140066253));
#6657=CARTESIAN_POINT('Ctrl Pts',(-19.1446863845279,5.65526045369159,8.27058068645759));
#6658=CARTESIAN_POINT('Ctrl Pts',(-19.2216332935243,4.76438227558703,8.2879162867026));
#6659=CARTESIAN_POINT('Ctrl Pts',(-19.2684216557298,4.30689878576922,8.29571267721794));
#6660=CARTESIAN_POINT('Ctrl Pts',(-19.3048193139681,3.36216740291688,8.30726817966647));
#6661=CARTESIAN_POINT('Ctrl Pts',(-19.2984134306125,2.88050096156507,8.31196105103132));
#6662=CARTESIAN_POINT('Ctrl Pts',(-19.2235114939628,1.44402147969466,8.32631948580496));
#6663=CARTESIAN_POINT('Ctrl Pts',(-19.0998544247976,0.498593505086079,8.33639041509411));
#6664=CARTESIAN_POINT('Ctrl Pts',(-18.7241440676036,-1.2202184799448,8.35089042593637));
#6665=CARTESIAN_POINT('Ctrl Pts',(-18.492938941595,-1.99875914530933,8.35594559494309));
#6666=CARTESIAN_POINT('Ctrl Pts',(-18.2085299915745,-2.75186904980458,8.35822558792994));
#6667=CARTESIAN_POINT('Ctrl Pts',(-34.6180769108383,30.1214981347413,8.1762654923828));
#6668=CARTESIAN_POINT('Ctrl Pts',(-34.3027173283794,29.9871132738528,8.17969552218207));
#6669=CARTESIAN_POINT('Ctrl Pts',(-33.9898587579474,29.8469791315597,8.18274696019203));
#6670=CARTESIAN_POINT('Ctrl Pts',(-32.2365997655819,29.0209411013291,8.19812822405957));
#6671=CARTESIAN_POINT('Ctrl Pts',(-30.8538802453555,28.2117769293496,8.20363664010216));
#6672=CARTESIAN_POINT('Ctrl Pts',(-27.6078961401478,25.8832434439081,8.20577198529094));
#6673=CARTESIAN_POINT('Ctrl Pts',(-25.8495964817431,24.2106846425728,8.19657785278419));
#6674=CARTESIAN_POINT('Ctrl Pts',(-23.5582431017435,21.2913402067988,8.1817999346068));
#6675=CARTESIAN_POINT('Ctrl Pts',(-22.8388847064535,20.2169925191113,8.17656614425568));
#6676=CARTESIAN_POINT('Ctrl Pts',(-21.5663140211143,17.9651402482796,8.16885916410701));
#6677=CARTESIAN_POINT('Ctrl Pts',(-21.0131228901052,16.7876869963854,8.16638225482631));
#6678=CARTESIAN_POINT('Ctrl Pts',(-20.0903568283458,14.3575685190505,8.16626685585719));
#6679=CARTESIAN_POINT('Ctrl Pts',(-19.7207137702015,13.1048467563452,8.16860989437893));
#6680=CARTESIAN_POINT('Ctrl Pts',(-19.1893076625847,10.5641832677167,8.18083294694388));
#6681=CARTESIAN_POINT('Ctrl Pts',(-19.0272987050454,9.27591299990756,8.19065962846546));
#6682=CARTESIAN_POINT('Ctrl Pts',(-18.9560383506914,7.53412765959455,8.21178181442837));
#6683=CARTESIAN_POINT('Ctrl Pts',(-18.9508476094431,7.0860831816912,8.2179255916491));
#6684=CARTESIAN_POINT('Ctrl Pts',(-18.9747336552517,6.19819005041696,8.23275129848503));
#6685=CARTESIAN_POINT('Ctrl Pts',(-19.004040759239,5.75865555485505,8.2414696212529));
#6686=CARTESIAN_POINT('Ctrl Pts',(-19.0874053752744,4.86665755901422,8.25889515379709));
#6687=CARTESIAN_POINT('Ctrl Pts',(-19.1373573203207,4.40823164744393,8.26666327798475));
#6688=CARTESIAN_POINT('Ctrl Pts',(-19.1789348851822,3.4604624822879,8.27792329099655));
#6689=CARTESIAN_POINT('Ctrl Pts',(-19.1746831846012,2.97688516982713,8.28240984993099));
#6690=CARTESIAN_POINT('Ctrl Pts',(-19.1054946803973,1.53459149128414,8.29623705753973));
#6691=CARTESIAN_POINT('Ctrl Pts',(-18.9846749748301,0.585225224300351,8.30608154643355));
#6692=CARTESIAN_POINT('Ctrl Pts',(-18.6124238170362,-1.14070503520332,8.32039558097035));
#6693=CARTESIAN_POINT('Ctrl Pts',(-18.3820981321424,-1.92245638561443,8.32545895757088));
#6694=CARTESIAN_POINT('Ctrl Pts',(-18.0980022883596,-2.67832335340078,8.3278883173092));
#6695=CARTESIAN_POINT('Ctrl Pts',(-34.4744404463863,30.2172681587299,8.16070593720075));
#6696=CARTESIAN_POINT('Ctrl Pts',(-34.1578574419482,30.0842083222318,8.16363558231614));
#6697=CARTESIAN_POINT('Ctrl Pts',(-33.8437750230062,29.9453545611464,8.16620449864037));
#6698=CARTESIAN_POINT('Ctrl Pts',(-32.0836044774775,29.1262132654327,8.17895313439674));
#6699=CARTESIAN_POINT('Ctrl Pts',(-30.695193186414,28.3213363854149,8.18266743596106));
#6700=CARTESIAN_POINT('Ctrl Pts',(-27.4360240023561,26.0000168980295,8.18115634753045));
#6701=CARTESIAN_POINT('Ctrl Pts',(-25.6707517260961,24.3286469992281,8.17052806760299));
#6702=CARTESIAN_POINT('Ctrl Pts',(-23.3736308877142,21.4092470287722,8.15425619994092));
#6703=CARTESIAN_POINT('Ctrl Pts',(-22.653168789381,20.3345401626654,8.1486330401838));
#6704=CARTESIAN_POINT('Ctrl Pts',(-21.3805274721413,18.0814297568658,8.14033531395521));
#6705=CARTESIAN_POINT('Ctrl Pts',(-20.8283684502603,16.9030773077342,8.1376566621544));
#6706=CARTESIAN_POINT('Ctrl Pts',(-19.9100393914769,14.4707862551691,8.13724398131605));
#6707=CARTESIAN_POINT('Ctrl Pts',(-19.5438010692379,13.2167932954241,8.13949032214154));
#6708=CARTESIAN_POINT('Ctrl Pts',(-19.021789245857,10.6734244498291,8.15152158096018));
#6709=CARTESIAN_POINT('Ctrl Pts',(-18.8657584499591,9.38370418724209,8.16124903141252));
#6710=CARTESIAN_POINT('Ctrl Pts',(-18.8042175412937,7.63967420843065,8.18223074504722));
#6711=CARTESIAN_POINT('Ctrl Pts',(-18.8016644210235,7.1910146069997,8.18833732726871));
#6712=CARTESIAN_POINT('Ctrl Pts',(-18.8313094033477,6.30214065925038,8.20318519828015));
#6713=CARTESIAN_POINT('Ctrl Pts',(-18.8637551212786,5.86226408672882,8.21196696364648));
#6714=CARTESIAN_POINT('Ctrl Pts',(-18.9535866745158,4.96919971875196,8.22948635890472));
#6715=CARTESIAN_POINT('Ctrl Pts',(-19.0067175281546,4.5098400709669,8.23722038840078));
#6716=CARTESIAN_POINT('Ctrl Pts',(-19.0534809501885,3.55900956036258,8.24815182080791));
#6717=CARTESIAN_POINT('Ctrl Pts',(-19.0513795797293,3.07349626582636,8.25240984855823));
#6718=CARTESIAN_POINT('Ctrl Pts',(-18.9878864855206,1.62531281051463,8.26564440802963));
#6719=CARTESIAN_POINT('Ctrl Pts',(-18.8698877703,0.671964378085421,8.27523004973915));
#6720=CARTESIAN_POINT('Ctrl Pts',(-18.5010536799828,-1.06117273900674,8.28931112050073));
#6721=CARTESIAN_POINT('Ctrl Pts',(-18.2715824917521,-1.84617990964588,8.29436601129239));
#6722=CARTESIAN_POINT('Ctrl Pts',(-17.9877700474273,-2.60484846319927,8.29693775424767));
#6723=CARTESIAN_POINT('',(-21.9743701318273,-1.92209395483361,8.98433715440005));
#6724=CARTESIAN_POINT('',(-25.7809065617493,-6.99513229489836,9.56471187299774));
#6725=CARTESIAN_POINT('Ctrl Pts',(-25.7809065621189,-6.99513229504166,9.56471187360515));
#6726=CARTESIAN_POINT('Ctrl Pts',(-25.9140266580982,-6.64573094754408,9.56614988465325));
#6727=CARTESIAN_POINT('Ctrl Pts',(-25.9941352102913,-6.27840244683814,9.56347439803602));
#6728=CARTESIAN_POINT('Ctrl Pts',(-26.0462080655306,-5.48428354996502,9.54824008711014));
#6729=CARTESIAN_POINT('Ctrl Pts',(-26.0025350140894,-5.06173316508629,9.53455431003544));
#6730=CARTESIAN_POINT('Ctrl Pts',(-25.7634020996572,-4.20156447321038,9.49239998887736));
#6731=CARTESIAN_POINT('Ctrl Pts',(-25.5529009023674,-3.77590165375595,9.46274692016417));
#6732=CARTESIAN_POINT('Ctrl Pts',(-24.9675014292561,-3.00042121474385,9.38510017057021));
#6733=CARTESIAN_POINT('Ctrl Pts',(-24.5887273477712,-2.66551610653833,9.33677623980156));
#6734=CARTESIAN_POINT('Ctrl Pts',(-23.8391903511438,-2.23136177482593,9.23920769611566));
#6735=CARTESIAN_POINT('Ctrl Pts',(-23.4974058361312,-2.09540646589388,9.19416859250788));
#6736=CARTESIAN_POINT('Ctrl Pts',(-22.7594458353679,-1.92042082569449,9.09441318138452));
#6737=CARTESIAN_POINT('Ctrl Pts',(-22.3655038605751,-1.89047442441324,9.03974841045007));
#6738=CARTESIAN_POINT('Ctrl Pts',(-21.9743701318485,-1.92209395599608,8.98433715491329));
#6739=CARTESIAN_POINT('',(-32.6720848624444,-11.6203656037541,9.63314106483334));
#6740=CARTESIAN_POINT('Ctrl Pts',(-25.7809065616913,-6.99513229490906,9.56471187357585));
#6741=CARTESIAN_POINT('Ctrl Pts',(-26.7679305530324,-7.97500052184873,9.64560906371657));
#6742=CARTESIAN_POINT('Ctrl Pts',(-27.8458687972695,-8.85861006066843,9.68966309315502));
#6743=CARTESIAN_POINT('Ctrl Pts',(-30.1579700521381,-10.4110864645416,9.71131455335245));
#6744=CARTESIAN_POINT('Ctrl Pts',(-31.3883450051557,-11.0768768444125,9.69071022544964));
#6745=CARTESIAN_POINT('Ctrl Pts',(-32.6720848622322,-11.6203656041911,9.63314106422713));
#6746=CARTESIAN_POINT('',(-40.9393631956631,-13.3515846310708,8.88341967590544));
#6747=CARTESIAN_POINT('Ctrl Pts',(-40.939363195912,-13.3515846311661,8.88341967562893));
#6748=CARTESIAN_POINT('Ctrl Pts',(-41.1213498853791,-12.9535994683781,8.91004056994774));
#6749=CARTESIAN_POINT('Ctrl Pts',(-41.2417054931571,-12.5308725632099,8.94650132876871));
#6750=CARTESIAN_POINT('Ctrl Pts',(-41.3663661569146,-11.5519513140916,9.04087362895649));
#6751=CARTESIAN_POINT('Ctrl Pts',(-41.3311282498869,-10.9980397555478,9.10081454036268));
#6752=CARTESIAN_POINT('Ctrl Pts',(-41.0602389372793,-9.9515709191657,9.2188670877672));
#6753=CARTESIAN_POINT('Ctrl Pts',(-40.83353951145,-9.46589215942897,9.27586424740965));
#6754=CARTESIAN_POINT('Ctrl Pts',(-40.2153958175583,-8.60097282819656,9.38165390577309));
#6755=CARTESIAN_POINT('Ctrl Pts',(-39.8292711087512,-8.22888686685656,9.42993969984551));
#6756=CARTESIAN_POINT('Ctrl Pts',(-38.9343613022573,-7.63884891975622,9.51652671336828));
#6757=CARTESIAN_POINT('Ctrl Pts',(-38.4317852860582,-7.4283699840286,9.55389266500075));
#6758=CARTESIAN_POINT('Ctrl Pts',(-37.3922392619954,-7.20708644575248,9.61466429377192));
#6759=CARTESIAN_POINT('Ctrl Pts',(-36.8656993488332,-7.19160142376043,9.63799643933378));
#6760=CARTESIAN_POINT('Ctrl Pts',(-35.7954156994288,-7.35478386112471,9.67429859747506));
#6761=CARTESIAN_POINT('Ctrl Pts',(-35.263372787785,-7.54574901216853,9.686162856232));
#6762=CARTESIAN_POINT('Ctrl Pts',(-34.3124126823925,-8.11332794779059,9.69865393438107));
#6763=CARTESIAN_POINT('Ctrl Pts',(-33.8998315943099,-8.48043213621246,9.69949744304644));
#6764=CARTESIAN_POINT('Ctrl Pts',(-33.2854478937036,-9.28093802525999,9.69281544495226));
#6765=CARTESIAN_POINT('Ctrl Pts',(-33.0647257999949,-9.68984846891627,9.68661833850394));
#6766=CARTESIAN_POINT('Ctrl Pts',(-32.7453675223709,-10.6060966952415,9.66670071619638));
#6767=CARTESIAN_POINT('Ctrl Pts',(-32.6639325076327,-11.1120459087606,9.65244190133832));
#6768=CARTESIAN_POINT('Ctrl Pts',(-32.6720848629575,-11.6203656037227,9.63314106422368));
#6769=CARTESIAN_POINT('',(-62.8028321709591,12.202437860846,8.2174285511939));
#6770=CARTESIAN_POINT('Ctrl Pts',(-40.9393631956379,-13.3515846309974,8.88341967568041));
#6771=CARTESIAN_POINT('Ctrl Pts',(-41.4938383958293,-13.3584399204971,8.81916328490196));
#6772=CARTESIAN_POINT('Ctrl Pts',(-42.0486127982753,-13.3442362618768,8.75553554891566));
#6773=CARTESIAN_POINT('Ctrl Pts',(-43.5008556842609,-13.2517171610193,8.59866172818243));
#6774=CARTESIAN_POINT('Ctrl Pts',(-44.3960124515251,-13.1391378182663,8.51208471634533));
#6775=CARTESIAN_POINT('Ctrl Pts',(-46.6324152735378,-12.7156912168914,8.34987709026897));
#6776=CARTESIAN_POINT('Ctrl Pts',(-47.9611772325093,-12.3313610256166,8.30218919558124));
#6777=CARTESIAN_POINT('Ctrl Pts',(-51.8516113069608,-10.8000938980077,8.16434441176396));
#6778=CARTESIAN_POINT('Ctrl Pts',(-54.2496748220358,-9.27217910721807,8.1367287279066));
#6779=CARTESIAN_POINT('Ctrl Pts',(-58.3636154030515,-5.36475608517546,8.12745612108069));
#6780=CARTESIAN_POINT('Ctrl Pts',(-60.0302300884777,-3.01072140342206,8.15042281804465));
#6781=CARTESIAN_POINT('Ctrl Pts',(-62.0581441398869,1.51814177618708,8.19504102735193));
#6782=CARTESIAN_POINT('Ctrl Pts',(-62.6369390344797,3.55352195342683,8.21618878827217));
#6783=CARTESIAN_POINT('Ctrl Pts',(-63.2083873348335,7.8208485620028,8.24112155002438));
#6784=CARTESIAN_POINT('Ctrl Pts',(-63.1700661450128,10.0333340682136,8.24421419739952));
#6785=CARTESIAN_POINT('Ctrl Pts',(-62.8028322531155,12.202437375543,8.21738891061239));
#6786=CARTESIAN_POINT('',(-57.2495810242203,11.7627095683749,8.73863887912634));
#6787=CARTESIAN_POINT('Ctrl Pts',(-57.2496241514013,11.7627147883772,8.73863568513045));
#6788=CARTESIAN_POINT('Ctrl Pts',(-57.6632882805036,11.8000063015057,8.70628875301831));
#6789=CARTESIAN_POINT('Ctrl Pts',(-58.105873786742,11.8387677047282,8.6702756951768));
#6790=CARTESIAN_POINT('Ctrl Pts',(-58.6658105740415,11.8857429841676,8.6222028982208));
#6791=CARTESIAN_POINT('Ctrl Pts',(-58.7555528966138,11.8932117992796,8.61442731186296));
#6792=CARTESIAN_POINT('Ctrl Pts',(-58.9965373872453,11.9131032438379,8.59334517442687));
#6793=CARTESIAN_POINT('Ctrl Pts',(-59.14955918642,11.9255712536647,8.57975159625132));
#6794=CARTESIAN_POINT('Ctrl Pts',(-59.4303680988854,11.9481503961222,8.55440099068343));
#6795=CARTESIAN_POINT('Ctrl Pts',(-59.5571575099956,11.9582415563246,8.54281273306562));
#6796=CARTESIAN_POINT('Ctrl Pts',(-59.7500713696555,11.9734434050227,8.5249534689711));
#6797=CARTESIAN_POINT('Ctrl Pts',(-59.8148309472809,11.978521541443,8.51892089935193));
#6798=CARTESIAN_POINT('Ctrl Pts',(-59.9126555823914,11.9861555917015,8.5097503784451));
#6799=CARTESIAN_POINT('Ctrl Pts',(-59.9617392171635,11.9899768284503,8.50513470119292));
#6800=CARTESIAN_POINT('Ctrl Pts',(-60.0110803769467,11.9938045011534,8.50047293699318));
#6801=CARTESIAN_POINT('Ctrl Pts',(-60.0440317742386,11.9963577275468,8.49735480103222));
#6802=CARTESIAN_POINT('Ctrl Pts',(-60.0617061680912,11.997725512271,8.49567952020872));
#6803=CARTESIAN_POINT('Ctrl Pts',(-60.1638188595402,12.0056192103589,8.48598653502852));
#6804=CARTESIAN_POINT('Ctrl Pts',(-60.2498621482277,12.0122331023975,8.47775137923407));
#6805=CARTESIAN_POINT('Ctrl Pts',(-60.8589498230072,12.0588061530534,8.41899602980814));
#6806=CARTESIAN_POINT('Ctrl Pts',(-61.3569665174486,12.0957437359469,8.36855620332631));
#6807=CARTESIAN_POINT('Ctrl Pts',(-62.12843084408,12.1525073105129,8.28847836731236));
#6808=CARTESIAN_POINT('Ctrl Pts',(-62.4167249303445,12.1736987365952,8.25805985003741));
#6809=CARTESIAN_POINT('Ctrl Pts',(-62.7320612860449,12.1971554792532,8.22487312745692));
#6810=CARTESIAN_POINT('Ctrl Pts',(-62.7674425003687,12.1997932909091,8.2211503806774));
#6811=CARTESIAN_POINT('Ctrl Pts',(-62.8028321709591,12.202437860846,8.2174285511939));
#6812=CARTESIAN_POINT('',(-56.2749498851974,11.6855326073518,8.81195635177172));
#6813=CARTESIAN_POINT('Origin',(-45.1297812215908,-14.9235726414899,-173.909072530672));
#6814=CARTESIAN_POINT('',(-30.9967427082569,-3.36305543217885,9.73586894712919));
#6815=CARTESIAN_POINT('Ctrl Pts',(-30.9967427092352,-3.36305543105628,9.73586894699606));
#6816=CARTESIAN_POINT('Ctrl Pts',(-31.264985228522,-3.59574427765098,9.74496949281441));
#6817=CARTESIAN_POINT('Ctrl Pts',(-31.5411519460329,-3.8191405732856,9.75209998116353));
#6818=CARTESIAN_POINT('Ctrl Pts',(-32.0817716333414,-4.22646548204818,9.76167383712957));
#6819=CARTESIAN_POINT('Ctrl Pts',(-32.3446833135018,-4.41198442571279,9.76449320288365));
#6820=CARTESIAN_POINT('Ctrl Pts',(-32.9004729205931,-4.77872112326731,9.76662934713895));
#6821=CARTESIAN_POINT('Ctrl Pts',(-33.193924802156,-4.95858334042844,9.76568130191306));
#6822=CARTESIAN_POINT('Ctrl Pts',(-33.8901372376817,-5.35395169489175,9.75873739435002));
#6823=CARTESIAN_POINT('Ctrl Pts',(-34.2967911133854,-5.56162534526476,9.75119607883177));
#6824=CARTESIAN_POINT('Ctrl Pts',(-35.7534140481142,-6.2260285998828,9.7128824121051));
#6825=CARTESIAN_POINT('Ctrl Pts',(-36.8430758105345,-6.58358354462812,9.66399243058012));
#6826=CARTESIAN_POINT('Ctrl Pts',(-39.1559078411142,-7.06790363784541,9.53530615873414));
#6827=CARTESIAN_POINT('Ctrl Pts',(-40.3748438199365,-7.17582681424147,9.45445820670632));
#6828=CARTESIAN_POINT('Ctrl Pts',(-42.1604833421718,-7.12314862067629,9.33601708260081));
#6829=CARTESIAN_POINT('Ctrl Pts',(-42.7265346669362,-7.07524581418031,9.29851534283079));
#6830=CARTESIAN_POINT('Ctrl Pts',(-45.3241220339603,-6.71090160508106,9.13180754144559));
#6831=CARTESIAN_POINT('Ctrl Pts',(-47.2842216994608,-6.0234570993491,9.02577327022446));
#6832=CARTESIAN_POINT('Ctrl Pts',(-50.1583839608622,-4.31629789708084,8.9167278572904));
#6833=CARTESIAN_POINT('Ctrl Pts',(-51.1766986272536,-3.52602849243017,8.88893620149899));
#6834=CARTESIAN_POINT('Ctrl Pts',(-53.1302008397423,-1.5776685912422,8.85069475381282));
#6835=CARTESIAN_POINT('Ctrl Pts',(-54.0204894167339,-0.392491594674242,
8.84364669110271));
#6836=CARTESIAN_POINT('Ctrl Pts',(-55.619698510381,2.52300421194291,8.83930606029631));
#6837=CARTESIAN_POINT('Ctrl Pts',(-56.2118648019123,4.29180963151133,8.8443126371976));
#6838=CARTESIAN_POINT('Ctrl Pts',(-56.7468075528292,7.97438321120091,8.84044761618463));
#6839=CARTESIAN_POINT('Ctrl Pts',(-56.6780488357508,9.85882589140317,8.83013608772682));
#6840=CARTESIAN_POINT('Ctrl Pts',(-56.2749494652903,11.6855364877421,8.81222615600623));
#6841=CARTESIAN_POINT('',(-29.4186586167515,-1.78044260893759,9.65454769564118));
#6842=CARTESIAN_POINT('Ctrl Pts',(-30.9967427084635,-3.36305543629838,9.73586894703144));
#6843=CARTESIAN_POINT('Ctrl Pts',(-30.8981229275984,-3.42292036121099,9.73403763452837));
#6844=CARTESIAN_POINT('Ctrl Pts',(-30.7910727167316,-3.46759777666592,9.73174623048239));
#6845=CARTESIAN_POINT('Ctrl Pts',(-30.5839937382197,-3.5194168990679,9.72664231675396));
#6846=CARTESIAN_POINT('Ctrl Pts',(-30.4861681094925,-3.53095552169896,9.72397878070245));
#6847=CARTESIAN_POINT('Ctrl Pts',(-30.2416131901431,-3.52841917216929,9.71658396449318));
#6848=CARTESIAN_POINT('Ctrl Pts',(-30.0967991964943,-3.49893288049887,9.71154051132419));
#6849=CARTESIAN_POINT('Ctrl Pts',(-29.8209615858192,-3.38513974243122,9.70038313171362));
#6850=CARTESIAN_POINT('Ctrl Pts',(-29.6933604192624,-3.29991794603396,9.69434199356997));
#6851=CARTESIAN_POINT('Ctrl Pts',(-29.4891347737155,-3.09528755684717,9.68295374997422));
#6852=CARTESIAN_POINT('Ctrl Pts',(-29.4103852710496,-2.9816467001549,9.67769392107531));
#6853=CARTESIAN_POINT('Ctrl Pts',(-29.2939316959895,-2.72606369432724,9.66802057984085));
#6854=CARTESIAN_POINT('Ctrl Pts',(-29.2593735670661,-2.5852635902665,9.6637524074156));
#6855=CARTESIAN_POINT('Ctrl Pts',(-29.2455643272301,-2.32836954079555,9.65802638483692));
#6856=CARTESIAN_POINT('Ctrl Pts',(-29.2562889192049,-2.21471949569603,9.65619853181146));
#6857=CARTESIAN_POINT('Ctrl Pts',(-29.2981699682544,-2.04500195314092,9.65460916102979));
#6858=CARTESIAN_POINT('Ctrl Pts',(-29.3175772131666,-1.98678968737732,9.65428537663296));
#6859=CARTESIAN_POINT('Ctrl Pts',(-29.3635360958088,-1.87859087379104,9.65411645123254));
#6860=CARTESIAN_POINT('Ctrl Pts',(-29.3893121604698,-1.82847619675278,9.65423468307352));
#6861=CARTESIAN_POINT('Ctrl Pts',(-29.4186586160393,-1.7804426084996,9.65454769519827));
#6862=CARTESIAN_POINT('',(-36.8397255995555,23.2267487713349,8.82873125448891));
#6863=CARTESIAN_POINT('Ctrl Pts',(-29.418658616964,-1.78044260877836,9.6545476952465));
#6864=CARTESIAN_POINT('Ctrl Pts',(-28.34939350537,-0.540644143234556,9.579126505969));
#6865=CARTESIAN_POINT('Ctrl Pts',(-27.4842232222252,0.860308803080651,9.47308572826415));
#6866=CARTESIAN_POINT('Ctrl Pts',(-26.2231972279815,3.88205617831121,9.26468471229604));
#6867=CARTESIAN_POINT('Ctrl Pts',(-25.8354757399068,5.48606960458561,9.16579852712219));
#6868=CARTESIAN_POINT('Ctrl Pts',(-25.5495050071899,9.11214228275449,8.99336630042452));
#6869=CARTESIAN_POINT('Ctrl Pts',(-25.7781498194568,11.1140343957081,8.93015926050077));
#6870=CARTESIAN_POINT('Ctrl Pts',(-26.9911774781471,14.9477537433747,8.85146315958201));
#6871=CARTESIAN_POINT('Ctrl Pts',(-27.973479115466,16.7391238723111,8.83673636036107));
#6872=CARTESIAN_POINT('Ctrl Pts',(-30.2541198887401,19.4637623846074,8.82831098809146));
#6873=CARTESIAN_POINT('Ctrl Pts',(-31.4040445099809,20.4847950361448,8.83005525195003));
#6874=CARTESIAN_POINT('Ctrl Pts',(-33.3256406626368,21.7389186155544,8.83150925733089));
#6875=CARTESIAN_POINT('Ctrl Pts',(-33.9966090504866,22.10909702641,8.83182834808002));
#6876=CARTESIAN_POINT('Ctrl Pts',(-35.0395712994541,22.5875036176279,8.83137952575484));
#6877=CARTESIAN_POINT('Ctrl Pts',(-35.3927371931885,22.733935692961,8.83108042060611));
#6878=CARTESIAN_POINT('Ctrl Pts',(-36.2841750770456,23.0654480800941,8.82990437687886));
#6879=CARTESIAN_POINT('Ctrl Pts',(-36.6954889124519,23.1849649760692,8.82899488488655));
#6880=CARTESIAN_POINT('Ctrl Pts',(-36.8396978856262,23.22675159054,8.82867494270669));
#6881=CARTESIAN_POINT('',(-35.0075054247336,29.5500216165881,8.2501287043854));
#6882=CARTESIAN_POINT('Ctrl Pts',(-36.8405767141711,23.2269854157579,8.82874188071822));
#6883=CARTESIAN_POINT('Ctrl Pts',(-36.7800103617343,23.4513645518891,8.81283250270234));
#6884=CARTESIAN_POINT('Ctrl Pts',(-36.719673902634,23.6733609599583,8.79672039056611));
#6885=CARTESIAN_POINT('Ctrl Pts',(-36.620192480948,24.0368109508341,8.76969654678856));
#6886=CARTESIAN_POINT('Ctrl Pts',(-36.5809080665845,24.1796566656032,8.75890619850761));
#6887=CARTESIAN_POINT('Ctrl Pts',(-36.5025378375688,24.4632126953315,8.73713967018569));
#6888=CARTESIAN_POINT('Ctrl Pts',(-36.4630750173908,24.6052730067683,8.72605645813922));
#6889=CARTESIAN_POINT('Ctrl Pts',(-36.3619362689812,24.9674422172491,8.69734213595285));
#6890=CARTESIAN_POINT('Ctrl Pts',(-36.2991039254717,25.1903474973001,8.67920536589301));
#6891=CARTESIAN_POINT('Ctrl Pts',(-36.2212322134279,25.4642217379869,8.65631342229493));
#6892=CARTESIAN_POINT('Ctrl Pts',(-36.2063931694678,25.516304808825,8.6519326784445));
#6893=CARTESIAN_POINT('Ctrl Pts',(-36.1525515370665,25.7049103533411,8.6359685556497));
#6894=CARTESIAN_POINT('Ctrl Pts',(-36.113487727756,25.8410343760838,8.62425536706524));
#6895=CARTESIAN_POINT('Ctrl Pts',(-36.0352594475671,26.112260193213,8.60052281581177));
#6896=CARTESIAN_POINT('Ctrl Pts',(-35.9956799425099,26.2487855638002,8.58837464451122));
#6897=CARTESIAN_POINT('Ctrl Pts',(-35.9438281869366,26.4267782752008,8.57227087312507));
#6898=CARTESIAN_POINT('Ctrl Pts',(-35.9307542692777,26.4716060925314,8.56819259393972));
#6899=CARTESIAN_POINT('Ctrl Pts',(-35.8178823012769,26.8581722592473,8.53282785127846));
#6900=CARTESIAN_POINT('Ctrl Pts',(-35.717995388014,27.1972675702716,8.50047678412829));
#6901=CARTESIAN_POINT('Ctrl Pts',(-35.595663582524,27.6086256291046,8.45955272547116));
#6902=CARTESIAN_POINT('Ctrl Pts',(-35.573088014268,27.6843748350542,8.45194605598704));
#6903=CARTESIAN_POINT('Ctrl Pts',(-35.4471719943085,28.1059396391254,8.40921686337078));
#6904=CARTESIAN_POINT('Ctrl Pts',(-35.3440161391913,28.4479520499918,8.37305789423658));
#6905=CARTESIAN_POINT('Ctrl Pts',(-35.2198058734978,28.8563339101478,8.32830566740881));
#6906=CARTESIAN_POINT('Ctrl Pts',(-35.1981239362411,28.9274921829875,8.32044867452717));
#6907=CARTESIAN_POINT('Ctrl Pts',(-35.1306263391396,29.1486275042928,8.29585318459439));
#6908=CARTESIAN_POINT('Ctrl Pts',(-35.0849179495063,29.2978526609547,8.27899834705149));
#6909=CARTESIAN_POINT('Ctrl Pts',(-35.0287708415511,29.4807486418232,8.25808317688464));
#6910=CARTESIAN_POINT('Ctrl Pts',(-35.0181397980928,29.5153784383159,8.25411178726394));
#6911=CARTESIAN_POINT('Ctrl Pts',(-35.0075054843924,29.5500215655949,8.25012810167878));
#6912=CARTESIAN_POINT('Ctrl Pts',(-35.0075054259854,29.5500216104057,8.25012931588579));
#6913=CARTESIAN_POINT('Ctrl Pts',(-32.9342798302747,28.9377654598283,8.24818339342268));
#6914=CARTESIAN_POINT('Ctrl Pts',(-30.963113613424,28.0219084586934,8.23528179177314));
#6915=CARTESIAN_POINT('Ctrl Pts',(-27.4084728577051,25.6790623134328,8.20375689108099));
#6916=CARTESIAN_POINT('Ctrl Pts',(-25.8332874729634,24.2806243980455,8.18561234141686));
#6917=CARTESIAN_POINT('Ctrl Pts',(-22.6633780797213,20.5284263283898,8.15300102467354));
#6918=CARTESIAN_POINT('Ctrl Pts',(-21.2778089269849,18.0465113082649,8.1424891934577));
#6919=CARTESIAN_POINT('Ctrl Pts',(-19.5112631552802,12.6590914907401,8.17075621929062));
#6920=CARTESIAN_POINT('Ctrl Pts',(-19.1607287440977,9.7999147732123,8.20605551897133));
#6921=CARTESIAN_POINT('Ctrl Pts',(-19.4650330268473,5.62370806926343,8.3366736457193));
#6922=CARTESIAN_POINT('Ctrl Pts',(-19.6856891288006,4.29174654323143,8.37791626768518));
#6923=CARTESIAN_POINT('Ctrl Pts',(-20.2552067560508,2.11831519503047,8.5264284350867));
#6924=CARTESIAN_POINT('Ctrl Pts',(-20.538758452975,1.25826907162241,8.60850419658461));
#6925=CARTESIAN_POINT('Ctrl Pts',(-21.1944921418422,-0.382461716129871,
8.78975609717627));
#6926=CARTESIAN_POINT('Ctrl Pts',(-21.5619106463417,-1.16422924528988,8.88760537466685));
#6927=CARTESIAN_POINT('Ctrl Pts',(-21.9743701317053,-1.92209395251512,8.98433715472394));
#6928=CARTESIAN_POINT('',(-20.638413551468,2.86186859502416,8.58750778037026));
#6929=CARTESIAN_POINT('Ctrl Pts',(-20.638413551468,2.8618685950242,8.58750778037026));
#6930=CARTESIAN_POINT('Ctrl Pts',(-20.7456718984702,2.75293516211114,8.60934271698262));
#6931=CARTESIAN_POINT('Ctrl Pts',(-20.8610439074737,2.65215055998141,8.63229376086049));
#6932=CARTESIAN_POINT('Ctrl Pts',(-21.4596334879347,2.2024471264986,8.74794223420453));
#6933=CARTESIAN_POINT('Ctrl Pts',(-22.0416712253843,1.98743499619468,8.84806933182655));
#6934=CARTESIAN_POINT('Ctrl Pts',(-22.9685810052673,1.92980384671911,8.98092713035706));
#6935=CARTESIAN_POINT('Ctrl Pts',(-23.3028160220892,1.9628330363607,9.02413257707362));
#6936=CARTESIAN_POINT('Ctrl Pts',(-24.0514251195601,2.16277236440355,9.10956020087777));
#6937=CARTESIAN_POINT('Ctrl Pts',(-24.4545866969532,2.37089182370925,9.14660569569852));
#6938=CARTESIAN_POINT('Ctrl Pts',(-25.1080106219019,2.91407448478733,9.19435007562556));
#6939=CARTESIAN_POINT('Ctrl Pts',(-25.3667899531767,3.23665572423466,9.20721821704596));
#6940=CARTESIAN_POINT('Ctrl Pts',(-25.977904294475,4.39986664893376,9.22016542276486));
#6941=CARTESIAN_POINT('Ctrl Pts',(-26.0326696665152,6.39759184635275,9.14855062951506));
#6942=CARTESIAN_POINT('Ctrl Pts',(-24.5414654736926,7.71055036387923,8.95585965576395));
#6943=CARTESIAN_POINT('Ctrl Pts',(-22.8919214932946,8.17587566786044,8.75863806105396));
#6944=CARTESIAN_POINT('Ctrl Pts',(-22.0256085445869,8.07365627283906,8.65973738032774));
#6945=CARTESIAN_POINT('Ctrl Pts',(-20.9975377907843,7.48760393056191,8.53907887958967));
#6946=CARTESIAN_POINT('Ctrl Pts',(-20.7091056774612,7.24685640466578,8.50478359545546));
#6947=CARTESIAN_POINT('Ctrl Pts',(-20.2285980994041,6.66859616823116,8.44709199656697));
#6948=CARTESIAN_POINT('Ctrl Pts',(-20.039842930122,6.32923074235238,8.42409641851914));
#6949=CARTESIAN_POINT('Ctrl Pts',(-19.7920444924357,5.58424409367338,8.39539428140153));
#6950=CARTESIAN_POINT('Ctrl Pts',(-19.7412962824102,5.17646747320661,8.39106661687408));
#6951=CARTESIAN_POINT('Ctrl Pts',(-19.8222562889713,4.05730472005814,8.41497769042866));
#6952=CARTESIAN_POINT('Ctrl Pts',(-20.139263996754,3.36881351867595,8.4858942538533));
#6953=CARTESIAN_POINT('Ctrl Pts',(-20.638413551468,2.8618685950242,8.58750778037026));
#6954=CARTESIAN_POINT('Origin',(-53.3538764610162,-5.69009925791282,6.59472828129684));
#6955=CARTESIAN_POINT('',(-50.5053510126355,-5.69009925791282,5.08018276581232));
#6956=CARTESIAN_POINT('',(-50.4789145223259,-5.69009925791282,6.59472828129684));
#6957=CARTESIAN_POINT('Origin',(-53.3538764610162,-5.69009925791282,5.08018276581232));
#6958=CARTESIAN_POINT('Ctrl Pts',(-20.638413551468,2.8618685950242,8.58750778037026));
#6959=CARTESIAN_POINT('Ctrl Pts',(-20.139263996754,3.36881351867595,8.4858942538533));
#6960=CARTESIAN_POINT('Ctrl Pts',(-19.8222562889713,4.05730472005814,8.41497769042866));
#6961=CARTESIAN_POINT('Ctrl Pts',(-19.7412962824102,5.17646747320661,8.39106661687408));
#6962=CARTESIAN_POINT('Ctrl Pts',(-19.7920444924357,5.58424409367338,8.39539428140153));
#6963=CARTESIAN_POINT('Ctrl Pts',(-20.039842930122,6.32923074235238,8.42409641851914));
#6964=CARTESIAN_POINT('Ctrl Pts',(-20.2285980994041,6.66859616823116,8.44709199656697));
#6965=CARTESIAN_POINT('Ctrl Pts',(-20.7091056774612,7.24685640466578,8.50478359545546));
#6966=CARTESIAN_POINT('Ctrl Pts',(-20.9975377907843,7.48760393056191,8.53907887958967));
#6967=CARTESIAN_POINT('Ctrl Pts',(-22.0256085445869,8.07365627283906,8.65973738032774));
#6968=CARTESIAN_POINT('Ctrl Pts',(-22.8919214932946,8.17587566786044,8.75863806105396));
#6969=CARTESIAN_POINT('Ctrl Pts',(-24.5414654736926,7.71055036387923,8.95585965576395));
#6970=CARTESIAN_POINT('Ctrl Pts',(-26.0326696665152,6.39759184635275,9.14855062951506));
#6971=CARTESIAN_POINT('Ctrl Pts',(-25.977904294475,4.39986664893376,9.22016542276486));
#6972=CARTESIAN_POINT('Ctrl Pts',(-25.3667899531767,3.23665572423466,9.20721821704596));
#6973=CARTESIAN_POINT('Ctrl Pts',(-25.1080106219019,2.91407448478733,9.19435007562556));
#6974=CARTESIAN_POINT('Ctrl Pts',(-24.4545866969532,2.37089182370925,9.14660569569852));
#6975=CARTESIAN_POINT('Ctrl Pts',(-24.0514251195601,2.16277236440355,9.10956020087777));
#6976=CARTESIAN_POINT('Ctrl Pts',(-23.3028160220892,1.9628330363607,9.02413257707362));
#6977=CARTESIAN_POINT('Ctrl Pts',(-22.9685810052673,1.92980384671911,8.98092713035706));
#6978=CARTESIAN_POINT('Ctrl Pts',(-22.0416712253843,1.98743499619468,8.84806933182655));
#6979=CARTESIAN_POINT('Ctrl Pts',(-21.4596334879347,2.2024471264986,8.74794223420453));
#6980=CARTESIAN_POINT('Ctrl Pts',(-20.8610439074737,2.65215055998141,8.63229376086049));
#6981=CARTESIAN_POINT('Ctrl Pts',(-20.7456718984702,2.75293516211114,8.60934271698262));
#6982=CARTESIAN_POINT('Ctrl Pts',(-20.638413551468,2.8618685950242,8.58750778037026));
#6983=CARTESIAN_POINT('Ctrl Pts',(-20.6675702660862,2.89140580818441,8.59239755724871));
#6984=CARTESIAN_POINT('Ctrl Pts',(-20.1758455077142,3.39247817026306,8.49283666757907));
#6985=CARTESIAN_POINT('Ctrl Pts',(-19.8642725290517,4.07114828354521,8.42360304135866));
#6986=CARTESIAN_POINT('Ctrl Pts',(-19.7843661370698,5.17404081211749,8.3991718122315));
#6987=CARTESIAN_POINT('Ctrl Pts',(-19.8342683717946,5.57602930934246,8.40313169737517));
#6988=CARTESIAN_POINT('Ctrl Pts',(-20.0781683748287,6.3106141026219,8.43084747670913));
#6989=CARTESIAN_POINT('Ctrl Pts',(-20.2640736401932,6.64541564270573,8.45329895649556));
#6990=CARTESIAN_POINT('Ctrl Pts',(-20.7375480468521,7.21611245073113,8.50983878744377));
#6991=CARTESIAN_POINT('Ctrl Pts',(-21.0218992296135,7.45390285123505,8.54355139655121));
#6992=CARTESIAN_POINT('Ctrl Pts',(-22.0357494458162,8.03302108991404,8.66234235036092));
#6993=CARTESIAN_POINT('Ctrl Pts',(-22.8908524944678,8.13491718213595,8.76001013982574));
#6994=CARTESIAN_POINT('Ctrl Pts',(-24.5199929786863,7.67681476143733,8.95496936790669));
#6995=CARTESIAN_POINT('Ctrl Pts',(-25.9941477381623,6.38107953187364,9.14573604924289));
#6996=CARTESIAN_POINT('Ctrl Pts',(-25.9407335083665,4.40699833924795,9.21657295798568));
#6997=CARTESIAN_POINT('Ctrl Pts',(-25.3369891639564,3.25761446051907,9.20357540466265));
#6998=CARTESIAN_POINT('Ctrl Pts',(-25.081223347716,2.93892060205746,9.19077713259368));
#6999=CARTESIAN_POINT('Ctrl Pts',(-24.4354670782054,2.40243067666066,9.14341001958815));
#7000=CARTESIAN_POINT('Ctrl Pts',(-24.0369903230414,2.19703596980117,9.10671028672391));
#7001=CARTESIAN_POINT('Ctrl Pts',(-23.2972508415673,2.00017331042484,9.02227037160953));
#7002=CARTESIAN_POINT('Ctrl Pts',(-22.9670269277116,1.96791858549797,8.97959654562518));
#7003=CARTESIAN_POINT('Ctrl Pts',(-22.0515377690169,2.02600123883031,8.84848919860285));
#7004=CARTESIAN_POINT('Ctrl Pts',(-21.4770667577375,2.23932625246917,8.7498541483783));
#7005=CARTESIAN_POINT('Ctrl Pts',(-20.8869491476961,2.68412684621838,8.63632178037736));
#7006=CARTESIAN_POINT('Ctrl Pts',(-20.7732419267097,2.78376589697232,8.61380142837326));
#7007=CARTESIAN_POINT('Ctrl Pts',(-20.6675702660862,2.89140580818441,8.59239755724871));
#7008=CARTESIAN_POINT('Ctrl Pts',(-20.7323726979287,2.94955722156359,8.56568961471058));
#7009=CARTESIAN_POINT('Ctrl Pts',(-20.2561156304859,3.43884772661454,8.46809345752745));
#7010=CARTESIAN_POINT('Ctrl Pts',(-19.955989479986,4.09851630295531,8.40060360100212));
#7011=CARTESIAN_POINT('Ctrl Pts',(-19.8775283689111,5.1687789058217,8.37561990903055));
#7012=CARTESIAN_POINT('Ctrl Pts',(-19.925331231067,5.55903433117113,8.37913891065673));
#7013=CARTESIAN_POINT('Ctrl Pts',(-20.1608192367401,6.27272586190325,8.40583215190052));
#7014=CARTESIAN_POINT('Ctrl Pts',(-20.3406870936535,6.59829838088901,8.42771106562039));
#7015=CARTESIAN_POINT('Ctrl Pts',(-20.7995782211942,7.15384428764287,8.48309581180622));
#7016=CARTESIAN_POINT('Ctrl Pts',(-21.075489439829,7.38559901275588,8.51622704281738));
#7017=CARTESIAN_POINT('Ctrl Pts',(-22.0602560962359,7.95093394046205,8.63320586619179));
#7018=CARTESIAN_POINT('Ctrl Pts',(-22.8924770655418,8.05193676322284,8.72971306846341));
#7019=CARTESIAN_POINT('Ctrl Pts',(-24.480318327045,7.60838227871374,8.9226135104189));
#7020=CARTESIAN_POINT('Ctrl Pts',(-25.9197844682395,6.34699403025777,9.11168420638106));
#7021=CARTESIAN_POINT('Ctrl Pts',(-25.8691145865432,4.420144753307,9.18186824159887));
#7022=CARTESIAN_POINT('Ctrl Pts',(-25.280070662925,3.298454197238,9.16885250777707));
#7023=CARTESIAN_POINT('Ctrl Pts',(-25.0305078471721,2.98747796697348,9.15611759756946));
#7024=CARTESIAN_POINT('Ctrl Pts',(-24.4002962598316,2.46439663217178,9.10909924299422));
#7025=CARTESIAN_POINT('Ctrl Pts',(-24.0114338393666,2.2644325847596,9.07270829048722));
#7026=CARTESIAN_POINT('Ctrl Pts',(-23.2899181381647,2.0737773479466,8.98916839147414));
#7027=CARTESIAN_POINT('Ctrl Pts',(-22.9679742480429,2.04306842942048,8.94697715525937));
#7028=CARTESIAN_POINT('Ctrl Pts',(-22.0760764835794,2.10204656462836,8.8174891627912));
#7029=CARTESIAN_POINT('Ctrl Pts',(-21.5173408790449,2.31196369808497,8.72025769062987));
#7030=CARTESIAN_POINT('Ctrl Pts',(-20.944936124982,2.74708625135863,8.60876667812759));
#7031=CARTESIAN_POINT('Ctrl Pts',(-20.8347201026076,2.84446199629847,8.58667145551685));
#7032=CARTESIAN_POINT('Ctrl Pts',(-20.7323726979287,2.94955722156359,8.56568961471058));
#7033=CARTESIAN_POINT('Ctrl Pts',(-20.768052984356,2.96819788673826,8.48393174753841));
#7034=CARTESIAN_POINT('Ctrl Pts',(-20.2965507810132,3.45181466835779,8.3839094122074));
#7035=CARTESIAN_POINT('Ctrl Pts',(-19.9983517006261,4.10610294819074,8.31430559075455));
#7036=CARTESIAN_POINT('Ctrl Pts',(-19.9195169004509,5.16640872488337,8.28969910216079));
#7037=CARTESIAN_POINT('Ctrl Pts',(-19.9665643158844,5.55282683530666,8.29362784920082));
#7038=CARTESIAN_POINT('Ctrl Pts',(-20.1994120988847,6.25924967986509,8.321411570782));
#7039=CARTESIAN_POINT('Ctrl Pts',(-20.3774165112554,6.58131406429129,8.3439288481416));
#7040=CARTESIAN_POINT('Ctrl Pts',(-20.8315209945262,7.13055911169741,8.40066030856035));
#7041=CARTESIAN_POINT('Ctrl Pts',(-21.1045150370086,7.35945481374727,8.43448695303769));
#7042=CARTESIAN_POINT('Ctrl Pts',(-22.0785558710112,7.91735196988075,8.55368605272673));
#7043=CARTESIAN_POINT('Ctrl Pts',(-22.901106230032,8.01584156437518,8.65167886236481));
#7044=CARTESIAN_POINT('Ctrl Pts',(-24.4693388047146,7.57538383405964,8.84728033518141));
#7045=CARTESIAN_POINT('Ctrl Pts',(-25.8894503549441,6.32746819397368,9.03863215233902));
#7046=CARTESIAN_POINT('Ctrl Pts',(-25.8385273491827,4.42453677574866,9.10975515528257));
#7047=CARTESIAN_POINT('Ctrl Pts',(-25.2570793263975,3.3166618675711,9.09683947438949));
#7048=CARTESIAN_POINT('Ctrl Pts',(-25.0108721869536,3.0094874399843,9.08404499401889));
#7049=CARTESIAN_POINT('Ctrl Pts',(-24.3891956337511,2.49265946177099,9.0366335271529));
#7050=CARTESIAN_POINT('Ctrl Pts',(-24.0057097886616,2.29495227076637,8.99987475787106));
#7051=CARTESIAN_POINT('Ctrl Pts',(-23.2941319279151,2.10604263818794,8.91524784670652));
#7052=CARTESIAN_POINT('Ctrl Pts',(-22.9765678528806,2.07532184045515,8.87246818487047));
#7053=CARTESIAN_POINT('Ctrl Pts',(-22.0964188145231,2.13233191771171,8.74099816233196));
#7054=CARTESIAN_POINT('Ctrl Pts',(-21.5445945280389,2.33863577806022,8.64204243380876));
#7055=CARTESIAN_POINT('Ctrl Pts',(-20.9784379731101,2.76813758846523,8.52804539012669));
#7056=CARTESIAN_POINT('Ctrl Pts',(-20.8693755314564,2.86431724172168,8.50543114202505));
#7057=CARTESIAN_POINT('Ctrl Pts',(-20.768052984356,2.96819788673826,8.48393174753841));
#7058=CARTESIAN_POINT('Ctrl Pts',(-20.7726778014393,2.96446484745014,8.4425127094665));
#7059=CARTESIAN_POINT('Ctrl Pts',(-20.2997259415962,3.44738608720484,8.34120267972793));
#7060=CARTESIAN_POINT('Ctrl Pts',(-19.9994098012032,4.1034902107337,8.27050241115963));
#7061=CARTESIAN_POINT('Ctrl Pts',(-19.9201323333379,5.16639277544421,8.2461263467678));
#7062=CARTESIAN_POINT('Ctrl Pts',(-19.9673169624363,5.55353958374782,8.25025537680741));
#7063=CARTESIAN_POINT('Ctrl Pts',(-20.2009460612892,6.26101696521506,8.27861782459117));
#7064=CARTESIAN_POINT('Ctrl Pts',(-20.3794672121328,6.58333526812384,8.30146287843133));
#7065=CARTESIAN_POINT('Ctrl Pts',(-20.8346381125911,7.13261532868945,8.35889919479927));
#7066=CARTESIAN_POINT('Ctrl Pts',(-21.1081061752521,7.36130669413371,8.39308532340495));
#7067=CARTESIAN_POINT('Ctrl Pts',(-22.0833834270718,7.91799875845891,8.51344226890598));
#7068=CARTESIAN_POINT('Ctrl Pts',(-22.9059442895051,8.01504208553023,8.61220241572517));
#7069=CARTESIAN_POINT('Ctrl Pts',(-24.4726739475085,7.57235219621505,8.80920720858342));
#7070=CARTESIAN_POINT('Ctrl Pts',(-25.8893774488716,6.32380085934875,9.00173934666013));
#7071=CARTESIAN_POINT('Ctrl Pts',(-25.8373743560748,4.42397166632259,9.07334563537923));
#7072=CARTESIAN_POINT('Ctrl Pts',(-25.2570540305562,3.31777039979325,9.0604840706253));
#7073=CARTESIAN_POINT('Ctrl Pts',(-25.011352368432,3.01103380615959,9.04765652176383));
#7074=CARTESIAN_POINT('Ctrl Pts',(-24.3911502601474,2.49468864913926,9.00004232992184));
#7075=CARTESIAN_POINT('Ctrl Pts',(-24.0085964298787,2.2969715745608,8.963091365337));
#7076=CARTESIAN_POINT('Ctrl Pts',(-23.2986041762028,2.10742612882776,8.87790169558355));
#7077=CARTESIAN_POINT('Ctrl Pts',(-22.9816300176294,2.07622058261768,8.8348154026911));
#7078=CARTESIAN_POINT('Ctrl Pts',(-22.1026420617867,2.1315403952612,8.70231875478774));
#7079=CARTESIAN_POINT('Ctrl Pts',(-21.5508636659428,2.33629875569413,8.60247019789935));
#7080=CARTESIAN_POINT('Ctrl Pts',(-20.9836265037945,2.7646848246353,8.48716467084858));
#7081=CARTESIAN_POINT('Ctrl Pts',(-20.8743067113781,2.86069352685165,8.46428240620008));
#7082=CARTESIAN_POINT('Ctrl Pts',(-20.7726778014393,2.96446484745014,8.4425127094665));
#7083=CARTESIAN_POINT('',(-20.7726605074128,2.96447869693198,8.4426670411682));
#7084=CARTESIAN_POINT('Origin',(-20.6657844215063,2.85926154497818,8.44004918020261));
#7085=CARTESIAN_POINT('',(-19.9405477462321,5.00432466281599,8.25141437608446));
#7086=CARTESIAN_POINT('Ctrl Pts',(-20.7726605074128,2.96447869693198,8.4426670411682));
#7087=CARTESIAN_POINT('Ctrl Pts',(-20.2997140315101,3.44740253830663,8.34136180924581));
#7088=CARTESIAN_POINT('Ctrl Pts',(-19.9994057653701,4.10349991656474,8.27066562603739));
#7089=CARTESIAN_POINT('Ctrl Pts',(-19.9431501854971,4.85774828726519,8.2533673132048));
#7090=CARTESIAN_POINT('Ctrl Pts',(-19.9404722733511,4.93104046518648,8.25216328158518));
#7091=CARTESIAN_POINT('Ctrl Pts',(-19.9405477462692,5.00432466279524,8.25141437396929));
#7092=CARTESIAN_POINT('Ctrl Pts',(-19.940547746195,5.00432466283674,8.25141437819963));
#7093=CARTESIAN_POINT('Ctrl Pts',(-19.9406493869583,5.10301802596915,8.25040581982904));
#7094=CARTESIAN_POINT('Ctrl Pts',(-19.9457444745159,5.20169051177588,8.25022336552456));
#7095=CARTESIAN_POINT('Ctrl Pts',(-19.9557826228165,5.29984551120091,8.25082397201489));
#7096=CARTESIAN_POINT('Ctrl Pts',(-19.9658200251379,5.39799321629452,8.25142453387151));
#7097=CARTESIAN_POINT('Ctrl Pts',(-19.980799944935,5.49562491836839,8.25280805138578));
#7098=CARTESIAN_POINT('Ctrl Pts',(-20.0006747265874,5.59224236746592,8.25493244766065));
#7099=CARTESIAN_POINT('Ctrl Pts',(-20.0205506372844,5.68886530519717,8.25705696461798));
#7100=CARTESIAN_POINT('Ctrl Pts',(-20.0453229828205,5.78447506870331,8.25992244834479));
#7101=CARTESIAN_POINT('Ctrl Pts',(-20.0749377632759,5.878551824229,8.2634876401001));
#7102=CARTESIAN_POINT('Ctrl Pts',(-20.078951705354,5.89130284388102,8.26397086074139));
#7103=CARTESIAN_POINT('Ctrl Pts',(-20.0830545807891,5.90402565402155,8.26446693672509));
#7104=CARTESIAN_POINT('Ctrl Pts',(-20.0872462260968,5.91671891322073,8.26497576650203));
#7105=CARTESIAN_POINT('Ctrl Pts',(-20.0999961421502,5.95532857061189,8.26652349691939));
#7106=CARTESIAN_POINT('Ctrl Pts',(-20.1135616984913,5.99366307069536,8.26818509236082));
#7107=CARTESIAN_POINT('Ctrl Pts',(-20.1279250391778,6.03169077419286,8.26995659562843));
#7108=CARTESIAN_POINT('Ctrl Pts',(-20.1484637692977,6.08606814755326,8.27248974082872));
#7109=CARTESIAN_POINT('Ctrl Pts',(-20.1706337789088,6.13981819047015,8.27524762120819));
#7110=CARTESIAN_POINT('Ctrl Pts',(-20.194382323164,6.19284860096212,8.27821859350074));
#7111=CARTESIAN_POINT('Ctrl Pts',(-20.2347463237951,6.28298126339232,8.28326817995973));
#7112=CARTESIAN_POINT('Ctrl Pts',(-20.2796706190656,6.37103644105483,8.28893337242514));
#7113=CARTESIAN_POINT('Ctrl Pts',(-20.3289037273753,6.45657821500012,8.29515802996601));
#7114=CARTESIAN_POINT('Ctrl Pts',(-20.3781630861571,6.5421655987397,8.30138600641572));
#7115=CARTESIAN_POINT('Ctrl Pts',(-20.4317366250684,6.62523809635924,8.30817404598907));
#7116=CARTESIAN_POINT('Ctrl Pts',(-20.4893731501256,6.70535631620588,8.31546683397481));
#7117=CARTESIAN_POINT('Ctrl Pts',(-20.527895018923,6.75890401968297,8.32034103174567));
#7118=CARTESIAN_POINT('Ctrl Pts',(-20.5682319116956,6.81113189586958,8.32544072147928));
#7119=CARTESIAN_POINT('Ctrl Pts',(-20.6103054020867,6.86190475336001,8.33074960692849));
#7120=CARTESIAN_POINT('Ctrl Pts',(-20.6358476131291,6.89272822508025,8.33397255494832));
#7121=CARTESIAN_POINT('Ctrl Pts',(-20.6620289317079,6.92300930805301,8.3372718376353));
#7122=CARTESIAN_POINT('Ctrl Pts',(-20.6888222592552,6.95272782434175,8.34064382021721));
#7123=CARTESIAN_POINT('Ctrl Pts',(-20.7311428672818,6.99966882772279,8.345969935567));
#7124=CARTESIAN_POINT('Ctrl Pts',(-20.7749904288983,7.04520622446889,8.35147743624814));
#7125=CARTESIAN_POINT('Ctrl Pts',(-20.8202570100897,7.08926150571208,8.35715185786543));
#7126=CARTESIAN_POINT('Ctrl Pts',(-20.8942262635274,7.16125139710178,8.36642432156106));
#7127=CARTESIAN_POINT('Ctrl Pts',(-20.9719853732801,7.22928514075749,8.37614256046853));
#7128=CARTESIAN_POINT('Ctrl Pts',(-21.053085209628,7.29304557628153,8.3862445423644));
#7129=CARTESIAN_POINT('Ctrl Pts',(-21.1342021798576,7.3568194824094,8.39634865849594));
#7130=CARTESIAN_POINT('Ctrl Pts',(-21.218662312228,7.41631952003139,8.40683668399366));
#7131=CARTESIAN_POINT('Ctrl Pts',(-21.3060264285838,7.47123191589886,8.41764736675204));
#7132=CARTESIAN_POINT('Ctrl Pts',(-21.3412271030745,7.49335717113024,8.42200319773476));
#7133=CARTESIAN_POINT('Ctrl Pts',(-21.3768992466189,7.51473759201739,8.42641141909892));
#7134=CARTESIAN_POINT('Ctrl Pts',(-21.413013897302,7.53535227168329,8.43086806107351));
#7135=CARTESIAN_POINT('Ctrl Pts',(-21.413014495483,7.53535261313226,8.43086813489061));
#7136=CARTESIAN_POINT('Ctrl Pts',(-21.4130150936642,7.53535295458103,8.43086820870773));
#7137=CARTESIAN_POINT('Ctrl Pts',(-21.4130156918455,7.53535329602959,8.43086828252485));
#7138=CARTESIAN_POINT('Ctrl Pts',(-21.5009361311411,7.58553926465694,8.44171789317768));
#7139=CARTESIAN_POINT('Ctrl Pts',(-21.5915707019831,7.63086203959164,8.45284793677924));
#7140=CARTESIAN_POINT('Ctrl Pts',(-21.684295416307,7.67120802009143,8.46420625496258));
#7141=CARTESIAN_POINT('Ctrl Pts',(-21.7771025597163,7.71158986678175,8.47557467030055));
#7142=CARTESIAN_POINT('Ctrl Pts',(-21.8720051815943,7.74698984763062,8.48717193002552));
#7143=CARTESIAN_POINT('Ctrl Pts',(-21.968433001957,7.77735362745375,8.49894722615733));
#7144=CARTESIAN_POINT('Ctrl Pts',(-22.0649238073058,7.80773724037321,8.51073021370912));
#7145=CARTESIAN_POINT('Ctrl Pts',(-22.1629426892221,7.83308004994295,8.52269149334211));
#7146=CARTESIAN_POINT('Ctrl Pts',(-22.2619622315776,7.85334829113874,8.53478104680014));
#7147=CARTESIAN_POINT('Ctrl Pts',(-22.3610236742665,7.8736251088846,8.54687571597884));
#7148=CARTESIAN_POINT('Ctrl Pts',(-22.4610880280769,7.88882414823997,8.55909876454299));
#7149=CARTESIAN_POINT('Ctrl Pts',(-22.5616536502693,7.89890930036172,8.5714008077127));
#7150=CARTESIAN_POINT('Ctrl Pts',(-22.6622507829496,7.90899761249042,8.5837067055136));
#7151=CARTESIAN_POINT('Ctrl Pts',(-22.7633511093635,7.91396905219522,8.59609161978845));
#7152=CARTESIAN_POINT('Ctrl Pts',(-22.8644561221955,7.91377540274257,8.60850708646432));
#7153=CARTESIAN_POINT('Ctrl Pts',(-22.9655436465963,7.91358178678604,8.62092040560044));
#7154=CARTESIAN_POINT('Ctrl Pts',(-23.0666374561598,7.90822421037684,8.6333642672667));
#7155=CARTESIAN_POINT('Ctrl Pts',(-23.1672186155946,7.89764565100598,8.64579145153377));
#7156=CARTESIAN_POINT('Ctrl Pts',(-23.267753124745,7.88707199804906,8.65821287198101));
#7157=CARTESIAN_POINT('Ctrl Pts',(-23.3677767728995,7.8712805928332,8.6706176788449));
#7158=CARTESIAN_POINT('Ctrl Pts',(-23.4667284977514,7.85022259536597,8.68295954699497));
#7159=CARTESIAN_POINT('Ctrl Pts',(-23.5273868155783,7.83731384915586,8.69052522573323));
#7160=CARTESIAN_POINT('Ctrl Pts',(-23.5876413547134,7.82242621605019,8.69806726417423));
#7161=CARTESIAN_POINT('Ctrl Pts',(-23.647352319597,7.80555495036849,8.70557502713101));
#7162=CARTESIAN_POINT('Ctrl Pts',(-23.6473536245794,7.80555458164718,8.70557519121308));
#7163=CARTESIAN_POINT('Ctrl Pts',(-23.6473549295616,7.80555421292491,8.70557535529513));
#7164=CARTESIAN_POINT('Ctrl Pts',(-23.6473562345436,7.80555384420168,8.70557551937717));
#7165=CARTESIAN_POINT('Ctrl Pts',(-23.7403802151788,7.7792698780314,8.71727189881846));
#7166=CARTESIAN_POINT('Ctrl Pts',(-23.8320511820495,7.74797428048757,8.72887954292924));
#7167=CARTESIAN_POINT('Ctrl Pts',(-23.921868743284,7.71202025435696,8.74036088231891));
#7168=CARTESIAN_POINT('Ctrl Pts',(-24.0116185866652,7.67609333572555,8.75183356536513));
#7169=CARTESIAN_POINT('Ctrl Pts',(-24.0995228285036,7.63551639254295,8.7631804857144));
#7170=CARTESIAN_POINT('Ctrl Pts',(-24.1851745066457,7.59064775858881,8.77436676074115));
#7171=CARTESIAN_POINT('Ctrl Pts',(-24.2707833430598,7.54580156727504,8.78554744055526));
#7172=CARTESIAN_POINT('Ctrl Pts',(-24.3541438696226,7.49666895341687,8.79656769545167));
#7173=CARTESIAN_POINT('Ctrl Pts',(-24.4349030998575,7.44359224185594,8.80739373768245));
#7174=CARTESIAN_POINT('Ctrl Pts',(-24.5156338298949,7.39053426124083,8.81821595936737));
#7175=CARTESIAN_POINT('Ctrl Pts',(-24.593766836194,7.33353499447196,8.82884412322916));
#7176=CARTESIAN_POINT('Ctrl Pts',(-24.6689745872327,7.27291374960513,8.83924487196677));
#7177=CARTESIAN_POINT('Ctrl Pts',(-24.744166864847,7.21230497709967,8.84964348082921));
#7178=CARTESIAN_POINT('Ctrl Pts',(-24.8164364186943,7.14807508568719,8.85981472898851));
#7179=CARTESIAN_POINT('Ctrl Pts',(-24.8854579500896,7.08052526796503,8.86972586691947));
#7180=CARTESIAN_POINT('Ctrl Pts',(-24.954495218043,7.01296004922791,8.87963926453948));
#7181=CARTESIAN_POINT('Ctrl Pts',(-25.020283848452,6.94207224970669,8.88929239517204));
#7182=CARTESIAN_POINT('Ctrl Pts',(-25.0824838355155,6.86815871025136,8.89865372348714));
#7183=CARTESIAN_POINT('Ctrl Pts',(-25.1446852024127,6.79424353111093,8.90801525947231));
#7184=CARTESIAN_POINT('Ctrl Pts',(-25.2032980627847,6.71730088414019,8.91708499774261));
#7185=CARTESIAN_POINT('Ctrl Pts',(-25.2579590291538,6.63764361909127,8.92583281924456));
#7186=CARTESIAN_POINT('Ctrl Pts',(-25.3126529090632,6.55793838923727,8.9345859081575));
#7187=CARTESIAN_POINT('Ctrl Pts',(-25.3633896204571,6.47551329717076,8.94301675512879));
#7188=CARTESIAN_POINT('Ctrl Pts',(-25.4097830498711,6.39072467778927,8.95109595794408));
#7189=CARTESIAN_POINT('Ctrl Pts',(-25.4507294393991,6.31589106706914,8.95822658376177));
#7190=CARTESIAN_POINT('Ctrl Pts',(-25.4882913962885,6.23921605379116,8.96508331338024));
#7191=CARTESIAN_POINT('Ctrl Pts',(-25.5221990015741,6.16099151641022,8.97164591899972));
#7192=CARTESIAN_POINT('Ctrl Pts',(-25.5602751060726,6.0731502892113,8.97901531165499));
#7193=CARTESIAN_POINT('Ctrl Pts',(-25.5937948391106,5.98323543508344,8.98601419167684));
#7194=CARTESIAN_POINT('Ctrl Pts',(-25.6227167899412,5.89180611133451,8.99261890285386));
#7195=CARTESIAN_POINT('Ctrl Pts',(-25.6515944792509,5.800516709023,8.99921350632534));
#7196=CARTESIAN_POINT('Ctrl Pts',(-25.6758908985395,5.70771691167732,9.00541518601241));
#7197=CARTESIAN_POINT('Ctrl Pts',(-25.6956018607584,5.61390974479033,9.01120137081877));
#7198=CARTESIAN_POINT('Ctrl Pts',(-25.715294360726,5.52019044228324,9.01698213600148));
#7199=CARTESIAN_POINT('Ctrl Pts',(-25.7304115117904,5.42546449021737,9.02234819398373));
#7200=CARTESIAN_POINT('Ctrl Pts',(-25.7409564310781,5.33019342519178,9.02727758213313));
#7201=CARTESIAN_POINT('Ctrl Pts',(-25.7514933863525,5.23499431330384,9.03220324737942));
#7202=CARTESIAN_POINT('Ctrl Pts',(-25.7574657252059,5.13924953230625,9.03669286953667));
#7203=CARTESIAN_POINT('Ctrl Pts',(-25.7588672501867,5.04339886508202,9.04072528185915));
#7204=CARTESIAN_POINT('Ctrl Pts',(-25.7602679704323,4.94760323390673,9.04475537882955));
#7205=CARTESIAN_POINT('Ctrl Pts',(-25.7571031446934,4.85170041893897,9.04832876349618));
#7206=CARTESIAN_POINT('Ctrl Pts',(-25.7493518737087,4.75612982319306,9.05142555278342));
#7207=CARTESIAN_POINT('Ctrl Pts',(-25.7416025355282,4.66058305828185,9.05452156987631));
#7208=CARTESIAN_POINT('Ctrl Pts',(-25.7292683798161,4.56536697218706,9.05714124351114));
#7209=CARTESIAN_POINT('Ctrl Pts',(-25.71231855059,4.47094204957268,9.05926606331116));
#7210=CARTESIAN_POINT('Ctrl Pts',(-25.6953726420431,4.37653896846604,9.06139039161734));
#7211=CARTESIAN_POINT('Ctrl Pts',(-25.6738117519801,4.28292550817316,9.06302013703994));
#7212=CARTESIAN_POINT('Ctrl Pts',(-25.647610706521,4.19060259529545,9.06413770077148));
#7213=CARTESIAN_POINT('Ctrl Pts',(-25.6214017937014,4.09825196071301,9.06525560007272));
#7214=CARTESIAN_POINT('Ctrl Pts',(-25.590547593844,4.00719203320598,9.06586103812464));
#7215=CARTESIAN_POINT('Ctrl Pts',(-25.5550569351511,3.91797892820233,9.06593673843901));
#7216=CARTESIAN_POINT('Ctrl Pts',(-25.5230644510678,3.83755920800085,9.0660049772712));
#7217=CARTESIAN_POINT('Ctrl Pts',(-25.487300263281,3.75863536810775,9.06564281107027));
#7218=CARTESIAN_POINT('Ctrl Pts',(-25.4478304577474,3.6816700218394,9.06483751571144));
#7219=CARTESIAN_POINT('Ctrl Pts',(-25.4440512253604,3.67430059284519,9.06476040871128));
#7220=CARTESIAN_POINT('Ctrl Pts',(-25.4402380543394,3.66694910066897,9.06467924328465));
#7221=CARTESIAN_POINT('Ctrl Pts',(-25.4363910247261,3.65961593882129,9.06459401096006));
#7222=CARTESIAN_POINT('Ctrl Pts',(-25.436389739999,3.65961348988979,9.06459398249646));
#7223=CARTESIAN_POINT('Ctrl Pts',(-25.4363884552685,3.65961104096023,9.06459395403242));
#7224=CARTESIAN_POINT('Ctrl Pts',(-25.4363871705347,3.65960859203262,9.06459392556793));
#7225=CARTESIAN_POINT('Ctrl Pts',(-25.3904650991456,3.57207308160079,9.0635764787314));
#7226=CARTESIAN_POINT('Ctrl Pts',(-25.3402013696931,3.48685727055033,9.06197921936914));
#7227=CARTESIAN_POINT('Ctrl Pts',(-25.2858546741781,3.40436228435166,9.05978343362665));
#7228=CARTESIAN_POINT('Ctrl Pts',(-25.2315063931459,3.3218648914343,9.05758758382404));
#7229=CARTESIAN_POINT('Ctrl Pts',(-25.1730740003818,3.24208740386201,9.05479315272831));
#7230=CARTESIAN_POINT('Ctrl Pts',(-25.1108127232231,3.16543937103041,9.05138204367448));
#7231=CARTESIAN_POINT('Ctrl Pts',(-25.0485312866155,3.0887665204924,9.04796983014478));
#7232=CARTESIAN_POINT('Ctrl Pts',(-24.9824169924169,3.01522460648903,9.04394053337058));
#7233=CARTESIAN_POINT('Ctrl Pts',(-24.9127399009047,2.94524434886897,9.03927686617262));
#7234=CARTESIAN_POINT('Ctrl Pts',(-24.8497218873888,2.88195214299714,9.03505890821635));
#7235=CARTESIAN_POINT('Ctrl Pts',(-24.7837884111629,2.82157360459311,9.03032204226072));
#7236=CARTESIAN_POINT('Ctrl Pts',(-24.7151680289736,2.76444446598838,9.02505407544147));
#7237=CARTESIAN_POINT('Ctrl Pts',(-24.6817369371068,2.73661178100419,9.02248758022436));
#7238=CARTESIAN_POINT('Ctrl Pts',(-24.6476808828422,2.70954448175254,9.01979281950073));
#7239=CARTESIAN_POINT('Ctrl Pts',(-24.6130403099187,2.68326301907092,9.01697005387259));
#7240=CARTESIAN_POINT('Ctrl Pts',(-24.5696388132509,2.65033472953247,9.01343338450876));
#7241=CARTESIAN_POINT('Ctrl Pts',(-24.5253197393707,2.61864005393529,9.00969577234161));
#7242=CARTESIAN_POINT('Ctrl Pts',(-24.4801630903219,2.58821863903474,9.00575782341471));
#7243=CARTESIAN_POINT('Ctrl Pts',(-24.3988712573694,2.53345344652454,8.99866865508436));
#7244=CARTESIAN_POINT('Ctrl Pts',(-24.3148641030368,2.48281358437939,8.9909301662996));
#7245=CARTESIAN_POINT('Ctrl Pts',(-24.2285883074208,2.43651537171286,8.98254650643012));
#7246=CARTESIAN_POINT('Ctrl Pts',(-24.1422640065631,2.3901911296603,8.97415813317093));
#7247=CARTESIAN_POINT('Ctrl Pts',(-24.0536673599926,2.34821262851304,8.96512386342378));
#7248=CARTESIAN_POINT('Ctrl Pts',(-23.9632403918808,2.31079679276523,8.95544877737191));
#7249=CARTESIAN_POINT('Ctrl Pts',(-23.8727189470463,2.27334186552054,8.94576358293709));
#7250=CARTESIAN_POINT('Ctrl Pts',(-23.7803618581685,2.24045909569948,8.9354362340803));
#7251=CARTESIAN_POINT('Ctrl Pts',(-23.6866271745639,2.21237276222905,8.92447272530775));
#7252=CARTESIAN_POINT('Ctrl Pts',(-23.6589099220441,2.2040676614145,8.92123082669065));
#7253=CARTESIAN_POINT('Ctrl Pts',(-23.6310723678146,2.19618198239819,8.91793330617763));
#7254=CARTESIAN_POINT('Ctrl Pts',(-23.6031269972874,2.1887216087018,8.91458034382933));
#7255=CARTESIAN_POINT('Ctrl Pts',(-23.5360296971094,2.1708091271743,8.90652982537401));
#7256=CARTESIAN_POINT('Ctrl Pts',(-23.4683249518254,2.15532758951134,8.89816189095954));
#7257=CARTESIAN_POINT('Ctrl Pts',(-23.4001896090282,2.14228720901113,8.88950193434673));
#7258=CARTESIAN_POINT('Ctrl Pts',(-23.3695707000985,2.13642707524571,8.88561029144927));
#7259=CARTESIAN_POINT('Ctrl Pts',(-23.3388648388439,2.13105990510397,8.88165967801392));
#7260=CARTESIAN_POINT('Ctrl Pts',(-23.3080880928384,2.12618653923111,8.87765240776756));
#7261=CARTESIAN_POINT('Ctrl Pts',(-23.2086886329657,2.11044706061833,8.86471015266425));
#7262=CARTESIAN_POINT('Ctrl Pts',(-23.1085483975612,2.09985799460106,8.85117686133622));
#7263=CARTESIAN_POINT('Ctrl Pts',(-23.0081900564122,2.09444509502866,8.8371311552867));
#7264=CARTESIAN_POINT('Ctrl Pts',(-22.9076552566138,2.08902267803163,8.82306075287125));
#7265=CARTESIAN_POINT('Ctrl Pts',(-22.8069000905893,2.08879466459577,8.80847613458892));
#7266=CARTESIAN_POINT('Ctrl Pts',(-22.706452886551,2.09378871700974,8.79345723467967));
#7267=CARTESIAN_POINT('Ctrl Pts',(-22.693734037303,2.09442107507683,8.79155550803983));
#7268=CARTESIAN_POINT('Ctrl Pts',(-22.6810201469845,2.09513715933081,8.78964681965278));
#7269=CARTESIAN_POINT('Ctrl Pts',(-22.6683123103922,2.09593702409072,8.78773133283407));
#7270=CARTESIAN_POINT('Ctrl Pts',(-22.6391045636776,2.09777543672247,8.78332876962594));
#7271=CARTESIAN_POINT('Ctrl Pts',(-22.6099313642907,2.1000649584016,8.77888753056787));
#7272=CARTESIAN_POINT('Ctrl Pts',(-22.5808056658696,2.10280116253862,8.77441067797993));
#7273=CARTESIAN_POINT('Ctrl Pts',(-22.5078053515887,2.10965915299951,8.76318994633658));
#7274=CARTESIAN_POINT('Ctrl Pts',(-22.4351034793189,2.11932354774687,8.75174547224099));
#7275=CARTESIAN_POINT('Ctrl Pts',(-22.3629037887397,2.13172106523327,8.74012571434806));
#7276=CARTESIAN_POINT('Ctrl Pts',(-22.2617211212019,2.14909529329514,8.72384146035311));
#7277=CARTESIAN_POINT('Ctrl Pts',(-22.1615230517925,2.17183692062024,8.70721283524748));
#7278=CARTESIAN_POINT('Ctrl Pts',(-22.0628267999147,2.19974453809812,8.69037368934604));
#7279=CARTESIAN_POINT('Ctrl Pts',(-21.9639491094059,2.22770345965102,8.6735035871365));
#7280=CARTESIAN_POINT('Ctrl Pts',(-21.8665770438409,2.2608471760598,8.65642218922044));
#7281=CARTESIAN_POINT('Ctrl Pts',(-21.7712126199509,2.29898156785516,8.6392651302651));
#7282=CARTESIAN_POINT('Ctrl Pts',(-21.6757988703965,2.33713568403135,8.62209919710596));
#7283=CARTESIAN_POINT('Ctrl Pts',(-21.5823933496925,2.38028638428608,8.60485753699721));
#7284=CARTESIAN_POINT('Ctrl Pts',(-21.4915051746195,2.42824351781965,8.58767689448718));
#7285=CARTESIAN_POINT('Ctrl Pts',(-21.4005998517611,2.47620969937991,8.5704930105217));
#7286=CARTESIAN_POINT('Ctrl Pts',(-21.3122118690479,2.52898573396236,8.55337015891463));
#7287=CARTESIAN_POINT('Ctrl Pts',(-21.2268756139713,2.58636791893076,8.53644603618486));
#7288=CARTESIAN_POINT('Ctrl Pts',(-21.1835522336393,2.61549961941889,8.527854023269));
#7289=CARTESIAN_POINT('Ctrl Pts',(-21.1410158860028,2.64581815093798,8.51931324404597));
#7290=CARTESIAN_POINT('Ctrl Pts',(-21.099339795194,2.67729309226971,8.51084180812742));
#7291=CARTESIAN_POINT('Ctrl Pts',(-21.0483402141859,2.7158093923598,8.50047520046343));
#7292=CARTESIAN_POINT('Ctrl Pts',(-20.9985867830196,2.75599610490282,8.49023358449163));
#7293=CARTESIAN_POINT('Ctrl Pts',(-20.9501877484489,2.79778193601047,8.48015705325153));
#7294=CARTESIAN_POINT('Ctrl Pts',(-20.9190882890394,2.82463199138764,8.47368224074608));
#7295=CARTESIAN_POINT('Ctrl Pts',(-20.8885480476717,2.85214230936022,8.4672755901896));
#7296=CARTESIAN_POINT('Ctrl Pts',(-20.8585957927193,2.8802940313901,8.46094774596488));
#7297=CARTESIAN_POINT('Ctrl Pts',(-20.829381950402,2.90775172930457,8.45477590201913));
#7298=CARTESIAN_POINT('Ctrl Pts',(-20.8007276664392,2.93581942797848,8.44867903237533));
#7299=CARTESIAN_POINT('Ctrl Pts',(-20.7726605074128,2.96447869693197,8.4426670411682));
#7300=CARTESIAN_POINT('Origin',(-22.8443897919434,5.00405053462291,6.59472828129684));
#7301=CARTESIAN_POINT('',(-19.9958643435627,5.00405053462291,5.08018276581232));
#7302=CARTESIAN_POINT('',(-19.9694278532531,5.00405053462291,6.59472828129684));
#7303=CARTESIAN_POINT('Origin',(-22.8443897919434,5.00405053462291,5.08018276581232));
#7304=CARTESIAN_POINT('Ctrl Pts',(-47.8462821302271,23.0652857332401,8.74809261865455));
#7305=CARTESIAN_POINT('Ctrl Pts',(-47.1493944347995,22.9539141915869,8.77385227421979));
#7306=CARTESIAN_POINT('Ctrl Pts',(-45.6777790890032,23.2368026228366,8.79523203811201));
#7307=CARTESIAN_POINT('Ctrl Pts',(-44.7210277192233,24.3895927010595,8.74232792387828));
#7308=CARTESIAN_POINT('Ctrl Pts',(-44.2666560204073,25.6548034207073,8.66743349799743));
#7309=CARTESIAN_POINT('Ctrl Pts',(-44.2460933857264,26.3239106041185,8.6218054756183));
#7310=CARTESIAN_POINT('Ctrl Pts',(-44.5992137000951,27.5431537736272,8.52744884347868));
#7311=CARTESIAN_POINT('Ctrl Pts',(-44.9665947656243,28.0914692463851,8.47906253861626));
#7312=CARTESIAN_POINT('Ctrl Pts',(-45.8789566328862,28.8143324011408,8.40475227356996));
#7313=CARTESIAN_POINT('Ctrl Pts',(-46.8915400831856,29.2535974648989,8.34836301590274));
#7314=CARTESIAN_POINT('Ctrl Pts',(-48.5390451267521,29.0648368199257,8.32321656659974));
#7315=CARTESIAN_POINT('Ctrl Pts',(-49.8706179169754,28.0767776365925,8.364039559088));
#7316=CARTESIAN_POINT('Ctrl Pts',(-50.309789147201,27.0642204918085,8.42395719224426));
#7317=CARTESIAN_POINT('Ctrl Pts',(-50.4885718329753,25.8712885725541,8.50006617066717));
#7318=CARTESIAN_POINT('Ctrl Pts',(-50.3600436169718,25.1746309242929,8.5485447598371));
#7319=CARTESIAN_POINT('Ctrl Pts',(-49.696750109814,23.9930096895024,8.64080088327986));
#7320=CARTESIAN_POINT('Ctrl Pts',(-49.1583008182951,23.5156920397676,8.68454833011141));
#7321=CARTESIAN_POINT('Ctrl Pts',(-48.3081898714079,23.1670286071528,8.72925181683018));
#7322=CARTESIAN_POINT('Ctrl Pts',(-48.0794819914057,23.1025540452266,8.73947265285341));
#7323=CARTESIAN_POINT('Ctrl Pts',(-47.8462821302271,23.0652857332401,8.74809261865455));
#7324=CARTESIAN_POINT('Ctrl Pts',(-47.8402819519036,23.1023598201752,8.74624268540124));
#7325=CARTESIAN_POINT('Ctrl Pts',(-47.1520002002999,22.9921635683204,8.77166216448162));
#7326=CARTESIAN_POINT('Ctrl Pts',(-45.6982216987534,23.271367611503,8.79274542018323));
#7327=CARTESIAN_POINT('Ctrl Pts',(-44.7534897144109,24.4104487393618,8.74047695309076));
#7328=CARTESIAN_POINT('Ctrl Pts',(-44.3053438271953,25.660187264097,8.66654934667421));
#7329=CARTESIAN_POINT('Ctrl Pts',(-44.2854821581365,26.3209750937374,8.62151237070742));
#7330=CARTESIAN_POINT('Ctrl Pts',(-44.63491081441,27.5245038157481,8.52844505560543));
#7331=CARTESIAN_POINT('Ctrl Pts',(-44.9979498275149,28.0654852759717,8.48074839020326));
#7332=CARTESIAN_POINT('Ctrl Pts',(-45.8987527673234,28.7783650079538,8.40752290670334));
#7333=CARTESIAN_POINT('Ctrl Pts',(-46.8980694143212,29.2112654331786,8.35198079542234));
#7334=CARTESIAN_POINT('Ctrl Pts',(-48.5231991064187,29.0248280147443,8.32721693435314));
#7335=CARTESIAN_POINT('Ctrl Pts',(-49.8370430384097,28.0504695546015,8.36733186701787));
#7336=CARTESIAN_POINT('Ctrl Pts',(-50.2709673934481,27.0515269196219,8.42634556988146));
#7337=CARTESIAN_POINT('Ctrl Pts',(-50.4480459592266,25.8742386613581,8.50140057688425));
#7338=CARTESIAN_POINT('Ctrl Pts',(-50.3216127484251,25.1864450199906,8.54924102599744));
#7339=CARTESIAN_POINT('Ctrl Pts',(-49.6673875050381,24.0194050597689,8.64032424812777));
#7340=CARTESIAN_POINT('Ctrl Pts',(-49.1359051073916,23.5477507888114,8.68352570436411));
#7341=CARTESIAN_POINT('Ctrl Pts',(-48.2964706623264,23.2030086746389,8.72764782206057));
#7342=CARTESIAN_POINT('Ctrl Pts',(-48.0705979075899,23.1392520453131,8.73773566549858));
#7343=CARTESIAN_POINT('Ctrl Pts',(-47.8402819519036,23.1023598201752,8.74624268540124));
#7344=CARTESIAN_POINT('Ctrl Pts',(-47.8274934202646,23.1745726634203,8.71285099127493));
#7345=CARTESIAN_POINT('Ctrl Pts',(-47.1564413306624,23.0666234398694,8.73798054623058));
#7346=CARTESIAN_POINT('Ctrl Pts',(-45.7383026539495,23.3385634050676,8.75881152426483));
#7347=CARTESIAN_POINT('Ctrl Pts',(-44.8176342586748,24.4500868514387,8.70708904192129));
#7348=CARTESIAN_POINT('Ctrl Pts',(-44.3820081219836,25.6688655740338,8.63400014981434));
#7349=CARTESIAN_POINT('Ctrl Pts',(-44.3635138395364,26.3128979555615,8.58948470121916));
#7350=CARTESIAN_POINT('Ctrl Pts',(-44.7055648154283,27.4848541423142,8.49757244314935));
#7351=CARTESIAN_POINT('Ctrl Pts',(-45.0598968043242,28.0110566121301,8.45050398251109));
#7352=CARTESIAN_POINT('Ctrl Pts',(-45.9375580756052,28.7038399485945,8.37827861809891));
#7353=CARTESIAN_POINT('Ctrl Pts',(-46.9102949760956,29.1239162406876,8.32352781596382));
#7354=CARTESIAN_POINT('Ctrl Pts',(-48.4906301198172,28.9420856288856,8.29912611801766));
#7355=CARTESIAN_POINT('Ctrl Pts',(-49.7690175406813,27.9952992223246,8.33856774352187));
#7356=CARTESIAN_POINT('Ctrl Pts',(-50.1924461532696,27.0237696660116,8.39673905134925));
#7357=CARTESIAN_POINT('Ctrl Pts',(-50.3661467000144,25.8779467430069,8.4708216712013));
#7358=CARTESIAN_POINT('Ctrl Pts',(-50.2439335725512,25.2079698816529,8.51808588488314));
#7359=CARTESIAN_POINT('Ctrl Pts',(-49.6078556057649,24.0702211086602,8.60812189017737));
#7360=CARTESIAN_POINT('Ctrl Pts',(-49.090362984384,23.6098809560573,8.65084673865065));
#7361=CARTESIAN_POINT('Ctrl Pts',(-48.2722313279097,23.273042532723,8.69446732519828));
#7362=CARTESIAN_POINT('Ctrl Pts',(-48.0520516256478,23.2106991947986,8.70444078023156));
#7363=CARTESIAN_POINT('Ctrl Pts',(-47.8274934202646,23.1745726634203,8.71285099127494));
#7364=CARTESIAN_POINT('Ctrl Pts',(-47.8199072556647,23.2048151643553,8.63854391879801));
#7365=CARTESIAN_POINT('Ctrl Pts',(-47.1569035129999,23.0983561650757,8.66408403419738));
#7366=CARTESIAN_POINT('Ctrl Pts',(-45.7562151623224,23.3671726488197,8.68527571424194));
#7367=CARTESIAN_POINT('Ctrl Pts',(-44.8464518099182,24.464644514947,8.63279489741095));
#7368=CARTESIAN_POINT('Ctrl Pts',(-44.4154275405046,25.6685260748979,8.5585467439619));
#7369=CARTESIAN_POINT('Ctrl Pts',(-44.3966626496145,26.3048294017946,8.51331999873031));
#7370=CARTESIAN_POINT('Ctrl Pts',(-44.7338434461289,27.4632981873073,8.41985591387228));
#7371=CARTESIAN_POINT('Ctrl Pts',(-45.0836858979637,27.9837759129375,8.37195134429125));
#7372=CARTESIAN_POINT('Ctrl Pts',(-45.9511365189318,28.6694062500091,8.29840458406396));
#7373=CARTESIAN_POINT('Ctrl Pts',(-46.9130706310682,29.0855089281904,8.24261699714635));
#7374=CARTESIAN_POINT('Ctrl Pts',(-48.4768033001326,28.9058677483385,8.21774456688482));
#7375=CARTESIAN_POINT('Ctrl Pts',(-49.7413236980102,27.9688630855277,8.25804456437626));
#7376=CARTESIAN_POINT('Ctrl Pts',(-50.1594172604667,27.0079198656969,8.31730765400924));
#7377=CARTESIAN_POINT('Ctrl Pts',(-50.3303895377388,25.8750025776404,8.39266657150463));
#7378=CARTESIAN_POINT('Ctrl Pts',(-50.209033221591,25.2128729741069,8.44069938433811));
#7379=CARTESIAN_POINT('Ctrl Pts',(-49.5795623308199,24.0889169634888,8.53215110489059));
#7380=CARTESIAN_POINT('Ctrl Pts',(-49.0678843206182,23.6343693170374,8.57553621036212));
#7381=CARTESIAN_POINT('Ctrl Pts',(-48.2593344827067,23.3019421554397,8.6198621956749));
#7382=CARTESIAN_POINT('Ctrl Pts',(-48.0417767230424,23.2404278145098,8.62999689784705));
#7383=CARTESIAN_POINT('Ctrl Pts',(-47.8199072556647,23.2048151643553,8.63854391879801));
#7384=CARTESIAN_POINT('Ctrl Pts',(-47.8184498647298,23.2052393031781,8.60096260023634));
#7385=CARTESIAN_POINT('Ctrl Pts',(-47.1560355366286,23.0992323162913,8.62671728570004));
#7386=CARTESIAN_POINT('Ctrl Pts',(-45.757224641979,23.3679356580887,8.64809608584314));
#7387=CARTESIAN_POINT('Ctrl Pts',(-44.848057770029,24.4636142731835,8.59522070158816));
#7388=CARTESIAN_POINT('Ctrl Pts',(-44.4165185667693,25.6660922767692,8.52036736509376));
#7389=CARTESIAN_POINT('Ctrl Pts',(-44.3971603535995,26.3019232835841,8.47477013973066));
#7390=CARTESIAN_POINT('Ctrl Pts',(-44.7330414704,27.4602603665277,8.38049559683095));
#7391=CARTESIAN_POINT('Ctrl Pts',(-45.0822982755695,27.9811174939557,8.33215427449024));
#7392=CARTESIAN_POINT('Ctrl Pts',(-45.9493945774512,28.6677009708256,8.25791670026953));
#7393=CARTESIAN_POINT('Ctrl Pts',(-46.9115894514158,29.0848321085754,8.20158650500565));
#7394=CARTESIAN_POINT('Ctrl Pts',(-48.4768724745047,28.9053872754582,8.17646771917594));
#7395=CARTESIAN_POINT('Ctrl Pts',(-49.7420982569586,27.9670777383176,8.21721724217027));
#7396=CARTESIAN_POINT('Ctrl Pts',(-50.1595226425798,27.0054336683317,8.27705210049712));
#7397=CARTESIAN_POINT('Ctrl Pts',(-50.3295464722567,25.8722583506436,8.35307712446098));
#7398=CARTESIAN_POINT('Ctrl Pts',(-50.2075171554176,25.2103666554685,8.40151233968583));
#7399=CARTESIAN_POINT('Ctrl Pts',(-49.5773075814182,24.0874720035483,8.4937024340001));
#7400=CARTESIAN_POINT('Ctrl Pts',(-49.0655670467029,23.6336834247079,8.53743200061705));
#7401=CARTESIAN_POINT('Ctrl Pts',(-48.2575082479212,23.3020502769886,8.58212564264243));
#7402=CARTESIAN_POINT('Ctrl Pts',(-48.0401138801438,23.2407124809007,8.59234429799127));
#7403=CARTESIAN_POINT('Ctrl Pts',(-47.8184498647298,23.2052393031781,8.60096260023634));
#7404=CARTESIAN_POINT('',(-47.8462821302271,23.0652857332401,8.74809261865455));
#7405=CARTESIAN_POINT('',(-47.818451009717,23.205238967075,8.60099211321887));
#7406=CARTESIAN_POINT('Origin',(-47.8420513022181,23.0571303143979,8.59837425225328));
#7407=CARTESIAN_POINT('',(-44.4522054414625,26.0793345962327,8.48932881576078));
#7408=CARTESIAN_POINT('Ctrl Pts',(-47.818451009717,23.205238967075,8.60099211321887));
#7409=CARTESIAN_POINT('Ctrl Pts',(-47.1560362180351,23.0992316251571,8.62674663017998));
#7410=CARTESIAN_POINT('Ctrl Pts',(-45.7572238475884,23.3679350561041,8.64812528337676));
#7411=CARTESIAN_POINT('Ctrl Pts',(-44.8480565062166,24.4636150805367,8.59525020897725));
#7412=CARTESIAN_POINT('Ctrl Pts',(-44.5085050981277,25.4097721225341,8.53635308439352));
#7413=CARTESIAN_POINT('Ctrl Pts',(-44.4518746994595,25.7446217254303,8.51367827542487));
#7414=CARTESIAN_POINT('Ctrl Pts',(-44.4522054415559,26.0793345958425,8.48932881039795));
#7415=CARTESIAN_POINT('Ctrl Pts',(-44.4522054413691,26.0793345966229,8.48932882112361));
#7416=CARTESIAN_POINT('Ctrl Pts',(-44.452306271826,26.1813754256655,8.48190561634513));
#7417=CARTESIAN_POINT('Ctrl Pts',(-44.4577001307768,26.2833858827344,8.47432725844032));
#7418=CARTESIAN_POINT('Ctrl Pts',(-44.4683994113892,26.3848360848,8.46663180645217));
#7419=CARTESIAN_POINT('Ctrl Pts',(-44.4791024455446,26.486321877829,8.45893365473012));
#7420=CARTESIAN_POINT('Ctrl Pts',(-44.4951158200291,26.5872486564895,8.45111832915246));
#7421=CARTESIAN_POINT('Ctrl Pts',(-44.5164545553122,26.687055703941,8.44322490942468));
#7422=CARTESIAN_POINT('Ctrl Pts',(-44.5306633588537,26.7535141285142,8.43796892547367));
#7423=CARTESIAN_POINT('Ctrl Pts',(-44.5472334929566,26.8194754230957,8.43267833298611));
#7424=CARTESIAN_POINT('Ctrl Pts',(-44.5661644944757,26.8847616700478,8.42736491057215));
#7425=CARTESIAN_POINT('Ctrl Pts',(-44.5940012770709,26.9807607676671,8.41955187519605));
#7426=CARTESIAN_POINT('Ctrl Pts',(-44.6269219082868,27.0752653992465,8.41169961502635));
#7427=CARTESIAN_POINT('Ctrl Pts',(-44.6646278824534,27.1677973692152,8.40385058381227));
#7428=CARTESIAN_POINT('Ctrl Pts',(-44.7023415537146,27.2603482281619,8.39599995033922));
#7429=CARTESIAN_POINT('Ctrl Pts',(-44.74484168121,27.350927427998,8.38815252462808));
#7430=CARTESIAN_POINT('Ctrl Pts',(-44.7918370710722,27.4390984918038,8.38035146625684));
#7431=CARTESIAN_POINT('Ctrl Pts',(-44.8388459380967,27.5272948409776,8.37254817072725));
#7432=CARTESIAN_POINT('Ctrl Pts',(-44.8903527789594,27.6130833098549,8.36479125800102));
#7433=CARTESIAN_POINT('Ctrl Pts',(-44.9460787358523,27.6960429497824,8.3571248935719));
#7434=CARTESIAN_POINT('Ctrl Pts',(-45.0017979080362,27.7789924892639,8.34945946253279));
#7435=CARTESIAN_POINT('Ctrl Pts',(-45.0617360832799,27.8591151269113,8.341884566041));
#7436=CARTESIAN_POINT('Ctrl Pts',(-45.1256190872915,27.9359842205573,8.33444532686104));
#7437=CARTESIAN_POINT('Ctrl Pts',(-45.1894933628949,28.0128428114906,8.32700710411288));
#7438=CARTESIAN_POINT('Ctrl Pts',(-45.2573129616838,28.0864493845537,8.31970450670516));
#7439=CARTESIAN_POINT('Ctrl Pts',(-45.3287896521845,28.1563573380612,8.31258349125462));
#7440=CARTESIAN_POINT('Ctrl Pts',(-45.3997948211352,28.2258041187533,8.30550945212907));
#7441=CARTESIAN_POINT('Ctrl Pts',(-45.4744112824594,28.2916008813357,8.29861458280125));
#7442=CARTESIAN_POINT('Ctrl Pts',(-45.5523147893919,28.3532862849379,8.29194482884452));
#7443=CARTESIAN_POINT('Ctrl Pts',(-45.6284746985487,28.4135910763348,8.28542435402323));
#7444=CARTESIAN_POINT('Ctrl Pts',(-45.7077386837713,28.4700113722427,8.279120366951));
#7445=CARTESIAN_POINT('Ctrl Pts',(-45.7896349259199,28.5223302832596,8.27305970171485));
#7446=CARTESIAN_POINT('Ctrl Pts',(-45.8715048678066,28.5746323925159,8.26700098280833));
#7447=CARTESIAN_POINT('Ctrl Pts',(-45.9560059183173,28.6228373318061,8.26118540795694));
#7448=CARTESIAN_POINT('Ctrl Pts',(-46.0426902184395,28.6667490050529,8.25564056610177));
#7449=CARTESIAN_POINT('Ctrl Pts',(-46.129366971158,28.7106568550108,8.2500962070233));
#7450=CARTESIAN_POINT('Ctrl Pts',(-46.2182276653228,28.7502731148061,8.24482253028368));
#7451=CARTESIAN_POINT('Ctrl Pts',(-46.308835706084,28.7854034520216,8.23984810006536));
#7452=CARTESIAN_POINT('Ctrl Pts',(-46.399433028842,28.820529633678,8.23487425827118));
#7453=CARTESIAN_POINT('Ctrl Pts',(-46.4917786746137,28.8511711720322,8.2301996021285));
#7454=CARTESIAN_POINT('Ctrl Pts',(-46.5854287191267,28.8771268492964,8.22585360189163));
#7455=CARTESIAN_POINT('Ctrl Pts',(-46.679091631116,28.9030860928595,8.22150700451619));
#7456=CARTESIAN_POINT('Ctrl Pts',(-46.7740608254519,28.9243575855243,8.21748915756351));
#7457=CARTESIAN_POINT('Ctrl Pts',(-46.8698626376838,28.9407358059325,8.21383033867545));
#7458=CARTESIAN_POINT('Ctrl Pts',(-46.8905123530894,28.9442660689035,8.21304169421249));
#7459=CARTESIAN_POINT('Ctrl Pts',(-46.9112005943565,28.9475689991132,8.2122697331362));
#7460=CARTESIAN_POINT('Ctrl Pts',(-46.9319223330606,28.950642576491,8.21151476352033));
#7461=CARTESIAN_POINT('Ctrl Pts',(-47.0270344109534,28.9647501924178,8.20804947858761));
#7462=CARTESIAN_POINT('Ctrl Pts',(-47.1228965966524,28.9740315181914,8.20494222891632));
#7463=CARTESIAN_POINT('Ctrl Pts',(-47.218998845411,28.978535166278,8.20219855793177));
#7464=CARTESIAN_POINT('Ctrl Pts',(-47.3150630497581,28.9830370314859,8.19945597309607));
#7465=CARTESIAN_POINT('Ctrl Pts',(-47.4113683559941,28.9827661200223,8.19707666317315));
#7466=CARTESIAN_POINT('Ctrl Pts',(-47.5074366913639,28.9777777770169,8.19506691718416));
#7467=CARTESIAN_POINT('Ctrl Pts',(-47.6034969024119,28.9727898558664,8.19305734115569));
#7468=CARTESIAN_POINT('Ctrl Pts',(-47.699321544972,28.9630856066579,8.19141725805634));
#7469=CARTESIAN_POINT('Ctrl Pts',(-47.794444364707,28.948716555283,8.19015391263555));
#7470=CARTESIAN_POINT('Ctrl Pts',(-47.8895587777103,28.9343487738112,8.18889067886627));
#7471=CARTESIAN_POINT('Ctrl Pts',(-47.9839727864185,28.915316569491,8.18800412340808));
#7472=CARTESIAN_POINT('Ctrl Pts',(-48.077211865472,28.8916687243131,8.18750245250483));
#7473=CARTESIAN_POINT('Ctrl Pts',(-48.1704765826199,28.8680143766506,8.18700064365635));
#7474=CARTESIAN_POINT('Ctrl Pts',(-48.2625667579323,28.8397406488391,8.18688394314294));
#7475=CARTESIAN_POINT('Ctrl Pts',(-48.3529813786199,28.806905948682,8.1871613661291));
#7476=CARTESIAN_POINT('Ctrl Pts',(-48.3777379902756,28.7979154124784,8.18723732788264));
#7477=CARTESIAN_POINT('Ctrl Pts',(-48.4023687831664,28.7885830465528,8.18734284237411));
#7478=CARTESIAN_POINT('Ctrl Pts',(-48.4268629975251,28.7789104000423,8.18747810395329));
#7479=CARTESIAN_POINT('Ctrl Pts',(-48.5164345458097,28.7435390298376,8.18797273459928));
#7480=CARTESIAN_POINT('Ctrl Pts',(-48.6042231737035,28.7035990007028,8.18886509128994));
#7481=CARTESIAN_POINT('Ctrl Pts',(-48.6898110905456,28.6593932378406,8.19013410422833));
#7482=CARTESIAN_POINT('Ctrl Pts',(-48.775376319269,28.6151991932866,8.19140278076975));
#7483=CARTESIAN_POINT('Ctrl Pts',(-48.8587436403817,28.5667420850274,8.19304790710626));
#7484=CARTESIAN_POINT('Ctrl Pts',(-48.9395278683824,28.5143149538441,8.19504919423148));
#7485=CARTESIAN_POINT('Ctrl Pts',(-49.0203197064155,28.4618828839225,8.19705066988187));
#7486=CARTESIAN_POINT('Ctrl Pts',(-49.098529322661,28.4054796648873,8.19940836292309));
#7487=CARTESIAN_POINT('Ctrl Pts',(-49.1737810692229,28.3453887436377,8.20210289112426));
#7488=CARTESIAN_POINT('Ctrl Pts',(-49.2490338020556,28.2852970348193,8.20479745464067));
#7489=CARTESIAN_POINT('Ctrl Pts',(-49.3213295181119,28.2215165220203,8.20782886414034));
#7490=CARTESIAN_POINT('Ctrl Pts',(-49.3902849055663,28.1543314741049,8.21117872492771));
#7491=CARTESIAN_POINT('Ctrl Pts',(-49.459268468291,28.0871189742826,8.214529954473));
#7492=CARTESIAN_POINT('Ctrl Pts',(-49.524909308419,28.0164976186927,8.21819991271957));
#7493=CARTESIAN_POINT('Ctrl Pts',(-49.5868062769266,27.9427720025038,8.22217101848538));
#7494=CARTESIAN_POINT('Ctrl Pts',(-49.6033348732906,27.9230847547912,8.22323143882428));
#7495=CARTESIAN_POINT('Ctrl Pts',(-49.6195963994754,27.9031763366815,8.22431333690782));
#7496=CARTESIAN_POINT('Ctrl Pts',(-49.6355829979938,27.8830530274943,8.22541638573821));
#7497=CARTESIAN_POINT('Ctrl Pts',(-49.6962315340973,27.8067110062473,8.22960103431976));
#7498=CARTESIAN_POINT('Ctrl Pts',(-49.752950872403,27.7272396509965,8.23408989111321));
#7499=CARTESIAN_POINT('Ctrl Pts',(-49.8055267296698,27.6451216389439,8.23884926140124));
#7500=CARTESIAN_POINT('Ctrl Pts',(-49.8606999562363,27.5589468066216,8.24384375562094));
#7501=CARTESIAN_POINT('Ctrl Pts',(-49.9113119416544,27.4698570334119,8.24913614460862));
#7502=CARTESIAN_POINT('Ctrl Pts',(-49.957143086374,27.3783805632103,8.25468843143665));
#7503=CARTESIAN_POINT('Ctrl Pts',(-50.0008119926084,27.2912198033312,8.25997877044876));
#7504=CARTESIAN_POINT('Ctrl Pts',(-50.0401416212922,27.2018910020911,8.26550505961343));
#7505=CARTESIAN_POINT('Ctrl Pts',(-50.0749453719103,27.1108376759022,8.27123532471867));
#7506=CARTESIAN_POINT('Ctrl Pts',(-50.1097480408975,27.0197871794684,8.27696541173874));
#7507=CARTESIAN_POINT('Ctrl Pts',(-50.1400253839261,26.9270108836535,8.2828994592621));
#7508=CARTESIAN_POINT('Ctrl Pts',(-50.1655843593765,26.8329577814364,8.28900648754485));
#7509=CARTESIAN_POINT('Ctrl Pts',(-50.1911488203663,26.7388844932776,8.2951148265352));
#7510=CARTESIAN_POINT('Ctrl Pts',(-50.2119923422981,26.6435323230144,8.30139624020906));
#7511=CARTESIAN_POINT('Ctrl Pts',(-50.2279172248302,26.5473780984585,8.307820596107));
#7512=CARTESIAN_POINT('Ctrl Pts',(-50.230279894972,26.5331123282146,8.30877373556217));
#7513=CARTESIAN_POINT('Ctrl Pts',(-50.2325343010787,26.5188289770104,8.30973002260688));
#7514=CARTESIAN_POINT('Ctrl Pts',(-50.2346798066204,26.5045296854226,8.31068935996386));
#7515=CARTESIAN_POINT('Ctrl Pts',(-50.2495059340451,26.4057170209765,8.31731868700176));
#7516=CARTESIAN_POINT('Ctrl Pts',(-50.2590396403176,26.3061311978125,8.32409793192479));
#7517=CARTESIAN_POINT('Ctrl Pts',(-50.2633686370313,26.206347505977,8.330991548635));
#7518=CARTESIAN_POINT('Ctrl Pts',(-50.2676982017881,26.1065507207097,8.33788606991286));
#7519=CARTESIAN_POINT('Ctrl Pts',(-50.2668236031659,26.0065544907011,8.34489501963906));
#7520=CARTESIAN_POINT('Ctrl Pts',(-50.2608502652243,25.9068836012859,8.35198375150931));
#7521=CARTESIAN_POINT('Ctrl Pts',(-50.2548767337507,25.8072094826028,8.35907271304959));
#7522=CARTESIAN_POINT('Ctrl Pts',(-50.2438049869551,25.7078591826591,8.36624145934693));
#7523=CARTESIAN_POINT('Ctrl Pts',(-50.2277376987229,25.6093287382828,8.37345614178729));
#7524=CARTESIAN_POINT('Ctrl Pts',(-50.2116705221053,25.5107989783678,8.38067077410944));
#7525=CARTESIAN_POINT('Ctrl Pts',(-50.1906078270306,25.4130875085541,8.38793132837208));
#7526=CARTESIAN_POINT('Ctrl Pts',(-50.164643564991,25.31668502762,8.39520489777248));
#7527=CARTESIAN_POINT('Ctrl Pts',(-50.138685512581,25.220305602365,8.40247672762135));
#7528=CARTESIAN_POINT('Ctrl Pts',(-50.1078273585335,25.1252331992767,8.40976156905477));
#7529=CARTESIAN_POINT('Ctrl Pts',(-50.0721612414798,25.0319747526154,8.41702758779364));
#7530=CARTESIAN_POINT('Ctrl Pts',(-50.0365074932314,24.9387486474498,8.42429108671878));
#7531=CARTESIAN_POINT('Ctrl Pts',(-49.9960474219594,24.8473343771159,8.43153580391729));
#7532=CARTESIAN_POINT('Ctrl Pts',(-49.9508906331173,24.7582717660632,8.43873074293602));
#7533=CARTESIAN_POINT('Ctrl Pts',(-49.9328769857913,24.7227434987399,8.4416009003883));
#7534=CARTESIAN_POINT('Ctrl Pts',(-49.9141162905502,24.6875899094692,8.44446314186475));
#7535=CARTESIAN_POINT('Ctrl Pts',(-49.8946173451984,24.6528470260049,8.44731552386643));
#7536=CARTESIAN_POINT('Ctrl Pts',(-49.8457893316991,24.5658461163558,8.45445827668568));
#7537=CARTESIAN_POINT('Ctrl Pts',(-49.7923375701879,24.4814563688581,8.4615404148584));
#7538=CARTESIAN_POINT('Ctrl Pts',(-49.7346736491801,24.4000739498789,8.4685310216223));
#7539=CARTESIAN_POINT('Ctrl Pts',(-49.677013300908,24.3186965731838,8.47552119526285));
#7540=CARTESIAN_POINT('Ctrl Pts',(-49.6151419052996,24.2403241103839,8.4824198545216));
#7541=CARTESIAN_POINT('Ctrl Pts',(-49.549453471611,24.1653073043699,8.48919688793637));
#7542=CARTESIAN_POINT('Ctrl Pts',(-49.4837748411538,24.0903016937379,8.49597290995806));
#7543=CARTESIAN_POINT('Ctrl Pts',(-49.4142799417796,24.0186490672272,8.50262733440009));
#7544=CARTESIAN_POINT('Ctrl Pts',(-49.341343778768,23.950682769492,8.50913086513849));
#7545=CARTESIAN_POINT('Ctrl Pts',(-49.2684258116864,23.8827334278174,8.51563277339243));
#7546=CARTESIAN_POINT('Ctrl Pts',(-49.19206724401,23.8184674566294,8.52198385012121));
#7547=CARTESIAN_POINT('Ctrl Pts',(-49.1126348671148,23.7582217594878,8.52815580725733));
#7548=CARTESIAN_POINT('Ctrl Pts',(-49.0332323369557,23.6979986996824,8.53432544527896));
#7549=CARTESIAN_POINT('Ctrl Pts',(-48.9507567460618,23.6417924603593,8.5403161063681));
#7550=CARTESIAN_POINT('Ctrl Pts',(-48.8655862897711,23.5899551580131,8.54610057563778));
#7551=CARTESIAN_POINT('Ctrl Pts',(-48.78046094648,23.5381453127957,8.55188198099574));
#7552=CARTESIAN_POINT('Ctrl Pts',(-48.6926416995717,23.4907002406874,8.55745744014814));
#7553=CARTESIAN_POINT('Ctrl Pts',(-48.6025440521267,23.4479871007872,8.56280053294327));
#7554=CARTESIAN_POINT('Ctrl Pts',(-48.5573022600169,23.4265390491397,8.56548352301366));
#7555=CARTESIAN_POINT('Ctrl Pts',(-48.5114866925945,23.406284328299,8.56810793451306));
#7556=CARTESIAN_POINT('Ctrl Pts',(-48.4651560921697,23.3872698897061,8.57067045712937));
#7557=CARTESIAN_POINT('Ctrl Pts',(-48.3716321650206,23.3488869429401,8.57584321932732));
#7558=CARTESIAN_POINT('Ctrl Pts',(-48.2761349597365,23.3153500860214,8.58075941264331));
#7559=CARTESIAN_POINT('Ctrl Pts',(-48.1791577356402,23.2868377602917,8.585387954741));
#7560=CARTESIAN_POINT('Ctrl Pts',(-48.0821996726055,23.2583310681161,8.59001558231694));
#7561=CARTESIAN_POINT('Ctrl Pts',(-47.9837606265352,23.2348469535575,8.59435567663321));
#7562=CARTESIAN_POINT('Ctrl Pts',(-47.884346353075,23.2165683900811,8.59837807832422));
#7563=CARTESIAN_POINT('Ctrl Pts',(-47.8624266733304,23.212538181504,8.59926497065671));
#7564=CARTESIAN_POINT('Ctrl Pts',(-47.8404596844203,23.2087610519284,8.60013642159927));
#7565=CARTESIAN_POINT('Ctrl Pts',(-47.818451009717,23.2052389670751,8.60099211321887));
#7566=CARTESIAN_POINT('Ctrl Pts',(-47.8462821302271,23.0652857332401,8.74809261865455));
#7567=CARTESIAN_POINT('Ctrl Pts',(-48.0794819914057,23.1025540452266,8.73947265285341));
#7568=CARTESIAN_POINT('Ctrl Pts',(-48.3081898714079,23.1670286071528,8.72925181683018));
#7569=CARTESIAN_POINT('Ctrl Pts',(-49.1583008182951,23.5156920397676,8.68454833011141));
#7570=CARTESIAN_POINT('Ctrl Pts',(-49.696750109814,23.9930096895024,8.64080088327986));
#7571=CARTESIAN_POINT('Ctrl Pts',(-50.3600436169718,25.1746309242929,8.5485447598371));
#7572=CARTESIAN_POINT('Ctrl Pts',(-50.4885718329753,25.8712885725541,8.50006617066717));
#7573=CARTESIAN_POINT('Ctrl Pts',(-50.309789147201,27.0642204918085,8.42395719224426));
#7574=CARTESIAN_POINT('Ctrl Pts',(-49.8706179169754,28.0767776365925,8.364039559088));
#7575=CARTESIAN_POINT('Ctrl Pts',(-48.5390451267521,29.0648368199257,8.32321656659974));
#7576=CARTESIAN_POINT('Ctrl Pts',(-46.8915400831856,29.2535974648989,8.34836301590274));
#7577=CARTESIAN_POINT('Ctrl Pts',(-45.8789566328862,28.8143324011408,8.40475227356996));
#7578=CARTESIAN_POINT('Ctrl Pts',(-44.9665947656243,28.0914692463851,8.47906253861626));
#7579=CARTESIAN_POINT('Ctrl Pts',(-44.5992137000951,27.5431537736272,8.52744884347868));
#7580=CARTESIAN_POINT('Ctrl Pts',(-44.2460933857264,26.3239106041185,8.6218054756183));
#7581=CARTESIAN_POINT('Ctrl Pts',(-44.2666560204073,25.6548034207073,8.66743349799743));
#7582=CARTESIAN_POINT('Ctrl Pts',(-44.7210277192233,24.3895927010595,8.74232792387828));
#7583=CARTESIAN_POINT('Ctrl Pts',(-45.6777790890032,23.2368026228366,8.79523203811201));
#7584=CARTESIAN_POINT('Ctrl Pts',(-47.1493944347995,22.9539141915869,8.77385227421979));
#7585=CARTESIAN_POINT('Ctrl Pts',(-47.8462821302271,23.0652857332401,8.74809261865455));
#7586=CARTESIAN_POINT('Origin',(-47.3605385186919,26.0789661501947,6.59472828129684));
#7587=CARTESIAN_POINT('',(-44.5120130703111,26.0789661501947,5.08018276581232));
#7588=CARTESIAN_POINT('',(-44.4855765800016,26.0789661501947,6.59472828129684));
#7589=CARTESIAN_POINT('Origin',(-47.3605385186919,26.0789661501947,5.08018276581232));
#7590=CARTESIAN_POINT('Ctrl Pts',(-54.9340479858649,11.5789478710124,8.9047250341065));
#7591=CARTESIAN_POINT('Ctrl Pts',(-56.2440797261761,11.6837769401193,8.81841714182297));
#7592=CARTESIAN_POINT('Ctrl Pts',(-57.5503273947544,11.7863802812703,8.72009246781422));
#7593=CARTESIAN_POINT('Ctrl Pts',(-59.3491431217942,11.9235638836386,8.5630098797994));
#7594=CARTESIAN_POINT('Ctrl Pts',(-59.8452388337198,11.961031103863,8.51739824575774));
#7595=CARTESIAN_POINT('Ctrl Pts',(-60.8384111733228,12.0367618020758,8.42158742801305));
#7596=CARTESIAN_POINT('Ctrl Pts',(-61.3359405332102,12.0751953488339,8.371339358997));
#7597=CARTESIAN_POINT('Ctrl Pts',(-62.2975937056632,12.1530631152852,8.27128214080635));
#7598=CARTESIAN_POINT('Ctrl Pts',(-62.7626842119157,12.1925561713092,8.22157525657051));
#7599=CARTESIAN_POINT('Ctrl Pts',(-63.23822605765,12.23823119554,8.17171178927896));
#7600=CARTESIAN_POINT('Ctrl Pts',(-54.4045393165926,12.1772832630534,8.9236366064517));
#7601=CARTESIAN_POINT('Ctrl Pts',(-55.7475631006122,12.424970533971,8.83484137816152));
#7602=CARTESIAN_POINT('Ctrl Pts',(-57.0857138794796,12.6713468134235,8.73341204485711));
#7603=CARTESIAN_POINT('Ctrl Pts',(-58.9268423095448,13.0094197998314,8.56926991643522));
#7604=CARTESIAN_POINT('Ctrl Pts',(-59.4345465031805,13.1026246409966,8.521406550949));
#7605=CARTESIAN_POINT('Ctrl Pts',(-60.4527621108312,13.2900953580945,8.4205539181168));
#7606=CARTESIAN_POINT('Ctrl Pts',(-60.9640420454802,13.3846528946049,8.36748066244725));
#7607=CARTESIAN_POINT('Ctrl Pts',(-61.9531099579919,13.5696377911171,8.26283663041324));
#7608=CARTESIAN_POINT('Ctrl Pts',(-62.4325375904142,13.6604686619946,8.21121754655587));
#7609=CARTESIAN_POINT('Ctrl Pts',(-62.9318787146149,13.7579866018783,8.16052308101143));
#7610=CARTESIAN_POINT('Ctrl Pts',(-53.8512120450239,12.7698892376783,8.93934003127739));
#7611=CARTESIAN_POINT('Ctrl Pts',(-55.2080793502897,13.1591921226822,8.84873300707478));
#7612=CARTESIAN_POINT('Ctrl Pts',(-56.5595713897299,13.547553574953,8.74551525913231));
#7613=CARTESIAN_POINT('Ctrl Pts',(-58.4177196038124,14.0827207926895,8.57820542435174));
#7614=CARTESIAN_POINT('Ctrl Pts',(-58.9299352504931,14.2304339868564,8.52939855455815));
#7615=CARTESIAN_POINT('Ctrl Pts',(-59.9573758005942,14.5271454611021,8.42639474930518));
#7616=CARTESIAN_POINT('Ctrl Pts',(-60.4734940957256,14.6765533962694,8.37209954186697));
#7617=CARTESIAN_POINT('Ctrl Pts',(-61.4719716998807,14.966509047232,8.26543514929757));
#7618=CARTESIAN_POINT('Ctrl Pts',(-61.9561047336751,15.1077380507289,8.21297573081051));
#7619=CARTESIAN_POINT('Ctrl Pts',(-62.4633622743475,15.2573079011582,8.16192159635023));
#7620=CARTESIAN_POINT('Ctrl Pts',(-52.6854471154119,13.935004699056,8.96549825978693));
#7621=CARTESIAN_POINT('Ctrl Pts',(-54.0311944253907,14.5949994330854,8.87229008335731));
#7622=CARTESIAN_POINT('Ctrl Pts',(-55.3713347572453,15.2546571640075,8.76727794324471));
#7623=CARTESIAN_POINT('Ctrl Pts',(-57.2121966459785,16.1653768768249,8.59853542067388));
#7624=CARTESIAN_POINT('Ctrl Pts',(-57.7193129400205,16.4167561182672,8.54945933320452));
#7625=CARTESIAN_POINT('Ctrl Pts',(-58.7357113266492,16.9204706972918,8.4456835894462));
#7626=CARTESIAN_POINT('Ctrl Pts',(-59.2459346314621,17.1733696807272,8.39088105083295));
#7627=CARTESIAN_POINT('Ctrl Pts',(-60.2324398406294,17.6612389078963,8.28309745458753));
#7628=CARTESIAN_POINT('Ctrl Pts',(-60.7103622866379,17.8972103509233,8.23005571931538));
#7629=CARTESIAN_POINT('Ctrl Pts',(-61.2121365527424,18.1431624905791,8.17839047170384));
#7630=CARTESIAN_POINT('Ctrl Pts',(-52.0729818693475,14.5076733896603,8.97595070593656));
#7631=CARTESIAN_POINT('Ctrl Pts',(-53.3937485862251,15.296816617375,8.88195174334831));
#7632=CARTESIAN_POINT('Ctrl Pts',(-54.7091600483469,16.0858518362132,8.77693628441454));
#7633=CARTESIAN_POINT('Ctrl Pts',(-56.5156612836625,17.1751322692441,8.60993260804078));
#7634=CARTESIAN_POINT('Ctrl Pts',(-57.013149460313,17.4756996941974,8.56153205832284));
#7635=CARTESIAN_POINT('Ctrl Pts',(-58.0092504746442,18.0772381611805,8.4591372166821));
#7636=CARTESIAN_POINT('Ctrl Pts',(-58.5087270761987,18.378803275424,8.40504940966224));
#7637=CARTESIAN_POINT('Ctrl Pts',(-59.4738286669112,18.9596712391637,8.29816691509215));
#7638=CARTESIAN_POINT('Ctrl Pts',(-59.9408377483345,19.2400145146832,8.24538195905208));
#7639=CARTESIAN_POINT('Ctrl Pts',(-60.4291313904464,19.5303279029766,8.19348326536602));
#7640=CARTESIAN_POINT('Ctrl Pts',(-50.7908946344407,15.6182483278947,8.99293008126641));
#7641=CARTESIAN_POINT('Ctrl Pts',(-52.0305990401287,16.64007380147,8.8980881308885));
#7642=CARTESIAN_POINT('Ctrl Pts',(-53.2657319919525,17.662151488153,8.79403640021341));
#7643=CARTESIAN_POINT('Ctrl Pts',(-54.9617665141193,19.0726968843292,8.63267034052263));
#7644=CARTESIAN_POINT('Ctrl Pts',(-55.4285839741849,19.4616552620437,8.5863011279575));
#7645=CARTESIAN_POINT('Ctrl Pts',(-56.3612838100068,20.2382527791318,8.48809372100113));
#7646=CARTESIAN_POINT('Ctrl Pts',(-56.8278322690254,20.6264750963248,8.43618427593341));
#7647=CARTESIAN_POINT('Ctrl Pts',(-57.7280052188953,21.3726275004733,8.33220377891567));
#7648=CARTESIAN_POINT('Ctrl Pts',(-58.1624898177469,21.7315080958464,8.28031176170186));
#7649=CARTESIAN_POINT('Ctrl Pts',(-58.6118023811967,22.0982231782988,8.22788403096601));
#7650=CARTESIAN_POINT('Ctrl Pts',(-50.1214014726596,16.1559983289098,8.99945708423463));
#7651=CARTESIAN_POINT('Ctrl Pts',(-51.3049618375745,17.2814572160918,8.90456110069339));
#7652=CARTESIAN_POINT('Ctrl Pts',(-52.484520405762,18.4072652402309,8.8014728278243));
#7653=CARTESIAN_POINT('Ctrl Pts',(-54.1043977520181,19.9605847164594,8.64400379126857));
#7654=CARTESIAN_POINT('Ctrl Pts',(-54.5501551124793,20.388763916187,8.59899040605775));
#7655=CARTESIAN_POINT('Ctrl Pts',(-55.4397064984404,21.2426425425606,8.50359058965799));
#7656=CARTESIAN_POINT('Ctrl Pts',(-55.8840485290405,21.6688826427968,8.45314560830584));
#7657=CARTESIAN_POINT('Ctrl Pts',(-56.7406460029137,22.4873785000232,8.35116913083545));
#7658=CARTESIAN_POINT('Ctrl Pts',(-57.1534941041725,22.8804555986278,8.2999155487003));
#7659=CARTESIAN_POINT('Ctrl Pts',(-57.5772493444971,23.2792407155794,8.24720215864143));
#7660=CARTESIAN_POINT('Ctrl Pts',(-48.730482135384,17.1911235370288,9.00841246631895));
#7661=CARTESIAN_POINT('Ctrl Pts',(-49.7805365288661,18.4900006551809,8.91400204294557));
#7662=CARTESIAN_POINT('Ctrl Pts',(-50.8280573070692,19.7890522082403,8.81313825123696));
#7663=CARTESIAN_POINT('Ctrl Pts',(-52.2677227902122,21.5801631418278,8.66307385254033));
#7664=CARTESIAN_POINT('Ctrl Pts',(-52.6638356971303,22.0735648055529,8.62057487034986));
#7665=CARTESIAN_POINT('Ctrl Pts',(-53.4527074660694,23.0555681468565,8.53033947574175));
#7666=CARTESIAN_POINT('Ctrl Pts',(-53.8458165510589,23.544608320495,8.48256450009344));
#7667=CARTESIAN_POINT('Ctrl Pts',(-54.6023353317989,24.482598160292,8.38424277990342));
#7668=CARTESIAN_POINT('Ctrl Pts',(-54.9659592552844,24.9320760243696,8.33414218727615));
#7669=CARTESIAN_POINT('Ctrl Pts',(-55.3338271550994,25.3825114552157,8.28090438393277));
#7670=CARTESIAN_POINT('Ctrl Pts',(-48.0089884782174,17.688557388119,9.01084064432556));
#7671=CARTESIAN_POINT('Ctrl Pts',(-48.9816547587028,19.0572509606842,8.91696895047747));
#7672=CARTESIAN_POINT('Ctrl Pts',(-49.9527321442247,20.4258297695754,8.81736223820494));
#7673=CARTESIAN_POINT('Ctrl Pts',(-51.2883544347479,22.3119552298702,8.67080167878822));
#7674=CARTESIAN_POINT('Ctrl Pts',(-51.6558792109384,22.8313576715229,8.62946078167094));
#7675=CARTESIAN_POINT('Ctrl Pts',(-52.3871915804598,23.8642142432632,8.54158315391838));
#7676=CARTESIAN_POINT('Ctrl Pts',(-52.7512523619042,24.3780496999128,8.49501518517871));
#7677=CARTESIAN_POINT('Ctrl Pts',(-53.4512073288418,25.3632367382987,8.39834913943876));
#7678=CARTESIAN_POINT('Ctrl Pts',(-53.7871947695026,25.8349463402821,8.34876802866468));
#7679=CARTESIAN_POINT('Ctrl Pts',(-54.124662624395,26.3050182091621,8.29529651606544));
#7680=CARTESIAN_POINT('Ctrl Pts',(-45.6209860118494,19.2256462289589,9.01176277108683));
#7681=CARTESIAN_POINT('Ctrl Pts',(-46.33104865579,20.7581481757793,8.92033277322953));
#7682=CARTESIAN_POINT('Ctrl Pts',(-47.0421459005163,22.2891144560173,8.8241572115859));
#7683=CARTESIAN_POINT('Ctrl Pts',(-48.0240074596561,24.3961246421662,8.6841316555348));
#7684=CARTESIAN_POINT('Ctrl Pts',(-48.2944920977833,24.9759343140683,8.64478907510493));
#7685=CARTESIAN_POINT('Ctrl Pts',(-48.8317036042779,26.1274579701852,8.56085775700685));
#7686=CARTESIAN_POINT('Ctrl Pts',(-49.0985459177657,26.699440587459,8.51625089831382));
#7687=CARTESIAN_POINT('Ctrl Pts',(-49.6100766665571,27.7959926992572,8.42215361061812));
#7688=CARTESIAN_POINT('Ctrl Pts',(-49.8547506626294,28.3205962378269,8.37330030272694));
#7689=CARTESIAN_POINT('Ctrl Pts',(-50.0954179030228,28.8391877464626,8.31933668770313));
#7690=CARTESIAN_POINT('Ctrl Pts',(-43.8714516760023,20.1898208369906,9.00189567484603));
#7691=CARTESIAN_POINT('Ctrl Pts',(-44.3794293706507,21.7427842539394,8.91322486216388));
#7692=CARTESIAN_POINT('Ctrl Pts',(-44.8891570059631,23.2928189602516,8.81846704015552));
#7693=CARTESIAN_POINT('Ctrl Pts',(-45.5960358282855,25.4241918337158,8.67572989729065));
#7694=CARTESIAN_POINT('Ctrl Pts',(-45.7911515923656,26.010664126109,8.63513948900849));
#7695=CARTESIAN_POINT('Ctrl Pts',(-46.1793906678196,27.1764071740027,8.54841181236838));
#7696=CARTESIAN_POINT('Ctrl Pts',(-46.3726385380116,27.7560119047515,8.50225122180437));
#7697=CARTESIAN_POINT('Ctrl Pts',(-46.7430239322868,28.8685376998959,8.40577061623982));
#7698=CARTESIAN_POINT('Ctrl Pts',(-46.9203087038843,29.4016289323275,8.35602429365738));
#7699=CARTESIAN_POINT('Ctrl Pts',(-47.0953310228848,29.9317722001574,8.3021114631398));
#7700=CARTESIAN_POINT('Ctrl Pts',(-41.2201247202954,21.468464673817,8.95900908824442));
#7701=CARTESIAN_POINT('Ctrl Pts',(-41.4216666511142,22.9365912417223,8.87411520799197));
#7702=CARTESIAN_POINT('Ctrl Pts',(-41.6247833543263,24.4000215522169,8.78154579832018));
#7703=CARTESIAN_POINT('Ctrl Pts',(-41.9100698846051,26.4107715250462,8.63654633450832));
#7704=CARTESIAN_POINT('Ctrl Pts',(-41.9891985030692,26.9642067352022,8.59475371565056));
#7705=CARTESIAN_POINT('Ctrl Pts',(-42.1469208711339,28.0666121033837,8.50565318003086));
#7706=CARTESIAN_POINT('Ctrl Pts',(-42.2255944266621,28.6160274598135,8.45831036837548));
#7707=CARTESIAN_POINT('Ctrl Pts',(-42.3759836564592,29.672877446668,8.36102589945745));
#7708=CARTESIAN_POINT('Ctrl Pts',(-42.4478432836736,30.180782625835,8.31150415172964));
#7709=CARTESIAN_POINT('Ctrl Pts',(-42.518247284212,30.691634995593,8.25932913428329));
#7710=CARTESIAN_POINT('Ctrl Pts',(-40.3316911606783,21.8667631739383,8.94003496278282));
#7711=CARTESIAN_POINT('Ctrl Pts',(-40.4304831707364,23.2873824016255,8.85634056162735));
#7712=CARTESIAN_POINT('Ctrl Pts',(-40.530610321296,24.7027551353605,8.76451391652884));
#7713=CARTESIAN_POINT('Ctrl Pts',(-40.6738459226543,26.6471484662498,8.61906300238173));
#7714=CARTESIAN_POINT('Ctrl Pts',(-40.7138365299357,27.1824124575483,8.57698104225504));
#7715=CARTESIAN_POINT('Ctrl Pts',(-40.7936013728799,28.249611610235,8.48739111096917));
#7716=CARTESIAN_POINT('Ctrl Pts',(-40.8334325920714,28.7820241939617,8.43984387695077));
#7717=CARTESIAN_POINT('Ctrl Pts',(-40.9092457797901,29.8070051031945,8.34274903346359));
#7718=CARTESIAN_POINT('Ctrl Pts',(-40.9453432553957,30.3001687021521,8.29355819752443));
#7719=CARTESIAN_POINT('Ctrl Pts',(-40.9800157388555,30.7984238163355,8.24223423586797));
#7720=CARTESIAN_POINT('Ctrl Pts',(-38.5569544644171,22.6023741447898,8.8916894959188));
#7721=CARTESIAN_POINT('Ctrl Pts',(-38.4505813297324,23.8898221149926,8.81056457196602));
#7722=CARTESIAN_POINT('Ctrl Pts',(-38.3450998235457,25.1714141566904,8.72078521412915));
#7723=CARTESIAN_POINT('Ctrl Pts',(-38.2035110232591,26.9318994180761,8.57704640595796));
#7724=CARTESIAN_POINT('Ctrl Pts',(-38.1648518326748,27.4167428402366,8.53530152144682));
#7725=CARTESIAN_POINT('Ctrl Pts',(-38.0875503999831,28.3850362588851,8.44681654019455));
#7726=CARTESIAN_POINT('Ctrl Pts',(-38.0489141248061,28.8689517278723,8.40003463173653));
#7727=CARTESIAN_POINT('Ctrl Pts',(-37.9740523495307,29.8018290514442,8.30545835197063));
#7728=CARTESIAN_POINT('Ctrl Pts',(-37.9378320998468,30.2514755324298,8.25791978590115));
#7729=CARTESIAN_POINT('Ctrl Pts',(-37.90023722678,30.7082592640277,8.20893859661473));
#7730=CARTESIAN_POINT('Ctrl Pts',(-37.6707028198956,22.9391513789062,8.86224224759967));
#7731=CARTESIAN_POINT('Ctrl Pts',(-37.4619326773501,24.1406457935872,8.7824899562625));
#7732=CARTESIAN_POINT('Ctrl Pts',(-37.2538247987576,25.3362386722175,8.69402343611417));
#7733=CARTESIAN_POINT('Ctrl Pts',(-36.9694440423455,26.9788272948489,8.55246965080745));
#7734=CARTESIAN_POINT('Ctrl Pts',(-36.8912671322261,27.431330310964,8.51135778665052));
#7735=CARTESIAN_POINT('Ctrl Pts',(-36.7348404236163,28.3357356621602,8.42448096113443));
#7736=CARTESIAN_POINT('Ctrl Pts',(-36.6565656415636,28.7880586727568,8.37867618046484));
#7737=CARTESIAN_POINT('Ctrl Pts',(-36.5055975498563,29.6604889436666,8.2864413419546));
#7738=CARTESIAN_POINT('Ctrl Pts',(-36.4328234955544,30.0812480846099,8.24022961167617));
#7739=CARTESIAN_POINT('Ctrl Pts',(-36.3587155204127,30.5090232415236,8.19273691952909));
#7740=CARTESIAN_POINT('Ctrl Pts',(-36.7991210163546,23.2402196360152,8.82715101563677));
#7741=CARTESIAN_POINT('Ctrl Pts',(-36.4896940224158,24.3375258370582,8.74895500365378));
#7742=CARTESIAN_POINT('Ctrl Pts',(-36.1804009399294,25.4296465528769,8.66227686239836));
#7743=CARTESIAN_POINT('Ctrl Pts',(-35.753571549329,26.930261558125,8.52511436021315));
#7744=CARTESIAN_POINT('Ctrl Pts',(-35.6357977397443,27.3436871670554,8.48541566195659));
#7745=CARTESIAN_POINT('Ctrl Pts',(-35.4001838333283,28.1698391270056,8.40194413518842));
#7746=CARTESIAN_POINT('Ctrl Pts',(-35.2823240970584,28.5828266278609,8.3581464656619));
#7747=CARTESIAN_POINT('Ctrl Pts',(-35.0557429252494,29.3791806542956,8.27006676825304));
#7748=CARTESIAN_POINT('Ctrl Pts',(-34.94692436206,29.7628887677686,8.22601694874443));
#7749=CARTESIAN_POINT('Ctrl Pts',(-34.8384885316009,30.1504059148345,8.18061630195762));
#7750=CARTESIAN_POINT('',(-56.2660550916739,11.7255820705747,8.81156272548683));
#7751=CARTESIAN_POINT('Origin',(-54.3629741774117,11.2850256843359,8.821651472295));
#7752=CARTESIAN_POINT('Ctrl Pts',(-35.0075054514111,29.5500216179143,8.25012809512252));
#7753=CARTESIAN_POINT('Ctrl Pts',(-36.61163595191,30.0237466012997,8.25148072678415));
#7754=CARTESIAN_POINT('Ctrl Pts',(-38.2647455159378,30.3121354329315,8.25865504262191));
#7755=CARTESIAN_POINT('Ctrl Pts',(-41.6854189073756,30.5117208020925,8.27708003023878));
#7756=CARTESIAN_POINT('Ctrl Pts',(-43.4423129693409,30.4031705638021,8.28834229420676));
#7757=CARTESIAN_POINT('Ctrl Pts',(-47.8770993865806,29.5884076150971,8.31099383340181));
#7758=CARTESIAN_POINT('Ctrl Pts',(-50.4687257584673,28.5836827937548,8.31751976691746));
#7759=CARTESIAN_POINT('Ctrl Pts',(-55.2656236017381,25.5896021146928,8.28952349463719));
#7760=CARTESIAN_POINT('Ctrl Pts',(-57.3960558636078,23.581096246072,8.25479473372079));
#7761=CARTESIAN_POINT('Ctrl Pts',(-60.0372832723238,19.8570608254925,8.21361413582849));
#7762=CARTESIAN_POINT('Ctrl Pts',(-60.8429503130248,18.3924337955294,8.20139391627147));
#7763=CARTESIAN_POINT('Ctrl Pts',(-62.0876177327857,15.354977320996,8.19394606068956));
#7764=CARTESIAN_POINT('Ctrl Pts',(-62.5330345157816,13.7960241895737,8.19790989758902));
#7765=CARTESIAN_POINT('Ctrl Pts',(-62.8028321743947,12.2024378405154,8.21742777342422));
#7766=CARTESIAN_POINT('',(-51.204524069379,20.1304924370778,8.77652709651006));
#7767=CARTESIAN_POINT('Ctrl Pts',(-36.8397225026838,23.2267595643462,8.8287422773002));
#7768=CARTESIAN_POINT('Ctrl Pts',(-37.6922027492124,23.4737215480162,8.82691889181613));
#7769=CARTESIAN_POINT('Ctrl Pts',(-38.5636891335653,23.6467431359971,8.82352369499835));
#7770=CARTESIAN_POINT('Ctrl Pts',(-39.4444663439019,23.7442739580975,8.82007270250259));
#7771=CARTESIAN_POINT('Ctrl Pts',(-39.5826121690105,23.7595712157177,8.81953143031687));
#7772=CARTESIAN_POINT('Ctrl Pts',(-39.7209865195245,23.7730113614987,8.81898515740044));
#7773=CARTESIAN_POINT('Ctrl Pts',(-39.8595519525633,23.7845884365027,8.81843637053094));
#7774=CARTESIAN_POINT('Ctrl Pts',(-40.1091468556809,23.8054419701052,8.81744785252679));
#7775=CARTESIAN_POINT('Ctrl Pts',(-40.3593616120737,23.820250636403,8.81645147872695));
#7776=CARTESIAN_POINT('Ctrl Pts',(-40.6099770451181,23.8289793980393,8.81545708185095));
#7777=CARTESIAN_POINT('Ctrl Pts',(-41.2944876648168,23.8528204279561,8.81274106706467));
#7778=CARTESIAN_POINT('Ctrl Pts',(-41.9791777618925,23.8312077436128,8.81006541571959));
#7779=CARTESIAN_POINT('Ctrl Pts',(-42.6595559597148,23.7645396546544,8.80746057129241));
#7780=CARTESIAN_POINT('Ctrl Pts',(-43.0079032563346,23.7304062144093,8.80612691522109));
#7781=CARTESIAN_POINT('Ctrl Pts',(-43.3551202163424,23.6844620395397,8.80480800978916));
#7782=CARTESIAN_POINT('Ctrl Pts',(-43.7006040784224,23.626760899763,8.80351039662046));
#7783=CARTESIAN_POINT('Ctrl Pts',(-43.9386452249873,23.5870043525603,8.80261633076258));
#7784=CARTESIAN_POINT('Ctrl Pts',(-44.1758636230506,23.5416664256974,8.80173211066539));
#7785=CARTESIAN_POINT('Ctrl Pts',(-44.4120620903426,23.4907645558808,8.80085762312782));
#7786=CARTESIAN_POINT('Ctrl Pts',(-45.1733384803022,23.3267059481327,8.79803911747323));
#7787=CARTESIAN_POINT('Ctrl Pts',(-45.9204796386855,23.105612309903,8.7953310162616));
#7788=CARTESIAN_POINT('Ctrl Pts',(-46.6472078539118,22.8296703797619,8.79269470687807));
#7789=CARTESIAN_POINT('Ctrl Pts',(-47.0019783675416,22.6949624404841,8.79140772666389));
#7790=CARTESIAN_POINT('Ctrl Pts',(-47.3518849378921,22.5471831617894,8.7901378555039));
#7791=CARTESIAN_POINT('Ctrl Pts',(-47.6962016190137,22.3865859040758,8.78888060123312));
#7792=CARTESIAN_POINT('Ctrl Pts',(-47.8037985317943,22.3364002172403,8.7884877167914));
#7793=CARTESIAN_POINT('Ctrl Pts',(-47.9108493985311,22.2849628974555,8.78809634381784));
#7794=CARTESIAN_POINT('Ctrl Pts',(-48.0173319782445,22.232281695863,8.78770662926496));
#7795=CARTESIAN_POINT('Ctrl Pts',(-48.4739466912828,22.0063760894017,8.78603546953905));
#7796=CARTESIAN_POINT('Ctrl Pts',(-48.9187202208373,21.7582859660356,8.78439693518744));
#7797=CARTESIAN_POINT('Ctrl Pts',(-49.3501034204903,21.4890338275084,8.78282358638246));
#7798=CARTESIAN_POINT('Ctrl Pts',(-50.0004461595415,21.0831159025499,8.78045164428519));
#7799=CARTESIAN_POINT('Ctrl Pts',(-50.6203554711513,20.6291010654288,8.77823234167187));
#7800=CARTESIAN_POINT('Ctrl Pts',(-51.2045240696911,20.1304924374453,8.77652709596496));
#7801=CARTESIAN_POINT('',(-52.8377324603105,18.5121521146353,8.77337300882313));
#7802=CARTESIAN_POINT('Ctrl Pts',(-52.8377324601719,18.5121521147434,8.77337300858045));
#7803=CARTESIAN_POINT('Ctrl Pts',(-52.9376784023809,18.6184263564611,8.76361260493891));
#7804=CARTESIAN_POINT('Ctrl Pts',(-53.0165146333413,18.7427759698424,8.75405512059949));
#7805=CARTESIAN_POINT('Ctrl Pts',(-53.1248303349993,19.0177868064041,8.73624081065337));
#7806=CARTESIAN_POINT('Ctrl Pts',(-53.1519940991393,19.1664435660349,8.7281926458863));
#7807=CARTESIAN_POINT('Ctrl Pts',(-53.1477862108002,19.465325162967,8.71499605618768));
#7808=CARTESIAN_POINT('Ctrl Pts',(-53.116689809255,19.6127074889104,8.70996072944637));
#7809=CARTESIAN_POINT('Ctrl Pts',(-52.9998744287606,19.8873789084285,8.70348121514982));
#7810=CARTESIAN_POINT('Ctrl Pts',(-52.9153037767893,20.0120339673848,8.70209490127195));
#7811=CARTESIAN_POINT('Ctrl Pts',(-52.7031680885432,20.2221474270253,8.70304978211297));
#7812=CARTESIAN_POINT('Ctrl Pts',(-52.5776242788332,20.3055525871359,8.7053805868476));
#7813=CARTESIAN_POINT('Ctrl Pts',(-52.3016151329202,20.4197563361776,8.7133870896179));
#7814=CARTESIAN_POINT('Ctrl Pts',(-52.1537785256166,20.4494131100528,8.71898773293834));
#7815=CARTESIAN_POINT('Ctrl Pts',(-51.8546129549991,20.4505713513462,8.73277021413014));
#7816=CARTESIAN_POINT('Ctrl Pts',(-51.7061474185175,20.4218625940634,8.74082987707356));
#7817=CARTESIAN_POINT('Ctrl Pts',(-51.4326488591013,20.3108221884097,8.75819069394232));
#7818=CARTESIAN_POINT('Ctrl Pts',(-51.3095174318009,20.2310587174346,8.76729614948161));
#7819=CARTESIAN_POINT('Ctrl Pts',(-51.2045240693934,20.1304924370158,8.77652709599791));
#7820=CARTESIAN_POINT('Ctrl Pts',(-52.837732460464,18.5121521147689,8.77337300856444));
#7821=CARTESIAN_POINT('Ctrl Pts',(-53.2765026443024,18.0075128224043,8.7731572854347));
#7822=CARTESIAN_POINT('Ctrl Pts',(-53.6814957732917,17.4757329367321,8.77368762105319));
#7823=CARTESIAN_POINT('Ctrl Pts',(-54.050488238157,16.9203525404849,8.77520976455753));
#7824=CARTESIAN_POINT('Ctrl Pts',(-54.3990233681302,16.3957630243785,8.77664751880631));
#7825=CARTESIAN_POINT('Ctrl Pts',(-54.7154382996763,15.8501166317908,8.77897873083793));
#7826=CARTESIAN_POINT('Ctrl Pts',(-54.997859068636,15.2863975571108,8.78226116867528));
#7827=CARTESIAN_POINT('Ctrl Pts',(-55.1285879745728,15.0254593188925,8.78378056567205));
#7828=CARTESIAN_POINT('Ctrl Pts',(-55.2520330006388,14.7606484705651,8.78550090278515));
#7829=CARTESIAN_POINT('Ctrl Pts',(-55.3680077805447,14.4922604568826,8.78740788998248));
#7830=CARTESIAN_POINT('Ctrl Pts',(-55.4086084523781,14.3983026698846,8.78807549169254));
#7831=CARTESIAN_POINT('Ctrl Pts',(-55.447527550827,14.3056783660963,8.78875321857256));
#7832=CARTESIAN_POINT('Ctrl Pts',(-55.4848222487701,14.2145438633321,8.78943678685255));
#7833=CARTESIAN_POINT('Ctrl Pts',(-55.5530127369418,14.0479114309621,8.79068663890342));
#7834=CARTESIAN_POINT('Ctrl Pts',(-55.6158110305341,13.8861578142962,8.79194953876609));
#7835=CARTESIAN_POINT('Ctrl Pts',(-55.6735593685169,13.7303246950579,8.79320631621428));
#7836=CARTESIAN_POINT('Ctrl Pts',(-55.7362332718855,13.561200003371,8.7945702887734));
#7837=CARTESIAN_POINT('Ctrl Pts',(-55.7929600946584,13.399049725273,8.79592704997153));
#7838=CARTESIAN_POINT('Ctrl Pts',(-55.8442395780502,13.2451800707569,8.79725209400208));
#7839=CARTESIAN_POINT('Ctrl Pts',(-55.8993600855583,13.079785006571,8.79867638876098));
#7840=CARTESIAN_POINT('Ctrl Pts',(-55.948189353981,12.923958630166,8.80006403693324));
#7841=CARTESIAN_POINT('Ctrl Pts',(-55.9913872133374,12.7792787821946,8.80138460321091));
#7842=CARTESIAN_POINT('Ctrl Pts',(-56.0298197860996,12.6505590060938,8.80255949382609));
#7843=CARTESIAN_POINT('Ctrl Pts',(-56.063797344623,12.5306617524064,8.80368128624314));
#7844=CARTESIAN_POINT('Ctrl Pts',(-56.0937760867605,12.4206623024365,8.8047285471446));
#7845=CARTESIAN_POINT('Ctrl Pts',(-56.1204724437245,12.3227067388322,8.8056611430064));
#7846=CARTESIAN_POINT('Ctrl Pts',(-56.1439987637568,12.2325998256474,8.80653463483184));
#7847=CARTESIAN_POINT('Ctrl Pts',(-56.1646483734036,12.1510761257762,8.80733388682793));
#7848=CARTESIAN_POINT('Ctrl Pts',(-56.183976556265,12.0747693574837,8.80808199243366));
#7849=CARTESIAN_POINT('Ctrl Pts',(-56.2007851621051,12.005982275792,8.80876505582421));
#7850=CARTESIAN_POINT('Ctrl Pts',(-56.2152758546178,11.9452975074172,8.80937066497243));
#7851=CARTESIAN_POINT('Ctrl Pts',(-56.228691439204,11.8891151239661,8.80993134216208));
#7852=CARTESIAN_POINT('Ctrl Pts',(-56.2401206109379,11.8398772412126,8.81042563187965));
#7853=CARTESIAN_POINT('Ctrl Pts',(-56.2496821046678,11.7980307389519,8.81084368485386));
#7854=CARTESIAN_POINT('Ctrl Pts',(-56.2559304327625,11.770684522646,8.81111687774795));
#7855=CARTESIAN_POINT('Ctrl Pts',(-56.2613803368394,11.74649447386,8.81135751393295));
#7856=CARTESIAN_POINT('Ctrl Pts',(-56.2660532927387,11.7255816697755,8.81156284476582));
#7857=CARTESIAN_POINT('Origin',(-53.3538764610162,-5.69009925791282,5.20516372770687));
#7858=CARTESIAN_POINT('',(-51.6274600820154,-5.69009925791282,5.43014468960142));
#7859=CARTESIAN_POINT('Origin',(-53.3538764610162,-5.69009925791282,5.43014468960142));
#7860=CARTESIAN_POINT('',(-51.2713362411088,-5.69009925791282,5.08018276581232));
#7861=CARTESIAN_POINT('',(-51.3985177919135,-5.69009925791282,5.20516372770687));
#7862=CARTESIAN_POINT('Origin',(-53.3538764610162,-5.69009925791282,5.08018276581232));
#7863=CARTESIAN_POINT('Origin',(-53.3538764610162,-5.69009925791282,6.60050502782758));
#7864=CARTESIAN_POINT('',(-51.6984838107365,-5.69009925791282,9.49909138290616));
#7865=CARTESIAN_POINT('Origin',(-53.3538764610162,-5.69009925791282,9.49909138290616));
#7866=CARTESIAN_POINT('',(-51.6478887977085,-5.69009925791282,6.60050502782758));
#7867=CARTESIAN_POINT('Origin',(-22.8443897919434,5.00405053462289,5.08018276581232));
#7868=CARTESIAN_POINT('Origin',(-47.3605385186919,26.0789661501947,5.20516372770687));
#7869=CARTESIAN_POINT('',(-45.634122139691,26.0789661501947,5.43014468960142));
#7870=CARTESIAN_POINT('Origin',(-47.3605385186919,26.0789661501947,5.43014468960142));
#7871=CARTESIAN_POINT('',(-45.2779982987845,26.0789661501947,5.08018276581232));
#7872=CARTESIAN_POINT('',(-45.4051798495892,26.0789661501947,5.20516372770687));
#7873=CARTESIAN_POINT('Origin',(-47.3605385186919,26.0789661501947,5.08018276581232));
#7874=CARTESIAN_POINT('Origin',(-47.3605385186919,26.0789661501947,6.60050502782758));
#7875=CARTESIAN_POINT('',(-45.7051458684121,26.0789661501947,9.49909138290616));
#7876=CARTESIAN_POINT('Origin',(-47.3605385186919,26.0789661501947,9.49909138290616));
#7877=CARTESIAN_POINT('',(-45.6545508553842,26.0789661501947,6.60050502782758));
#7878=CARTESIAN_POINT('Origin',(-22.8443897919434,5.00405053462289,5.08018276581232));
#7879=CARTESIAN_POINT('Origin',(-22.8443897919434,5.00405053462291,5.20516372770687));
#7880=CARTESIAN_POINT('',(-21.1179734129426,5.00405053462291,5.43014468960142));
#7881=CARTESIAN_POINT('Origin',(-22.8443897919434,5.00405053462291,5.43014468960142));
#7882=CARTESIAN_POINT('',(-20.7618495720361,5.00405053462291,5.08018276581232));
#7883=CARTESIAN_POINT('',(-20.8890311228407,5.00405053462291,5.20516372770687));
#7884=CARTESIAN_POINT('Origin',(-22.8443897919434,5.00405053462291,5.08018276581232));
#7885=CARTESIAN_POINT('Origin',(-22.8443897919434,5.00405053462291,6.60050502782758));
#7886=CARTESIAN_POINT('',(-21.1889971416637,5.00405053462291,9.49909138290616));
#7887=CARTESIAN_POINT('Origin',(-22.8443897919434,5.00405053462291,9.49909138290616));
#7888=CARTESIAN_POINT('',(-21.1384021286357,5.00405053462291,6.60050502782758));
#7889=CARTESIAN_POINT('Origin',(-22.8443897919434,5.00405053462289,5.08018276581232));
#7890=CARTESIAN_POINT('Origin',(-53.3538764610162,-5.69009925791282,9.49909138290616));
#7891=CARTESIAN_POINT('',(-54.4788764610162,-5.69009925791284,9.49909138290616));
#7892=CARTESIAN_POINT('Origin',(-53.3538764610162,-5.69009925791284,9.49909138290616));
#7893=CARTESIAN_POINT('Origin',(-22.8443897919434,5.00405053462291,9.49909138290616));
#7894=CARTESIAN_POINT('',(-23.9693897919434,5.00405053462289,9.49909138290616));
#7895=CARTESIAN_POINT('Origin',(-22.8443897919434,5.00405053462289,9.49909138290616));
#7896=CARTESIAN_POINT('Origin',(-22.8443897919434,5.00405053462289,25.7991423435546));
#7897=CARTESIAN_POINT('',(-23.8828869593159,5.43665732301088,10.9778601446337));
#7898=CARTESIAN_POINT('',(-23.9693897919434,5.00405053430792,11.0035164654888));
#7899=CARTESIAN_POINT('Ctrl Pts',(-23.8828869593158,5.43665732301094,10.9778601446337));
#7900=CARTESIAN_POINT('Ctrl Pts',(-23.8511252690157,5.51290306462439,10.9715258137588));
#7901=CARTESIAN_POINT('Ctrl Pts',(-23.8110592028216,5.58542848608985,10.9644134740599));
#7902=CARTESIAN_POINT('Ctrl Pts',(-23.7029013495697,5.73861768864759,10.9467433986752));
#7903=CARTESIAN_POINT('Ctrl Pts',(-23.6307531316485,5.81536296994953,10.9358698410528));
#7904=CARTESIAN_POINT('Ctrl Pts',(-23.4524096713256,5.95868505662974,10.9105150022424));
#7905=CARTESIAN_POINT('Ctrl Pts',(-23.3435748681701,6.01982370734355,10.8959047922349));
#7906=CARTESIAN_POINT('Ctrl Pts',(-23.0857964624353,6.11306317980724,10.8627300639225));
#7907=CARTESIAN_POINT('Ctrl Pts',(-22.9357137011033,6.1353598341359,10.8442969492429));
#7908=CARTESIAN_POINT('Ctrl Pts',(-22.6456644356413,6.12019893756864,10.8099608459792));
#7909=CARTESIAN_POINT('Ctrl Pts',(-22.5081219907585,6.08676812902086,10.7942548276378));
#7910=CARTESIAN_POINT('Ctrl Pts',(-22.2482061245522,5.96902770129666,10.7657179062096));
#7911=CARTESIAN_POINT('Ctrl Pts',(-22.1288346212957,5.88422652912192,10.7532544690622));
#7912=CARTESIAN_POINT('Ctrl Pts',(-21.9269815285777,5.67175592739653,10.7338762351329));
#7913=CARTESIAN_POINT('Ctrl Pts',(-21.8471915123704,5.54548237584695,10.7272598697258));
#7914=CARTESIAN_POINT('Ctrl Pts',(-21.7414724461021,5.2700936129474,10.7216455039452));
#7915=CARTESIAN_POINT('Ctrl Pts',(-21.7162029362713,5.12398647361409,10.7226574931247));
#7916=CARTESIAN_POINT('Ctrl Pts',(-21.7224290806985,4.86341350572948,10.7315164893541));
#7917=CARTESIAN_POINT('Ctrl Pts',(-21.7423877659906,4.75084502889081,10.7377202014138));
#7918=CARTESIAN_POINT('Ctrl Pts',(-21.787055171665,4.6189138502994,10.7479670654973));
#7919=CARTESIAN_POINT('Ctrl Pts',(-21.7961354136617,4.59484559016071,10.7499663503866));
#7920=CARTESIAN_POINT('Ctrl Pts',(-21.8060288209588,4.57111694394663,10.7520685233437));
#7921=CARTESIAN_POINT('Ctrl Pts',(-21.8407131005023,4.48792912262631,10.7594383153986));
#7922=CARTESIAN_POINT('Ctrl Pts',(-21.8852263644432,4.40930986803106,10.7680403723077));
#7923=CARTESIAN_POINT('Ctrl Pts',(-21.9963682978321,4.25840318923945,10.7880686018851));
#7924=CARTESIAN_POINT('Ctrl Pts',(-22.06408042757,4.18783529652663,10.7995872559401));
#7925=CARTESIAN_POINT('Ctrl Pts',(-22.2408562796829,4.04586088031342,10.8281187658851));
#7926=CARTESIAN_POINT('Ctrl Pts',(-22.3549536532884,3.98287727482915,10.8454840919633));
#7927=CARTESIAN_POINT('Ctrl Pts',(-22.6077531981861,3.89557668268686,10.8815961311365));
#7928=CARTESIAN_POINT('Ctrl Pts',(-22.7456240759272,3.87488791645646,10.9000631237767));
#7929=CARTESIAN_POINT('Ctrl Pts',(-23.0268810641803,3.88476644393971,10.9350451784249));
#7930=CARTESIAN_POINT('Ctrl Pts',(-23.1678400321295,3.91703302092811,10.9511622596217));
#7931=CARTESIAN_POINT('Ctrl Pts',(-23.4347261256277,4.03497555485778,10.978828325322));
#7932=CARTESIAN_POINT('Ctrl Pts',(-23.5573552266185,4.12120519525045,10.9899437205788));
#7933=CARTESIAN_POINT('Ctrl Pts',(-23.7615279522381,4.33600472686578,11.0053758115665));
#7934=CARTESIAN_POINT('Ctrl Pts',(-23.8412651128173,4.46208771386277,11.0095943085461));
#7935=CARTESIAN_POINT('Ctrl Pts',(-23.9439795230878,4.72905098907178,11.0110320782751));
#7936=CARTESIAN_POINT('Ctrl Pts',(-23.9693897918661,4.8660049410316,11.0086822871994));
#7937=CARTESIAN_POINT('Ctrl Pts',(-23.9693897919434,5.00405053399294,11.0035164654888));
#7938=CARTESIAN_POINT('Ctrl Pts',(-23.9693897919434,5.00405053399294,11.0035164654888));
#7939=CARTESIAN_POINT('Ctrl Pts',(-23.9693897919453,5.00738555168813,11.003391665367));
#7940=CARTESIAN_POINT('Ctrl Pts',(-23.9693749621626,5.0107212063086,11.0032652160859));
#7941=CARTESIAN_POINT('Ctrl Pts',(-23.968253653469,5.1367768926962,10.9984251985024));
#7942=CARTESIAN_POINT('Ctrl Pts',(-23.9470902676338,5.2583847535409,10.9915619951225));
#7943=CARTESIAN_POINT('Ctrl Pts',(-23.8994405227255,5.39519347247373,10.981225487958));
#7944=CARTESIAN_POINT('Ctrl Pts',(-23.8914667152716,5.41606113151331,10.9795712315607));
#7945=CARTESIAN_POINT('Ctrl Pts',(-23.8828869593158,5.43665732301094,10.9778601446337));
#7946=CARTESIAN_POINT('',(-23.9693897919434,5.00405053462289,25.7991423435546));
#7947=CARTESIAN_POINT('Origin',(-47.3605385186919,26.0789661501947,25.7991423435546));
#7948=CARTESIAN_POINT('',(-48.4271402040486,26.4367172435462,10.5325106666269));
#7949=CARTESIAN_POINT('',(-48.4855385186919,26.0789661507699,10.554715528955));
#7950=CARTESIAN_POINT('Ctrl Pts',(-48.4271402040486,26.4367172435462,10.532510666627));
#7951=CARTESIAN_POINT('Ctrl Pts',(-48.4211540055995,26.4545645387001,10.5314695324417));
#7952=CARTESIAN_POINT('Ctrl Pts',(-48.4147149098764,26.4722763367864,10.5304471084688));
#7953=CARTESIAN_POINT('Ctrl Pts',(-48.4078262699638,26.4898351877672,10.5294444884176));
#7954=CARTESIAN_POINT('Ctrl Pts',(-48.3785821575715,26.5643771899737,10.5251880990816));
#7955=CARTESIAN_POINT('Ctrl Pts',(-48.3415292646213,26.63541651657,10.5213305855764));
#7956=CARTESIAN_POINT('Ctrl Pts',(-48.2973952032451,26.7018020456022,10.5179358570908));
#7957=CARTESIAN_POINT('Ctrl Pts',(-48.2589797683168,26.7595857367284,10.5149809971217));
#7958=CARTESIAN_POINT('Ctrl Pts',(-48.2151966170897,26.8138476143938,10.5123767622604));
#7959=CARTESIAN_POINT('Ctrl Pts',(-48.166529518348,26.86382506011,10.5101652987518));
#7960=CARTESIAN_POINT('Ctrl Pts',(-48.1064388726755,26.9255336283171,10.5074347421017));
#7961=CARTESIAN_POINT('Ctrl Pts',(-48.0394488722219,26.9801486460931,10.5053286271997));
#7962=CARTESIAN_POINT('Ctrl Pts',(-47.9668707112111,27.0265875262278,10.5038971031572));
#7963=CARTESIAN_POINT('Ctrl Pts',(-47.9168396953806,27.0585996951063,10.5029102966436));
#7964=CARTESIAN_POINT('Ctrl Pts',(-47.8643489275014,27.0866014076808,10.5022479475469));
#7965=CARTESIAN_POINT('Ctrl Pts',(-47.8098900646821,27.1103284474095,10.5019189884301));
#7966=CARTESIAN_POINT('Ctrl Pts',(-47.7584983336222,27.1327191765114,10.5016085563428));
#7967=CARTESIAN_POINT('Ctrl Pts',(-47.705504810174,27.1512374430397,10.501595942537));
#7968=CARTESIAN_POINT('Ctrl Pts',(-47.6513524427434,27.165728434035,10.5018831582952));
#7969=CARTESIAN_POINT('Ctrl Pts',(-47.5822665748176,27.1842155794271,10.502249579024));
#7970=CARTESIAN_POINT('Ctrl Pts',(-47.5115806477136,27.1960714656822,10.5031025422786));
#7971=CARTESIAN_POINT('Ctrl Pts',(-47.4402550695451,27.2011382722509,10.5044331126668));
#7972=CARTESIAN_POINT('Ctrl Pts',(-47.3172035400916,27.2098795725492,10.5067286246768));
#7973=CARTESIAN_POINT('Ctrl Pts',(-47.1935882641132,27.1983195732561,10.5104214926861));
#7974=CARTESIAN_POINT('Ctrl Pts',(-47.0743577918051,27.1669576904001,10.5153652030404));
#7975=CARTESIAN_POINT('Ctrl Pts',(-46.9949413197849,27.1460683150239,10.5186580863732));
#7976=CARTESIAN_POINT('Ctrl Pts',(-46.9182546767643,27.116600500649,10.5224733625864));
#7977=CARTESIAN_POINT('Ctrl Pts',(-46.8456142717202,27.079205131579,10.5267326600457));
#7978=CARTESIAN_POINT('Ctrl Pts',(-46.7898436141123,27.0504943290544,10.5300027935217));
#7979=CARTESIAN_POINT('Ctrl Pts',(-46.7364546737656,27.0171089253222,10.5335346601694));
#7980=CARTESIAN_POINT('Ctrl Pts',(-46.6860429522543,26.9793442545798,10.5372927916024));
#7981=CARTESIAN_POINT('Ctrl Pts',(-46.6195212848915,26.9295112238899,10.5422518995558));
#7982=CARTESIAN_POINT('Ctrl Pts',(-46.5589002059061,26.872589776361,10.5475509857132));
#7983=CARTESIAN_POINT('Ctrl Pts',(-46.5051888854261,26.8097205582361,10.5530829497952));
#7984=CARTESIAN_POINT('Ctrl Pts',(-46.4627762016895,26.7600764191373,10.5574512178057));
#7985=CARTESIAN_POINT('Ctrl Pts',(-46.4246690843481,26.7067204241335,10.5619646930228));
#7986=CARTESIAN_POINT('Ctrl Pts',(-46.3913640587118,26.6502155406733,10.5665706427017));
#7987=CARTESIAN_POINT('Ctrl Pts',(-46.347192801545,26.5752751468195,10.5726793480361));
#7988=CARTESIAN_POINT('Ctrl Pts',(-46.3119603140164,26.4956309715954,10.5788816827993));
#7989=CARTESIAN_POINT('Ctrl Pts',(-46.2862505287385,26.4129276968461,10.5850476633838));
#7990=CARTESIAN_POINT('Ctrl Pts',(-46.2691591620455,26.3579481635607,10.5891466877067));
#7991=CARTESIAN_POINT('Ctrl Pts',(-46.2562752466426,26.3016140030287,10.5932296459089));
#7992=CARTESIAN_POINT('Ctrl Pts',(-46.2477704452664,26.2444116541075,10.5972583502807));
#7993=CARTESIAN_POINT('Ctrl Pts',(-46.2303800617492,26.1274458671571,10.6054961339754));
#7994=CARTESIAN_POINT('Ctrl Pts',(-46.2315505887014,26.0085436984033,10.6133883598105));
#7995=CARTESIAN_POINT('Ctrl Pts',(-46.2511695204762,25.8920826950739,10.6206421077209));
#7996=CARTESIAN_POINT('Ctrl Pts',(-46.2540457677373,25.8750088479503,10.6217055485239));
#7997=CARTESIAN_POINT('Ctrl Pts',(-46.2573185176552,25.8579875274768,10.6227552663729));
#7998=CARTESIAN_POINT('Ctrl Pts',(-46.2609873680181,25.8410328253913,10.6237903382678));
#7999=CARTESIAN_POINT('Ctrl Pts',(-46.2879135774426,25.7165998793953,10.6313868766529));
#8000=CARTESIAN_POINT('Ctrl Pts',(-46.3357790167795,25.5975847685139,10.6380820805367));
#8001=CARTESIAN_POINT('Ctrl Pts',(-46.4025883315898,25.4890878245792,10.6435913481569));
#8002=CARTESIAN_POINT('Ctrl Pts',(-46.4637836193196,25.389707944382,10.6486376686911));
#8003=CARTESIAN_POINT('Ctrl Pts',(-46.5400919932226,25.3004220439448,10.6526246075895));
#8004=CARTESIAN_POINT('Ctrl Pts',(-46.6287961597073,25.2244615451353,10.6554158799294));
#8005=CARTESIAN_POINT('Ctrl Pts',(-46.681277190197,25.1795201921864,10.6570673113625));
#8006=CARTESIAN_POINT('Ctrl Pts',(-46.7377927818168,25.139504163544,10.6582907490766));
#8007=CARTESIAN_POINT('Ctrl Pts',(-46.7976285291908,25.1049243935334,10.6590732708016));
#8008=CARTESIAN_POINT('Ctrl Pts',(-46.8463914615626,25.0767437312961,10.6597109841357));
#8009=CARTESIAN_POINT('Ctrl Pts',(-46.8972033475538,25.0522637135959,10.6600538467174));
#8010=CARTESIAN_POINT('Ctrl Pts',(-46.9496358061858,25.0316916108044,10.6601007337932));
#8011=CARTESIAN_POINT('Ctrl Pts',(-47.0063526297085,25.0094385188465,10.6601514521092));
#8012=CARTESIAN_POINT('Ctrl Pts',(-47.0647820146024,24.9918301480975,10.6598556992036));
#8013=CARTESIAN_POINT('Ctrl Pts',(-47.1243470754993,24.9790395152946,10.6592188793629));
#8014=CARTESIAN_POINT('Ctrl Pts',(-47.2109430469278,24.9604444319342,10.6582930676219));
#8015=CARTESIAN_POINT('Ctrl Pts',(-47.2994202030048,24.9521432909266,10.6566520747189));
#8016=CARTESIAN_POINT('Ctrl Pts',(-47.3879388666203,24.9542998792799,10.6543373135651));
#8017=CARTESIAN_POINT('Ctrl Pts',(-47.4729849533307,24.9563718649223,10.6521133602228));
#8018=CARTESIAN_POINT('Ctrl Pts',(-47.5575030379248,24.9680832903899,10.6492823894743));
#8019=CARTESIAN_POINT('Ctrl Pts',(-47.6398739074495,24.9891970275877,10.6459030620807));
#8020=CARTESIAN_POINT('Ctrl Pts',(-47.707944300034,25.0066451908555,10.6431104225993));
#8021=CARTESIAN_POINT('Ctrl Pts',(-47.7742156487653,25.0304290591077,10.6399569226005));
#8022=CARTESIAN_POINT('Ctrl Pts',(-47.837821985704,25.0602289455551,10.6364844813404));
#8023=CARTESIAN_POINT('Ctrl Pts',(-47.9117032985674,25.0948427095271,10.6324511014684));
#8024=CARTESIAN_POINT('Ctrl Pts',(-47.9814060368853,25.137299508121,10.6280200555134));
#8025=CARTESIAN_POINT('Ctrl Pts',(-48.0457763834041,25.1867363206303,10.6232703027881));
#8026=CARTESIAN_POINT('Ctrl Pts',(-48.0982782634464,25.2270580796451,10.6193962992865));
#8027=CARTESIAN_POINT('Ctrl Pts',(-48.1472364104115,25.2720258327507,10.6153102794582));
#8028=CARTESIAN_POINT('Ctrl Pts',(-48.1920254887291,25.321170387038,10.611055085367));
#8029=CARTESIAN_POINT('Ctrl Pts',(-48.2466828835602,25.3811428939162,10.6058623501677));
#8030=CARTESIAN_POINT('Ctrl Pts',(-48.2945552901005,25.446702845074,10.6004717646046));
#8031=CARTESIAN_POINT('Ctrl Pts',(-48.3349140655681,25.5166341364788,10.5949718205094));
#8032=CARTESIAN_POINT('Ctrl Pts',(-48.3681454581103,25.5742155216605,10.5904431697));
#8033=CARTESIAN_POINT('Ctrl Pts',(-48.3962849886633,25.6347643904751,10.5858403752697));
#8034=CARTESIAN_POINT('Ctrl Pts',(-48.4189263953978,25.6976000499159,10.5812128381188));
#8035=CARTESIAN_POINT('Ctrl Pts',(-48.4499461667627,25.7836878010996,10.574872898817));
#8036=CARTESIAN_POINT('Ctrl Pts',(-48.4702897749347,25.8730796551422,10.5685593725232));
#8037=CARTESIAN_POINT('Ctrl Pts',(-48.4796252505833,25.9637711567941,10.5624036453149));
#8038=CARTESIAN_POINT('Ctrl Pts',(-48.4835591903021,26.0019882668734,10.5598096414662));
#8039=CARTESIAN_POINT('Ctrl Pts',(-48.4855385187117,26.0404369316309,10.5572436588337));
#8040=CARTESIAN_POINT('Ctrl Pts',(-48.4855385186919,26.0789661507724,10.5547155289926));
#8041=CARTESIAN_POINT('Origin',(-47.3571767893183,26.0806194085085,10.5790906560621));
#8042=CARTESIAN_POINT('',(-48.4855385186918,26.0789661501947,9.49909138290616));
#8043=CARTESIAN_POINT('',(-48.4855385186919,26.0789661501947,25.7991423435546));
#8044=CARTESIAN_POINT('Origin',(-47.3605385186919,26.0789661501947,9.49909138290616));
#8045=CARTESIAN_POINT('Origin',(-47.3605385186919,26.0789661501947,9.49909138290616));
#8046=CARTESIAN_POINT('Origin',(-53.3538764610162,-5.69009925791284,25.7991423435546));
#8047=CARTESIAN_POINT('',(-54.3810608550684,-5.23127770151471,10.4983005160234));
#8048=CARTESIAN_POINT('',(-54.4788764610162,-5.69009927003151,10.451571689409));
#8049=CARTESIAN_POINT('Ctrl Pts',(-54.3810608550686,-5.23127770151516,10.4983005160233));
#8050=CARTESIAN_POINT('Ctrl Pts',(-54.3738549669007,-5.2151455565274,10.5002507359269));
#8051=CARTESIAN_POINT('Ctrl Pts',(-54.3662635683366,-5.19917090735816,10.5022191663091));
#8052=CARTESIAN_POINT('Ctrl Pts',(-54.2986757847989,-5.06520221508163,10.5190482061736));
#8053=CARTESIAN_POINT('Ctrl Pts',(-54.2186932457086,-4.95851700650181,10.5345879676661));
#8054=CARTESIAN_POINT('Ctrl Pts',(-54.0401133626477,-4.79160889870699,10.5633519173403));
#8055=CARTESIAN_POINT('Ctrl Pts',(-53.9471459408187,-4.72767853260878,10.5764169874161));
#8056=CARTESIAN_POINT('Ctrl Pts',(-53.7467413900934,-4.63013489013117,10.6013164930962));
#8057=CARTESIAN_POINT('Ctrl Pts',(-53.6405795237382,-4.59661630380657,10.6130361380781));
#8058=CARTESIAN_POINT('Ctrl Pts',(-53.4068570941357,-4.55932012317427,10.6359694911289));
#8059=CARTESIAN_POINT('Ctrl Pts',(-53.2799754561627,-4.56046500187069,10.6467402669313));
#8060=CARTESIAN_POINT('Ctrl Pts',(-53.0092340580254,-4.60888756213978,10.6661977220453));
#8061=CARTESIAN_POINT('Ctrl Pts',(-52.8691644577354,-4.66397189424149,10.6739651999376));
#8062=CARTESIAN_POINT('Ctrl Pts',(-52.6257370572354,-4.82108377469308,10.6827352854973));
#8063=CARTESIAN_POINT('Ctrl Pts',(-52.5229567922943,-4.91876199799729,10.6840209185322));
#8064=CARTESIAN_POINT('Ctrl Pts',(-52.35648285741,-5.1500308127429,10.6803003591573));
#8065=CARTESIAN_POINT('Ctrl Pts',(-52.2955437604366,-5.28225374186382,10.6751556078868));
#8066=CARTESIAN_POINT('Ctrl Pts',(-52.2255980749075,-5.56760334245674,10.6583892359905));
#8067=CARTESIAN_POINT('Ctrl Pts',(-52.2193749751323,-5.71837591743466,10.6466965765345));
#8068=CARTESIAN_POINT('Ctrl Pts',(-52.266031958645,-6.01350203285489,10.6182320679297));
#8069=CARTESIAN_POINT('Ctrl Pts',(-52.318579668941,-6.15490857483845,10.6017302791092));
#8070=CARTESIAN_POINT('Ctrl Pts',(-52.4656083767835,-6.39266057234685,10.5684884596706));
#8071=CARTESIAN_POINT('Ctrl Pts',(-52.5528854570919,-6.49072849829602,10.5522866490391));
#8072=CARTESIAN_POINT('Ctrl Pts',(-52.7408835800464,-6.63977699834567,10.5226368378021));
#8073=CARTESIAN_POINT('Ctrl Pts',(-52.836347310879,-6.69500478000086,10.5093099619182));
#8074=CARTESIAN_POINT('Ctrl Pts',(-53.0378364519764,-6.77509079118943,10.4843701300585));
#8075=CARTESIAN_POINT('Ctrl Pts',(-53.1425621301631,-6.80026933929258,10.4728459990537));
#8076=CARTESIAN_POINT('Ctrl Pts',(-53.37276384227,-6.82174755223308,10.4505472837391));
#8077=CARTESIAN_POINT('Ctrl Pts',(-53.4973704725375,-6.81280549473042,10.440320534196));
#8078=CARTESIAN_POINT('Ctrl Pts',(-53.7111753028859,-6.76113858941569,10.4260392356762));
#8079=CARTESIAN_POINT('Ctrl Pts',(-53.8010367598307,-6.72685467866842,10.4211656755394));
#8080=CARTESIAN_POINT('Ctrl Pts',(-53.8855175096841,-6.68155414613591,10.4177426649123));
#8081=CARTESIAN_POINT('Ctrl Pts',(-54.0081003166721,-6.61582240907722,10.4127758262923));
#8082=CARTESIAN_POINT('Ctrl Pts',(-54.1174699290192,-6.52790521684665,10.4109391668449));
#8083=CARTESIAN_POINT('Ctrl Pts',(-54.3014846233844,-6.31322055506752,10.4136116631651));
#8084=CARTESIAN_POINT('Ctrl Pts',(-54.3731329256649,-6.18739458691141,10.4182946882994));
#8085=CARTESIAN_POINT('Ctrl Pts',(-54.4588181073593,-5.93488736419928,10.4325400085903));
#8086=CARTESIAN_POINT('Ctrl Pts',(-54.4788764596856,-5.8127495417444,10.4412142662677));
#8087=CARTESIAN_POINT('Ctrl Pts',(-54.4788764610162,-5.69009927011733,10.4515716904251));
#8088=CARTESIAN_POINT('Ctrl Pts',(-54.4788764610162,-5.69009927011733,10.4515716904251));
#8089=CARTESIAN_POINT('Ctrl Pts',(-54.4788764613027,-5.66368890818849,10.4538019612351));
#8090=CARTESIAN_POINT('Ctrl Pts',(-54.4779464631899,-5.63725479278736,10.4561103636026));
#8091=CARTESIAN_POINT('Ctrl Pts',(-54.4668044587469,-5.47948715834751,10.4703442966216));
#8092=CARTESIAN_POINT('Ctrl Pts',(-54.434557084316,-5.35104210895715,10.4838221604604));
#8093=CARTESIAN_POINT('Ctrl Pts',(-54.3810608550686,-5.23127770151516,10.4983005160233));
#8094=CARTESIAN_POINT('',(-54.4788764610162,-5.69009925791284,25.7991423435546));
#8095=CARTESIAN_POINT('Origin',(-22.2765442090201,-5.6599884665137,0.218));
#8096=CARTESIAN_POINT('',(-21.974370133526,-1.92209395586048,10.9958225022374));
#8097=CARTESIAN_POINT('',(-21.974370133526,-1.92209395586048,0.218));
#8098=CARTESIAN_POINT('',(-25.7809065620382,-6.99513229525349,11.5668220796398));
#8099=CARTESIAN_POINT('Ctrl Pts',(-25.7809065620382,-6.99513229525348,11.5668220796398));
#8100=CARTESIAN_POINT('Ctrl Pts',(-25.9238953614507,-6.61982848544795,11.5684073449017));
#8101=CARTESIAN_POINT('Ctrl Pts',(-26.0056567140014,-6.22400927149619,11.5653097417172));
#8102=CARTESIAN_POINT('Ctrl Pts',(-26.0416952107159,-5.39494748759758,11.5482819797223));
#8103=CARTESIAN_POINT('Ctrl Pts',(-25.9868433018958,-4.96721016053062,11.5337546771931));
#8104=CARTESIAN_POINT('Ctrl Pts',(-25.7327675391044,-4.14059696652833,11.4915346049121));
#8105=CARTESIAN_POINT('Ctrl Pts',(-25.532546008379,-3.74902503825097,11.4638826934918));
#8106=CARTESIAN_POINT('Ctrl Pts',(-24.9997461661611,-3.04304595897593,11.3942026331514));
#8107=CARTESIAN_POINT('Ctrl Pts',(-24.6680118974131,-2.7369658940983,11.3523379194549));
#8108=CARTESIAN_POINT('Ctrl Pts',(-23.9604863491426,-2.28644116581686,11.2618950220239));
#8109=CARTESIAN_POINT('Ctrl Pts',(-23.5997118111563,-2.12940743074024,11.2153290125398));
#8110=CARTESIAN_POINT('Ctrl Pts',(-22.8146568678274,-1.92495252809395,11.1113385084913));
#8111=CARTESIAN_POINT('Ctrl Pts',(-22.3930111536362,-1.88825071527272,11.0539799268657));
#8112=CARTESIAN_POINT('Ctrl Pts',(-21.974370133526,-1.92209395586047,10.9958225022374));
#8113=CARTESIAN_POINT('',(-25.7809065620382,-6.99513229525345,0.218));
#8114=CARTESIAN_POINT('Ctrl Pts',(-71.1255823958328,34.6584418755944,20.284922969022));
#8115=CARTESIAN_POINT('Ctrl Pts',(-78.9799489375841,21.3022785014803,16.0073116342286));
#8116=CARTESIAN_POINT('Ctrl Pts',(-86.8343154793355,7.94611512736525,11.7297002994347));
#8117=CARTESIAN_POINT('Ctrl Pts',(-94.6886820210858,-5.41004824674905,7.45208896464104));
#8118=CARTESIAN_POINT('Ctrl Pts',(-95.1527187244529,-6.19913161697524,7.19936729045738));
#8119=CARTESIAN_POINT('Ctrl Pts',(-97.0721288520539,-9.44988099070275,6.24214248335897));
#8120=CARTESIAN_POINT('Ctrl Pts',(-100.152210956857,-16.694715023474,4.80300275604954));
#8121=CARTESIAN_POINT('Ctrl Pts',(-99.9266087223432,-24.9718193920463,4.22023206682002));
#8122=CARTESIAN_POINT('Ctrl Pts',(-97.4052366160437,-30.1113446689544,4.17604498647477));
#8123=CARTESIAN_POINT('Ctrl Pts',(-94.4030588270502,-32.6227551494651,4.2766446222597));
#8124=CARTESIAN_POINT('Ctrl Pts',(-90.2909544656298,-33.617363479849,4.36543535845558));
#8125=CARTESIAN_POINT('Ctrl Pts',(-86.0949356947454,-33.0324589700468,4.29107234248827));
#8126=CARTESIAN_POINT('Ctrl Pts',(-82.4264270188735,-31.9162128649851,4.13341999740137));
#8127=CARTESIAN_POINT('Ctrl Pts',(-80.0885762470396,-30.8265203984367,4.06770216573641));
#8128=CARTESIAN_POINT('Ctrl Pts',(-77.4348308361668,-29.6533535999731,3.96478894385178));
#8129=CARTESIAN_POINT('Ctrl Pts',(-73.5770196706119,-29.2750852092712,3.70669287138533));
#8130=CARTESIAN_POINT('Ctrl Pts',(-69.0722822974383,-29.812315026625,3.49133705602692));
#8131=CARTESIAN_POINT('Ctrl Pts',(-64.7555072848899,-31.9630940770211,3.44402743800043));
#8132=CARTESIAN_POINT('Ctrl Pts',(-62.0828110418878,-34.7478058442332,3.71593614847905));
#8133=CARTESIAN_POINT('Ctrl Pts',(-60.9732736335461,-37.7176976336598,4.18072871265055));
#8134=CARTESIAN_POINT('Ctrl Pts',(-61.0184990363575,-40.5084533590433,4.71437364612564));
#8135=CARTESIAN_POINT('Ctrl Pts',(-61.9298156252224,-42.5464940002097,5.14963190792284));
#8136=CARTESIAN_POINT('Ctrl Pts',(-62.9257175007632,-44.7068963137554,5.67175534324835));
#8137=CARTESIAN_POINT('Ctrl Pts',(-62.7837693099443,-47.8693269832177,6.50145116903531));
#8138=CARTESIAN_POINT('Ctrl Pts',(-60.7053603837491,-50.5522714965923,7.27242724953316));
#8139=CARTESIAN_POINT('Ctrl Pts',(-57.6853175095346,-51.5703922695899,7.64416174132394));
#8140=CARTESIAN_POINT('Ctrl Pts',(-54.4484028124025,-51.1292696836267,7.69390061039609));
#8141=CARTESIAN_POINT('Ctrl Pts',(-51.9776171109675,-49.573079403762,7.54145774836068));
#8142=CARTESIAN_POINT('Ctrl Pts',(-50.7037922854551,-48.3046067360628,7.4675219796324));
#8143=CARTESIAN_POINT('Ctrl Pts',(-43.6990660526905,-41.3293118658255,7.06095130493854));
#8144=CARTESIAN_POINT('Ctrl Pts',(-36.6943398199253,-34.3540169955888,6.65438063024415));
#8145=CARTESIAN_POINT('Ctrl Pts',(-29.6896135871604,-27.378722125352,6.24780995555029));
#8146=CARTESIAN_POINT('Ctrl Pts',(-68.2065931732273,36.1465476837651,16.7599323484143));
#8147=CARTESIAN_POINT('Ctrl Pts',(-73.6364187947564,24.241519499485,13.950692274851));
#8148=CARTESIAN_POINT('Ctrl Pts',(-79.0662444162855,12.3364913152042,11.1414522012874));
#8149=CARTESIAN_POINT('Ctrl Pts',(-84.4960700378138,0.431463130923964,8.33221212772403));
#8150=CARTESIAN_POINT('Ctrl Pts',(-84.8168646388653,-0.27188703777016,8.16624196376826));
#8151=CARTESIAN_POINT('Ctrl Pts',(-86.1255501524793,-3.17368020613983,7.53667049556265));
#8152=CARTESIAN_POINT('Ctrl Pts',(-88.0539784101849,-9.58537647961269,6.5816830595697));
#8153=CARTESIAN_POINT('Ctrl Pts',(-87.3131734330122,-16.8556327943186,6.17985164930335));
#8154=CARTESIAN_POINT('Ctrl Pts',(-84.7669716768325,-21.699541142926,6.13712799525318));
#8155=CARTESIAN_POINT('Ctrl Pts',(-81.9572253145668,-24.3396806288907,6.19699291581646));
#8156=CARTESIAN_POINT('Ctrl Pts',(-78.2714882479366,-25.8385494690327,6.25449717822039));
#8157=CARTESIAN_POINT('Ctrl Pts',(-74.6328986737203,-25.9828532909145,6.21038237389218));
#8158=CARTESIAN_POINT('Ctrl Pts',(-71.5284229819623,-25.5585997325067,6.11439366633091));
#8159=CARTESIAN_POINT('Ctrl Pts',(-69.5552476051297,-24.9952888954678,6.07882353266427));
#8160=CARTESIAN_POINT('Ctrl Pts',(-67.3469066314378,-24.3612856636288,6.01818682991786));
#8161=CARTESIAN_POINT('Ctrl Pts',(-64.1919054353079,-24.3825348635142,5.85366142445689));
#8162=CARTESIAN_POINT('Ctrl Pts',(-60.5112917124689,-25.1638721729234,5.72081511304128));
#8163=CARTESIAN_POINT('Ctrl Pts',(-56.95448242506,-27.2123117048007,5.69738309200362));
#8164=CARTESIAN_POINT('Ctrl Pts',(-54.6374609320585,-29.7465943069788,5.87896660924937));
#8165=CARTESIAN_POINT('Ctrl Pts',(-53.4950299955474,-32.4403531655499,6.1832329871937));
#8166=CARTESIAN_POINT('Ctrl Pts',(-53.2725870226184,-34.9429481195422,6.53147030187043));
#8167=CARTESIAN_POINT('Ctrl Pts',(-53.7538018327383,-36.8234516724865,6.81393563241523));
#8168=CARTESIAN_POINT('Ctrl Pts',(-54.2469511963788,-38.8740222585703,7.15198790832557));
#8169=CARTESIAN_POINT('Ctrl Pts',(-53.7856582678328,-41.8002758157552,7.69290735959021));
#8170=CARTESIAN_POINT('Ctrl Pts',(-51.8056252365561,-44.4176667779549,8.19477102605211));
#8171=CARTESIAN_POINT('Ctrl Pts',(-49.1524853415097,-45.7232791330233,8.43453593282263));
#8172=CARTESIAN_POINT('Ctrl Pts',(-46.3779623043817,-45.8840878233945,8.46416194690073));
#8173=CARTESIAN_POINT('Ctrl Pts',(-44.2816961563183,-45.0849807897513,8.36388300827046));
#8174=CARTESIAN_POINT('Ctrl Pts',(-43.2014320637834,-44.3384517509952,8.3170682615516));
#8175=CARTESIAN_POINT('Ctrl Pts',(-37.2610907580239,-40.2333099476926,8.05963531013325));
#8176=CARTESIAN_POINT('Ctrl Pts',(-31.3207494522641,-36.1281681443903,7.80220235871454));
#8177=CARTESIAN_POINT('Ctrl Pts',(-25.3804081465045,-32.023026341088,7.54476940729619));
#8178=CARTESIAN_POINT('Ctrl Pts',(-65.2876039506217,37.6346534919358,13.2349417278066));
#8179=CARTESIAN_POINT('Ctrl Pts',(-68.2928886519286,27.1807604974897,11.8940729154735));
#8180=CARTESIAN_POINT('Ctrl Pts',(-71.2981733532354,16.7268675030432,10.5532041031402));
#8181=CARTESIAN_POINT('Ctrl Pts',(-74.3034580545419,6.27297450859698,9.21233529080702));
#8182=CARTESIAN_POINT('Ctrl Pts',(-74.4810105532776,5.65535754143492,9.13311663707913));
#8183=CARTESIAN_POINT('Ctrl Pts',(-75.1789714529046,3.10252057842308,8.83119850776632));
#8184=CARTESIAN_POINT('Ctrl Pts',(-75.9557458635124,-2.47603793575135,8.36036336308985));
#8185=CARTESIAN_POINT('Ctrl Pts',(-74.6997381436811,-8.73944619659089,8.13947123178668));
#8186=CARTESIAN_POINT('Ctrl Pts',(-72.1287067376212,-13.2877376168975,8.09821100403159));
#8187=CARTESIAN_POINT('Ctrl Pts',(-69.5113918020834,-16.0566061083164,8.11734120937323));
#8188=CARTESIAN_POINT('Ctrl Pts',(-66.2520220302433,-18.0597354582163,8.1435589979852));
#8189=CARTESIAN_POINT('Ctrl Pts',(-63.1708616526951,-18.9332476117823,8.12969240529609));
#8190=CARTESIAN_POINT('Ctrl Pts',(-60.6304189450512,-19.2009866000284,8.09536733526046));
#8191=CARTESIAN_POINT('Ctrl Pts',(-59.0219189632199,-19.1640573924989,8.08994489959214));
#8192=CARTESIAN_POINT('Ctrl Pts',(-57.2589824267089,-19.0692177272844,8.07158471598393));
#8193=CARTESIAN_POINT('Ctrl Pts',(-54.806791200004,-19.4899845177571,8.00062997752844));
#8194=CARTESIAN_POINT('Ctrl Pts',(-51.9503011274995,-20.5154293192217,7.95029317005564));
#8195=CARTESIAN_POINT('Ctrl Pts',(-49.15345756523,-22.4615293325804,7.95073874600681));
#8196=CARTESIAN_POINT('Ctrl Pts',(-47.1921108222293,-24.7453827697244,8.04199707001969));
#8197=CARTESIAN_POINT('Ctrl Pts',(-46.0167863575487,-27.1630086974399,8.18573726173685));
#8198=CARTESIAN_POINT('Ctrl Pts',(-45.5266750088792,-29.3774428800411,8.34856695761522));
#8199=CARTESIAN_POINT('Ctrl Pts',(-45.5777880402541,-31.1004093447632,8.47823935690761));
#8200=CARTESIAN_POINT('Ctrl Pts',(-45.5681848919944,-33.0411482033851,8.63222047340278));
#8201=CARTESIAN_POINT('Ctrl Pts',(-44.7875472257214,-35.7312246482926,8.88436355014511));
#8202=CARTESIAN_POINT('Ctrl Pts',(-42.905890089363,-38.2830620593174,9.11711480257106));
#8203=CARTESIAN_POINT('Ctrl Pts',(-40.6196531734849,-39.8761659964566,9.22491012432132));
#8204=CARTESIAN_POINT('Ctrl Pts',(-38.3075217963609,-40.6389059631623,9.23442328340537));
#8205=CARTESIAN_POINT('Ctrl Pts',(-36.5857752016692,-40.5968821757407,9.18630826818023));
#8206=CARTESIAN_POINT('Ctrl Pts',(-35.6990718421117,-40.3722967659276,9.1666145434708));
#8207=CARTESIAN_POINT('Ctrl Pts',(-30.8231154633574,-39.1373080295596,9.05831931532796));
#8208=CARTESIAN_POINT('Ctrl Pts',(-25.9471590846029,-37.9023192931918,8.95002408718493));
#8209=CARTESIAN_POINT('Ctrl Pts',(-21.0712027058485,-36.667330556824,8.84172885904209));
#8210=CARTESIAN_POINT('Ctrl Pts',(-62.3686147280162,39.1227593001065,9.70995110719887));
#8211=CARTESIAN_POINT('Ctrl Pts',(-62.9493585091008,30.1200014954943,9.83745355609591));
#8212=CARTESIAN_POINT('Ctrl Pts',(-63.5301022901854,21.1172436908822,9.96495600499296));
#8213=CARTESIAN_POINT('Ctrl Pts',(-64.11084607127,12.11448588627,10.09245845389));
#8214=CARTESIAN_POINT('Ctrl Pts',(-64.14515646769,11.58260212064,10.09999131039));
#8215=CARTESIAN_POINT('Ctrl Pts',(-64.23239275333,9.378721362986,10.12572651997));
#8216=CARTESIAN_POINT('Ctrl Pts',(-63.85751331684,4.63330060811,10.13904366661));
#8217=CARTESIAN_POINT('Ctrl Pts',(-62.08630285435,-0.6232595988632,10.09909081427));
#8218=CARTESIAN_POINT('Ctrl Pts',(-59.49044179841,-4.875934090869,10.05929401281));
#8219=CARTESIAN_POINT('Ctrl Pts',(-57.0655582896,-7.773531587742,10.03768950293));
#8220=CARTESIAN_POINT('Ctrl Pts',(-54.23255581255,-10.2809214474,10.03262081775));
#8221=CARTESIAN_POINT('Ctrl Pts',(-51.70882463167,-11.88364193265,10.0490024367));
#8222=CARTESIAN_POINT('Ctrl Pts',(-49.73241490814,-12.84337346755,10.07634100419));
#8223=CARTESIAN_POINT('Ctrl Pts',(-48.48859032131,-13.33282588953,10.10106626652));
#8224=CARTESIAN_POINT('Ctrl Pts',(-47.17105822198,-13.77714979094,10.12498260205));
#8225=CARTESIAN_POINT('Ctrl Pts',(-45.4216769647,-14.597434172,10.1475985306));
#8226=CARTESIAN_POINT('Ctrl Pts',(-43.38931054253,-15.86698646552,10.17977122707));
#8227=CARTESIAN_POINT('Ctrl Pts',(-41.3524327054,-17.71074696036,10.20409440001));
#8228=CARTESIAN_POINT('Ctrl Pts',(-39.7467607124,-19.74417123247,10.20502753079));
#8229=CARTESIAN_POINT('Ctrl Pts',(-38.53854271955,-21.88566422933,10.18824153628));
#8230=CARTESIAN_POINT('Ctrl Pts',(-37.78076299514,-23.81193764054,10.16566361336));
#8231=CARTESIAN_POINT('Ctrl Pts',(-37.40177424777,-25.37736701704,10.1425430814));
#8232=CARTESIAN_POINT('Ctrl Pts',(-36.88941858761,-27.2082741482,10.11245303848));
#8233=CARTESIAN_POINT('Ctrl Pts',(-35.78943618361,-29.66217348083,10.0758197407));
#8234=CARTESIAN_POINT('Ctrl Pts',(-34.00615494217,-32.14845734068,10.03945857909));
#8235=CARTESIAN_POINT('Ctrl Pts',(-32.08682100546,-34.02905285989,10.01528431582));
#8236=CARTESIAN_POINT('Ctrl Pts',(-30.23708128834,-35.39372410293,10.00468461991));
#8237=CARTESIAN_POINT('Ctrl Pts',(-28.88985424702,-36.10878356173,10.00873352809));
#8238=CARTESIAN_POINT('Ctrl Pts',(-28.19671162044,-36.40614178086,10.01616082539));
#8239=CARTESIAN_POINT('Ctrl Pts',(-24.3851401686908,-38.0413061114266,10.0570033205227));
#8240=CARTESIAN_POINT('Ctrl Pts',(-20.5735687169417,-39.6764704419933,10.0978458156553));
#8241=CARTESIAN_POINT('Ctrl Pts',(-16.7619972651925,-41.3116347725599,10.138688310788));
#8242=CARTESIAN_POINT('Ctrl Pts',(-62.2942277765468,39.1606818979963,9.62012093441346));
#8243=CARTESIAN_POINT('Ctrl Pts',(-62.8131850301679,30.1949045392542,9.78504306985898));
#8244=CARTESIAN_POINT('Ctrl Pts',(-63.3321422837889,21.2291271805121,9.94996520530449));
#8245=CARTESIAN_POINT('Ctrl Pts',(-63.85109953741,12.26334982177,10.11488734075));
#8246=CARTESIAN_POINT('Ctrl Pts',(-63.88175958006,11.73365086431,10.1246309558));
#8247=CARTESIAN_POINT('Ctrl Pts',(-63.95343227887,9.538662838466,10.1587160191));
#8248=CARTESIAN_POINT('Ctrl Pts',(-63.54920432058,4.814473603593,10.18437120821));
#8249=CARTESIAN_POINT('Ctrl Pts',(-61.76486453198,-0.4164282841442,10.14902937713));
#8250=CARTESIAN_POINT('Ctrl Pts',(-59.16837072209,-4.661569332063,10.10926986934));
#8251=CARTESIAN_POINT('Ctrl Pts',(-56.74839109819,-7.562447333779,10.08662728393));
#8252=CARTESIAN_POINT('Ctrl Pts',(-53.92625408204,-10.08268766982,10.08076130036));
#8253=CARTESIAN_POINT('Ctrl Pts',(-51.41672831798,-11.70399115783,10.09791375883));
#8254=CARTESIAN_POINT('Ctrl Pts',(-49.4546923009,-12.68135729569,10.12682375042));
#8255=CARTESIAN_POINT('Ctrl Pts',(-48.22016103064,-13.18422392435,10.1523172908));
#8256=CARTESIAN_POINT('Ctrl Pts',(-46.91397953103,-13.64228776483,10.17731099289));
#8257=CARTESIAN_POINT('Ctrl Pts',(-45.1825085458,-14.47275337417,10.20231145805));
#8258=CARTESIAN_POINT('Ctrl Pts',(-43.17114392984,-15.74852645536,10.23658681061));
#8259=CARTESIAN_POINT('Ctrl Pts',(-41.15363291088,-17.58967894989,10.26151847557));
#8260=CARTESIAN_POINT('Ctrl Pts',(-39.55702486377,-19.61672133405,10.26014977676));
#8261=CARTESIAN_POINT('Ctrl Pts',(-38.34796861867,-21.75117741321,10.23927296426));
#8262=CARTESIAN_POINT('Ctrl Pts',(-37.58336768563,-23.67010739158,10.21197014978));
#8263=CARTESIAN_POINT('Ctrl Pts',(-37.1934183085,-25.23152212368,10.18495587259));
#8264=CARTESIAN_POINT('Ctrl Pts',(-36.66825060148,-27.05963032454,10.15017499618));
#8265=CARTESIAN_POINT('Ctrl Pts',(-35.56013007853,-29.50751096575,10.10618257765));
#8266=CARTESIAN_POINT('Ctrl Pts',(-33.77935582919,-31.9921242717,10.06296340782));
#8267=CARTESIAN_POINT('Ctrl Pts',(-31.86937197637,-33.88004617026,10.03542605741));
#8268=CARTESIAN_POINT('Ctrl Pts',(-30.03141575804,-35.26005691243,10.02431380943));
#8269=CARTESIAN_POINT('Ctrl Pts',(-28.6937328999,-35.99440973287,10.02969205285));
#8270=CARTESIAN_POINT('Ctrl Pts',(-28.00552293725,-36.30506906154,10.03781049698));
#8271=CARTESIAN_POINT('Ctrl Pts',(-24.2210760631789,-38.0133758125193,10.0824535887362));
#8272=CARTESIAN_POINT('Ctrl Pts',(-20.4366291891078,-39.7216825634987,10.1270966804924));
#8273=CARTESIAN_POINT('Ctrl Pts',(-16.6521823150367,-41.429989314478,10.1717397722486));
#8274=CARTESIAN_POINT('Ctrl Pts',(-62.0849412594817,39.3116856643735,9.35791527443069));
#8275=CARTESIAN_POINT('Ctrl Pts',(-62.3882115644511,30.460906328989,9.63435260796046));
#8276=CARTESIAN_POINT('Ctrl Pts',(-62.6914818694206,21.6101269936045,9.91078994149023));
#8277=CARTESIAN_POINT('Ctrl Pts',(-62.99475217439,12.75934765822,10.18722727502));
#8278=CARTESIAN_POINT('Ctrl Pts',(-63.01266941212,12.23644279464,10.20355921831));
#8279=CARTESIAN_POINT('Ctrl Pts',(-63.03090814355,10.06964014124,10.26283118857));
#8280=CARTESIAN_POINT('Ctrl Pts',(-62.52851970032,5.414705377896,10.32700869187));
#8281=CARTESIAN_POINT('Ctrl Pts',(-60.70064598176,0.2668974134282,10.30841903534));
#8282=CARTESIAN_POINT('Ctrl Pts',(-58.10262193586,-3.954631259297,10.27149190034));
#8283=CARTESIAN_POINT('Ctrl Pts',(-55.69958664807,-6.866918415944,10.24745810272));
#8284=CARTESIAN_POINT('Ctrl Pts',(-52.91422343588,-9.42951159538,10.24018464824));
#8285=CARTESIAN_POINT('Ctrl Pts',(-50.45239282376,-11.11103209865,10.25962304631));
#8286=CARTESIAN_POINT('Ctrl Pts',(-48.53823240795,-12.14515737755,10.29279554711));
#8287=CARTESIAN_POINT('Ctrl Pts',(-47.33470016962,-12.69113332127,10.32025013107));
#8288=CARTESIAN_POINT('Ctrl Pts',(-46.06608728764,-13.19352751576,10.3480473308));
#8289=CARTESIAN_POINT('Ctrl Pts',(-44.39308960198,-14.05732596707,10.37939847547));
#8290=CARTESIAN_POINT('Ctrl Pts',(-42.45009124659,-15.35369703503,10.41895371073));
#8291=CARTESIAN_POINT('Ctrl Pts',(-40.49512231344,-17.18747270997,10.44466011782));
#8292=CARTESIAN_POINT('Ctrl Pts',(-38.92758310958,-19.1952153849,10.43589288385));
#8293=CARTESIAN_POINT('Ctrl Pts',(-37.71575878527,-21.30785110049,10.40257958276));
#8294=CARTESIAN_POINT('Ctrl Pts',(-36.92907259833,-23.20356909334,10.36110269831));
#8295=CARTESIAN_POINT('Ctrl Pts',(-36.50371339182,-24.75187964233,10.32231170289));
#8296=CARTESIAN_POINT('Ctrl Pts',(-35.93735517693,-26.5705434673,10.27322635182));
#8297=CARTESIAN_POINT('Ctrl Pts',(-34.80337518383,-28.99884287589,10.20677690835));
#8298=CARTESIAN_POINT('Ctrl Pts',(-33.03149137857,-31.47784874154,10.14199382394));
#8299=CARTESIAN_POINT('Ctrl Pts',(-31.15266934924,-33.38873787866,10.10283194456));
#8300=CARTESIAN_POINT('Ctrl Pts',(-29.35389478114,-34.81684568255,10.08839235213));
#8301=CARTESIAN_POINT('Ctrl Pts',(-28.04818485968,-35.61121637567,10.09640100747));
#8302=CARTESIAN_POINT('Ctrl Pts',(-27.37675187,-35.96289455468,10.10627372687));
#8303=CARTESIAN_POINT('Ctrl Pts',(-23.6845610897933,-37.8967627888867,10.1605635280929));
#8304=CARTESIAN_POINT('Ctrl Pts',(-19.9923703095866,-39.8306310230934,10.2148533293159));
#8305=CARTESIAN_POINT('Ctrl Pts',(-16.30017952938,-41.7644992573001,10.2691431305388));
#8306=CARTESIAN_POINT('Ctrl Pts',(-61.9020902077153,39.6736145609884,9.07226745193475));
#8307=CARTESIAN_POINT('Ctrl Pts',(-61.7850418751169,30.9893305723589,9.4813550240165));
#8308=CARTESIAN_POINT('Ctrl Pts',(-61.6679935425184,22.3050465837295,9.89044259609825));
#8309=CARTESIAN_POINT('Ctrl Pts',(-61.55094520992,13.6207625951,10.29953016818));
#8310=CARTESIAN_POINT('Ctrl Pts',(-61.54402998358,13.10769429204,10.32369909986));
#8311=CARTESIAN_POINT('Ctrl Pts',(-61.4619025543,10.98381739092,10.41390332897));
#8312=CARTESIAN_POINT('Ctrl Pts',(-60.78682368325,6.441957480883,10.53157060703));
#8313=CARTESIAN_POINT('Ctrl Pts',(-58.88446186915,1.426032155799,10.54829821471));
#8314=CARTESIAN_POINT('Ctrl Pts',(-56.28688287598,-2.762239993955,10.52903230004));
#8315=CARTESIAN_POINT('Ctrl Pts',(-53.91652452246,-5.696924948633,10.51234675599));
#8316=CARTESIAN_POINT('Ctrl Pts',(-51.19812647805,-8.33083571279,10.50849467119));
#8317=CARTESIAN_POINT('Ctrl Pts',(-48.82103913958,-10.10847459169,10.53044986896));
#8318=CARTESIAN_POINT('Ctrl Pts',(-46.98993590998,-11.23105996547,10.56615196755));
#8319=CARTESIAN_POINT('Ctrl Pts',(-45.84036346778,-11.84384838462,10.59390115729));
#8320=CARTESIAN_POINT('Ctrl Pts',(-44.63575037503,-12.41565627197,10.62259377274));
#8321=CARTESIAN_POINT('Ctrl Pts',(-43.05828240847,-13.33400277127,10.6574282743));
#8322=CARTESIAN_POINT('Ctrl Pts',(-41.22560107192,-14.66542485858,10.69800688557));
#8323=CARTESIAN_POINT('Ctrl Pts',(-39.36872942124,-16.49337606281,10.71945032907));
#8324=CARTESIAN_POINT('Ctrl Pts',(-37.84570452775,-18.47778468858,10.69944485897));
#8325=CARTESIAN_POINT('Ctrl Pts',(-36.62917086866,-20.56084628318,10.65050481249));
#8326=CARTESIAN_POINT('Ctrl Pts',(-35.80748464751,-22.42260098576,10.5921522433));
#8327=CARTESIAN_POINT('Ctrl Pts',(-35.32642906678,-23.94950058516,10.53901877647));
#8328=CARTESIAN_POINT('Ctrl Pts',(-34.69630727671,-25.75126653525,10.47204785908));
#8329=CARTESIAN_POINT('Ctrl Pts',(-33.52390652717,-28.14822710895,10.37719486114));
#8330=CARTESIAN_POINT('Ctrl Pts',(-31.77025680482,-30.61766458016,10.28181832195));
#8331=CARTESIAN_POINT('Ctrl Pts',(-29.94554515977,-32.56136560463,10.22084143728));
#8332=CARTESIAN_POINT('Ctrl Pts',(-28.2141415041,-34.05788547972,10.19271933147));
#8333=CARTESIAN_POINT('Ctrl Pts',(-26.96419552286,-34.93541561855,10.1956781855));
#8334=CARTESIAN_POINT('Ctrl Pts',(-26.32284030647,-35.34185384574,10.20408771518));
#8335=CARTESIAN_POINT('Ctrl Pts',(-22.7960463401485,-37.5768460165442,10.2503314780389));
#8336=CARTESIAN_POINT('Ctrl Pts',(-19.2692523738271,-39.8118381873484,10.2965752408977));
#8337=CARTESIAN_POINT('Ctrl Pts',(-15.7424584075056,-42.0468303581527,10.3428190037566));
#8338=CARTESIAN_POINT('Ctrl Pts',(-61.8868208912899,40.2707381527495,8.87422361200873));
#8339=CARTESIAN_POINT('Ctrl Pts',(-61.0870457908699,31.8090726079897,9.39634887826248));
#8340=CARTESIAN_POINT('Ctrl Pts',(-60.28727069045,23.3474070632298,9.91847414451624));
#8341=CARTESIAN_POINT('Ctrl Pts',(-59.48749559003,14.88574151847,10.44059941077));
#8342=CARTESIAN_POINT('Ctrl Pts',(-59.44024480296,14.38582553371,10.4714466199));
#8343=CARTESIAN_POINT('Ctrl Pts',(-59.19930962582,12.32082678505,10.58909836591));
#8344=CARTESIAN_POINT('Ctrl Pts',(-58.26705051682,7.936936736184,10.76384929941));
#8345=CARTESIAN_POINT('Ctrl Pts',(-56.25868925166,3.09411172753,10.83673616646));
#8346=CARTESIAN_POINT('Ctrl Pts',(-53.66855088551,-1.059426279589,10.85680076617));
#8347=CARTESIAN_POINT('Ctrl Pts',(-51.35275732469,-4.033010923323,10.86150962224));
#8348=CARTESIAN_POINT('Ctrl Pts',(-48.7388175236,-6.770161397747,10.86887264793));
#8349=CARTESIAN_POINT('Ctrl Pts',(-46.48933529601,-8.677470245789,10.89225090406));
#8350=CARTESIAN_POINT('Ctrl Pts',(-44.7795812289,-9.914804151739,10.9253680917));
#8351=CARTESIAN_POINT('Ctrl Pts',(-43.70896449572,-10.6132306962,10.94950780631));
#8352=CARTESIAN_POINT('Ctrl Pts',(-42.59620947494,-11.2743373742,10.97448583109));
#8353=CARTESIAN_POINT('Ctrl Pts',(-41.14947427133,-12.26572737888,11.00555651234));
#8354=CARTESIAN_POINT('Ctrl Pts',(-39.46401039636,-13.64604667272,11.03850283845));
#8355=CARTESIAN_POINT('Ctrl Pts',(-37.73225048158,-15.47576870922,11.04853442818));
#8356=CARTESIAN_POINT('Ctrl Pts',(-36.26409220863,-17.44145062099,11.01568857055));
#8357=CARTESIAN_POINT('Ctrl Pts',(-35.04068408464,-19.49378712384,10.952791687));
#8358=CARTESIAN_POINT('Ctrl Pts',(-34.1733008912,-21.31522921996,10.88070654989));
#8359=CARTESIAN_POINT('Ctrl Pts',(-33.62007190165,-22.81247429906,10.81561266738));
#8360=CARTESIAN_POINT('Ctrl Pts',(-32.90896917373,-24.58886030252,10.73310335963));
#8361=CARTESIAN_POINT('Ctrl Pts',(-31.69048392347,-26.94517831758,10.61244777258));
#8362=CARTESIAN_POINT('Ctrl Pts',(-29.9675297178,-29.40299412746,10.48347057557));
#8363=CARTESIAN_POINT('Ctrl Pts',(-28.22112406795,-31.3852649366,10.39042020389));
#8364=CARTESIAN_POINT('Ctrl Pts',(-26.58559124923,-32.95940276666,10.3332586194));
#8365=CARTESIAN_POINT('Ctrl Pts',(-25.41501735393,-33.9270780703,10.31596707355));
#8366=CARTESIAN_POINT('Ctrl Pts',(-24.8166321601,-34.39011924397,10.31430731425));
#8367=CARTESIAN_POINT('Ctrl Pts',(-21.5261291171616,-36.9363693963423,10.3051803453953));
#8368=CARTESIAN_POINT('Ctrl Pts',(-18.2356260742231,-39.4826195487145,10.2960533765406));
#8369=CARTESIAN_POINT('Ctrl Pts',(-14.9451230312847,-42.0288697010868,10.2869264076859));
#8370=CARTESIAN_POINT('Ctrl Pts',(-61.9932571439264,40.9320690365769,8.83495765933134));
#8371=CARTESIAN_POINT('Ctrl Pts',(-60.3760545432276,32.7389785093146,9.41478838091422));
#8372=CARTESIAN_POINT('Ctrl Pts',(-58.7588519425288,24.5458879820523,9.99461910249711));
#8373=CARTESIAN_POINT('Ctrl Pts',(-57.14164934183,16.35279745479,10.57444982408));
#8374=CARTESIAN_POINT('Ctrl Pts',(-57.04610486227,15.86874890696,10.60870627686));
#8375=CARTESIAN_POINT('Ctrl Pts',(-56.61667960476,13.87377888847,10.74161781664));
#8376=CARTESIAN_POINT('Ctrl Pts',(-55.38452546523,9.667772145683,10.95936429611));
#8377=CARTESIAN_POINT('Ctrl Pts',(-53.24884648909,5.004215225822,11.09235749111));
#8378=CARTESIAN_POINT('Ctrl Pts',(-50.66758372902,0.8791820662381,11.16151188455));
#8379=CARTESIAN_POINT('Ctrl Pts',(-48.41817546909,-2.142868320754,11.19507976109));
#8380=CARTESIAN_POINT('Ctrl Pts',(-45.93055417462,-4.995415089873,11.21789509597));
#8381=CARTESIAN_POINT('Ctrl Pts',(-43.83352381646,-7.040874696421,11.2410829092));
#8382=CARTESIAN_POINT('Ctrl Pts',(-42.26576650676,-8.397577803275,11.2670923794));
#8383=CARTESIAN_POINT('Ctrl Pts',(-41.28827135026,-9.183471040757,11.28467550815));
#8384=CARTESIAN_POINT('Ctrl Pts',(-40.28144208437,-9.937316988849,11.30217768455));
#8385=CARTESIAN_POINT('Ctrl Pts',(-38.97814470938,-11.01062644392,11.3231628062));
#8386=CARTESIAN_POINT('Ctrl Pts',(-37.45023937642,-12.45044820561,11.34214708127));
#8387=CARTESIAN_POINT('Ctrl Pts',(-35.84580768164,-14.29663087405,11.33776765819));
#8388=CARTESIAN_POINT('Ctrl Pts',(-34.43084907771,-16.25603809833,11.29568161081));
#8389=CARTESIAN_POINT('Ctrl Pts',(-33.19813275197,-18.28360958344,11.22641183047));
#8390=CARTESIAN_POINT('Ctrl Pts',(-32.28138890274,-20.06564142183,11.14944162324));
#8391=CARTESIAN_POINT('Ctrl Pts',(-31.65226175785,-21.52848650614,11.0796939506));
#8392=CARTESIAN_POINT('Ctrl Pts',(-30.85765570454,-23.27325146292,10.99020325106));
#8393=CARTESIAN_POINT('Ctrl Pts',(-29.59284522661,-25.5872323715,10.85559416287));
#8394=CARTESIAN_POINT('Ctrl Pts',(-27.90784279828,-28.03586000367,10.70053109688));
#8395=CARTESIAN_POINT('Ctrl Pts',(-26.25223436172,-30.05725104111,10.57394030324));
#8396=CARTESIAN_POINT('Ctrl Pts',(-24.72764980627,-31.7047144681,10.47926560333));
#8397=CARTESIAN_POINT('Ctrl Pts',(-23.64954111457,-32.75280502926,10.43014753245));
#8398=CARTESIAN_POINT('Ctrl Pts',(-23.1013016557,-33.26417774251,10.41082905565));
#8399=CARTESIAN_POINT('Ctrl Pts',(-20.0865485731176,-36.0762016468028,10.3045973050138));
#8400=CARTESIAN_POINT('Ctrl Pts',(-17.0717954905351,-38.8882255510955,10.1983655543776));
#8401=CARTESIAN_POINT('Ctrl Pts',(-14.0570424079527,-41.7002494553883,10.0921338037414));
#8402=CARTESIAN_POINT('Ctrl Pts',(-62.125300917851,41.5592595447449,8.96244520984858));
#8403=CARTESIAN_POINT('Ctrl Pts',(-59.5883149141673,33.7130870547466,9.53748830996572));
#8404=CARTESIAN_POINT('Ctrl Pts',(-57.0513289104837,25.8669145647483,10.1125314100829));
#8405=CARTESIAN_POINT('Ctrl Pts',(-54.5143429068,18.02074207475,10.6875745102));
#8406=CARTESIAN_POINT('Ctrl Pts',(-54.36445753853,17.55718947672,10.72154810986));
#8407=CARTESIAN_POINT('Ctrl Pts',(-53.72282305086,15.64957886544,10.85578398197));
#8408=CARTESIAN_POINT('Ctrl Pts',(-52.14956720851,11.64339490469,11.09763872179));
#8409=CARTESIAN_POINT('Ctrl Pts',(-49.85712406515,7.159290055296,11.28686415655));
#8410=CARTESIAN_POINT('Ctrl Pts',(-47.28033981881,3.055811273591,11.40817565128));
#8411=CARTESIAN_POINT('Ctrl Pts',(-45.10663663529,-0.02258162769458,11.47415953166));
#8412=CARTESIAN_POINT('Ctrl Pts',(-42.76720336086,-2.998961335176,11.51478322171));
#8413=CARTESIAN_POINT('Ctrl Pts',(-40.84909005403,-5.187537338399,11.5365073312));
#8414=CARTESIAN_POINT('Ctrl Pts',(-39.44541374163,-6.66652904898,11.551997353));
#8415=CARTESIAN_POINT('Ctrl Pts',(-38.57640931489,-7.540436259409,11.5607477239));
#8416=CARTESIAN_POINT('Ctrl Pts',(-37.69083396225,-8.38956424411,11.56801039375));
#8417=CARTESIAN_POINT('Ctrl Pts',(-36.54408742958,-9.555308915031,11.5746491548));
#8418=CARTESIAN_POINT('Ctrl Pts',(-35.18312775161,-11.07026399538,11.57562672636));
#8419=CARTESIAN_POINT('Ctrl Pts',(-33.70688838191,-12.95429919092,11.55579904631));
#8420=CARTESIAN_POINT('Ctrl Pts',(-32.34374926947,-14.92333598363,11.50861457615));
#8421=CARTESIAN_POINT('Ctrl Pts',(-31.10019046452,-16.93352013269,11.44041590608));
#8422=CARTESIAN_POINT('Ctrl Pts',(-30.13110820295,-18.6773338493,11.36688627443));
#8423=CARTESIAN_POINT('Ctrl Pts',(-29.42321623565,-20.10043261255,11.29966020735));
#8424=CARTESIAN_POINT('Ctrl Pts',(-28.54352152449,-21.80694299216,11.21198091641));
#8425=CARTESIAN_POINT('Ctrl Pts',(-27.23185450222,-24.07861701454,11.07571654585));
#8426=CARTESIAN_POINT('Ctrl Pts',(-25.59123123999,-26.52358826182,10.90445787641));
#8427=CARTESIAN_POINT('Ctrl Pts',(-24.03853016786,-28.58734344103,10.74734163459));
#8428=CARTESIAN_POINT('Ctrl Pts',(-22.63990852507,-30.30634488265,10.61264918944));
#8429=CARTESIAN_POINT('Ctrl Pts',(-21.66727208605,-31.42782218983,10.52579493727));
#8430=CARTESIAN_POINT('Ctrl Pts',(-21.17613506896,-31.98173255101,10.48451203959));
#8431=CARTESIAN_POINT('Ctrl Pts',(-18.4753866782946,-35.0276697629788,10.2574985676023));
#8432=CARTESIAN_POINT('Ctrl Pts',(-15.7746382876293,-38.0736069749475,10.0304850956147));
#8433=CARTESIAN_POINT('Ctrl Pts',(-13.0738898969639,-41.1195441869163,9.80347162362703));
#8434=CARTESIAN_POINT('Ctrl Pts',(-62.2281087037962,41.997994841064,9.16646085136758));
#8435=CARTESIAN_POINT('Ctrl Pts',(-58.7830127370042,34.564138570756,9.69852842615839));
#8436=CARTESIAN_POINT('Ctrl Pts',(-55.3379167702121,27.130282300448,10.2305960009492));
#8437=CARTESIAN_POINT('Ctrl Pts',(-51.89282080342,19.69642603014,10.76266357574));
#8438=CARTESIAN_POINT('Ctrl Pts',(-51.68928421435,19.25723311259,10.79409817738));
#8439=CARTESIAN_POINT('Ctrl Pts',(-50.83792568191,17.45005964735,10.92048909529));
#8440=CARTESIAN_POINT('Ctrl Pts',(-48.92396771437,13.64899614285,11.16794393482));
#8441=CARTESIAN_POINT('Ctrl Pts',(-46.46435809029,9.323675225095,11.39530670169));
#8442=CARTESIAN_POINT('Ctrl Pts',(-43.88796164347,5.230408663527,11.55603870833));
#8443=CARTESIAN_POINT('Ctrl Pts',(-41.79130152136,2.092200375218,11.6475720267));
#8444=CARTESIAN_POINT('Ctrl Pts',(-39.60555518871,-1.004684935301,11.70259236681));
#8445=CARTESIAN_POINT('Ctrl Pts',(-37.87196261836,-3.327753114745,11.72273392133));
#8446=CARTESIAN_POINT('Ctrl Pts',(-36.63474383707,-4.920212250053,11.72886525603));
#8447=CARTESIAN_POINT('Ctrl Pts',(-35.87652356273,-5.873928069379,11.7299622267));
#8448=CARTESIAN_POINT('Ctrl Pts',(-35.11371090283,-6.810169993515,11.72838051664));
#8449=CARTESIAN_POINT('Ctrl Pts',(-34.11913398916,-8.06715591009,11.72264902606));
#8450=CARTESIAN_POINT('Ctrl Pts',(-32.91490411555,-9.663217775717,11.70868541204));
#8451=CARTESIAN_POINT('Ctrl Pts',(-31.55356900078,-11.59931571735,11.67728194027));
#8452=CARTESIAN_POINT('Ctrl Pts',(-30.23673840669,-13.58980905797,11.62866623485));
#8453=CARTESIAN_POINT('Ctrl Pts',(-28.98336899276,-15.59051809344,11.56519173806));
#8454=CARTESIAN_POINT('Ctrl Pts',(-27.96556314035,-17.30121412258,11.49844170553));
#8455=CARTESIAN_POINT('Ctrl Pts',(-27.18501879712,-18.68380956768,11.43677993469));
#8456=CARTESIAN_POINT('Ctrl Pts',(-26.22823591953,-20.35024240222,11.35506276406));
#8457=CARTESIAN_POINT('Ctrl Pts',(-24.87390806705,-22.58600236142,11.22397031831));
#8458=CARTESIAN_POINT('Ctrl Pts',(-23.27699951632,-25.03627333442,11.04611560368));
#8459=CARTESIAN_POINT('Ctrl Pts',(-21.82433854244,-27.144280743,10.86863674077));
#8460=CARTESIAN_POINT('Ctrl Pts',(-20.54811903215,-28.92865025804,10.70403501647));
#8461=CARTESIAN_POINT('Ctrl Pts',(-19.67777711561,-30.11159976488,10.58721281489));
#8462=CARTESIAN_POINT('Ctrl Pts',(-19.24166047158,-30.69966141249,10.52803868655));
#8463=CARTESIAN_POINT('Ctrl Pts',(-16.8434675365715,-33.9333955704341,10.2026418495733));
#8464=CARTESIAN_POINT('Ctrl Pts',(-14.4452746015629,-37.1671297283783,9.8772450125965));
#8465=CARTESIAN_POINT('Ctrl Pts',(-12.0470816665544,-40.4008638863224,9.55184817561975));
#8466=CARTESIAN_POINT('Ctrl Pts',(-62.2644992440274,42.1705291893153,9.34637384933941));
#8467=CARTESIAN_POINT('Ctrl Pts',(-57.9336149685083,35.2371850912102,9.83043543513294));
#8468=CARTESIAN_POINT('Ctrl Pts',(-53.6027306929892,28.3038409931051,10.3144970209265));
#8469=CARTESIAN_POINT('Ctrl Pts',(-49.27184641747,21.370496895,10.79855860672));
#8470=CARTESIAN_POINT('Ctrl Pts',(-49.01597737301,20.96087428298,10.82715701008));
#8471=CARTESIAN_POINT('Ctrl Pts',(-47.95983894495,19.27207378706,10.94352033971));
#8472=CARTESIAN_POINT('Ctrl Pts',(-45.70961618934,15.68681362984,11.18388418393));
#8473=CARTESIAN_POINT('Ctrl Pts',(-43.07507296414,11.50047842089,11.42446652603));
#8474=CARTESIAN_POINT('Ctrl Pts',(-40.49624930258,7.405285723634,11.60245429463));
#8475=CARTESIAN_POINT('Ctrl Pts',(-38.47844593222,4.202646140628,11.70617964906));
#8476=CARTESIAN_POINT('Ctrl Pts',(-36.45158186458,0.9868292102428,11.76874482596));
#8477=CARTESIAN_POINT('Ctrl Pts',(-34.90641375246,-1.464833089707,11.78861939749));
#8478=CARTESIAN_POINT('Ctrl Pts',(-33.83575985805,-3.164614422486,11.79036734426));
#8479=CARTESIAN_POINT('Ctrl Pts',(-33.18919646197,-4.191402906678,11.78782359851));
#8480=CARTESIAN_POINT('Ctrl Pts',(-32.54943821137,-5.207631884183,11.78200751571));
#8481=CARTESIAN_POINT('Ctrl Pts',(-31.70156929097,-6.554687625644,11.77035523988));
#8482=CARTESIAN_POINT('Ctrl Pts',(-30.64316890798,-8.236438783715,11.74934670817));
#8483=CARTESIAN_POINT('Ctrl Pts',(-29.38571716715,-10.2336998027,11.71292454504));
#8484=CARTESIAN_POINT('Ctrl Pts',(-28.11339959614,-12.25286666576,11.66480237886));
#8485=CARTESIAN_POINT('Ctrl Pts',(-26.85414150391,-14.25027366902,11.60518476423));
#8486=CARTESIAN_POINT('Ctrl Pts',(-25.79293760372,-15.93312626189,11.54324899243));
#8487=CARTESIAN_POINT('Ctrl Pts',(-24.94642305362,-17.27557639814,11.48562382931));
#8488=CARTESIAN_POINT('Ctrl Pts',(-23.92113850714,-18.90149919715,11.40853611299));
#8489=CARTESIAN_POINT('Ctrl Pts',(-22.52884622227,-21.10963418335,11.28248259003));
#8490=CARTESIAN_POINT('Ctrl Pts',(-20.97365624058,-23.57702405714,11.10421889805));
#8491=CARTESIAN_POINT('Ctrl Pts',(-19.61440733357,-25.73486607953,10.91913294228));
#8492=CARTESIAN_POINT('Ctrl Pts',(-18.45115013489,-27.58293052897,10.74179316263));
#8493=CARTESIAN_POINT('Ctrl Pts',(-17.6734706155,-28.81978337237,10.6114208346));
#8494=CARTESIAN_POINT('Ctrl Pts',(-17.28616871192,-29.43628627079,10.54394806514));
#8495=CARTESIAN_POINT('Ctrl Pts',(-15.1564066365771,-32.8264180523724,10.17291723832));
#8496=CARTESIAN_POINT('Ctrl Pts',(-13.0266445612342,-36.2165498339547,9.80188641149993));
#8497=CARTESIAN_POINT('Ctrl Pts',(-10.8968824858913,-39.6066816155371,9.43085558467989));
#8498=CARTESIAN_POINT('Ctrl Pts',(-62.1064638538907,42.0580464252685,9.39760286583936));
#8499=CARTESIAN_POINT('Ctrl Pts',(-56.9531326313305,35.716409661459,9.86299801714291));
#8500=CARTESIAN_POINT('Ctrl Pts',(-51.7998014087702,29.3747728976495,10.3283931684465));
#8501=CARTESIAN_POINT('Ctrl Pts',(-46.64647018621,23.03313613384,10.79378831975));
#8502=CARTESIAN_POINT('Ctrl Pts',(-46.34201089988,22.65847164598,10.82128390843));
#8503=CARTESIAN_POINT('Ctrl Pts',(-45.09446489636,21.10698270162,10.93270030712));
#8504=CARTESIAN_POINT('Ctrl Pts',(-42.51939337648,17.7519147788,11.15933310767));
#8505=CARTESIAN_POINT('Ctrl Pts',(-39.69801537782,13.68995726221,11.38125179269));
#8506=CARTESIAN_POINT('Ctrl Pts',(-37.10735476037,9.584806511269,11.54485637562));
#8507=CARTESIAN_POINT('Ctrl Pts',(-35.16515142266,6.315443943081,11.64092027442));
#8508=CARTESIAN_POINT('Ctrl Pts',(-33.29865646797,2.982641659315,11.70077378003));
#8509=CARTESIAN_POINT('Ctrl Pts',(-31.94478047949,0.4051142272022,11.72315672659));
#8510=CARTESIAN_POINT('Ctrl Pts',(-31.04200940694,-1.400675703327,11.72930055936));
#8511=CARTESIAN_POINT('Ctrl Pts',(-30.50962284391,-2.496851172233,11.73002521326));
#8512=CARTESIAN_POINT('Ctrl Pts',(-29.99550803274,-3.589130579179,11.72781250699));
#8513=CARTESIAN_POINT('Ctrl Pts',(-29.29284271949,-5.028703843056,11.72105858948));
#8514=CARTESIAN_POINT('Ctrl Pts',(-28.37557591898,-6.803538583448,11.70578314384));
#8515=CARTESIAN_POINT('Ctrl Pts',(-27.21792825846,-8.86865763806,11.67375425038));
#8516=CARTESIAN_POINT('Ctrl Pts',(-25.98954386003,-10.91757809733,11.62624491654));
#8517=CARTESIAN_POINT('Ctrl Pts',(-24.7242631117,-12.91184133291,11.5649533187));
#8518=CARTESIAN_POINT('Ctrl Pts',(-23.61900619036,-14.56769569607,11.50058543144));
#8519=CARTESIAN_POINT('Ctrl Pts',(-22.70783240453,-15.86772324849,11.44095406525));
#8520=CARTESIAN_POINT('Ctrl Pts',(-21.61643326183,-17.44948941496,11.36171702485));
#8521=CARTESIAN_POINT('Ctrl Pts',(-20.1831087963,-19.63492008489,11.23384626404));
#8522=CARTESIAN_POINT('Ctrl Pts',(-18.6621014089,-22.13152753203,11.0581740938));
#8523=CARTESIAN_POINT('Ctrl Pts',(-17.38916380432,-24.35060297805,10.88073490159));
#8524=CARTESIAN_POINT('Ctrl Pts',(-16.33333401274,-26.27131032392,10.7145236688));
#8525=CARTESIAN_POINT('Ctrl Pts',(-15.6453732549,-27.56695282397,10.59528241154));
#8526=CARTESIAN_POINT('Ctrl Pts',(-15.30545632084,-28.21433240096,10.5344896935));
#8527=CARTESIAN_POINT('Ctrl Pts',(-13.4362628357677,-31.7742541536814,10.2001922781199));
#8528=CARTESIAN_POINT('Ctrl Pts',(-11.5670693506955,-35.3341759064027,9.86589486273971));
#8529=CARTESIAN_POINT('Ctrl Pts',(-9.69787586562324,-38.8940976591241,9.53159744735957));
#8530=CARTESIAN_POINT('Ctrl Pts',(-61.7153756897663,41.7653481050042,9.3882434700098));
#8531=CARTESIAN_POINT('Ctrl Pts',(-55.8175500931842,36.0732174839228,9.84022706432654));
#8532=CARTESIAN_POINT('Ctrl Pts',(-49.9197244966021,30.3810868628414,10.2922106586433));
#8533=CARTESIAN_POINT('Ctrl Pts',(-44.02189890002,24.68895624176,10.74419425296));
#8534=CARTESIAN_POINT('Ctrl Pts',(-43.67345481706,24.35266463702,10.77089748561));
#8535=CARTESIAN_POINT('Ctrl Pts',(-42.25055419228,22.95056286597,10.87755022301));
#8536=CARTESIAN_POINT('Ctrl Pts',(-39.36173169299,19.83431205692,11.08144191372));
#8537=CARTESIAN_POINT('Ctrl Pts',(-36.33479088834,15.88457607144,11.26169897344));
#8538=CARTESIAN_POINT('Ctrl Pts',(-33.71619550212,11.76564302754,11.38928637925));
#8539=CARTESIAN_POINT('Ctrl Pts',(-31.84226030927,8.430896578876,11.46421496076));
#8540=CARTESIAN_POINT('Ctrl Pts',(-30.13604827018,4.986304796516,11.51406640071));
#8541=CARTESIAN_POINT('Ctrl Pts',(-28.97903820494,2.287934064243,11.53980826004));
#8542=CARTESIAN_POINT('Ctrl Pts',(-28.25054402229,0.3783340945965,11.55496385073));
#8543=CARTESIAN_POINT('Ctrl Pts',(-27.8384281761,-0.7838138611112,11.56274269648));
#8544=CARTESIAN_POINT('Ctrl Pts',(-27.45657730779,-1.94893721796,11.5685179001));
#8545=CARTESIAN_POINT('Ctrl Pts',(-26.90284204669,-3.485486812276,11.5728153253));
#8546=CARTESIAN_POINT('Ctrl Pts',(-26.12752746747,-5.365210335558,11.57083271589));
#8547=CARTESIAN_POINT('Ctrl Pts',(-25.0666554135,-7.512212435777,11.54944643473));
#8548=CARTESIAN_POINT('Ctrl Pts',(-23.87660162982,-9.595778679259,11.50423200984));
#8549=CARTESIAN_POINT('Ctrl Pts',(-22.59787311114,-11.58599480361,11.44022027031));
#8550=CARTESIAN_POINT('Ctrl Pts',(-21.44117717593,-13.21219531485,11.37136357645));
#8551=CARTESIAN_POINT('Ctrl Pts',(-20.46187706514,-14.46372883796,11.30814392781));
#8552=CARTESIAN_POINT('Ctrl Pts',(-19.30107878936,-15.99337717138,11.22536024623));
#8553=CARTESIAN_POINT('Ctrl Pts',(-17.81710453146,-18.15540071619,11.0954733284));
#8554=CARTESIAN_POINT('Ctrl Pts',(-16.32058609312,-20.68813729858,10.92845361927));
#8555=CARTESIAN_POINT('Ctrl Pts',(-15.13209571679,-22.97689683122,10.77116442542));
#8556=CARTESIAN_POINT('Ctrl Pts',(-14.18982567464,-24.97810665351,10.63288242397));
#8557=CARTESIAN_POINT('Ctrl Pts',(-13.60325826482,-26.33800263224,10.54079589788));
#8558=CARTESIAN_POINT('Ctrl Pts',(-13.31903856071,-27.01940794556,10.49602750215));
#8559=CARTESIAN_POINT('Ctrl Pts',(-11.7561225479473,-30.7664362478527,10.2498473762111));
#8560=CARTESIAN_POINT('Ctrl Pts',(-10.1932065351846,-34.5134645501454,10.0036672502722));
#8561=CARTESIAN_POINT('Ctrl Pts',(-8.63029052242188,-38.260492852438,9.75748712433334));
#8562=CARTESIAN_POINT('Ctrl Pts',(-61.1468967592535,41.3332537838665,9.38752486516137));
#8563=CARTESIAN_POINT('Ctrl Pts',(-54.5651769530457,36.336614403301,9.80695154102758));
#8564=CARTESIAN_POINT('Ctrl Pts',(-47.9834571468378,31.3399750227355,10.2263782168938));
#8565=CARTESIAN_POINT('Ctrl Pts',(-41.40173734063,26.34333564217,10.64580489276));
#8566=CARTESIAN_POINT('Ctrl Pts',(-41.01288872437,26.04813372439,10.67058465965));
#8567=CARTESIAN_POINT('Ctrl Pts',(-39.42710957294,24.80479671362,10.76769770609));
#8568=CARTESIAN_POINT('Ctrl Pts',(-36.23236073491,21.93178185079,10.9374011117));
#8569=CARTESIAN_POINT('Ctrl Pts',(-32.9818026509,18.07972680714,11.06183329214));
#8570=CARTESIAN_POINT('Ctrl Pts',(-30.32133452622,13.94219875364,11.14183322787));
#8571=CARTESIAN_POINT('Ctrl Pts',(-28.51048795989,10.54332723957,11.18863831412));
#8572=CARTESIAN_POINT('Ctrl Pts',(-26.96680278194,6.993094045619,11.22427427449));
#8573=CARTESIAN_POINT('Ctrl Pts',(-26.01442753273,4.181665823396,11.25233544818));
#8574=CARTESIAN_POINT('Ctrl Pts',(-25.46812970706,2.173720850367,11.27694284249));
#8575=CARTESIAN_POINT('Ctrl Pts',(-25.18309067678,0.9509885994181,11.29250310221));
#8576=CARTESIAN_POINT('Ctrl Pts',(-24.94044964238,-0.2822290651998,11.3071945758));
#8577=CARTESIAN_POINT('Ctrl Pts',(-24.53867536976,-1.91929871584,11.32386686144));
#8578=CARTESIAN_POINT('Ctrl Pts',(-23.90421535327,-3.915679707617,11.33746458049));
#8579=CARTESIAN_POINT('Ctrl Pts',(-22.93314125804,-6.162732897644,11.32986779016));
#8580=CARTESIAN_POINT('Ctrl Pts',(-21.77320070576,-8.291202636535,11.29015993962));
#8581=CARTESIAN_POINT('Ctrl Pts',(-20.47337295789,-10.27997559135,11.22679610261));
#8582=CARTESIAN_POINT('Ctrl Pts',(-19.25884902968,-11.87558732344,11.15664552201));
#8583=CARTESIAN_POINT('Ctrl Pts',(-18.20933215554,-13.07271633256,11.09277136729));
#8584=CARTESIAN_POINT('Ctrl Pts',(-16.97757659831,-14.54227244461,11.01044825833));
#8585=CARTESIAN_POINT('Ctrl Pts',(-15.43556160068,-16.67989429276,10.8851881755));
#8586=CARTESIAN_POINT('Ctrl Pts',(-13.95616206564,-19.25308958162,10.73609190451));
#8587=CARTESIAN_POINT('Ctrl Pts',(-12.85205024342,-21.61472670428,10.60859361509));
#8588=CARTESIAN_POINT('Ctrl Pts',(-12.03082792548,-23.69670401353,10.50766420377));
#8589=CARTESIAN_POINT('Ctrl Pts',(-11.55808360131,-25.11828827769,10.44982787525));
#8590=CARTESIAN_POINT('Ctrl Pts',(-11.33820593274,-25.83179560552,10.42475163405));
#8591=CARTESIAN_POINT('Ctrl Pts',(-10.1291049306364,-29.7553519661918,10.2868581018823));
#8592=CARTESIAN_POINT('Ctrl Pts',(-8.92000392853283,-33.6789083268635,10.1489645697147));
#8593=CARTESIAN_POINT('Ctrl Pts',(-7.71090292642925,-37.6024646875353,10.011071037547));
#8594=CARTESIAN_POINT('Ctrl Pts',(-60.5143762808918,40.8725392534024,9.45424163946679));
#8595=CARTESIAN_POINT('Ctrl Pts',(-53.3698460967412,36.5206025896216,9.80662318356119));
#8596=CARTESIAN_POINT('Ctrl Pts',(-46.2253159125906,32.1686659258408,10.1590047276556));
#8597=CARTESIAN_POINT('Ctrl Pts',(-39.08078572844,27.81672926206,10.51138627175));
#8598=CARTESIAN_POINT('Ctrl Pts',(-38.65868622288,27.55961644055,10.53220500604));
#8599=CARTESIAN_POINT('Ctrl Pts',(-36.93724142329,26.4627258463,10.61228347915));
#8600=CARTESIAN_POINT('Ctrl Pts',(-33.47455898203,23.80648857473,10.73913572242));
#8601=CARTESIAN_POINT('Ctrl Pts',(-30.00743219687,20.02756291296,10.80893991273));
#8602=CARTESIAN_POINT('Ctrl Pts',(-27.29673177228,15.8696393557,10.84526228752));
#8603=CARTESIAN_POINT('Ctrl Pts',(-25.53743939255,12.41561636078,10.86668327078));
#8604=CARTESIAN_POINT('Ctrl Pts',(-24.14104043379,8.778165531689,10.88877954057));
#8605=CARTESIAN_POINT('Ctrl Pts',(-23.37945333066,5.875392610621,10.91642247934));
#8606=CARTESIAN_POINT('Ctrl Pts',(-23.00447978096,3.787178141499,10.94623984906));
#8607=CARTESIAN_POINT('Ctrl Pts',(-22.84009854056,2.516939999883,10.96683690405));
#8608=CARTESIAN_POINT('Ctrl Pts',(-22.72873310414,1.228211861297,10.98730125955));
#8609=CARTESIAN_POINT('Ctrl Pts',(-22.46529551773,-0.5020222960279,11.01165320691));
#8610=CARTESIAN_POINT('Ctrl Pts',(-21.95517181975,-2.613682438851,11.03627729361));
#8611=CARTESIAN_POINT('Ctrl Pts',(-21.05569284385,-4.969649374216,11.04085715456));
#8612=CARTESIAN_POINT('Ctrl Pts',(-19.91239925553,-7.151156796832,11.01019511807));
#8613=CARTESIAN_POINT('Ctrl Pts',(-18.58488878398,-9.142735556471,10.9542814313));
#8614=CARTESIAN_POINT('Ctrl Pts',(-17.31190725983,-10.71036145023,10.89061785284));
#8615=CARTESIAN_POINT('Ctrl Pts',(-16.19761676291,-11.85270786107,10.83281953298));
#8616=CARTESIAN_POINT('Ctrl Pts',(-14.90092706234,-13.26026969662,10.75920461408));
#8617=CARTESIAN_POINT('Ctrl Pts',(-13.29999947764,-15.37369043026,10.65017018852));
#8618=CARTESIAN_POINT('Ctrl Pts',(-11.82941042516,-17.98416287479,10.52818795935));
#8619=CARTESIAN_POINT('Ctrl Pts',(-10.80210273715,-20.40978127141,10.4329656914));
#8620=CARTESIAN_POINT('Ctrl Pts',(-10.09881194507,-22.55887595034,10.36650717029));
#8621=CARTESIAN_POINT('Ctrl Pts',(-9.743175810779,-24.02774499419,10.33683516596));
#8622=CARTESIAN_POINT('Ctrl Pts',(-9.591772318062,-24.76465383193,10.32707871697));
#8623=CARTESIAN_POINT('Ctrl Pts',(-8.75920884785298,-28.8168944253705,10.2734282834016));
#8624=CARTESIAN_POINT('Ctrl Pts',(-7.92664537764397,-32.8691350188111,10.2197778498333));
#8625=CARTESIAN_POINT('Ctrl Pts',(-7.09408190743495,-36.9213756122517,10.1661274162649));
#8626=CARTESIAN_POINT('Ctrl Pts',(-59.8904810719559,40.469965667448,9.60059821745752));
#8627=CARTESIAN_POINT('Ctrl Pts',(-52.2798269986473,36.6841053092887,9.85262684385502));
#8628=CARTESIAN_POINT('Ctrl Pts',(-44.6691729253386,32.8982449511293,10.1046554702525));
#8629=CARTESIAN_POINT('Ctrl Pts',(-37.05851885203,29.11238459297,10.35668409665));
#8630=CARTESIAN_POINT('Ctrl Pts',(-36.60888070389,28.88871561207,10.37157397126));
#8631=CARTESIAN_POINT('Ctrl Pts',(-34.77408859036,27.92033975624,10.42763926012));
#8632=CARTESIAN_POINT('Ctrl Pts',(-31.07920208511,25.45029379214,10.50636990442));
#8633=CARTESIAN_POINT('Ctrl Pts',(-27.410906403,21.72365545091,10.53027300202));
#8634=CARTESIAN_POINT('Ctrl Pts',(-24.64850818179,17.54491181389,10.53406265678));
#8635=CARTESIAN_POINT('Ctrl Pts',(-22.93250835596,14.04453606134,10.53746340864));
#8636=CARTESIAN_POINT('Ctrl Pts',(-21.66860014528,10.33697714196,10.54937372698));
#8637=CARTESIAN_POINT('Ctrl Pts',(-21.08214559883,7.363459035893,10.57400162001));
#8638=CARTESIAN_POINT('Ctrl Pts',(-20.86522988767,5.212678915341,10.60378372347));
#8639=CARTESIAN_POINT('Ctrl Pts',(-20.8131882685,3.907718780077,10.62605133074));
#8640=CARTESIAN_POINT('Ctrl Pts',(-20.82247512472,2.574718424682,10.6480286935));
#8641=CARTESIAN_POINT('Ctrl Pts',(-20.68092975332,0.7583585837553,10.67285357965));
#8642=CARTESIAN_POINT('Ctrl Pts',(-20.27734216962,-1.463704120026,10.70102697441));
#8643=CARTESIAN_POINT('Ctrl Pts',(-19.43244324341,-3.932018569047,10.71361313358));
#8644=CARTESIAN_POINT('Ctrl Pts',(-18.29507761079,-6.173092240448,10.69500187281));
#8645=CARTESIAN_POINT('Ctrl Pts',(-16.93664510768,-8.173017258293,10.65385229105));
#8646=CARTESIAN_POINT('Ctrl Pts',(-15.60720725878,-9.71796750129,10.60538652213));
#8647=CARTESIAN_POINT('Ctrl Pts',(-14.43511089859,-10.80808881337,10.56076441836));
#8648=CARTESIAN_POINT('Ctrl Pts',(-13.0820388432,-12.15411161707,10.50411338397));
#8649=CARTESIAN_POINT('Ctrl Pts',(-11.42632996133,-14.24359140474,10.42272796804));
#8650=CARTESIAN_POINT('Ctrl Pts',(-9.961151977426,-16.88522855809,10.33475015496));
#8651=CARTESIAN_POINT('Ctrl Pts',(-9.004335863786,-19.36226963342,10.26963045461));
#8652=CARTESIAN_POINT('Ctrl Pts',(-8.413545572255,-21.56112850275,10.22847571169));
#8653=CARTESIAN_POINT('Ctrl Pts',(-8.173697406196,-23.05966864311,10.21501475209));
#8654=CARTESIAN_POINT('Ctrl Pts',(-8.091893572586,-23.80903948142,10.21300977898));
#8655=CARTESIAN_POINT('Ctrl Pts',(-7.64205663445111,-27.9298082590795,10.2019844892712));
#8656=CARTESIAN_POINT('Ctrl Pts',(-7.19221969631622,-32.050577036739,10.1909591995623));
#8657=CARTESIAN_POINT('Ctrl Pts',(-6.74238275818133,-36.1713458143985,10.1799339098535));
#8658=CARTESIAN_POINT('Ctrl Pts',(-59.4179417283696,40.2304263703577,9.77591208496438));
#8659=CARTESIAN_POINT('Ctrl Pts',(-51.4944455837964,36.8295411720451,9.92624776242292));
#8660=CARTESIAN_POINT('Ctrl Pts',(-43.5709494392232,33.4286559737326,10.0765834398815));
#8661=CARTESIAN_POINT('Ctrl Pts',(-35.64745329465,30.02777077542,10.22691911734));
#8662=CARTESIAN_POINT('Ctrl Pts',(-35.17933240794,29.82684616265,10.2358009631));
#8663=CARTESIAN_POINT('Ctrl Pts',(-33.26805830521,28.9462379091,10.26813469791));
#8664=CARTESIAN_POINT('Ctrl Pts',(-29.41247567782,26.60212298789,10.30475952358));
#8665=CARTESIAN_POINT('Ctrl Pts',(-25.59795212543,22.90442412221,10.29741823286));
#8666=CARTESIAN_POINT('Ctrl Pts',(-22.79618071022,18.70931010409,10.28263908161));
#8667=CARTESIAN_POINT('Ctrl Pts',(-21.11045046783,15.17784079723,10.27682642542));
#8668=CARTESIAN_POINT('Ctrl Pts',(-19.9424215574,11.42529798178,10.28348260193));
#8669=CARTESIAN_POINT('Ctrl Pts',(-19.48427873856,8.408373307948,10.30504143237));
#8670=CARTESIAN_POINT('Ctrl Pts',(-19.38335177111,6.218878498053,10.33248103442));
#8671=CARTESIAN_POINT('Ctrl Pts',(-19.41456683692,4.894623784393,10.35486190977));
#8672=CARTESIAN_POINT('Ctrl Pts',(-19.51170270619,3.532934318128,10.37592176854));
#8673=CARTESIAN_POINT('Ctrl Pts',(-19.454931532,1.651788177864,10.39646234056));
#8674=CARTESIAN_POINT('Ctrl Pts',(-19.12386696844,-0.6537210704041,10.42270992062));
#8675=CARTESIAN_POINT('Ctrl Pts',(-18.31177606231,-3.210755798067,10.43848991556));
#8676=CARTESIAN_POINT('Ctrl Pts',(-17.17276104285,-5.5015589469,10.43056099211));
#8677=CARTESIAN_POINT('Ctrl Pts',(-15.7879838394,-7.511279038619,10.40468237471));
#8678=CARTESIAN_POINT('Ctrl Pts',(-14.41479469121,-9.04253717078,10.37274752645));
#8679=CARTESIAN_POINT('Ctrl Pts',(-13.20107217988,-10.09380106469,10.34187415525));
#8680=CARTESIAN_POINT('Ctrl Pts',(-11.8092782318,-11.39132739757,10.30213189132));
#8681=CARTESIAN_POINT('Ctrl Pts',(-10.11400845948,-13.46135305154,10.24774748697));
#8682=CARTESIAN_POINT('Ctrl Pts',(-8.652616290043,-16.12262836151,10.18917648997));
#8683=CARTESIAN_POINT('Ctrl Pts',(-7.748501326894,-18.63179134901,10.14562374264));
#8684=CARTESIAN_POINT('Ctrl Pts',(-7.243279954371,-20.85905229138,10.11868048566));
#8685=CARTESIAN_POINT('Ctrl Pts',(-7.093427990418,-22.37030172801,10.11126644485));
#8686=CARTESIAN_POINT('Ctrl Pts',(-7.066905855374,-23.12270446063,10.11146012202));
#8687=CARTESIAN_POINT('Ctrl Pts',(-6.92106139436901,-27.2601455382658,10.1125251472309));
#8688=CARTESIAN_POINT('Ctrl Pts',(-6.77521693336402,-31.3975866159016,10.1135901724417));
#8689=CARTESIAN_POINT('Ctrl Pts',(-6.62937247235902,-35.5350276935374,10.1146551976526));
#8690=CARTESIAN_POINT('Ctrl Pts',(-59.130401906956,40.1232535417569,9.92209275528646));
#8691=CARTESIAN_POINT('Ctrl Pts',(-51.025450069094,36.9403069136479,9.99495895223098));
#8692=CARTESIAN_POINT('Ctrl Pts',(-42.920498231232,33.757360285539,10.0678251491755));
#8693=CARTESIAN_POINT('Ctrl Pts',(-34.81554639337,30.57441365743,10.14069134612));
#8694=CARTESIAN_POINT('Ctrl Pts',(-34.33670508748,30.38636487559,10.14499628779));
#8695=CARTESIAN_POINT('Ctrl Pts',(-32.38103288626,29.55592705859,10.15948623553));
#8696=CARTESIAN_POINT('Ctrl Pts',(-28.43092808252,27.28401962746,10.16648810587));
#8697=CARTESIAN_POINT('Ctrl Pts',(-24.52736270535,23.60001121593,10.14091293692));
#8698=CARTESIAN_POINT('Ctrl Pts',(-21.70076075251,19.39442925493,10.11732021805));
#8699=CARTESIAN_POINT('Ctrl Pts',(-20.03286860979,15.84519592636,10.10791412187));
#8700=CARTESIAN_POINT('Ctrl Pts',(-18.92298603309,12.06788728248,10.11262383705));
#8701=CARTESIAN_POINT('Ctrl Pts',(-18.54348805766,9.028118815447,10.13220305458));
#8702=CARTESIAN_POINT('Ctrl Pts',(-18.5137583202,6.818060577632,10.15745295823));
#8703=CARTESIAN_POINT('Ctrl Pts',(-18.5965166138,5.48494704648,10.17981351278));
#8704=CARTESIAN_POINT('Ctrl Pts',(-18.74718305888,4.107206647485,10.19952640635));
#8705=CARTESIAN_POINT('Ctrl Pts',(-18.74018060658,2.185079133725,10.21487966316));
#8706=CARTESIAN_POINT('Ctrl Pts',(-18.45118355461,-0.1726135853422,10.23762502663));
#8707=CARTESIAN_POINT('Ctrl Pts',(-17.65606828483,-2.786454579297,10.25378743518));
#8708=CARTESIAN_POINT('Ctrl Pts',(-16.51304108921,-5.110029066675,10.25307220447));
#8709=CARTESIAN_POINT('Ctrl Pts',(-15.10991361658,-7.127018000638,10.23847124693));
#8710=CARTESIAN_POINT('Ctrl Pts',(-13.70824313958,-8.650928151848,10.21914660514));
#8711=CARTESIAN_POINT('Ctrl Pts',(-12.46896648978,-9.677872695465,10.1983939942));
#8712=CARTESIAN_POINT('Ctrl Pts',(-11.05430222081,-10.94376316327,10.17062315201));
#8713=CARTESIAN_POINT('Ctrl Pts',(-9.334525830618,-13.00062728827,10.13548359614));
#8714=CARTESIAN_POINT('Ctrl Pts',(-7.874978919654,-15.67230840042,10.09659579107));
#8715=CARTESIAN_POINT('Ctrl Pts',(-7.003559199283,-18.19872818136,10.065794924));
#8716=CARTESIAN_POINT('Ctrl Pts',(-6.552460409999,-20.43990275677,10.04554879574));
#8717=CARTESIAN_POINT('Ctrl Pts',(-6.460715010256,-21.95479533828,10.03946274682));
#8718=CARTESIAN_POINT('Ctrl Pts',(-6.470651554783,-22.70598557433,10.03990753819));
#8719=CARTESIAN_POINT('Ctrl Pts',(-6.52529232855134,-26.8367591680537,10.0423534331947));
#8720=CARTESIAN_POINT('Ctrl Pts',(-6.57993310231968,-30.9675327617773,10.0447993281993));
#8721=CARTESIAN_POINT('Ctrl Pts',(-6.63457387608802,-35.098306355501,10.047245223204));
#8722=CARTESIAN_POINT('Ctrl Pts',(-59.0403951497994,40.0942936283635,9.97243780806215));
#8723=CARTESIAN_POINT('Ctrl Pts',(-50.8790322049496,36.978048526269,10.0192443700314));
#8724=CARTESIAN_POINT('Ctrl Pts',(-42.7176692600998,33.8618034241745,10.0660509320007));
#8725=CARTESIAN_POINT('Ctrl Pts',(-34.55630631525,30.74555832208,10.11285749397));
#8726=CARTESIAN_POINT('Ctrl Pts',(-34.07413223593,30.56145027258,10.11562282999));
#8727=CARTESIAN_POINT('Ctrl Pts',(-32.10466705284,29.74644420992,10.12413488116));
#8728=CARTESIAN_POINT('Ctrl Pts',(-28.12511859064,27.49682058794,10.12138743957));
#8729=CARTESIAN_POINT('Ctrl Pts',(-24.1935273795,23.81673666083,10.09014472069));
#8730=CARTESIAN_POINT('Ctrl Pts',(-21.35903143941,19.60780823168,10.06403315534));
#8731=CARTESIAN_POINT('Ctrl Pts',(-19.69670221184,16.0530955494,10.05370728093));
#8732=CARTESIAN_POINT('Ctrl Pts',(-18.60510712063,12.26824597901,10.05794161475));
#8733=CARTESIAN_POINT('Ctrl Pts',(-18.25042360415,9.221640683294,10.07690367458));
#8734=CARTESIAN_POINT('Ctrl Pts',(-18.24316298024,7.005403689463,10.10140645862));
#8735=CARTESIAN_POINT('Ctrl Pts',(-18.34223054589,5.669796480058,10.12377968435));
#8736=CARTESIAN_POINT('Ctrl Pts',(-18.50974510324,4.287131963797,10.14299666017));
#8737=CARTESIAN_POINT('Ctrl Pts',(-18.51822288932,2.351924198216,10.15642792367));
#8738=CARTESIAN_POINT('Ctrl Pts',(-18.24226701476,-0.02232821970336,10.17782615604));
#8739=CARTESIAN_POINT('Ctrl Pts',(-17.45220759122,-2.654310685907,10.19393612675));
#8740=CARTESIAN_POINT('Ctrl Pts',(-16.30761532664,-4.988434240839,10.19555671127));
#8741=CARTESIAN_POINT('Ctrl Pts',(-14.8984696888,-7.007830954661,10.18470284948));
#8742=CARTESIAN_POINT('Ctrl Pts',(-13.4876328946,-8.529521253263,10.16960971371));
#8743=CARTESIAN_POINT('Ctrl Pts',(-12.24028196715,-9.548740592839,10.15221221733));
#8744=CARTESIAN_POINT('Ctrl Pts',(-10.81848675923,-10.80445341982,10.1283561073));
#8745=CARTESIAN_POINT('Ctrl Pts',(-9.090945328216,-12.85703526471,10.09954115564));
#8746=CARTESIAN_POINT('Ctrl Pts',(-7.631927892989,-15.53183543417,10.06701580854));
#8747=CARTESIAN_POINT('Ctrl Pts',(-6.770859013109,-18.0634633382,10.04018877121));
#8748=CARTESIAN_POINT('Ctrl Pts',(-6.337001074424,-20.30868552036,10.02186589932));
#8749=CARTESIAN_POINT('Ctrl Pts',(-6.263886551193,-21.82430701062,10.01599170342));
#8750=CARTESIAN_POINT('Ctrl Pts',(-6.285588425556,-22.5747897947,10.01645320436));
#8751=CARTESIAN_POINT('Ctrl Pts',(-6.4049264111299,-26.7016731303023,10.0189909848115));
#8752=CARTESIAN_POINT('Ctrl Pts',(-6.52426439670379,-30.8285564659045,10.0215287652631));
#8753=CARTESIAN_POINT('Ctrl Pts',(-6.64360238227769,-34.9554398015068,10.0240665457146));
#8754=CARTESIAN_POINT('Ctrl Pts',(-55.6369394433339,38.9992227068998,11.876152179901));
#8755=CARTESIAN_POINT('Ctrl Pts',(-45.3424843835056,38.4051847869706,10.9375570213029));
#8756=CARTESIAN_POINT('Ctrl Pts',(-35.0480293236773,37.8111468670413,9.99896186270482));
#8757=CARTESIAN_POINT('Ctrl Pts',(-24.7535742638494,37.2171089471119,9.06036670410671));
#8758=CARTESIAN_POINT('Ctrl Pts',(-24.145376904644,37.1820131317366,9.00491441513127));
#8759=CARTESIAN_POINT('Ctrl Pts',(-21.654353070431,36.9505331734314,8.78738225766016));
#8760=CARTESIAN_POINT('Ctrl Pts',(-16.5614416722623,35.5435347032651,8.41598081307652));
#8761=CARTESIAN_POINT('Ctrl Pts',(-11.5701001982876,32.0118486222293,8.17042912717799));
#8762=CARTESIAN_POINT('Ctrl Pts',(-8.43710626980772,27.6763790701522,8.04907157478334));
#8763=CARTESIAN_POINT('Ctrl Pts',(-6.98512941921432,23.9144737476622,8.00396581756816));
#8764=CARTESIAN_POINT('Ctrl Pts',(-6.58504515245844,19.8444765930987,7.99022439652775));
#8765=CARTESIAN_POINT('Ctrl Pts',(-7.1686790977356,16.5393480005731,7.98584966518542));
#8766=CARTESIAN_POINT('Ctrl Pts',(-8.01105060308775,14.0894716324791,7.98210136474692));
#8767=CARTESIAN_POINT('Ctrl Pts',(-8.72682614467639,12.6595701306412,8.00495373005767));
#8768=CARTESIAN_POINT('Ctrl Pts',(-9.53142402398958,11.0907083161141,8.0054184016118));
#8769=CARTESIAN_POINT('Ctrl Pts',(-10.1252612576961,8.66089259987984,7.94617268723424));
#8770=CARTESIAN_POINT('Ctrl Pts',(-10.3424357999764,5.6604627333313,7.91663139934488));
#8771=CARTESIAN_POINT('Ctrl Pts',(-9.74355478659288,2.34249069035017,7.9307585204177));
#8772=CARTESIAN_POINT('Ctrl Pts',(-8.53978204433321,-0.390528295311174,
8.02070406991731));
#8773=CARTESIAN_POINT('Ctrl Pts',(-6.90306950625719,-2.50097119677402,8.15154039690732));
#8774=CARTESIAN_POINT('Ctrl Pts',(-5.14562368438911,-3.93872146392856,8.29645461798109));
#8775=CARTESIAN_POINT('Ctrl Pts',(-3.59295738716472,-4.66582507122465,8.40592519413048));
#8776=CARTESIAN_POINT('Ctrl Pts',(-1.90151759223227,-5.53668735103484,8.53009816469547));
#8777=CARTESIAN_POINT('Ctrl Pts',(0.119645932627178,-7.42734190138076,8.74043759399161));
#8778=CARTESIAN_POINT('Ctrl Pts',(1.55864212416698,-10.2200840313764,8.94849800477482));
#8779=CARTESIAN_POINT('Ctrl Pts',(2.02831119975782,-12.9486484411825,9.07193472466017));
#8780=CARTESIAN_POINT('Ctrl Pts',(1.81023507027766,-15.3469241353898,9.12633659115924));
#8781=CARTESIAN_POINT('Ctrl Pts',(1.17885400912867,-16.8901080967691,9.12847326458324));
#8782=CARTESIAN_POINT('Ctrl Pts',(0.712265770299838,-17.6138397621508,9.12956661009982));
#8783=CARTESIAN_POINT('Ctrl Pts',(-1.85348959179182,-21.5936194621909,9.13557888578174));
#8784=CARTESIAN_POINT('Ctrl Pts',(-4.41924495388349,-25.5733991622311,9.14159116146366));
#8785=CARTESIAN_POINT('Ctrl Pts',(-6.98500031597515,-29.5531788622713,9.14760343714558));
#8786=CARTESIAN_POINT('Ctrl Pts',(-52.2334837368685,37.9041517854361,13.7798665517399));
#8787=CARTESIAN_POINT('Ctrl Pts',(-39.8059365620617,39.8323210476723,11.8558696725744));
#8788=CARTESIAN_POINT('Ctrl Pts',(-27.3783893872549,41.760490309908,9.93187279340892));
#8789=CARTESIAN_POINT('Ctrl Pts',(-14.9508422124487,43.6886595721438,8.00787591424341));
#8790=CARTESIAN_POINT('Ctrl Pts',(-14.2166215733581,43.8025759908933,7.89420600027253));
#8791=CARTESIAN_POINT('Ctrl Pts',(-11.2040390880219,44.1546221369427,7.45062963416031));
#8792=CARTESIAN_POINT('Ctrl Pts',(-4.99776475388465,43.5902488185901,6.71057418658304));
#8793=CARTESIAN_POINT('Ctrl Pts',(1.05332698292473,40.2069605836286,6.25071353366598));
#8794=CARTESIAN_POINT('Ctrl Pts',(4.48481889979456,35.7449499086245,6.03410999422668));
#8795=CARTESIAN_POINT('Ctrl Pts',(5.72644337341136,31.7758519459244,5.95422435420631));
#8796=CARTESIAN_POINT('Ctrl Pts',(5.43501681571312,27.4207072071874,5.9225071783055));
#8797=CARTESIAN_POINT('Ctrl Pts',(3.91306540867879,23.8570553178523,5.89479565579085));
#8798=CARTESIAN_POINT('Ctrl Pts',(2.22106177406451,21.1735395754953,5.86279627087383));
#8799=CARTESIAN_POINT('Ctrl Pts',(0.888578256537216,19.6493437812244,5.88612777576534));
#8800=CARTESIAN_POINT('Ctrl Pts',(-0.553102944739163,17.8942846684311,5.86784014305361));
#8801=CARTESIAN_POINT('Ctrl Pts',(-1.73229962607224,14.9698610015437,5.73591745079848));
#8802=CARTESIAN_POINT('Ctrl Pts',(-2.44260458519273,11.343253686366,5.65543664264976));
#8803=CARTESIAN_POINT('Ctrl Pts',(-2.03490198196575,7.33929206660734,5.6675809140854));
#8804=CARTESIAN_POINT('Ctrl Pts',(-0.771948762026424,4.20737765021665,5.84585142856462));
#8805=CARTESIAN_POINT('Ctrl Pts',(1.09233067628562,2.00588856111295,6.11837794433464));
#8806=CARTESIAN_POINT('Ctrl Pts',(3.19638552582177,0.65207832540588,6.42329952225218));
#8807=CARTESIAN_POINT('Ctrl Pts',(5.05436719282056,0.217090450389693,6.65963817093095));
#8808=CARTESIAN_POINT('Ctrl Pts',(7.01545157476546,-0.268921282249681,6.93184022209095));
#8809=CARTESIAN_POINT('Ctrl Pts',(9.33023719347036,-1.99764853805152,7.38133403234322));
#8810=CARTESIAN_POINT('Ctrl Pts',(10.749212141323,-4.9083326285828,7.82998020100964));
#8811=CARTESIAN_POINT('Ctrl Pts',(10.8274814126246,-7.8338335441649,8.10368067811034));
#8812=CARTESIAN_POINT('Ctrl Pts',(9.95747121497932,-10.3851627504195,8.23080728299847));
#8813=CARTESIAN_POINT('Ctrl Pts',(8.62159456945035,-11.9559091829182,8.24095482574648));
#8814=CARTESIAN_POINT('Ctrl Pts',(7.71011996615568,-12.6528897296015,8.24268001583964));
#8815=CARTESIAN_POINT('Ctrl Pts',(2.69794722754625,-16.4855657940796,8.25216678675194));
#8816=CARTESIAN_POINT('Ctrl Pts',(-2.31422551106318,-20.3182418585576,8.26165355766425));
#8817=CARTESIAN_POINT('Ctrl Pts',(-7.3263982496726,-24.1509179230357,8.27114032857655));
#8818=CARTESIAN_POINT('Ctrl Pts',(-48.8300280304031,36.8090808639724,15.6835809235787));
#8819=CARTESIAN_POINT('Ctrl Pts',(-34.2693887406177,41.2594573083739,12.7741823238458));
#8820=CARTESIAN_POINT('Ctrl Pts',(-19.7087494508324,45.7098337527748,9.86478372411302));
#8821=CARTESIAN_POINT('Ctrl Pts',(-5.14811016104809,50.1602101971757,6.95538512438011));
#8822=CARTESIAN_POINT('Ctrl Pts',(-4.28786624207214,50.4231388500499,6.7834975854138));
#8823=CARTESIAN_POINT('Ctrl Pts',(-0.753725105612921,51.3587111004541,6.11387701066047));
#8824=CARTESIAN_POINT('Ctrl Pts',(6.56591216449303,51.6369629339152,5.00516756008955));
#8825=CARTESIAN_POINT('Ctrl Pts',(13.6767541641371,48.4020725450279,4.33099794015397));
#8826=CARTESIAN_POINT('Ctrl Pts',(17.4067440693968,43.8135207470967,4.01914841367002));
#8827=CARTESIAN_POINT('Ctrl Pts',(18.438016166037,39.6372301441866,3.90448289084446));
#8828=CARTESIAN_POINT('Ctrl Pts',(17.4550787838847,34.9969378212761,3.85478996008324));
#8829=CARTESIAN_POINT('Ctrl Pts',(14.9948099150932,31.1747626351314,3.80374164639627));
#8830=CARTESIAN_POINT('Ctrl Pts',(12.4531741512168,28.2576075185114,3.74349117700075));
#8831=CARTESIAN_POINT('Ctrl Pts',(10.5039826577508,26.6391174318077,3.76730182147301));
#8832=CARTESIAN_POINT('Ctrl Pts',(8.42521813451126,24.6978610207482,3.73026188449541));
#8833=CARTESIAN_POINT('Ctrl Pts',(6.66066200555164,21.2788294032075,3.52566221436272));
#8834=CARTESIAN_POINT('Ctrl Pts',(5.4572266295909,17.0260446394006,3.39424188595464));
#8835=CARTESIAN_POINT('Ctrl Pts',(5.67375082266137,12.3360934428645,3.40440330775309));
#8836=CARTESIAN_POINT('Ctrl Pts',(6.99588452028036,8.80528359574448,3.67099878721193));
#8837=CARTESIAN_POINT('Ctrl Pts',(9.08773085882844,6.51274831899993,4.08521549176196));
#8838=CARTESIAN_POINT('Ctrl Pts',(11.5383947360327,5.24287811474032,4.55014442652327));
#8839=CARTESIAN_POINT('Ctrl Pts',(13.7016917728058,5.10000597200404,4.91335114773143));
#8840=CARTESIAN_POINT('Ctrl Pts',(15.9324207417632,4.99884478653548,5.33358227948642));
#8841=CARTESIAN_POINT('Ctrl Pts',(18.5408284543135,3.43204482527773,6.02223047069482));
#8842=CARTESIAN_POINT('Ctrl Pts',(19.9397821584789,0.403418774210802,6.71146239724446));
#8843=CARTESIAN_POINT('Ctrl Pts',(19.6266516254915,-2.71901864714734,7.13542663156051));
#8844=CARTESIAN_POINT('Ctrl Pts',(18.104707359681,-5.42340136544928,7.33527797483771));
#8845=CARTESIAN_POINT('Ctrl Pts',(16.064335129772,-7.02171026906728,7.35343638690972));
#8846=CARTESIAN_POINT('Ctrl Pts',(14.7079741620115,-7.69193969705223,7.35579342157945));
#8847=CARTESIAN_POINT('Ctrl Pts',(7.24938404688433,-11.3775121259682,7.36875468772214));
#8848=CARTESIAN_POINT('Ctrl Pts',(-0.209206068242862,-15.0630845548841,
7.38171595386483));
#8849=CARTESIAN_POINT('Ctrl Pts',(-7.66779618337005,-18.7486569838001,7.39467722000752));
#8850=CARTESIAN_POINT('',(-35.0079274790133,29.5501462560616,10.2561209110767));
#8851=CARTESIAN_POINT('Ctrl Pts',(-21.974370133526,-1.92209395586049,10.9958225022374));
#8852=CARTESIAN_POINT('Ctrl Pts',(-21.6489959870378,-1.32424231002586,10.9207476368563));
#8853=CARTESIAN_POINT('Ctrl Pts',(-21.3516220215778,-0.711460248274781,
10.8450268959992));
#8854=CARTESIAN_POINT('Ctrl Pts',(-20.6853825278009,0.841906382486739,10.6677104483033));
#8855=CARTESIAN_POINT('Ctrl Pts',(-20.3514566702669,1.79740430457888,10.5716732114835));
#8856=CARTESIAN_POINT('Ctrl Pts',(-19.5656026201695,4.67371638835367,10.3656249657027));
#8857=CARTESIAN_POINT('Ctrl Pts',(-19.232694124253,6.91147831069262,10.2992817479022));
#8858=CARTESIAN_POINT('Ctrl Pts',(-19.4351583134052,12.270134796526,10.180600540947));
#8859=CARTESIAN_POINT('Ctrl Pts',(-20.1187221213705,15.1175176072416,10.1599494854496));
#8860=CARTESIAN_POINT('Ctrl Pts',(-22.524735851359,20.313241005904,10.1571153277757));
#8861=CARTESIAN_POINT('Ctrl Pts',(-24.1970665629804,22.6232960874445,10.1761849740825));
#8862=CARTESIAN_POINT('Ctrl Pts',(-27.4792989709622,25.6887856809277,10.2105284454317));
#8863=CARTESIAN_POINT('Ctrl Pts',(-28.8224221186294,26.6831708605356,10.224216648386));
#8864=CARTESIAN_POINT('Ctrl Pts',(-31.7603990290951,28.3783537266151,10.2464134942159));
#8865=CARTESIAN_POINT('Ctrl Pts',(-33.352358009558,29.0612666912879,10.2547197652786));
#8866=CARTESIAN_POINT('Ctrl Pts',(-35.0079274811277,29.550146245322,10.2561221588311));
#8867=CARTESIAN_POINT('',(-36.8401368364916,23.2268787828373,10.8310592674319));
#8868=CARTESIAN_POINT('Ctrl Pts',(-36.841399464217,23.2272446472965,10.8310689034985));
#8869=CARTESIAN_POINT('Ctrl Pts',(-36.7828060744734,23.4437082795606,10.8157861285498));
#8870=CARTESIAN_POINT('Ctrl Pts',(-36.7244273909869,23.6580314185295,10.8003138184236));
#8871=CARTESIAN_POINT('Ctrl Pts',(-36.657861841979,23.9008184871221,10.7823774457293));
#8872=CARTESIAN_POINT('Ctrl Pts',(-36.6494591975441,23.9314368816519,10.7801079109393));
#8873=CARTESIAN_POINT('Ctrl Pts',(-36.6013498659616,24.1065778486085,10.7670824433279));
#8874=CARTESIAN_POINT('Ctrl Pts',(-36.5617413165691,24.250114522109,10.7562374323313));
#8875=CARTESIAN_POINT('Ctrl Pts',(-36.4827248646707,24.5350867537948,10.7343573064458));
#8876=CARTESIAN_POINT('Ctrl Pts',(-36.4429368526282,24.6778794771277,10.7232145686736));
#8877=CARTESIAN_POINT('Ctrl Pts',(-36.3409951222327,25.0418657930483,10.694350137608));
#8878=CARTESIAN_POINT('Ctrl Pts',(-36.2776763090304,25.2659060599086,10.6761177480994));
#8879=CARTESIAN_POINT('Ctrl Pts',(-36.199166129035,25.5413742585205,10.6530889487177));
#8880=CARTESIAN_POINT('Ctrl Pts',(-36.1841754746669,25.5938684218664,10.6486728953335));
#8881=CARTESIAN_POINT('Ctrl Pts',(-36.1298626901588,25.7836980322674,10.6326023539852));
#8882=CARTESIAN_POINT('Ctrl Pts',(-36.0904792711871,25.9206511569406,10.620815912944));
#8883=CARTESIAN_POINT('Ctrl Pts',(-36.0116120719017,26.1935711514933,10.5969314975771));
#8884=CARTESIAN_POINT('Ctrl Pts',(-35.9717098817864,26.3309709346508,10.5847038537979));
#8885=CARTESIAN_POINT('Ctrl Pts',(-35.919436279802,26.5101310355035,10.5684924682285));
#8886=CARTESIAN_POINT('Ctrl Pts',(-35.9062560566992,26.5552551933336,10.5643867460602));
#8887=CARTESIAN_POINT('Ctrl Pts',(-35.7925061965871,26.9442623781768,10.5287946894741));
#8888=CARTESIAN_POINT('Ctrl Pts',(-35.6918517924027,27.2855817862939,10.4962293402676));
#8889=CARTESIAN_POINT('Ctrl Pts',(-35.5685507150541,27.6999114078348,10.4550086300235));
#8890=CARTESIAN_POINT('Ctrl Pts',(-35.5457577817005,27.7763438745709,10.4473330953624));
#8891=CARTESIAN_POINT('Ctrl Pts',(-35.4166532572163,28.2083643627994,10.4035423193796));
#8892=CARTESIAN_POINT('Ctrl Pts',(-35.3105689107082,28.5598519041788,10.3663475202784));
#8893=CARTESIAN_POINT('Ctrl Pts',(-35.1854414139234,28.9707335369895,10.3212512836634));
#8894=CARTESIAN_POINT('Ctrl Pts',(-35.1657360561395,29.0353300618094,10.3141131153545));
#8895=CARTESIAN_POINT('Ctrl Pts',(-35.0998543272917,29.2509372252105,10.2901302749615));
#8896=CARTESIAN_POINT('Ctrl Pts',(-35.0537996982403,29.4010630982749,10.2731714615502));
#8897=CARTESIAN_POINT('Ctrl Pts',(-35.007927518028,29.5501461329852,10.2561196806937));
#8898=CARTESIAN_POINT('',(-29.4186586167108,-1.78044260883517,11.6558070679716));
#8899=CARTESIAN_POINT('Ctrl Pts',(-29.4186586168839,-1.78044260868557,11.6558070679762));
#8900=CARTESIAN_POINT('Ctrl Pts',(-28.9033572362991,-1.18295761265911,11.6198452869515));
#8901=CARTESIAN_POINT('Ctrl Pts',(-28.4347280280789,-0.547201230756804,
11.5767937735531));
#8902=CARTESIAN_POINT('Ctrl Pts',(-27.5863391990549,0.809289111720553,11.4821096988179));
#8903=CARTESIAN_POINT('Ctrl Pts',(-27.2108086340836,1.53003129992068,11.4304542107487));
#8904=CARTESIAN_POINT('Ctrl Pts',(-26.2569494325357,3.77455033669769,11.2761594296608));
#8905=CARTESIAN_POINT('Ctrl Pts',(-25.8598664709003,5.36433314791024,11.1775532264504));
#8906=CARTESIAN_POINT('Ctrl Pts',(-25.5389694282144,9.02694596408125,11.0010919217707));
#8907=CARTESIAN_POINT('Ctrl Pts',(-25.7656497673494,11.0815093052003,10.9354991583152));
#8908=CARTESIAN_POINT('Ctrl Pts',(-26.9819320234838,14.911765441176,10.8565097772196));
#8909=CARTESIAN_POINT('Ctrl Pts',(-27.9309090419606,16.6591417271489,10.8412551978554));
#8910=CARTESIAN_POINT('Ctrl Pts',(-30.1396816454874,19.3475536036194,10.8316107604582));
#8911=CARTESIAN_POINT('Ctrl Pts',(-31.2626132518096,20.3672212220727,10.832896852067));
#8912=CARTESIAN_POINT('Ctrl Pts',(-33.1640003305703,21.644092249966,10.8341026296544));
#8913=CARTESIAN_POINT('Ctrl Pts',(-33.8449648645819,22.0301164171143,10.8344091123816));
#8914=CARTESIAN_POINT('Ctrl Pts',(-34.9170583229292,22.5348843781646,10.8339503442099));
#8915=CARTESIAN_POINT('Ctrl Pts',(-35.2885379033245,22.6923710100146,10.8336370218201));
#8916=CARTESIAN_POINT('Ctrl Pts',(-36.239683809961,23.052465377321,10.8323719484181));
#8917=CARTESIAN_POINT('Ctrl Pts',(-36.6835697412943,23.1815112255916,10.831364127914));
#8918=CARTESIAN_POINT('Ctrl Pts',(-36.8400997677638,23.2268680416427,10.831006570829));
#8919=CARTESIAN_POINT('',(-30.9967427089551,-3.36305543201544,11.736228925294));
#8920=CARTESIAN_POINT('Ctrl Pts',(-30.9967427107217,-3.3630554349276,11.7362289253607));
#8921=CARTESIAN_POINT('Ctrl Pts',(-30.8982432844747,-3.4228473015797,11.7344187251425));
#8922=CARTESIAN_POINT('Ctrl Pts',(-30.7913331475632,-3.46748921807303,11.7321547874114));
#8923=CARTESIAN_POINT('Ctrl Pts',(-30.5843421740354,-3.51936653488732,11.7271097369449));
#8924=CARTESIAN_POINT('Ctrl Pts',(-30.4864500046055,-3.53094030697887,11.7244742487122));
#8925=CARTESIAN_POINT('Ctrl Pts',(-30.2417526899889,-3.52844764589733,11.717158706674));
#8926=CARTESIAN_POINT('Ctrl Pts',(-30.0968626089286,-3.498959655568,11.7121703328974));
#8927=CARTESIAN_POINT('Ctrl Pts',(-29.820957525337,-3.38513742929709,11.7011390735383));
#8928=CARTESIAN_POINT('Ctrl Pts',(-29.6933564053543,-3.2999149440414,11.6951686811999));
#8929=CARTESIAN_POINT('Ctrl Pts',(-29.4890376698067,-3.09518933899119,11.6839086938033));
#8930=CARTESIAN_POINT('Ctrl Pts',(-29.4102310280544,-2.98142308950755,11.6787056231196));
#8931=CARTESIAN_POINT('Ctrl Pts',(-29.2937746573552,-2.72559836818828,11.669138255841));
#8932=CARTESIAN_POINT('Ctrl Pts',(-29.2592601665017,-2.58469412893619,11.6649173754118));
#8933=CARTESIAN_POINT('Ctrl Pts',(-29.2455667563832,-2.32718720363095,11.6592442374153));
#8934=CARTESIAN_POINT('Ctrl Pts',(-29.2564833218145,-2.21302658541942,11.6574318291473));
#8935=CARTESIAN_POINT('Ctrl Pts',(-29.29870465272,-2.04333127767003,11.6558694282573));
#8936=CARTESIAN_POINT('Ctrl Pts',(-29.3180430082942,-1.98558060640719,11.6555531689176));
#8937=CARTESIAN_POINT('Ctrl Pts',(-29.3637920217208,-1.87809346460118,11.6553865134299));
#8938=CARTESIAN_POINT('Ctrl Pts',(-29.3894578835807,-1.82823768058629,11.6555014375454));
#8939=CARTESIAN_POINT('Ctrl Pts',(-29.4186586160727,-1.78044260844504,11.6558070679345));
#8940=CARTESIAN_POINT('',(-56.2706566434137,11.7049171539743,10.8146562391343));
#8941=CARTESIAN_POINT('Ctrl Pts',(-56.270659212305,11.7049194177357,10.814831905799));
#8942=CARTESIAN_POINT('Ctrl Pts',(-56.5535294307899,10.4308113002978,10.8272579884463));
#8943=CARTESIAN_POINT('Ctrl Pts',(-56.6741835637763,9.12613427412585,10.8366257665539));
#8944=CARTESIAN_POINT('Ctrl Pts',(-56.5883803009467,6.60810491583886,10.8457034146852));
#8945=CARTESIAN_POINT('Ctrl Pts',(-56.4043997909275,5.40358400236122,10.8462584341886));
#8946=CARTESIAN_POINT('Ctrl Pts',(-55.5428880645683,2.27906009272178,10.8448889743005));
#8947=CARTESIAN_POINT('Ctrl Pts',(-54.6257781337844,0.449787693260431,10.8410544196637));
#8948=CARTESIAN_POINT('Ctrl Pts',(-52.1942738850012,-2.68148940584999,10.8694147954695));
#8949=CARTESIAN_POINT('Ctrl Pts',(-50.7295705152658,-3.97526090871942,10.9004681238808));
#8950=CARTESIAN_POINT('Ctrl Pts',(-47.4094105647749,-5.95084915995002,11.0265334574672));
#8951=CARTESIAN_POINT('Ctrl Pts',(-45.586464541358,-6.617988288332,11.1226160280818));
#8952=CARTESIAN_POINT('Ctrl Pts',(-42.2627868481115,-7.17311759978509,11.3313146053049));
#8953=CARTESIAN_POINT('Ctrl Pts',(-40.8107636470424,-7.21052207301738,11.4318157062916));
#8954=CARTESIAN_POINT('Ctrl Pts',(-37.8344666044509,-6.86984134180119,11.6158407458265));
#8955=CARTESIAN_POINT('Ctrl Pts',(-36.3285928963756,-6.46328773439065,11.6950672199548));
#8956=CARTESIAN_POINT('Ctrl Pts',(-33.4854264474154,-5.21339549335755,11.7755105336962));
#8957=CARTESIAN_POINT('Ctrl Pts',(-32.1692481875476,-4.38015349621423,11.7755504705188));
#8958=CARTESIAN_POINT('Ctrl Pts',(-30.9967427095502,-3.36305543132945,11.7362289252948));
#8959=CARTESIAN_POINT('',(-57.3252338006101,11.7887279249393,10.73554843109));
#8960=CARTESIAN_POINT('Origin',(-42.955647216962,-8.88082795911167,-195.608957270726));
#8961=CARTESIAN_POINT('',(-62.7991110193522,12.2243414492026,10.2228767749197));
#8962=CARTESIAN_POINT('Ctrl Pts',(-57.32523380061,11.78872792494,10.73554843109));
#8963=CARTESIAN_POINT('Ctrl Pts',(-57.7411704634521,11.8263893182204,10.7029048667579));
#8964=CARTESIAN_POINT('Ctrl Pts',(-58.186282853335,11.8656266220134,10.6666798903706));
#8965=CARTESIAN_POINT('Ctrl Pts',(-58.8973070313616,11.9258534706178,10.6056197448301));
#8966=CARTESIAN_POINT('Ctrl Pts',(-59.1415230901845,11.9461406975161,10.5841401866407));
#8967=CARTESIAN_POINT('Ctrl Pts',(-59.518719349841,11.9768292020853,10.5500777363438));
#8968=CARTESIAN_POINT('Ctrl Pts',(-59.710039652273,11.9922409025434,10.5325861684765));
#8969=CARTESIAN_POINT('Ctrl Pts',(-59.9380431704482,12.0103390231757,10.5113404599232));
#8970=CARTESIAN_POINT('Ctrl Pts',(-60.0532488479849,12.0194178781233,10.5005036189034));
#8971=CARTESIAN_POINT('Ctrl Pts',(-60.1028812237362,12.0233152479509,10.4958129444425));
#8972=CARTESIAN_POINT('Ctrl Pts',(-60.1360269827747,12.0259149301789,10.4926754847598));
#8973=CARTESIAN_POINT('Ctrl Pts',(-60.1538055592637,12.0273075813038,10.4909898296476));
#8974=CARTESIAN_POINT('Ctrl Pts',(-61.1272887899892,12.1034797116755,10.3985552155778));
#8975=CARTESIAN_POINT('Ctrl Pts',(-61.9994072129745,12.1670310934398,10.3069446911044));
#8976=CARTESIAN_POINT('Ctrl Pts',(-62.7991110193522,12.2243414492026,10.2228767749197));
#8977=CARTESIAN_POINT('',(-40.9393631960088,-13.3515846309967,10.8967220338836));
#8978=CARTESIAN_POINT('Ctrl Pts',(-62.7991124110419,12.2243414759355,10.2228606090395));
#8979=CARTESIAN_POINT('Ctrl Pts',(-63.1006530943867,10.4541748722704,10.2451072942996));
#8980=CARTESIAN_POINT('Ctrl Pts',(-63.1833466315529,8.65344268054867,10.2474656578418));
#8981=CARTESIAN_POINT('Ctrl Pts',(-62.9128153871124,5.14513032557277,10.23514537044));
#8982=CARTESIAN_POINT('Ctrl Pts',(-62.5780814463895,3.44890194014428,10.2207454844907));
#8983=CARTESIAN_POINT('Ctrl Pts',(-61.157447976331,-0.945077707679796,10.1795325875201));
#8984=CARTESIAN_POINT('Ctrl Pts',(-59.7294015876657,-3.49598203558689,10.1497974736592));
#8985=CARTESIAN_POINT('Ctrl Pts',(-55.9563729489763,-7.90338073964399,10.1340006244924));
#8986=CARTESIAN_POINT('Ctrl Pts',(-53.6456069218863,-9.71262401182411,10.1453932725609));
#8987=CARTESIAN_POINT('Ctrl Pts',(-49.1282426456093,-11.9848116626848,10.2644351168181));
#8988=CARTESIAN_POINT('Ctrl Pts',(-47.0704467787872,-12.6622831848546,10.3274992979045));
#8989=CARTESIAN_POINT('Ctrl Pts',(-44.3542543059919,-13.135321022519,10.5377578527928));
#8990=CARTESIAN_POINT('Ctrl Pts',(-43.7378076561161,-13.2157562850716,10.594868415783));
#8991=CARTESIAN_POINT('Ctrl Pts',(-42.3939149424627,-13.3333555991331,10.7318780778095));
#8992=CARTESIAN_POINT('Ctrl Pts',(-41.6663870452661,-13.3605732367165,10.8138088244705));
#8993=CARTESIAN_POINT('Ctrl Pts',(-40.939363196009,-13.3515846310019,10.8967220338855));
#8994=CARTESIAN_POINT('',(-32.6720848629522,-11.6203656044897,11.6342491320783));
#8995=CARTESIAN_POINT('Ctrl Pts',(-32.6720848629698,-11.6203656044894,11.6342491320768));
#8996=CARTESIAN_POINT('Ctrl Pts',(-32.6646873462285,-11.1591119836571,11.6515852988723));
#8997=CARTESIAN_POINT('Ctrl Pts',(-32.7310491072087,-10.6995114956793,11.6648297321274));
#8998=CARTESIAN_POINT('Ctrl Pts',(-33.0253990921321,-9.75790513871447,11.6863681899155));
#8999=CARTESIAN_POINT('Ctrl Pts',(-33.2719172750912,-9.2893683223527,11.6935983188159));
#9000=CARTESIAN_POINT('Ctrl Pts',(-33.9358922990682,-8.44398915674896,11.7002111365487));
#9001=CARTESIAN_POINT('Ctrl Pts',(-34.3547860280735,-8.08020585180415,11.6991189878452));
#9002=CARTESIAN_POINT('Ctrl Pts',(-35.3275614752167,-7.5164780440319,11.6859005900231));
#9003=CARTESIAN_POINT('Ctrl Pts',(-35.8769169052852,-7.33028149022051,11.6733286352043));
#9004=CARTESIAN_POINT('Ctrl Pts',(-36.9318444966324,-7.19390877043576,11.6365646622259));
#9005=CARTESIAN_POINT('Ctrl Pts',(-37.4241790248822,-7.21395033197716,11.6145577843427));
#9006=CARTESIAN_POINT('Ctrl Pts',(-38.3510610597358,-7.41112568010036,11.5609619888152));
#9007=CARTESIAN_POINT('Ctrl Pts',(-38.7813304153422,-7.57714355873669,11.5303986977914));
#9008=CARTESIAN_POINT('Ctrl Pts',(-39.644114657473,-8.07859240856177,11.4539745090149));
#9009=CARTESIAN_POINT('Ctrl Pts',(-40.0556753880103,-8.43457847242348,11.4070533367834));
#9010=CARTESIAN_POINT('Ctrl Pts',(-40.7161292031132,-9.26543827124108,11.3051581598519));
#9011=CARTESIAN_POINT('Ctrl Pts',(-40.9643052512818,-9.72952456070053,11.2510642449549));
#9012=CARTESIAN_POINT('Ctrl Pts',(-41.3001646321478,-10.7747231119348,11.1334819637547));
#9013=CARTESIAN_POINT('Ctrl Pts',(-41.3652655238328,-11.3531107020892,11.0709594714386));
#9014=CARTESIAN_POINT('Ctrl Pts',(-41.2721739845828,-12.4194733843427,10.9677056202592));
#9015=CARTESIAN_POINT('Ctrl Pts',(-41.145309658876,-12.9012020408895,10.9260424100258));
#9016=CARTESIAN_POINT('Ctrl Pts',(-40.9393631959927,-13.3515846309897,10.8967220338888));
#9017=CARTESIAN_POINT('Ctrl Pts',(-32.6720848629499,-11.620365604495,11.6342491320772));
#9018=CARTESIAN_POINT('Ctrl Pts',(-31.3883756218834,-11.0768898064752,11.6909779412409));
#9019=CARTESIAN_POINT('Ctrl Pts',(-30.1581027957115,-10.4111684448135,11.7113526262557));
#9020=CARTESIAN_POINT('Ctrl Pts',(-27.8459414700027,-8.85866600010358,11.6899756415005));
#9021=CARTESIAN_POINT('Ctrl Pts',(-26.767958368415,-7.97502813553055,11.6464936759389));
#9022=CARTESIAN_POINT('Ctrl Pts',(-25.7809065620382,-6.99513229525347,11.5668220796398));
#9023=CARTESIAN_POINT('Origin',(-41.2101045506703,8.54674176895101,-1.004));
#9024=CARTESIAN_POINT('',(-40.9393631959872,-13.3515846310017,0.218));
#9025=CARTESIAN_POINT('Ctrl Pts',(-35.007927482968,29.5501462458654,10.2561196677723));
#9026=CARTESIAN_POINT('Ctrl Pts',(-36.6102140178427,30.0232916739512,10.2573361105837));
#9027=CARTESIAN_POINT('Ctrl Pts',(-38.2613550175155,30.311527623186,10.2642095469082));
#9028=CARTESIAN_POINT('Ctrl Pts',(-41.6787661294495,30.51176139707,10.28216294755));
#9029=CARTESIAN_POINT('Ctrl Pts',(-43.43440169777,30.4038741822693,10.2932385077406));
#9030=CARTESIAN_POINT('Ctrl Pts',(-47.8677182958869,29.5913045725285,10.3155184030102));
#9031=CARTESIAN_POINT('Ctrl Pts',(-50.4592700930618,28.5879723441255,10.3219383093658));
#9032=CARTESIAN_POINT('Ctrl Pts',(-55.2572725842621,25.5965052830796,10.2938438774316));
#9033=CARTESIAN_POINT('Ctrl Pts',(-57.3887658915411,23.588960852304,10.2590354873664));
#9034=CARTESIAN_POINT('Ctrl Pts',(-60.0321210143604,19.8657200454946,10.2179930599345));
#9035=CARTESIAN_POINT('Ctrl Pts',(-60.8386775552011,18.4010301868635,10.2058815648425));
#9036=CARTESIAN_POINT('Ctrl Pts',(-62.0831228262625,15.3677074181647,10.1988701292334));
#9037=CARTESIAN_POINT('Ctrl Pts',(-62.5284346152324,13.8133302047462,10.2031208904144));
#9038=CARTESIAN_POINT('Ctrl Pts',(-62.7991123508375,12.2243418293597,10.2228896932771));
#9039=CARTESIAN_POINT('Origin',(-37.0015281049678,-11.5509306398262,0.218));
#9040=CARTESIAN_POINT('',(-32.67208486297,-11.6203656045035,0.218));
#9041=CARTESIAN_POINT('Ctrl Pts',(-52.4937914247772,18.9013057340952,7.26990542546867));
#9042=CARTESIAN_POINT('Ctrl Pts',(-52.4937914247772,18.9013057340952,12.3899230093741));
#9043=CARTESIAN_POINT('Ctrl Pts',(-52.5591152547401,18.8275924993223,7.26990542546867));
#9044=CARTESIAN_POINT('Ctrl Pts',(-52.5591152547401,18.8275924993223,12.3899230093741));
#9045=CARTESIAN_POINT('Ctrl Pts',(-52.624439084703,18.7538792645493,7.26990542546867));
#9046=CARTESIAN_POINT('Ctrl Pts',(-52.624439084703,18.7538792645493,12.3899230093741));
#9047=CARTESIAN_POINT('Ctrl Pts',(-52.6897629146658,18.6801660297764,7.26990542546867));
#9048=CARTESIAN_POINT('Ctrl Pts',(-52.6897629146658,18.6801660297764,12.3899230093741));
#9049=CARTESIAN_POINT('Ctrl Pts',(-52.7069246367609,18.6608002630934,7.26990542546867));
#9050=CARTESIAN_POINT('Ctrl Pts',(-52.7069246367609,18.6608002630934,12.3899230093741));
#9051=CARTESIAN_POINT('Ctrl Pts',(-52.7240863588559,18.6414344964104,7.26990542546867));
#9052=CARTESIAN_POINT('Ctrl Pts',(-52.7240863588559,18.6414344964104,12.3899230093741));
#9053=CARTESIAN_POINT('Ctrl Pts',(-52.7412480809509,18.6220687297275,7.26990542546867));
#9054=CARTESIAN_POINT('Ctrl Pts',(-52.7412480809509,18.6220687297275,12.3899230093741));
#9055=CARTESIAN_POINT('Ctrl Pts',(-53.6353859959754,17.6130985256371,7.26990542546867));
#9056=CARTESIAN_POINT('Ctrl Pts',(-53.6353859959754,17.6130985256371,12.3899230093741));
#9057=CARTESIAN_POINT('Ctrl Pts',(-54.3939923699346,16.4917309250352,7.26990542546867));
#9058=CARTESIAN_POINT('Ctrl Pts',(-54.3939923699346,16.4917309250352,12.3899230093741));
#9059=CARTESIAN_POINT('Ctrl Pts',(-54.997859068636,15.2863975571108,7.26990542546867));
#9060=CARTESIAN_POINT('Ctrl Pts',(-54.997859068636,15.2863975571108,12.3899230093741));
#9061=CARTESIAN_POINT('Ctrl Pts',(-55.5643621041617,14.1556430160537,7.26990542546867));
#9062=CARTESIAN_POINT('Ctrl Pts',(-55.5643621041617,14.1556430160537,12.3899230093741));
#9063=CARTESIAN_POINT('Ctrl Pts',(-55.9902749640027,12.9597689242088,7.26990542546867));
#9064=CARTESIAN_POINT('Ctrl Pts',(-55.9902749640027,12.9597689242088,12.3899230093741));
#9065=CARTESIAN_POINT('Ctrl Pts',(-56.2660538476456,11.7255791864088,7.26990542546867));
#9066=CARTESIAN_POINT('Ctrl Pts',(-56.2660538476456,11.7255791864088,12.3899230093741));
#9067=CARTESIAN_POINT('Ctrl Pts',(-56.2716961415846,11.7003282999551,7.26990542546867));
#9068=CARTESIAN_POINT('Ctrl Pts',(-56.2716961415846,11.7003282999551,12.3899230093741));
#9069=CARTESIAN_POINT('Ctrl Pts',(-56.2773384355236,11.6750774135015,7.26990542546867));
#9070=CARTESIAN_POINT('Ctrl Pts',(-56.2773384355236,11.6750774135015,12.3899230093741));
#9071=CARTESIAN_POINT('Ctrl Pts',(-56.2829807294626,11.6498265270479,7.26990542546867));
#9072=CARTESIAN_POINT('Ctrl Pts',(-56.2829807294626,11.6498265270479,12.3899230093741));
#9073=CARTESIAN_POINT('',(-56.2660550929653,11.7255820712701,10.8143603540343));
#9074=CARTESIAN_POINT('',(-56.2660532928471,11.7255816692905,-1.004));
#9075=CARTESIAN_POINT('',(-52.8377324605452,18.5121521151567,10.7756274770937));
#9076=CARTESIAN_POINT('',(-52.8377324605452,18.5121521151566,10.7756274770937));
#9077=CARTESIAN_POINT('Ctrl Pts',(-52.837732460307,18.5121521149495,10.7756274771149));
#9078=CARTESIAN_POINT('Ctrl Pts',(-53.2764932547143,18.007523621593,10.7754863516477));
#9079=CARTESIAN_POINT('Ctrl Pts',(-53.6814545194362,17.4757833543412,10.7760937066444));
#9080=CARTESIAN_POINT('Ctrl Pts',(-54.0504051658941,16.9204775734482,10.7776893881806));
#9081=CARTESIAN_POINT('Ctrl Pts',(-54.398990482827,16.3958235486198,10.7791969913231));
#9082=CARTESIAN_POINT('Ctrl Pts',(-54.7154299460154,15.8501333059114,10.781594783418));
#9083=CARTESIAN_POINT('Ctrl Pts',(-54.997859068636,15.2863975571108,10.7849326639613));
#9084=CARTESIAN_POINT('Ctrl Pts',(-55.1438172622374,14.9950612713906,10.7866576657549));
#9085=CARTESIAN_POINT('Ctrl Pts',(-55.2806916489253,14.6989055931993,10.7886305546279));
#9086=CARTESIAN_POINT('Ctrl Pts',(-55.4082243862733,14.3983422183619,10.7908288414554));
#9087=CARTESIAN_POINT('Ctrl Pts',(-55.4333810362313,14.3390541659904,10.7912624676237));
#9088=CARTESIAN_POINT('Ctrl Pts',(-55.4578653552149,14.2803223205203,10.7916994571463));
#9089=CARTESIAN_POINT('Ctrl Pts',(-55.4816917235549,14.2221878995124,10.7921386977149));
#9090=CARTESIAN_POINT('Ctrl Pts',(-55.5492021175506,14.057467971954,10.7933832559886));
#9091=CARTESIAN_POINT('Ctrl Pts',(-55.6114672689505,13.8974441532231,10.794639429648));
#9092=CARTESIAN_POINT('Ctrl Pts',(-55.6688048492442,13.7431373549382,10.7958888436765));
#9093=CARTESIAN_POINT('Ctrl Pts',(-55.7310167235243,13.5757128649911,10.7972444709643));
#9094=CARTESIAN_POINT('Ctrl Pts',(-55.7874285900557,13.4150195686082,10.7985921404922));
#9095=CARTESIAN_POINT('Ctrl Pts',(-55.8385099221546,13.2623391177263,10.7999083813725));
#9096=CARTESIAN_POINT('Ctrl Pts',(-55.8940869600624,13.0962211474661,10.801340465586));
#9097=CARTESIAN_POINT('Ctrl Pts',(-55.9433564398337,12.9395897202434,10.802735345592));
#9098=CARTESIAN_POINT('Ctrl Pts',(-55.9869679073085,12.7940532536059,10.8040627920229));
#9099=CARTESIAN_POINT('Ctrl Pts',(-56.0261655954813,12.6632460745004,10.8052558917804));
#9100=CARTESIAN_POINT('Ctrl Pts',(-56.0607952882825,12.5414013976258,10.806394516732));
#9101=CARTESIAN_POINT('Ctrl Pts',(-56.0913235139188,12.4296507452171,10.807456718202));
#9102=CARTESIAN_POINT('Ctrl Pts',(-56.118339470367,12.3307569937589,10.8083967135033));
#9103=CARTESIAN_POINT('Ctrl Pts',(-56.1421445477427,12.2397678479987,10.8092768587724));
#9104=CARTESIAN_POINT('Ctrl Pts',(-56.1630343568197,12.1574425176116,10.8100819427675));
#9105=CARTESIAN_POINT('Ctrl Pts',(-56.1825350784434,12.0805914873056,10.810833491947));
#9106=CARTESIAN_POINT('Ctrl Pts',(-56.1994961132576,12.011290215254,10.8115196304929));
#9107=CARTESIAN_POINT('Ctrl Pts',(-56.2141195484838,11.9501364975841,10.8121279843142));
#9108=CARTESIAN_POINT('Ctrl Pts',(-56.227620702065,11.8936760475228,10.8126896497673));
#9109=CARTESIAN_POINT('Ctrl Pts',(-56.2391296068006,11.8441604196333,10.8131850115969));
#9110=CARTESIAN_POINT('Ctrl Pts',(-56.2487644038767,11.8020446595545,10.8136043316248));
#9111=CARTESIAN_POINT('Ctrl Pts',(-56.2554120892189,11.7729862041721,10.8138936483152));
#9112=CARTESIAN_POINT('Ctrl Pts',(-56.2611667854028,11.7474501771529,10.8141467650396));
#9113=CARTESIAN_POINT('Ctrl Pts',(-56.2660532926329,11.7255816702489,10.8143604831872));
#9114=CARTESIAN_POINT('Origin',(-41.2101045506703,8.54674176895101,-1.004));
#9115=CARTESIAN_POINT('Ctrl Pts',(-64.1046220423625,4.9418078640357,10.5919624087323));
#9116=CARTESIAN_POINT('Ctrl Pts',(-64.4199399959629,3.56002390155787,10.5731685363465));
#9117=CARTESIAN_POINT('Ctrl Pts',(-64.7352579495633,2.17823993908004,10.5543746639607));
#9118=CARTESIAN_POINT('Ctrl Pts',(-65.0505759031638,0.796455976602253,10.5355807915749));
#9119=CARTESIAN_POINT('Ctrl Pts',(-65.7280954159646,-2.17256493186252,10.4951986467682));
#9120=CARTESIAN_POINT('Ctrl Pts',(-66.6618368152031,-6.18194524775991,10.4394579757451));
#9121=CARTESIAN_POINT('Ctrl Pts',(-67.87936520868,-11.2969437290944,10.4497824698635));
#9122=CARTESIAN_POINT('Ctrl Pts',(-68.5160380183958,-14.4359347715875,10.4751289066142));
#9123=CARTESIAN_POINT('Ctrl Pts',(-68.952750945836,-16.5900646926266,10.4430627007088));
#9124=CARTESIAN_POINT('Ctrl Pts',(-68.9123833706236,-17.731034334229,10.3912062719883));
#9125=CARTESIAN_POINT('Ctrl Pts',(-68.9065800976283,-17.8309640845387,10.3861550261374));
#9126=CARTESIAN_POINT('Ctrl Pts',(-68.5670128813441,-23.6781587906658,10.0905912134862));
#9127=CARTESIAN_POINT('Ctrl Pts',(-68.2274456650599,-29.5253534967929,9.79502740083505));
#9128=CARTESIAN_POINT('Ctrl Pts',(-67.8878784487757,-35.37254820292,9.49946358818385));
#9129=CARTESIAN_POINT('Ctrl Pts',(-60.2915037634374,7.06988068931213,10.7463599127014));
#9130=CARTESIAN_POINT('Ctrl Pts',(-60.727043306588,6.16092040262747,10.7194518720909));
#9131=CARTESIAN_POINT('Ctrl Pts',(-61.1625828497386,5.25196011594281,10.6925438314804));
#9132=CARTESIAN_POINT('Ctrl Pts',(-61.5981223928892,4.34299982925817,10.66563579087));
#9133=CARTESIAN_POINT('Ctrl Pts',(-62.5339604436931,2.38992889384832,10.6078188402121));
#9134=CARTESIAN_POINT('Ctrl Pts',(-63.805399165082,-0.248545159536606,10.5227281282667));
#9135=CARTESIAN_POINT('Ctrl Pts',(-65.42925768573,-3.61779876223625,10.4553966155257));
#9136=CARTESIAN_POINT('Ctrl Pts',(-66.3502462859039,-5.68495872485164,10.4224915048461));
#9137=CARTESIAN_POINT('Ctrl Pts',(-66.9901796297207,-7.10104386502107,10.3638411627525));
#9138=CARTESIAN_POINT('Ctrl Pts',(-67.1490522438558,-7.848952237146,10.3097062956022));
#9139=CARTESIAN_POINT('Ctrl Pts',(-67.1614809045655,-7.91443416578911,10.3046274600316));
#9140=CARTESIAN_POINT('Ctrl Pts',(-67.8887197786863,-11.7459816811435,10.007449288669));
#9141=CARTESIAN_POINT('Ctrl Pts',(-68.6159586528071,-15.5775291964979,9.71027111730637));
#9142=CARTESIAN_POINT('Ctrl Pts',(-69.3431975269279,-19.4090767118523,9.41309294594373));
#9143=CARTESIAN_POINT('Ctrl Pts',(-56.4783854845123,9.19795351458857,10.9007574166706));
#9144=CARTESIAN_POINT('Ctrl Pts',(-57.034146617213,8.76181690369707,10.8657352078354));
#9145=CARTESIAN_POINT('Ctrl Pts',(-57.5899077499138,8.32568029280557,10.8307129990002));
#9146=CARTESIAN_POINT('Ctrl Pts',(-58.1456688826146,7.88954368191408,10.795690790165));
#9147=CARTESIAN_POINT('Ctrl Pts',(-59.3398254714215,6.95242271955916,10.7204390336561));
#9148=CARTESIAN_POINT('Ctrl Pts',(-60.948961514961,5.6848549286867,10.6059982807884));
#9149=CARTESIAN_POINT('Ctrl Pts',(-62.97915016278,4.06134620462188,10.4610107611878));
#9150=CARTESIAN_POINT('Ctrl Pts',(-64.1844545534119,3.06601732188418,10.3698541030781));
#9151=CARTESIAN_POINT('Ctrl Pts',(-65.0276083136053,2.38797696258446,10.2846196247963));
#9152=CARTESIAN_POINT('Ctrl Pts',(-65.3857211170879,2.033129859937,10.2282063192161));
#9153=CARTESIAN_POINT('Ctrl Pts',(-65.4163817115028,2.00209575296045,10.2230998939258));
#9154=CARTESIAN_POINT('Ctrl Pts',(-67.2104266760285,0.186195428378759,9.92430736385174));
#9155=CARTESIAN_POINT('Ctrl Pts',(-69.0044716405543,-1.62970489620291,9.62551483377768));
#9156=CARTESIAN_POINT('Ctrl Pts',(-70.79851660508,-3.44560522078462,9.32672230370361));
#9157=CARTESIAN_POINT('Ctrl Pts',(-52.6652672055872,11.326026339865,11.0551549206397));
#9158=CARTESIAN_POINT('Ctrl Pts',(-53.3412499278381,11.3627134047667,11.0120185435798));
#9159=CARTESIAN_POINT('Ctrl Pts',(-54.0172326500891,11.3994004696683,10.9688821665199));
#9160=CARTESIAN_POINT('Ctrl Pts',(-54.69321537234,11.43608753457,10.92574578946));
#9161=CARTESIAN_POINT('Ctrl Pts',(-56.14569049915,11.51491654527,10.8330592271));
#9162=CARTESIAN_POINT('Ctrl Pts',(-58.09252386484,11.61825501691,10.68926843331));
#9163=CARTESIAN_POINT('Ctrl Pts',(-60.52904263983,11.74049117148,10.46662490685));
#9164=CARTESIAN_POINT('Ctrl Pts',(-62.01866282092,11.81699336862,10.31721670131));
#9165=CARTESIAN_POINT('Ctrl Pts',(-63.06503699749,11.87699779019,10.20539808684));
#9166=CARTESIAN_POINT('Ctrl Pts',(-63.62238999032,11.91521195702,10.14670634283));
#9167=CARTESIAN_POINT('Ctrl Pts',(-63.67128251844,11.91862567171,10.14157232782));
#9168=CARTESIAN_POINT('Ctrl Pts',(-66.5321335733707,12.118372537901,9.8411654390345));
#9169=CARTESIAN_POINT('Ctrl Pts',(-69.3929846283014,12.3181194040921,9.540758550249));
#9170=CARTESIAN_POINT('Ctrl Pts',(-72.2538356832322,12.5178662702831,9.2403516614635));
#9171=CARTESIAN_POINT('Ctrl Pts',(-52.0207718009005,11.6857144104684,11.0812512739454));
#9172=CARTESIAN_POINT('Ctrl Pts',(-52.7170744441037,11.8023184000456,11.0367434355902));
#9173=CARTESIAN_POINT('Ctrl Pts',(-53.4133770873068,11.9189223896228,10.9922355972351));
#9174=CARTESIAN_POINT('Ctrl Pts',(-54.10967973051,12.0355263792,10.94772775888));
#9175=CARTESIAN_POINT('Ctrl Pts',(-55.60581600248,12.28607182803,10.85209435579));
#9176=CARTESIAN_POINT('Ctrl Pts',(-57.60972716025,12.62112165028,10.70334280151));
#9177=CARTESIAN_POINT('Ctrl Pts',(-60.11492408278,13.03842459002,10.46757381292));
#9178=CARTESIAN_POINT('Ctrl Pts',(-61.65259947932,13.29608828152,10.30831989794));
#9179=CARTESIAN_POINT('Ctrl Pts',(-62.73332208542,13.48083744871,10.19200801776));
#9180=CARTESIAN_POINT('Ctrl Pts',(-63.32435076756,13.58548705326,10.1329311708));
#9181=CARTESIAN_POINT('Ctrl Pts',(-63.37632486741,13.59472315822,10.12779249256));
#9182=CARTESIAN_POINT('Ctrl Pts',(-66.4174880901425,14.1351558507864,9.8271127439535));
#9183=CARTESIAN_POINT('Ctrl Pts',(-69.4586513128751,14.6755885433528,9.526432995347));
#9184=CARTESIAN_POINT('Ctrl Pts',(-72.4998145356076,15.2160212359191,9.2257532467405));
#9185=CARTESIAN_POINT('Ctrl Pts',(-50.809064625109,12.3689574923958,11.1217272522075));
#9186=CARTESIAN_POINT('Ctrl Pts',(-51.521780098516,12.6384354518839,11.075248020765));
#9187=CARTESIAN_POINT('Ctrl Pts',(-52.234495571923,12.9079134113719,11.0287687893225));
#9188=CARTESIAN_POINT('Ctrl Pts',(-52.94721104533,13.17739137086,10.98228955788));
#9189=CARTESIAN_POINT('Ctrl Pts',(-54.47861334829,13.75641509513,10.88242024856));
#9190=CARTESIAN_POINT('Ctrl Pts',(-56.52885154678,14.53342583658,10.72816837569));
#9191=CARTESIAN_POINT('Ctrl Pts',(-59.08707514429,15.50869809142,10.48212750114));
#9192=CARTESIAN_POINT('Ctrl Pts',(-60.65905113964,16.1089686006,10.3148151414));
#9193=CARTESIAN_POINT('Ctrl Pts',(-61.76307951787,16.53038035546,10.19461990758));
#9194=CARTESIAN_POINT('Ctrl Pts',(-62.37669745856,16.7646113805,10.13506334442));
#9195=CARTESIAN_POINT('Ctrl Pts',(-62.43073954178,16.78523819456,10.12991331995));
#9196=CARTESIAN_POINT('Ctrl Pts',(-65.5929067835968,17.9921760444212,9.82856966879385));
#9197=CARTESIAN_POINT('Ctrl Pts',(-68.7550740254136,19.1991138942825,9.5272260176377));
#9198=CARTESIAN_POINT('Ctrl Pts',(-71.9172412672303,20.4060517441437,9.22588236648155));
#9199=CARTESIAN_POINT('Ctrl Pts',(-49.0610939888566,13.3904187925618,11.1594611579817));
#9200=CARTESIAN_POINT('Ctrl Pts',(-49.7332485390377,13.8654501824845,11.1115060277178));
#9201=CARTESIAN_POINT('Ctrl Pts',(-50.4054030892188,14.3404815724073,11.0635508974539));
#9202=CARTESIAN_POINT('Ctrl Pts',(-51.0775576394,14.81551296233,11.01559576719));
#9203=CARTESIAN_POINT('Ctrl Pts',(-52.52180722356,15.83620662151,10.91255521361));
#9204=CARTESIAN_POINT('Ctrl Pts',(-54.45617484799,17.20765271679,10.75787051935));
#9205=CARTESIAN_POINT('Ctrl Pts',(-56.86739398566,18.92788393629,10.52236223793));
#9206=CARTESIAN_POINT('Ctrl Pts',(-58.34189388739,19.97956796784,10.36154030123));
#9207=CARTESIAN_POINT('Ctrl Pts',(-59.37470461052,20.71249879876,10.24244303989));
#9208=CARTESIAN_POINT('Ctrl Pts',(-59.93997877484,21.109937669,10.18121053129));
#9209=CARTESIAN_POINT('Ctrl Pts',(-59.98969728747,21.14485860392,10.17588547056));
#9210=CARTESIAN_POINT('Ctrl Pts',(-62.8988792172337,23.1881890952352,9.86429991356849));
#9211=CARTESIAN_POINT('Ctrl Pts',(-65.8080611469974,25.2315195865504,9.55271435657697));
#9212=CARTESIAN_POINT('Ctrl Pts',(-68.7172430767611,27.2748500778656,9.24112879958545));
#9213=CARTESIAN_POINT('Ctrl Pts',(-47.3643239086709,14.4238142071945,11.1804655371513));
#9214=CARTESIAN_POINT('Ctrl Pts',(-47.948545481054,15.059383204483,11.1321371734576));
#9215=CARTESIAN_POINT('Ctrl Pts',(-48.532767053437,15.6949522017715,11.0838088097638));
#9216=CARTESIAN_POINT('Ctrl Pts',(-49.11698862582,16.33052119906,11.03548044607));
#9217=CARTESIAN_POINT('Ctrl Pts',(-50.37229778462,17.69615989003,10.93163793076));
#9218=CARTESIAN_POINT('Ctrl Pts',(-52.05497766077,19.53168739332,10.78054271667));
#9219=CARTESIAN_POINT('Ctrl Pts',(-54.15272096348,21.83144975394,10.5653408203));
#9220=CARTESIAN_POINT('Ctrl Pts',(-55.42802233702,23.22891288327,10.41762391775));
#9221=CARTESIAN_POINT('Ctrl Pts',(-56.31865379432,24.1995635488,10.30202050029));
#9222=CARTESIAN_POINT('Ctrl Pts',(-56.79348631374,24.71270102254,10.23835553964));
#9223=CARTESIAN_POINT('Ctrl Pts',(-56.8351502056,24.75768248493,10.23276520468));
#9224=CARTESIAN_POINT('Ctrl Pts',(-59.2730316889967,27.389685146256,9.90565764279482));
#9225=CARTESIAN_POINT('Ctrl Pts',(-61.7109131723935,30.0216878075821,9.57855008090964));
#9226=CARTESIAN_POINT('Ctrl Pts',(-64.1487946557902,32.6536904689082,9.25144251902445));
#9227=CARTESIAN_POINT('Ctrl Pts',(-44.9301940867627,15.9717509184678,11.1875433967148));
#9228=CARTESIAN_POINT('Ctrl Pts',(-45.3447483857418,16.7593923028119,11.1400937411432));
#9229=CARTESIAN_POINT('Ctrl Pts',(-45.7593026847209,17.5470336871559,11.0926440855716));
#9230=CARTESIAN_POINT('Ctrl Pts',(-46.1738569837,18.3346750715,11.04519443));
#9231=CARTESIAN_POINT('Ctrl Pts',(-47.06460431815,20.02706968744,10.9432399832));
#9232=CARTESIAN_POINT('Ctrl Pts',(-48.26236685724,22.30038688434,10.79932287179));
#9233=CARTESIAN_POINT('Ctrl Pts',(-49.76185871497,25.14209519678,10.60838736045));
#9234=CARTESIAN_POINT('Ctrl Pts',(-50.66748299799,26.85885482097,10.47590661172));
#9235=CARTESIAN_POINT('Ctrl Pts',(-51.29637996201,28.04978490055,10.36445054133));
#9236=CARTESIAN_POINT('Ctrl Pts',(-51.61910619016,28.66341973368,10.29788364361));
#9237=CARTESIAN_POINT('Ctrl Pts',(-51.64731933125,28.71708246306,10.29198275845));
#9238=CARTESIAN_POINT('Ctrl Pts',(-53.2981563313779,31.8570525537965,9.94670395647065));
#9239=CARTESIAN_POINT('Ctrl Pts',(-54.9489933315059,34.9970226445329,9.6014251544913));
#9240=CARTESIAN_POINT('Ctrl Pts',(-56.5998303316338,38.1369927352694,9.25614635251195));
#9241=CARTESIAN_POINT('Ctrl Pts',(-42.2465266904344,17.7803925475417,11.1573594915458));
#9242=CARTESIAN_POINT('Ctrl Pts',(-42.4568401430229,18.5897088095311,11.1129392019639));
#9243=CARTESIAN_POINT('Ctrl Pts',(-42.6671535956115,19.3990250715206,11.0685189123819));
#9244=CARTESIAN_POINT('Ctrl Pts',(-42.8774670482,20.20834133351,11.0240986228));
#9245=CARTESIAN_POINT('Ctrl Pts',(-43.3293647797,21.94730847212,10.9286533346));
#9246=CARTESIAN_POINT('Ctrl Pts',(-43.938799617,24.27977156898,10.78980710188));
#9247=CARTESIAN_POINT('Ctrl Pts',(-44.71033065457,27.19004468832,10.58655874343));
#9248=CARTESIAN_POINT('Ctrl Pts',(-45.17918977381,28.95281086558,10.44480255061));
#9249=CARTESIAN_POINT('Ctrl Pts',(-45.50427946682,30.17989586216,10.32959650312));
#9250=CARTESIAN_POINT('Ctrl Pts',(-45.6726576629,30.81990738513,10.26404339566));
#9251=CARTESIAN_POINT('Ctrl Pts',(-45.68738741734,30.87594335451,10.25826105938));
#9252=CARTESIAN_POINT('Ctrl Pts',(-46.5492703092439,34.154778961485,9.91991891421595));
#9253=CARTESIAN_POINT('Ctrl Pts',(-47.4111532011477,37.4336145684601,9.58157676905189));
#9254=CARTESIAN_POINT('Ctrl Pts',(-48.2730360930516,40.7124501754351,9.24323462388783));
#9255=CARTESIAN_POINT('Ctrl Pts',(-39.3952940019188,19.7739486012445,11.0699345382112));
#9256=CARTESIAN_POINT('Ctrl Pts',(-39.3883670070392,20.4840773830463,11.0281875811275));
#9257=CARTESIAN_POINT('Ctrl Pts',(-39.3814400121596,21.1942061648482,10.9864406240437));
#9258=CARTESIAN_POINT('Ctrl Pts',(-39.37451301728,21.90433494665,10.94469366696));
#9259=CARTESIAN_POINT('Ctrl Pts',(-39.35962907508,23.4301792596,10.85499253291));
#9260=CARTESIAN_POINT('Ctrl Pts',(-39.34045092298,25.47322240141,10.72111877032));
#9261=CARTESIAN_POINT('Ctrl Pts',(-39.32436886516,28.02147456137,10.51157409755));
#9262=CARTESIAN_POINT('Ctrl Pts',(-39.31489974511,29.57393074698,10.36726633975));
#9263=CARTESIAN_POINT('Ctrl Pts',(-39.30729205268,30.65941613267,10.25576248544));
#9264=CARTESIAN_POINT('Ctrl Pts',(-39.30167228728,31.23677903621,10.19548796633));
#9265=CARTESIAN_POINT('Ctrl Pts',(-39.30116439873,31.28742261273,10.19020167241));
#9266=CARTESIAN_POINT('Ctrl Pts',(-39.2714462894417,34.2507328542698,9.88088447979936));
#9267=CARTESIAN_POINT('Ctrl Pts',(-39.2417281801534,37.2140430958095,9.57156728718871));
#9268=CARTESIAN_POINT('Ctrl Pts',(-39.2120100708651,40.1773533373493,9.26225009457807));
#9269=CARTESIAN_POINT('Ctrl Pts',(-37.9550044104886,20.8065918283323,11.0027499313172));
#9270=CARTESIAN_POINT('Ctrl Pts',(-37.8384341862891,21.4237901523782,10.9624550981981));
#9271=CARTESIAN_POINT('Ctrl Pts',(-37.7218639620895,22.0409884764241,10.9221602650791));
#9272=CARTESIAN_POINT('Ctrl Pts',(-37.60529373789,22.65818680047,10.88186543196));
#9273=CARTESIAN_POINT('Ctrl Pts',(-37.35482084028,23.98435266903,10.79528445745));
#9274=CARTESIAN_POINT('Ctrl Pts',(-37.01879313043,25.75874354623,10.66527616183));
#9275=CARTESIAN_POINT('Ctrl Pts',(-36.60155844717,27.97322898942,10.46237206813));
#9276=CARTESIAN_POINT('Ctrl Pts',(-36.34649917658,29.32531166168,10.32443758776));
#9277=CARTESIAN_POINT('Ctrl Pts',(-36.1680946733,30.27209354566,10.21950162883));
#9278=CARTESIAN_POINT('Ctrl Pts',(-36.0730045987,30.77625344053,10.16308759516));
#9279=CARTESIAN_POINT('Ctrl Pts',(-36.06466275243,30.82048021808,10.15814102157));
#9280=CARTESIAN_POINT('Ctrl Pts',(-35.5765558653605,33.4083239658937,9.86870190239581));
#9281=CARTESIAN_POINT('Ctrl Pts',(-35.088448978291,35.9961677137074,9.57926278322162));
#9282=CARTESIAN_POINT('Ctrl Pts',(-34.6003420912215,38.5840114615211,9.28982366404744));
#9283=CARTESIAN_POINT('Ctrl Pts',(-37.2200563784711,21.3413310600702,10.9609713003679));
#9284=CARTESIAN_POINT('Ctrl Pts',(-37.0476144288674,21.8992180812268,10.9215142983052));
#9285=CARTESIAN_POINT('Ctrl Pts',(-36.8751724792637,22.4571051023834,10.8820572962426));
#9286=CARTESIAN_POINT('Ctrl Pts',(-36.70273052966,23.01499212354,10.84260029418));
#9287=CARTESIAN_POINT('Ctrl Pts',(-36.33220679529,24.21371658073,10.75781955617));
#9288=CARTESIAN_POINT('Ctrl Pts',(-35.83455555501,25.81803952352,10.63048384768));
#9289=CARTESIAN_POINT('Ctrl Pts',(-35.20956930203,27.82062610737,10.43569763487));
#9290=CARTESIAN_POINT('Ctrl Pts',(-34.8277535271,29.04236769066,10.30473040667));
#9291=CARTESIAN_POINT('Ctrl Pts',(-34.56185619518,29.89750839973,10.20521792083));
#9292=CARTESIAN_POINT('Ctrl Pts',(-34.4235630331,30.34839364935,10.15136660757));
#9293=CARTESIAN_POINT('Ctrl Pts',(-34.41146153482,30.38791070166,10.14663869777));
#9294=CARTESIAN_POINT('Ctrl Pts',(-33.7033659330621,32.7001740501902,9.86999426437614));
#9295=CARTESIAN_POINT('Ctrl Pts',(-32.9952703313042,35.0124373987203,9.59334983098227));
#9296=CARTESIAN_POINT('Ctrl Pts',(-32.2871747295463,37.3247007472505,9.31670539758841));
#9297=CARTESIAN_POINT('Ctrl Pts',(-35.6260926884641,22.5010796162678,10.8703613281652));
#9298=CARTESIAN_POINT('Ctrl Pts',(-35.332475502364,22.9303316059745,10.8327214236716));
#9299=CARTESIAN_POINT('Ctrl Pts',(-35.0388583162638,23.3595835956813,10.7950815191781));
#9300=CARTESIAN_POINT('Ctrl Pts',(-34.7452411301637,23.7888355853881,10.7574416146845));
#9301=CARTESIAN_POINT('Ctrl Pts',(-34.1143497692213,24.7111636533403,10.6765652501668));
#9302=CARTESIAN_POINT('Ctrl Pts',(-33.266167569291,25.9466413166349,10.5550258791837));
#9303=CARTESIAN_POINT('Ctrl Pts',(-32.1906073379488,27.4896592330042,10.37784581921));
#9304=CARTESIAN_POINT('Ctrl Pts',(-31.533880607974,28.4287155731433,10.2619892471303));
#9305=CARTESIAN_POINT('Ctrl Pts',(-31.078227829529,29.0851038548952,10.1742392517013));
#9306=CARTESIAN_POINT('Ctrl Pts',(-30.8462353176456,29.4204464451336,10.1259459957504));
#9307=CARTESIAN_POINT('Ctrl Pts',(-30.8259798431252,29.4497489915256,10.1216923264768));
#9308=CARTESIAN_POINT('Ctrl Pts',(-29.640770203165,31.1643304210638,9.87279715380674));
#9309=CARTESIAN_POINT('Ctrl Pts',(-28.4555605632049,32.8789118506019,9.62390198113666));
#9310=CARTESIAN_POINT('Ctrl Pts',(-27.2703509232448,34.59349328014,9.37500680846658));
#9311=CARTESIAN_POINT('Ctrl Pts',(-34.0321289984572,23.6608281724653,10.7797513559626));
#9312=CARTESIAN_POINT('Ctrl Pts',(-33.6173365758606,23.9614451307222,10.743928549038));
#9313=CARTESIAN_POINT('Ctrl Pts',(-33.2025441532639,24.2620620889792,10.7081057421135));
#9314=CARTESIAN_POINT('Ctrl Pts',(-32.7877517306673,24.5626790472361,10.6722829351889));
#9315=CARTESIAN_POINT('Ctrl Pts',(-31.8964927431526,25.2086107259506,10.5953109441635));
#9316=CARTESIAN_POINT('Ctrl Pts',(-30.697779583572,26.0752431097499,10.4795679106873));
#9317=CARTESIAN_POINT('Ctrl Pts',(-29.1716453738675,27.1586923586384,10.31999400355));
#9318=CARTESIAN_POINT('Ctrl Pts',(-28.240007688848,27.8150634556265,10.2192480875906));
#9319=CARTESIAN_POINT('Ctrl Pts',(-27.5945994638779,28.2726993100603,10.1432605825726));
#9320=CARTESIAN_POINT('Ctrl Pts',(-27.2689076021911,28.4924992409173,10.1005253839308));
#9321=CARTESIAN_POINT('Ctrl Pts',(-27.2404981514303,28.5115872813913,10.0967459551836));
#9322=CARTESIAN_POINT('Ctrl Pts',(-25.5781744732679,29.6284867919374,9.87560004323734));
#9323=CARTESIAN_POINT('Ctrl Pts',(-23.9158507951056,30.7453863024835,9.65445413129105));
#9324=CARTESIAN_POINT('Ctrl Pts',(-22.2535271169432,31.8622858130296,9.43330821934475));
#9325=CARTESIAN_POINT('Ctrl Pts',(-32.4381653084502,24.8205767286628,10.68914138376));
#9326=CARTESIAN_POINT('Ctrl Pts',(-31.9021976493571,24.99255865547,10.6551356744044));
#9327=CARTESIAN_POINT('Ctrl Pts',(-31.366229990264,25.1645405822771,10.6211299650489));
#9328=CARTESIAN_POINT('Ctrl Pts',(-30.830262331171,25.3365225090842,10.5871242556934));
#9329=CARTESIAN_POINT('Ctrl Pts',(-29.6786357170838,25.7060577985608,10.5140566381603));
#9330=CARTESIAN_POINT('Ctrl Pts',(-28.129391597853,26.2038449028648,10.404109942191));
#9331=CARTESIAN_POINT('Ctrl Pts',(-26.1526834097862,26.8277254842726,10.26214218789));
#9332=CARTESIAN_POINT('Ctrl Pts',(-24.946134769722,27.2014113381097,10.1765069280509));
#9333=CARTESIAN_POINT('Ctrl Pts',(-24.1109710982269,27.4602947652255,10.1122819134439));
#9334=CARTESIAN_POINT('Ctrl Pts',(-23.6915798867367,27.5645520367009,10.0751047721112));
#9335=CARTESIAN_POINT('Ctrl Pts',(-23.6550164597355,27.5734255712569,10.0717995838905));
#9336=CARTESIAN_POINT('Ctrl Pts',(-21.5155787433709,28.092643162811,9.87840293266794));
#9337=CARTESIAN_POINT('Ctrl Pts',(-19.3761410270063,28.611860754365,9.68500628144544));
#9338=CARTESIAN_POINT('Ctrl Pts',(-17.2367033106417,29.1310783459191,9.49160963022292));
#9339=CARTESIAN_POINT('Ctrl Pts',(-56.2706597695065,11.7049169079796,10.8145622051721));
#9340=CARTESIAN_POINT('Ctrl Pts',(-56.2698949779811,11.7083616957008,10.8145285288739));
#9341=CARTESIAN_POINT('Ctrl Pts',(-56.2691290090443,11.7118062219699,10.8144948576477));
#9342=CARTESIAN_POINT('Ctrl Pts',(-56.267594613123,11.7186952150662,10.8144275211428));
#9343=CARTESIAN_POINT('Ctrl Pts',(-56.2662109419689,11.7248930758086,10.8143669472232));
#9344=CARTESIAN_POINT('Ctrl Pts',(-56.2660568967809,11.7255824729217,10.8143602098142));
#9345=CARTESIAN_POINT('',(-51.2045240698596,20.1304924374319,10.7785454059327));
#9346=CARTESIAN_POINT('Ctrl Pts',(-52.8377324605452,18.5121521151567,10.7756274770937));
#9347=CARTESIAN_POINT('Ctrl Pts',(-52.8861318937876,18.5636160661103,10.7709137009859));
#9348=CARTESIAN_POINT('Ctrl Pts',(-52.9297011663106,18.619446595501,10.7662346919342));
#9349=CARTESIAN_POINT('Ctrl Pts',(-53.0118108682309,18.7474092476512,10.7563867024079));
#9350=CARTESIAN_POINT('Ctrl Pts',(-53.0483626240623,18.8203563035741,10.7512791338554));
#9351=CARTESIAN_POINT('Ctrl Pts',(-53.1244902459684,19.0235666176637,10.7383380884952));
#9352=CARTESIAN_POINT('Ctrl Pts',(-53.1492484623999,19.1580462541474,10.7310596516681));
#9353=CARTESIAN_POINT('Ctrl Pts',(-53.1508118964888,19.446906097353,10.7180322967461));
#9354=CARTESIAN_POINT('Ctrl Pts',(-53.1210450416027,19.5987397156968,10.7127300284547));
#9355=CARTESIAN_POINT('Ctrl Pts',(-53.0248465938115,19.8308404250185,10.7071176396626));
#9356=CARTESIAN_POINT('Ctrl Pts',(-52.975905584082,19.916210332917,10.7057186194186));
#9357=CARTESIAN_POINT('Ctrl Pts',(-52.8753147511217,20.0490182890666,10.7047101835534));
#9358=CARTESIAN_POINT('Ctrl Pts',(-52.8290942727235,20.0998794143578,10.7046914883782));
#9359=CARTESIAN_POINT('Ctrl Pts',(-52.7307292117112,20.1903759073016,10.705415201604));
#9360=CARTESIAN_POINT('Ctrl Pts',(-52.6791898493865,20.2302874149859,10.7061172570691));
#9361=CARTESIAN_POINT('Ctrl Pts',(-52.5551774086914,20.3104974297182,10.7084763399216));
#9362=CARTESIAN_POINT('Ctrl Pts',(-52.4811738344171,20.3477572391255,10.7103328329573));
#9363=CARTESIAN_POINT('Ctrl Pts',(-52.2749657902558,20.4250934740648,10.7166098841268));
#9364=CARTESIAN_POINT('Ctrl Pts',(-52.1385091981749,20.4498846738678,10.7218612204576));
#9365=CARTESIAN_POINT('Ctrl Pts',(-51.850830566225,20.4501248015285,10.7350990213507));
#9366=CARTESIAN_POINT('Ctrl Pts',(-51.7021720217165,20.4208522514758,10.7431648518208));
#9367=CARTESIAN_POINT('Ctrl Pts',(-51.4301172954378,20.309197573628,10.7604372111098));
#9368=CARTESIAN_POINT('Ctrl Pts',(-51.3084080120661,20.2299960768148,10.7694316446757));
#9369=CARTESIAN_POINT('Ctrl Pts',(-51.2045240698595,20.1304924374319,10.7785454059327));
#9370=CARTESIAN_POINT('Ctrl Pts',(-36.8400996867136,23.2268688286923,10.831071724915));
#9371=CARTESIAN_POINT('Ctrl Pts',(-36.8865796308574,23.2403327066276,10.8309693977195));
#9372=CARTESIAN_POINT('Ctrl Pts',(-36.9415802781206,23.2560338430685,10.8308382823394));
#9373=CARTESIAN_POINT('Ctrl Pts',(-37.0046133891673,23.2735405101,10.8306775005439));
#9374=CARTESIAN_POINT('Ctrl Pts',(-37.0734130075657,23.2926487532312,10.8305020098217));
#9375=CARTESIAN_POINT('Ctrl Pts',(-37.1517825622567,23.3139073440468,10.8302911764058));
#9376=CARTESIAN_POINT('Ctrl Pts',(-37.2390955634764,23.336688793276,10.8300438583108));
#9377=CARTESIAN_POINT('Ctrl Pts',(-37.3393157039925,23.3628379349962,10.8297599801497));
#9378=CARTESIAN_POINT('Ctrl Pts',(-37.4513201184219,23.39099225188,10.8294280332515));
#9379=CARTESIAN_POINT('Ctrl Pts',(-37.5741571528715,23.4201333441545,10.8290462906304));
#9380=CARTESIAN_POINT('Ctrl Pts',(-37.7103758575758,23.4524490204575,10.8286229615781));
#9381=CARTESIAN_POINT('Ctrl Pts',(-37.8599181469591,23.4859745134391,10.8281383965155));
#9382=CARTESIAN_POINT('Ctrl Pts',(-38.0214521962985,23.5192814265226,10.8275902403332));
#9383=CARTESIAN_POINT('Ctrl Pts',(-38.1565854988328,23.5471447357173,10.827131673514));
#9384=CARTESIAN_POINT('Ctrl Pts',(-38.300110811759,23.5748530436853,10.8266286033049));
#9385=CARTESIAN_POINT('Ctrl Pts',(-38.4512165599851,23.6015831985352,10.826079650891));
#9386=CARTESIAN_POINT('Ctrl Pts',(-38.5752506756118,23.6235244625592,10.8256290470723));
#9387=CARTESIAN_POINT('Ctrl Pts',(-38.704391886798,23.6448065168748,10.8251475285836));
#9388=CARTESIAN_POINT('Ctrl Pts',(-38.838173055559,23.6649935699979,10.8246343328428));
#9389=CARTESIAN_POINT('Ctrl Pts',(-39.0387330002604,23.6952572782278,10.8238649681382));
#9390=CARTESIAN_POINT('Ctrl Pts',(-39.2397921287954,23.7215666628272,10.8230749769335));
#9391=CARTESIAN_POINT('Ctrl Pts',(-39.4412333490264,23.7439156162384,10.8222747143514));
#9392=CARTESIAN_POINT('Ctrl Pts',(-39.5805031464175,23.7593669434787,10.8217214392692));
#9393=CARTESIAN_POINT('Ctrl Pts',(-39.7199555796372,23.772925226969,10.8211631798697));
#9394=CARTESIAN_POINT('Ctrl Pts',(-39.8595519525633,23.7845884365027,10.8206024775499));
#9395=CARTESIAN_POINT('Ctrl Pts',(-40.4648819210358,23.8351634629975,10.8181711108929));
#9396=CARTESIAN_POINT('Ctrl Pts',(-41.0729179110681,23.8501046397029,10.8157092908574));
#9397=CARTESIAN_POINT('Ctrl Pts',(-41.6805061958073,23.8292464610459,10.8133014443003));
#9398=CARTESIAN_POINT('Ctrl Pts',(-41.7317136398903,23.8274885370633,10.8130985113751));
#9399=CARTESIAN_POINT('Ctrl Pts',(-41.7829178732548,23.8254763280391,10.8128959618284));
#9400=CARTESIAN_POINT('Ctrl Pts',(-41.8341169910071,23.8232097354792,10.8126938462023));
#9401=CARTESIAN_POINT('Ctrl Pts',(-42.1088916282526,23.8110454214096,10.8116091351702));
#9402=CARTESIAN_POINT('Ctrl Pts',(-42.3832125936249,23.7915678385014,10.8105355060873));
#9403=CARTESIAN_POINT('Ctrl Pts',(-42.6567893866861,23.7648104916745,10.8094715329792));
#9404=CARTESIAN_POINT('Ctrl Pts',(-43.0061427675946,23.7306417689788,10.8081128555917));
#9405=CARTESIAN_POINT('Ctrl Pts',(-43.3542826249837,23.6846019302304,10.8067702778006));
#9406=CARTESIAN_POINT('Ctrl Pts',(-43.7006040784224,23.626760899763,10.8054507490015));
#9407=CARTESIAN_POINT('Ctrl Pts',(-43.8039606750695,23.609498752136,10.8050569472197));
#9408=CARTESIAN_POINT('Ctrl Pts',(-43.9071553120511,23.5911855119578,10.80466513137));
#9409=CARTESIAN_POINT('Ctrl Pts',(-44.0101719090542,23.5718230230561,10.8042753373534));
#9410=CARTESIAN_POINT('Ctrl Pts',(-45.0078577984285,23.3843029289899,10.8005002952587));
#9411=CARTESIAN_POINT('Ctrl Pts',(-45.9839960729936,23.0992814186384,10.7969350911875));
#9412=CARTESIAN_POINT('Ctrl Pts',(-46.9246048187062,22.7212787049275,10.7935079702997));
#9413=CARTESIAN_POINT('Ctrl Pts',(-47.1846165890005,22.6167876982087,10.7925606138424));
#9414=CARTESIAN_POINT('Ctrl Pts',(-47.4419137369181,22.5051916492327,10.7916238087534));
#9415=CARTESIAN_POINT('Ctrl Pts',(-47.6962016190137,22.3865859040758,10.7906960393677));
#9416=CARTESIAN_POINT('Ctrl Pts',(-47.7132600583941,22.3786294537044,10.7906338016536));
#9417=CARTESIAN_POINT('Ctrl Pts',(-47.7303049506876,22.3706414606436,10.7905716120225));
#9418=CARTESIAN_POINT('Ctrl Pts',(-47.7473362109274,22.3626219516409,10.7905094710182));
#9419=CARTESIAN_POINT('Ctrl Pts',(-48.2997869910042,22.1024894692506,10.7884937748331));
#9420=CARTESIAN_POINT('Ctrl Pts',(-48.8357646143393,21.8101988979768,10.7865308427907));
#9421=CARTESIAN_POINT('Ctrl Pts',(-49.3525855466394,21.4874842578378,10.7846742066508));
#9422=CARTESIAN_POINT('Ctrl Pts',(-50.001910558072,21.0820310838243,10.7823415606464));
#9423=CARTESIAN_POINT('Ctrl Pts',(-50.6209967906732,20.6285536764687,10.7801805669509));
#9424=CARTESIAN_POINT('Ctrl Pts',(-51.2045240697952,20.1304924373565,10.778545405939));
#9425=CARTESIAN_POINT('Ctrl Pts',(-29.9059455250936,-2.33758432085225,7.32520359189117));
#9426=CARTESIAN_POINT('Ctrl Pts',(-29.9059455250936,-2.33758432085225,13.5730059166705));
#9427=CARTESIAN_POINT('Ctrl Pts',(-29.8367905091014,-2.25861009998491,7.32520359189117));
#9428=CARTESIAN_POINT('Ctrl Pts',(-29.8367905091014,-2.25861009998491,13.5730059166705));
#9429=CARTESIAN_POINT('Ctrl Pts',(-29.7676354931093,-2.17963587911757,7.32520359189117));
#9430=CARTESIAN_POINT('Ctrl Pts',(-29.7676354931093,-2.17963587911757,13.5730059166705));
#9431=CARTESIAN_POINT('Ctrl Pts',(-29.6984804771172,-2.10066165825023,7.32520359189117));
#9432=CARTESIAN_POINT('Ctrl Pts',(-29.6984804771172,-2.10066165825023,13.5730059166705));
#9433=CARTESIAN_POINT('Ctrl Pts',(-29.6306814418307,-2.02323595151755,7.32520359189117));
#9434=CARTESIAN_POINT('Ctrl Pts',(-29.6306814418307,-2.02323595151755,13.5730059166705));
#9435=CARTESIAN_POINT('Ctrl Pts',(-29.5628824065443,-1.94581024478487,7.32520359189117));
#9436=CARTESIAN_POINT('Ctrl Pts',(-29.5628824065443,-1.94581024478487,13.5730059166705));
#9437=CARTESIAN_POINT('Ctrl Pts',(-29.4950833712579,-1.86838453805218,7.32520359189117));
#9438=CARTESIAN_POINT('Ctrl Pts',(-29.4950833712579,-1.86838453805218,13.5730059166705));
#9439=CARTESIAN_POINT('Ctrl Pts',(-28.4589246977246,-0.685103430192542,
7.32520359189117));
#9440=CARTESIAN_POINT('Ctrl Pts',(-28.4589246977246,-0.685103430192542,
13.5730059166705));
#9441=CARTESIAN_POINT('Ctrl Pts',(-27.6098109366571,0.648549848650342,7.32520359189117));
#9442=CARTESIAN_POINT('Ctrl Pts',(-27.6098109366571,0.648549848650342,13.5730059166705));
#9443=CARTESIAN_POINT('Ctrl Pts',(-26.9759996838957,2.08611865541141,7.32520359189117));
#9444=CARTESIAN_POINT('Ctrl Pts',(-26.9759996838957,2.08611865541141,13.5730059166705));
#9445=CARTESIAN_POINT('Ctrl Pts',(-26.3346367614989,3.5408156602908,7.32520359189117));
#9446=CARTESIAN_POINT('Ctrl Pts',(-26.3346367614989,3.5408156602908,13.5730059166705));
#9447=CARTESIAN_POINT('Ctrl Pts',(-25.9205213385201,5.08653165146127,7.32520359189117));
#9448=CARTESIAN_POINT('Ctrl Pts',(-25.9205213385201,5.08653165146127,13.5730059166705));
#9449=CARTESIAN_POINT('Ctrl Pts',(-25.7488932917461,6.66884596204247,7.32520359189117));
#9450=CARTESIAN_POINT('Ctrl Pts',(-25.7488932917461,6.66884596204247,13.5730059166705));
#9451=CARTESIAN_POINT('Ctrl Pts',(-25.5626678979434,8.38573962334277,7.32520359189117));
#9452=CARTESIAN_POINT('Ctrl Pts',(-25.5626678979434,8.38573962334277,13.5730059166705));
#9453=CARTESIAN_POINT('Ctrl Pts',(-25.6644113110549,10.1221684872882,7.32520359189117));
#9454=CARTESIAN_POINT('Ctrl Pts',(-25.6644113110549,10.1221684872882,13.5730059166705));
#9455=CARTESIAN_POINT('Ctrl Pts',(-26.0507163287125,11.8068345610864,7.32520359189117));
#9456=CARTESIAN_POINT('Ctrl Pts',(-26.0507163287125,11.8068345610864,13.5730059166705));
#9457=CARTESIAN_POINT('Ctrl Pts',(-26.5113488015825,13.8156407221853,7.32520359189117));
#9458=CARTESIAN_POINT('Ctrl Pts',(-26.5113488015825,13.8156407221853,13.5730059166705));
#9459=CARTESIAN_POINT('Ctrl Pts',(-27.3680039824639,15.7128817282075,7.32520359189117));
#9460=CARTESIAN_POINT('Ctrl Pts',(-27.3680039824639,15.7128817282075,13.5730059166705));
#9461=CARTESIAN_POINT('Ctrl Pts',(-28.5709235430467,17.3870383111549,7.32520359189117));
#9462=CARTESIAN_POINT('Ctrl Pts',(-28.5709235430467,17.3870383111549,13.5730059166705));
#9463=CARTESIAN_POINT('Ctrl Pts',(-29.7326180990321,19.0038202240992,7.32520359189117));
#9464=CARTESIAN_POINT('Ctrl Pts',(-29.7326180990321,19.0038202240992,13.5730059166705));
#9465=CARTESIAN_POINT('Ctrl Pts',(-31.1951012304617,20.3816978927374,7.32520359189117));
#9466=CARTESIAN_POINT('Ctrl Pts',(-31.1951012304617,20.3816978927374,13.5730059166705));
#9467=CARTESIAN_POINT('Ctrl Pts',(-32.8783552272316,21.4449594313892,7.32520359189117));
#9468=CARTESIAN_POINT('Ctrl Pts',(-32.8783552272316,21.4449594313892,13.5730059166705));
#9469=CARTESIAN_POINT('Ctrl Pts',(-34.1082720396979,22.2218613398037,7.32520359189117));
#9470=CARTESIAN_POINT('Ctrl Pts',(-34.1082720396979,22.2218613398037,13.5730059166705));
#9471=CARTESIAN_POINT('Ctrl Pts',(-35.4415168904211,22.8216086308412,7.32520359189117));
#9472=CARTESIAN_POINT('Ctrl Pts',(-35.4415168904211,22.8216086308412,13.5730059166705));
#9473=CARTESIAN_POINT('Ctrl Pts',(-36.8388001491313,23.2264914585386,7.32520359189117));
#9474=CARTESIAN_POINT('Ctrl Pts',(-36.8388001491313,23.2264914585386,13.5730059166705));
#9475=CARTESIAN_POINT('Ctrl Pts',(-36.9377658928148,23.255168199563,7.32520359189117));
#9476=CARTESIAN_POINT('Ctrl Pts',(-36.9377658928148,23.255168199563,13.5730059166705));
#9477=CARTESIAN_POINT('Ctrl Pts',(-37.0367316364982,23.2838449405874,7.32520359189117));
#9478=CARTESIAN_POINT('Ctrl Pts',(-37.0367316364982,23.2838449405874,13.5730059166705));
#9479=CARTESIAN_POINT('Ctrl Pts',(-37.1356973801817,23.3125216816118,7.32520359189117));
#9480=CARTESIAN_POINT('Ctrl Pts',(-37.1356973801817,23.3125216816118,13.5730059166705));
#9481=CARTESIAN_POINT('',(-36.8388001491313,23.2264914585386,-1.004));
#9482=CARTESIAN_POINT('',(-29.4186586167108,-1.78044260883517,9.65454794170984));
#9483=CARTESIAN_POINT('Ctrl Pts',(-36.6915777789668,23.1838323755262,7.27351053622713));
#9484=CARTESIAN_POINT('Ctrl Pts',(-36.6915777789668,23.1838323755262,12.4110460181636));
#9485=CARTESIAN_POINT('Ctrl Pts',(-36.7406518196363,23.1980523361118,7.27351053622713));
#9486=CARTESIAN_POINT('Ctrl Pts',(-36.7406518196363,23.1980523361118,12.4110460181636));
#9487=CARTESIAN_POINT('Ctrl Pts',(-36.7897258603057,23.2122722966975,7.27351053622713));
#9488=CARTESIAN_POINT('Ctrl Pts',(-36.7897258603057,23.2122722966975,12.4110460181636));
#9489=CARTESIAN_POINT('Ctrl Pts',(-36.8387999009751,23.2264922572831,7.27351053622713));
#9490=CARTESIAN_POINT('Ctrl Pts',(-36.8387999009751,23.2264922572831,12.4110460181636));
#9491=CARTESIAN_POINT('Ctrl Pts',(-37.8246960985897,23.5121708947127,7.27351053622713));
#9492=CARTESIAN_POINT('Ctrl Pts',(-37.8246960985897,23.5121708947127,12.4110460181636));
#9493=CARTESIAN_POINT('Ctrl Pts',(-38.8366102686945,23.6991221528907,7.27351053622713));
#9494=CARTESIAN_POINT('Ctrl Pts',(-38.8366102686945,23.6991221528907,12.4110460181636));
#9495=CARTESIAN_POINT('Ctrl Pts',(-39.8595519525633,23.7845884365027,7.27351053622713));
#9496=CARTESIAN_POINT('Ctrl Pts',(-39.8595519525633,23.7845884365027,12.4110460181636));
#9497=CARTESIAN_POINT('Ctrl Pts',(-41.1414760794046,23.891692578138,7.27351053622713));
#9498=CARTESIAN_POINT('Ctrl Pts',(-41.1414760794046,23.891692578138,12.4110460181636));
#9499=CARTESIAN_POINT('Ctrl Pts',(-42.4317743283745,23.8386750607302,7.27351053622713));
#9500=CARTESIAN_POINT('Ctrl Pts',(-42.4317743283745,23.8386750607302,12.4110460181636));
#9501=CARTESIAN_POINT('Ctrl Pts',(-43.7006040784224,23.626760899763,7.27351053622713));
#9502=CARTESIAN_POINT('Ctrl Pts',(-43.7006040784224,23.626760899763,12.4110460181636));
#9503=CARTESIAN_POINT('Ctrl Pts',(-45.0824173123269,23.3959767523506,7.27351053622713));
#9504=CARTESIAN_POINT('Ctrl Pts',(-45.0824173123269,23.3959767523506,12.4110460181636));
#9505=CARTESIAN_POINT('Ctrl Pts',(-46.4265571508055,22.9787774273018,7.27351053622713));
#9506=CARTESIAN_POINT('Ctrl Pts',(-46.4265571508055,22.9787774273018,12.4110460181636));
#9507=CARTESIAN_POINT('Ctrl Pts',(-47.6962016190137,22.3865859040758,7.27351053622713));
#9508=CARTESIAN_POINT('Ctrl Pts',(-47.6962016190137,22.3865859040758,12.4110460181636));
#9509=CARTESIAN_POINT('Ctrl Pts',(-49.0064051432785,21.7754766997286,7.27351053622713));
#9510=CARTESIAN_POINT('Ctrl Pts',(-49.0064051432785,21.7754766997286,12.4110460181636));
#9511=CARTESIAN_POINT('Ctrl Pts',(-50.2246088713535,20.9839235449008,7.27351053622713));
#9512=CARTESIAN_POINT('Ctrl Pts',(-50.2246088713535,20.9839235449008,12.4110460181636));
#9513=CARTESIAN_POINT('Ctrl Pts',(-51.3153183543291,20.0350177870766,7.27351053622713));
#9514=CARTESIAN_POINT('Ctrl Pts',(-51.3153183543291,20.0350177870766,12.4110460181636));
#9515=CARTESIAN_POINT('Ctrl Pts',(-51.353867723323,20.0014802422311,7.27351053622713));
#9516=CARTESIAN_POINT('Ctrl Pts',(-51.353867723323,20.0014802422311,12.4110460181636));
#9517=CARTESIAN_POINT('Ctrl Pts',(-51.3924170923168,19.9679426973855,7.27351053622713));
#9518=CARTESIAN_POINT('Ctrl Pts',(-51.3924170923168,19.9679426973855,12.4110460181636));
#9519=CARTESIAN_POINT('Ctrl Pts',(-51.4309664613107,19.93440515254,7.27351053622713));
#9520=CARTESIAN_POINT('Ctrl Pts',(-51.4309664613107,19.93440515254,12.4110460181636));
#9521=CARTESIAN_POINT('Ctrl Pts',(-51.4862469663042,19.8863116956639,7.27351053622713));
#9522=CARTESIAN_POINT('Ctrl Pts',(-51.4862469663042,19.8863116956639,12.4110460181636));
#9523=CARTESIAN_POINT('Ctrl Pts',(-51.5415274712978,19.8382182387878,7.27351053622713));
#9524=CARTESIAN_POINT('Ctrl Pts',(-51.5415274712978,19.8382182387878,12.4110460181636));
#9525=CARTESIAN_POINT('Ctrl Pts',(-51.5968079762914,19.7901247819118,7.27351053622713));
#9526=CARTESIAN_POINT('Ctrl Pts',(-51.5968079762914,19.7901247819118,12.4110460181636));
#9527=CARTESIAN_POINT('',(-51.2045240698596,20.1304924374319,8.77652729933787));
#9528=CARTESIAN_POINT('Ctrl Pts',(-51.0982677477198,20.0137101824084,7.19902041387264));
#9529=CARTESIAN_POINT('Ctrl Pts',(-51.0982677477198,20.0137101824084,12.3683960652531));
#9530=CARTESIAN_POINT('Ctrl Pts',(-51.0986431127993,20.0141829032901,7.19902041387264));
#9531=CARTESIAN_POINT('Ctrl Pts',(-51.0986431127993,20.0141829032901,12.3683960652531));
#9532=CARTESIAN_POINT('Ctrl Pts',(-51.0990184778789,20.0146556241718,7.19902041387264));
#9533=CARTESIAN_POINT('Ctrl Pts',(-51.0990184778789,20.0146556241718,12.3683960652531));
#9534=CARTESIAN_POINT('Ctrl Pts',(-51.0993938429585,20.0151283450535,7.19902041387264));
#9535=CARTESIAN_POINT('Ctrl Pts',(-51.0993938429585,20.0151283450535,12.3683960652531));
#9536=CARTESIAN_POINT('Ctrl Pts',(-51.1266711501911,20.0494803757218,7.19902041387264));
#9537=CARTESIAN_POINT('Ctrl Pts',(-51.1266711501911,20.0494803757218,12.3683960652531));
#9538=CARTESIAN_POINT('Ctrl Pts',(-51.1558486058784,20.0821894742761,7.19902041387264));
#9539=CARTESIAN_POINT('Ctrl Pts',(-51.1558486058784,20.0821894742761,12.3683960652531));
#9540=CARTESIAN_POINT('Ctrl Pts',(-51.1867663878019,20.1131118025816,7.19902041387264));
#9541=CARTESIAN_POINT('Ctrl Pts',(-51.1867663878019,20.1131118025816,12.3683960652531));
#9542=CARTESIAN_POINT('Ctrl Pts',(-51.196522893632,20.1228697430814,7.19902041387264));
#9543=CARTESIAN_POINT('Ctrl Pts',(-51.196522893632,20.1228697430814,12.3683960652531));
#9544=CARTESIAN_POINT('Ctrl Pts',(-51.2064527125557,20.1324497721045,7.19902041387264));
#9545=CARTESIAN_POINT('Ctrl Pts',(-51.2064527125557,20.1324497721045,12.3683960652531));
#9546=CARTESIAN_POINT('Ctrl Pts',(-51.2165508476823,20.1418473979873,7.19902041387264));
#9547=CARTESIAN_POINT('Ctrl Pts',(-51.2165508476823,20.1418473979873,12.3683960652531));
#9548=CARTESIAN_POINT('Ctrl Pts',(-51.2686663682873,20.190347656618,7.19902041387264));
#9549=CARTESIAN_POINT('Ctrl Pts',(-51.2686663682873,20.190347656618,12.3683960652531));
#9550=CARTESIAN_POINT('Ctrl Pts',(-51.3252656243413,20.2339901299291,7.19902041387264));
#9551=CARTESIAN_POINT('Ctrl Pts',(-51.3252656243413,20.2339901299291,12.3683960652531));
#9552=CARTESIAN_POINT('Ctrl Pts',(-51.3856597782788,20.2721553846868,7.19902041387264));
#9553=CARTESIAN_POINT('Ctrl Pts',(-51.3856597782788,20.2721553846868,12.3683960652531));
#9554=CARTESIAN_POINT('Ctrl Pts',(-51.5015447928045,20.3453873254231,7.19902041387264));
#9555=CARTESIAN_POINT('Ctrl Pts',(-51.5015447928045,20.3453873254231,12.3683960652531));
#9556=CARTESIAN_POINT('Ctrl Pts',(-51.6296230416749,20.3973286911146,7.19902041387264));
#9557=CARTESIAN_POINT('Ctrl Pts',(-51.6296230416749,20.3973286911146,12.3683960652531));
#9558=CARTESIAN_POINT('Ctrl Pts',(-51.7638474163655,20.4254918734681,7.19902041387264));
#9559=CARTESIAN_POINT('Ctrl Pts',(-51.7638474163655,20.4254918734681,12.3683960652531));
#9560=CARTESIAN_POINT('Ctrl Pts',(-51.8909403424496,20.4521587233708,7.19902041387264));
#9561=CARTESIAN_POINT('Ctrl Pts',(-51.8909403424496,20.4521587233708,12.3683960652531));
#9562=CARTESIAN_POINT('Ctrl Pts',(-52.0216770788901,20.4571147924728,7.19902041387264));
#9563=CARTESIAN_POINT('Ctrl Pts',(-52.0216770788901,20.4571147924728,12.3683960652531));
#9564=CARTESIAN_POINT('Ctrl Pts',(-52.1505000568284,20.4401095267099,7.19902041387264));
#9565=CARTESIAN_POINT('Ctrl Pts',(-52.1505000568284,20.4401095267099,12.3683960652531));
#9566=CARTESIAN_POINT('Ctrl Pts',(-52.2662656977317,20.4248278935628,7.19902041387264));
#9567=CARTESIAN_POINT('Ctrl Pts',(-52.2662656977317,20.4248278935628,12.3683960652531));
#9568=CARTESIAN_POINT('Ctrl Pts',(-52.3790611865957,20.3919988765244,7.19902041387264));
#9569=CARTESIAN_POINT('Ctrl Pts',(-52.3790611865957,20.3919988765244,12.3683960652531));
#9570=CARTESIAN_POINT('Ctrl Pts',(-52.4849920928977,20.3427284736856,7.19902041387264));
#9571=CARTESIAN_POINT('Ctrl Pts',(-52.4849920928977,20.3427284736856,12.3683960652531));
#9572=CARTESIAN_POINT('Ctrl Pts',(-52.5500079144744,20.3124884254145,7.19902041387264));
#9573=CARTESIAN_POINT('Ctrl Pts',(-52.5500079144744,20.3124884254145,12.3683960652531));
#9574=CARTESIAN_POINT('Ctrl Pts',(-52.6120599262872,20.2762306430019,7.19902041387264));
#9575=CARTESIAN_POINT('Ctrl Pts',(-52.6120599262872,20.2762306430019,12.3683960652531));
#9576=CARTESIAN_POINT('Ctrl Pts',(-52.6703348090092,20.2344256224177,7.19902041387264));
#9577=CARTESIAN_POINT('Ctrl Pts',(-52.6703348090092,20.2344256224177,12.3683960652531));
#9578=CARTESIAN_POINT('Ctrl Pts',(-52.7197707545943,20.1989614459794,7.19902041387264));
#9579=CARTESIAN_POINT('Ctrl Pts',(-52.7197707545943,20.1989614459794,12.3683960652531));
#9580=CARTESIAN_POINT('Ctrl Pts',(-52.7663164155173,20.1596286091315,7.19902041387264));
#9581=CARTESIAN_POINT('Ctrl Pts',(-52.7663164155173,20.1596286091315,12.3683960652531));
#9582=CARTESIAN_POINT('Ctrl Pts',(-52.8095325393093,20.1167968338574,7.19902041387264));
#9583=CARTESIAN_POINT('Ctrl Pts',(-52.8095325393093,20.1167968338574,12.3683960652531));
#9584=CARTESIAN_POINT('Ctrl Pts',(-52.8587104955377,20.0680562485203,7.19902041387264));
#9585=CARTESIAN_POINT('Ctrl Pts',(-52.8587104955377,20.0680562485203,12.3683960652531));
#9586=CARTESIAN_POINT('Ctrl Pts',(-52.9033853816194,20.0149745706701,7.19902041387264));
#9587=CARTESIAN_POINT('Ctrl Pts',(-52.9033853816194,20.0149745706701,12.3683960652531));
#9588=CARTESIAN_POINT('Ctrl Pts',(-52.9430130785833,19.9581993114749,7.19902041387264));
#9589=CARTESIAN_POINT('Ctrl Pts',(-52.9430130785833,19.9581993114749,12.3683960652531));
#9590=CARTESIAN_POINT('Ctrl Pts',(-53.0052809071827,19.8689871598964,7.19902041387264));
#9591=CARTESIAN_POINT('Ctrl Pts',(-53.0052809071827,19.8689871598964,12.3683960652531));
#9592=CARTESIAN_POINT('Ctrl Pts',(-53.0545653448228,19.77140293797,7.19902041387264));
#9593=CARTESIAN_POINT('Ctrl Pts',(-53.0545653448228,19.77140293797,12.3683960652531));
#9594=CARTESIAN_POINT('Ctrl Pts',(-53.0894039535808,19.6683734869973,7.19902041387264));
#9595=CARTESIAN_POINT('Ctrl Pts',(-53.0894039535808,19.6683734869973,12.3683960652531));
#9596=CARTESIAN_POINT('Ctrl Pts',(-53.1386215303866,19.522820604799,7.19902041387264));
#9597=CARTESIAN_POINT('Ctrl Pts',(-53.1386215303866,19.522820604799,12.3683960652531));
#9598=CARTESIAN_POINT('Ctrl Pts',(-53.1581537513457,19.3689300933668,7.19902041387264));
#9599=CARTESIAN_POINT('Ctrl Pts',(-53.1581537513457,19.3689300933668,12.3683960652531));
#9600=CARTESIAN_POINT('Ctrl Pts',(-53.1469142880976,19.2158120212997,7.19902041387264));
#9601=CARTESIAN_POINT('Ctrl Pts',(-53.1469142880976,19.2158120212997,12.3683960652531));
#9602=CARTESIAN_POINT('Ctrl Pts',(-53.1368752915648,19.07904821322,7.19902041387264));
#9603=CARTESIAN_POINT('Ctrl Pts',(-53.1368752915648,19.07904821322,12.3683960652531));
#9604=CARTESIAN_POINT('Ctrl Pts',(-53.1024584481776,18.9452261431146,7.19902041387264));
#9605=CARTESIAN_POINT('Ctrl Pts',(-53.1024584481776,18.9452261431146,12.3683960652531));
#9606=CARTESIAN_POINT('Ctrl Pts',(-53.0453391767304,18.8206608657822,7.19902041387264));
#9607=CARTESIAN_POINT('Ctrl Pts',(-53.0453391767304,18.8206608657822,12.3683960652531));
#9608=CARTESIAN_POINT('Ctrl Pts',(-53.0082522193919,18.739781908309,7.19902041387264));
#9609=CARTESIAN_POINT('Ctrl Pts',(-53.0082522193919,18.739781908309,12.3683960652531));
#9610=CARTESIAN_POINT('Ctrl Pts',(-52.9619088167353,18.6634907232054,7.19902041387264));
#9611=CARTESIAN_POINT('Ctrl Pts',(-52.9619088167353,18.6634907232054,12.3683960652531));
#9612=CARTESIAN_POINT('Ctrl Pts',(-52.9072464297726,18.5933148397894,7.19902041387264));
#9613=CARTESIAN_POINT('Ctrl Pts',(-52.9072464297726,18.5933148397894,12.3683960652531));
#9614=CARTESIAN_POINT('Ctrl Pts',(-52.8887210716598,18.5695318796334,7.19902041387264));
#9615=CARTESIAN_POINT('Ctrl Pts',(-52.8887210716598,18.5695318796334,12.3683960652531));
#9616=CARTESIAN_POINT('Ctrl Pts',(-52.8692814825383,18.5465042712454,7.19902041387264));
#9617=CARTESIAN_POINT('Ctrl Pts',(-52.8692814825383,18.5465042712454,12.3683960652531));
#9618=CARTESIAN_POINT('Ctrl Pts',(-52.848976626752,18.5242818431035,7.19902041387264));
#9619=CARTESIAN_POINT('Ctrl Pts',(-52.848976626752,18.5242818431035,12.3683960652531));
#9620=CARTESIAN_POINT('Ctrl Pts',(-52.8396703704588,18.514096712319,7.19902041387264));
#9621=CARTESIAN_POINT('Ctrl Pts',(-52.8396703704588,18.514096712319,12.3683960652531));
#9622=CARTESIAN_POINT('Ctrl Pts',(-52.8301823498457,18.5040807155822,7.19902041387264));
#9623=CARTESIAN_POINT('Ctrl Pts',(-52.8301823498457,18.5040807155822,12.3683960652531));
#9624=CARTESIAN_POINT('Ctrl Pts',(-52.8205172670053,18.4942386361977,7.19902041387264));
#9625=CARTESIAN_POINT('Ctrl Pts',(-52.8205172670053,18.4942386361977,12.3683960652531));
#9626=CARTESIAN_POINT('Ctrl Pts',(-52.7898549340551,18.4630147843186,7.19902041387264));
#9627=CARTESIAN_POINT('Ctrl Pts',(-52.7898549340551,18.4630147843186,12.3683960652531));
#9628=CARTESIAN_POINT('Ctrl Pts',(-52.7574104600863,18.4335412894503,7.19902041387264));
#9629=CARTESIAN_POINT('Ctrl Pts',(-52.7574104600863,18.4335412894503,12.3683960652531));
#9630=CARTESIAN_POINT('Ctrl Pts',(-52.7233342311439,18.405971146967,7.19902041387264));
#9631=CARTESIAN_POINT('Ctrl Pts',(-52.7233342311439,18.405971146967,12.3683960652531));
#9632=CARTESIAN_POINT('Ctrl Pts',(-52.7210094920551,18.4040902643135,7.19902041387264));
#9633=CARTESIAN_POINT('Ctrl Pts',(-52.7210094920551,18.4040902643135,12.3683960652531));
#9634=CARTESIAN_POINT('Ctrl Pts',(-52.7186847529664,18.4022093816601,7.19902041387264));
#9635=CARTESIAN_POINT('Ctrl Pts',(-52.7186847529664,18.4022093816601,12.3683960652531));
#9636=CARTESIAN_POINT('Ctrl Pts',(-52.7163600138776,18.4003284990066,7.19902041387264));
#9637=CARTESIAN_POINT('Ctrl Pts',(-52.7163600138776,18.4003284990066,12.3683960652531));
#9638=CARTESIAN_POINT('Ctrl Pts',(-182.189215009154,112.460875002222,8.15230472231661));
#9639=CARTESIAN_POINT('Ctrl Pts',(-182.189215009154,112.460875002222,13.322728472028));
#9640=CARTESIAN_POINT('Ctrl Pts',(-131.825938356927,73.8762880563657,8.15230472231661));
#9641=CARTESIAN_POINT('Ctrl Pts',(-131.825938356927,73.8762880563657,13.322728472028));
#9642=CARTESIAN_POINT('Ctrl Pts',(-81.4626617046996,35.2917011105091,8.15230472231661));
#9643=CARTESIAN_POINT('Ctrl Pts',(-81.4626617046996,35.2917011105091,13.322728472028));
#9644=CARTESIAN_POINT('Ctrl Pts',(-31.0993850524725,-3.29288583534746,8.15230472231661));
#9645=CARTESIAN_POINT('Ctrl Pts',(-31.0993850524725,-3.29288583534746,13.322728472028));
#9646=CARTESIAN_POINT('Ctrl Pts',(-31.0885814201966,-3.30116277276279,8.15230472231661));
#9647=CARTESIAN_POINT('Ctrl Pts',(-31.0885814201966,-3.30116277276279,13.322728472028));
#9648=CARTESIAN_POINT('Ctrl Pts',(-31.0776380628543,-3.30924240460313,8.15230472231661));
#9649=CARTESIAN_POINT('Ctrl Pts',(-31.0776380628543,-3.30924240460313,13.322728472028));
#9650=CARTESIAN_POINT('Ctrl Pts',(-31.066560624025,-3.31712161547259,8.15230472231661));
#9651=CARTESIAN_POINT('Ctrl Pts',(-31.066560624025,-3.31712161547259,13.322728472028));
#9652=CARTESIAN_POINT('Ctrl Pts',(-31.0288953165341,-3.34391236600219,8.15230472231661));
#9653=CARTESIAN_POINT('Ctrl Pts',(-31.0288953165341,-3.34391236600219,13.322728472028));
#9654=CARTESIAN_POINT('Ctrl Pts',(-30.9896799787854,-3.3683859289785,8.15230472231661));
#9655=CARTESIAN_POINT('Ctrl Pts',(-30.9896799787854,-3.3683859289785,13.322728472028));
#9656=CARTESIAN_POINT('Ctrl Pts',(-30.9491351230616,-3.39042091443789,8.15230472231661));
#9657=CARTESIAN_POINT('Ctrl Pts',(-30.9491351230616,-3.39042091443789,13.322728472028));
#9658=CARTESIAN_POINT('Ctrl Pts',(-30.9016228818237,-3.41624247739899,8.15230472231661));
#9659=CARTESIAN_POINT('Ctrl Pts',(-30.9016228818237,-3.41624247739899,13.322728472028));
#9660=CARTESIAN_POINT('Ctrl Pts',(-30.8522845294542,-3.43871552911295,8.15230472231661));
#9661=CARTESIAN_POINT('Ctrl Pts',(-30.8522845294542,-3.43871552911295,13.322728472028));
#9662=CARTESIAN_POINT('Ctrl Pts',(-30.8014754302853,-3.45764441207537,8.15230472231661));
#9663=CARTESIAN_POINT('Ctrl Pts',(-30.8014754302853,-3.45764441207537,13.322728472028));
#9664=CARTESIAN_POINT('Ctrl Pts',(-30.6685179483363,-3.50717759916097,8.15230472231661));
#9665=CARTESIAN_POINT('Ctrl Pts',(-30.6685179483363,-3.50717759916097,13.322728472028));
#9666=CARTESIAN_POINT('Ctrl Pts',(-30.5275504080112,-3.53167403566698,8.15230472231661));
#9667=CARTESIAN_POINT('Ctrl Pts',(-30.5275504080112,-3.53167403566698,13.322728472028));
#9668=CARTESIAN_POINT('Ctrl Pts',(-30.385708653201,-3.52991119544367,8.15230472231661));
#9669=CARTESIAN_POINT('Ctrl Pts',(-30.385708653201,-3.52991119544367,13.322728472028));
#9670=CARTESIAN_POINT('Ctrl Pts',(-30.2330083740339,-3.52801340311455,8.15230472231661));
#9671=CARTESIAN_POINT('Ctrl Pts',(-30.2330083740339,-3.52801340311455,13.322728472028));
#9672=CARTESIAN_POINT('Ctrl Pts',(-30.082222602039,-3.49571873876637,8.15230472231661));
#9673=CARTESIAN_POINT('Ctrl Pts',(-30.082222602039,-3.49571873876637,13.322728472028));
#9674=CARTESIAN_POINT('Ctrl Pts',(-29.9421651766864,-3.43493472525851,8.15230472231661));
#9675=CARTESIAN_POINT('Ctrl Pts',(-29.9421651766864,-3.43493472525851,13.322728472028));
#9676=CARTESIAN_POINT('Ctrl Pts',(-29.8095340995092,-3.37737369865521,8.15230472231661));
#9677=CARTESIAN_POINT('Ctrl Pts',(-29.8095340995092,-3.37737369865521,13.322728472028));
#9678=CARTESIAN_POINT('Ctrl Pts',(-29.6889433778572,-3.29531457909491,8.15230472231661));
#9679=CARTESIAN_POINT('Ctrl Pts',(-29.6889433778572,-3.29531457909491,13.322728472028));
#9680=CARTESIAN_POINT('Ctrl Pts',(-29.5867253245474,-3.19307090851135,8.15230472231661));
#9681=CARTESIAN_POINT('Ctrl Pts',(-29.5867253245474,-3.19307090851135,13.322728472028));
#9682=CARTESIAN_POINT('Ctrl Pts',(-29.4796338865477,-3.08595263189954,8.15230472231661));
#9683=CARTESIAN_POINT('Ctrl Pts',(-29.4796338865477,-3.08595263189954,13.322728472028));
#9684=CARTESIAN_POINT('Ctrl Pts',(-29.3947422706726,-2.95871321099602,8.15230472231661));
#9685=CARTESIAN_POINT('Ctrl Pts',(-29.3947422706726,-2.95871321099602,13.322728472028));
#9686=CARTESIAN_POINT('Ctrl Pts',(-29.3369526366378,-2.8186687853593,8.15230472231661));
#9687=CARTESIAN_POINT('Ctrl Pts',(-29.3369526366378,-2.8186687853593,13.322728472028));
#9688=CARTESIAN_POINT('Ctrl Pts',(-29.2881416686078,-2.70038279693426,8.15230472231661));
#9689=CARTESIAN_POINT('Ctrl Pts',(-29.2881416686078,-2.70038279693426,13.322728472028));
#9690=CARTESIAN_POINT('Ctrl Pts',(-29.259406930693,-2.5747582778244,8.15230472231661));
#9691=CARTESIAN_POINT('Ctrl Pts',(-29.259406930693,-2.5747582778244,13.322728472028));
#9692=CARTESIAN_POINT('Ctrl Pts',(-29.2519521229027,-2.44697814489153,8.15230472231661));
#9693=CARTESIAN_POINT('Ctrl Pts',(-29.2519521229027,-2.44697814489153,13.322728472028));
#9694=CARTESIAN_POINT('Ctrl Pts',(-29.2461810729414,-2.34805868888992,8.15230472231661));
#9695=CARTESIAN_POINT('Ctrl Pts',(-29.2461810729414,-2.34805868888992,13.322728472028));
#9696=CARTESIAN_POINT('Ctrl Pts',(-29.2532184540786,-2.24879841177579,8.15230472231661));
#9697=CARTESIAN_POINT('Ctrl Pts',(-29.2532184540786,-2.24879841177579,13.322728472028));
#9698=CARTESIAN_POINT('Ctrl Pts',(-29.2728957921769,-2.15166668068912,8.15230472231661));
#9699=CARTESIAN_POINT('Ctrl Pts',(-29.2728957921769,-2.15166668068912,13.322728472028));
#9700=CARTESIAN_POINT('Ctrl Pts',(-29.2906229885049,-2.06416128447968,8.15230472231661));
#9701=CARTESIAN_POINT('Ctrl Pts',(-29.2906229885049,-2.06416128447968,13.322728472028));
#9702=CARTESIAN_POINT('Ctrl Pts',(-29.3184810078448,-1.9790149310372,8.15230472231661));
#9703=CARTESIAN_POINT('Ctrl Pts',(-29.3184810078448,-1.9790149310372,13.322728472028));
#9704=CARTESIAN_POINT('Ctrl Pts',(-29.3559082459026,-1.89794978578387,8.15230472231661));
#9705=CARTESIAN_POINT('Ctrl Pts',(-29.3559082459026,-1.89794978578387,13.322728472028));
#9706=CARTESIAN_POINT('Ctrl Pts',(-29.3668669844095,-1.87421381767747,8.15230472231661));
#9707=CARTESIAN_POINT('Ctrl Pts',(-29.3668669844095,-1.87421381767747,13.322728472028));
#9708=CARTESIAN_POINT('Ctrl Pts',(-29.3786245711068,-1.85087441166485,8.15230472231661));
#9709=CARTESIAN_POINT('Ctrl Pts',(-29.3786245711068,-1.85087441166485,13.322728472028));
#9710=CARTESIAN_POINT('Ctrl Pts',(-29.3911573695631,-1.82797053151466,8.15230472231661));
#9711=CARTESIAN_POINT('Ctrl Pts',(-29.3911573695631,-1.82797053151466,13.322728472028));
#9712=CARTESIAN_POINT('Ctrl Pts',(-29.4133168506281,-1.78747374220809,8.15230472231661));
#9713=CARTESIAN_POINT('Ctrl Pts',(-29.4133168506281,-1.78747374220809,13.322728472028));
#9714=CARTESIAN_POINT('Ctrl Pts',(-29.4378998566863,-1.74833845173267,8.15230472231661));
#9715=CARTESIAN_POINT('Ctrl Pts',(-29.4378998566863,-1.74833845173267,13.322728472028));
#9716=CARTESIAN_POINT('Ctrl Pts',(-29.4647760490716,-1.71077943910254,8.15230472231661));
#9717=CARTESIAN_POINT('Ctrl Pts',(-29.4647760490716,-1.71077943910254,13.322728472028));
#9718=CARTESIAN_POINT('',(-30.9967427071863,-3.36305542927889,9.73586905132641));
#9719=CARTESIAN_POINT('Ctrl Pts',(-16.7565804319794,188.542004739012,7.30740291139034));
#9720=CARTESIAN_POINT('Ctrl Pts',(-16.7565804319794,188.542004739012,13.7419901465043));
#9721=CARTESIAN_POINT('Ctrl Pts',(-29.9264059240676,129.603197299881,7.30740291139034));
#9722=CARTESIAN_POINT('Ctrl Pts',(-29.9264059240676,129.603197299881,13.7419901465043));
#9723=CARTESIAN_POINT('Ctrl Pts',(-43.0962314161558,70.664389860751,7.30740291139034));
#9724=CARTESIAN_POINT('Ctrl Pts',(-43.0962314161558,70.664389860751,13.7419901465043));
#9725=CARTESIAN_POINT('Ctrl Pts',(-56.266056908244,11.7255824216208,7.30740291139034));
#9726=CARTESIAN_POINT('Ctrl Pts',(-56.266056908244,11.7255824216208,13.7419901465043));
#9727=CARTESIAN_POINT('Ctrl Pts',(-56.5027053263641,10.6665117790573,7.30740291139034));
#9728=CARTESIAN_POINT('Ctrl Pts',(-56.5027053263641,10.6665117790573,13.7419901465043));
#9729=CARTESIAN_POINT('Ctrl Pts',(-56.6273717042616,9.58551205597936,7.30740291139034));
#9730=CARTESIAN_POINT('Ctrl Pts',(-56.6273717042616,9.58551205597936,13.7419901465043));
#9731=CARTESIAN_POINT('Ctrl Pts',(-56.6379767786137,8.5003153297627,7.30740291139034));
#9732=CARTESIAN_POINT('Ctrl Pts',(-56.6379767786137,8.5003153297627,13.7419901465043));
#9733=CARTESIAN_POINT('Ctrl Pts',(-56.6511449228914,7.15284462034697,7.30740291139034));
#9734=CARTESIAN_POINT('Ctrl Pts',(-56.6511449228914,7.15284462034697,13.7419901465043));
#9735=CARTESIAN_POINT('Ctrl Pts',(-56.4883494805815,5.80945797477185,7.30740291139034));
#9736=CARTESIAN_POINT('Ctrl Pts',(-56.4883494805815,5.80945797477185,13.7419901465043));
#9737=CARTESIAN_POINT('Ctrl Pts',(-56.153766363593,4.50415133280237,7.30740291139034));
#9738=CARTESIAN_POINT('Ctrl Pts',(-56.153766363593,4.50415133280237,13.7419901465043));
#9739=CARTESIAN_POINT('Ctrl Pts',(-55.6511092221797,2.54313874129555,7.30740291139034));
#9740=CARTESIAN_POINT('Ctrl Pts',(-55.6511092221797,2.54313874129555,13.7419901465043));
#9741=CARTESIAN_POINT('Ctrl Pts',(-54.7688253953732,0.699684011702233,7.30740291139034));
#9742=CARTESIAN_POINT('Ctrl Pts',(-54.7688253953732,0.699684011702233,13.7419901465043));
#9743=CARTESIAN_POINT('Ctrl Pts',(-53.5572094620089,-0.92194717876149,7.30740291139034));
#9744=CARTESIAN_POINT('Ctrl Pts',(-53.5572094620089,-0.92194717876149,13.7419901465043));
#9745=CARTESIAN_POINT('Ctrl Pts',(-52.3283612463184,-2.56664211882895,7.30740291139034));
#9746=CARTESIAN_POINT('Ctrl Pts',(-52.3283612463184,-2.56664211882895,13.7419901465043));
#9747=CARTESIAN_POINT('Ctrl Pts',(-50.7851791984487,-3.95049852485034,7.30740291139034));
#9748=CARTESIAN_POINT('Ctrl Pts',(-50.7851791984487,-3.95049852485034,13.7419901465043));
#9749=CARTESIAN_POINT('Ctrl Pts',(-49.0178947042337,-4.99364331310767,7.30740291139034));
#9750=CARTESIAN_POINT('Ctrl Pts',(-49.0178947042337,-4.99364331310767,13.7419901465043));
#9751=CARTESIAN_POINT('Ctrl Pts',(-47.662811168793,-5.79348529229966,7.30740291139034));
#9752=CARTESIAN_POINT('Ctrl Pts',(-47.662811168793,-5.79348529229966,13.7419901465043));
#9753=CARTESIAN_POINT('Ctrl Pts',(-46.195019381887,-6.3818854774626,7.30740291139034));
#9754=CARTESIAN_POINT('Ctrl Pts',(-46.195019381887,-6.3818854774626,13.7419901465043));
#9755=CARTESIAN_POINT('Ctrl Pts',(-44.6645249591332,-6.73964137106365,7.30740291139034));
#9756=CARTESIAN_POINT('Ctrl Pts',(-44.6645249591332,-6.73964137106365,13.7419901465043));
#9757=CARTESIAN_POINT('Ctrl Pts',(-43.0106180139206,-7.12624516936626,7.30740291139034));
#9758=CARTESIAN_POINT('Ctrl Pts',(-43.0106180139206,-7.12624516936626,13.7419901465043));
#9759=CARTESIAN_POINT('Ctrl Pts',(-41.3055810312797,-7.23838192594959,7.30740291139034));
#9760=CARTESIAN_POINT('Ctrl Pts',(-41.3055810312797,-7.23838192594959,13.7419901465043));
#9761=CARTESIAN_POINT('Ctrl Pts',(-39.6166588371283,-7.07191290331022,7.30740291139034));
#9762=CARTESIAN_POINT('Ctrl Pts',(-39.6166588371283,-7.07191290331022,13.7419901465043));
#9763=CARTESIAN_POINT('Ctrl Pts',(-38.0903614354556,-6.92147303249004,7.30740291139034));
#9764=CARTESIAN_POINT('Ctrl Pts',(-38.0903614354556,-6.92147303249004,13.7419901465043));
#9765=CARTESIAN_POINT('Ctrl Pts',(-36.5937092733169,-6.54506376920397,7.30740291139034));
#9766=CARTESIAN_POINT('Ctrl Pts',(-36.5937092733169,-6.54506376920397,13.7419901465043));
#9767=CARTESIAN_POINT('Ctrl Pts',(-35.1756056773334,-5.95339358460269,7.30740291139034));
#9768=CARTESIAN_POINT('Ctrl Pts',(-35.1756056773334,-5.95339358460269,13.7419901465043));
#9769=CARTESIAN_POINT('Ctrl Pts',(-33.6167746804924,-5.30300822046192,7.30740291139034));
#9770=CARTESIAN_POINT('Ctrl Pts',(-33.6167746804924,-5.30300822046192,13.7419901465043));
#9771=CARTESIAN_POINT('Ctrl Pts',(-32.176651274504,-4.40281508332521,7.30740291139034));
#9772=CARTESIAN_POINT('Ctrl Pts',(-32.176651274504,-4.40281508332521,13.7419901465043));
#9773=CARTESIAN_POINT('Ctrl Pts',(-30.9090207021749,-3.28638027538592,7.30740291139034));
#9774=CARTESIAN_POINT('Ctrl Pts',(-30.9090207021749,-3.28638027538592,13.7419901465043));
#9775=CARTESIAN_POINT('Ctrl Pts',(-30.8123575547107,-3.20124655833163,7.30740291139034));
#9776=CARTESIAN_POINT('Ctrl Pts',(-30.8123575547107,-3.20124655833163,13.7419901465043));
#9777=CARTESIAN_POINT('Ctrl Pts',(-30.7156944072464,-3.11611284127735,7.30740291139034));
#9778=CARTESIAN_POINT('Ctrl Pts',(-30.7156944072464,-3.11611284127735,13.7419901465043));
#9779=CARTESIAN_POINT('Ctrl Pts',(-30.6190312597822,-3.03097912422306,7.30740291139034));
#9780=CARTESIAN_POINT('Ctrl Pts',(-30.6190312597822,-3.03097912422306,13.7419901465043));
#9781=UNCERTAINTY_MEASURE_WITH_UNIT(LENGTH_MEASURE(0.01),#9785,
'DISTANCE_ACCURACY_VALUE',
'Maximum model space distance between geometric entities at asserted c
onnectivities');
#9782=UNCERTAINTY_MEASURE_WITH_UNIT(LENGTH_MEASURE(0.01),#9785,
'DISTANCE_ACCURACY_VALUE',
'Maximum model space distance between geometric entities at asserted c
onnectivities');
#9783=(
GEOMETRIC_REPRESENTATION_CONTEXT(3)
GLOBAL_UNCERTAINTY_ASSIGNED_CONTEXT((#9781))
GLOBAL_UNIT_ASSIGNED_CONTEXT((#9785,#9787,#9788))
REPRESENTATION_CONTEXT('','3D')
);
#9784=(
GEOMETRIC_REPRESENTATION_CONTEXT(3)
GLOBAL_UNCERTAINTY_ASSIGNED_CONTEXT((#9782))
GLOBAL_UNIT_ASSIGNED_CONTEXT((#9785,#9787,#9788))
REPRESENTATION_CONTEXT('','3D')
);
#9785=(
LENGTH_UNIT()
NAMED_UNIT(*)
SI_UNIT(.MILLI.,.METRE.)
);
#9786=(
LENGTH_UNIT()
NAMED_UNIT(*)
SI_UNIT($,.METRE.)
);
#9787=(
NAMED_UNIT(*)
PLANE_ANGLE_UNIT()
SI_UNIT($,.RADIAN.)
);
#9788=(
NAMED_UNIT(*)
SI_UNIT($,.STERADIAN.)
SOLID_ANGLE_UNIT()
);
#9789=SHAPE_DEFINITION_REPRESENTATION(#9790,#9791);
#9790=PRODUCT_DEFINITION_SHAPE('',$,#9793);
#9791=SHAPE_REPRESENTATION('',(#1245),#9783);
#9792=PRODUCT_DEFINITION_CONTEXT('part definition',#9797,'design');
#9793=PRODUCT_DEFINITION('RemovableGateOEMv1.1','DoubleThreadHolder v1',
#9794,#9792);
#9794=PRODUCT_DEFINITION_FORMATION('',$,#9799);
#9795=PRODUCT_RELATED_PRODUCT_CATEGORY('DoubleThreadHolder v1',
'DoubleThreadHolder v1',(#9799));
#9796=APPLICATION_PROTOCOL_DEFINITION('international standard',
'ap242_managed_model_based_3d_engineering',2011,#9797);
#9797=APPLICATION_CONTEXT('Managed model based 3d engineering');
#9798=PRODUCT_CONTEXT('part definition',#9797,'mechanical');
#9799=PRODUCT('RemovableGateOEMv1.1','DoubleThreadHolder v1',$,(#9798));
#9800=PRESENTATION_STYLE_ASSIGNMENT((#9802));
#9801=PRESENTATION_STYLE_ASSIGNMENT((#9803));
#9802=SURFACE_STYLE_USAGE(.BOTH.,#9804);
#9803=SURFACE_STYLE_USAGE(.BOTH.,#9805);
#9804=SURFACE_SIDE_STYLE('',(#9806));
#9805=SURFACE_SIDE_STYLE('',(#9807));
#9806=SURFACE_STYLE_FILL_AREA(#9808);
#9807=SURFACE_STYLE_FILL_AREA(#9809);
#9808=FILL_AREA_STYLE('Plate',(#9810));
#9809=FILL_AREA_STYLE('Opaque(200,200,200)',(#9811));
#9810=FILL_AREA_STYLE_COLOUR('Plate',#9812);
#9811=FILL_AREA_STYLE_COLOUR('Opaque(200,200,200)',#9813);
#9812=COLOUR_RGB('Plate',0.6,0.6,0.6);
#9813=COLOUR_RGB('Opaque(200,200,200)',0.784313725490196,0.784313725490196,
0.784313725490196);
ENDSEC;
END-ISO-10303-21;
