ISO-10303-21;
HEADER;
/* Generated by software containing ST-Developer
 * from STEP Tools, Inc. (www.steptools.com) 
 */

FILE_DESCRIPTION(
/* description */ ('',
'CAx-IF Rec.Pracs.---Representation and Presentation of Product Manufa
cturing Information (PMI)---4.0---2014-10-13'),
/* implementation_level */ '2;1');

FILE_NAME(
/* name */ 'ThreadHolder.step',
/* time_stamp */ '2025-03-02T00:25:36-08:00',
/* author */ (''),
/* organization */ (''),
/* preprocessor_version */ 'ST-DEVELOPER v20',
/* originating_system */ 'Autodesk Translation Framework v13.20.0.188',

/* authorisation */ '');

FILE_SCHEMA (('AP242_MANAGED_MODEL_BASED_3D_ENGINEERING_MIM_LF { 1 0 10303 442 1 1 4 }'));
ENDSEC;

DATA;
#10=MECHANICAL_DESIGN_GEOMETRIC_PRESENTATION_REPRESENTATION('',(#13),#4798);
#11=SHAPE_REPRESENTATION_RELATIONSHIP('SRR','None',#4805,#12);
#12=ADVANCED_BREP_SHAPE_REPRESENTATION('',(#14),#4797);
#13=STYLED_ITEM('',(#4815),#14);
#14=MANIFOLD_SOLID_BREP('Body1',#607);
#15=CYLINDRICAL_SURFACE('',#654,1.125);
#16=CYLINDRICAL_SURFACE('',#655,1.125);
#17=CYLINDRICAL_SURFACE('',#658,1.125);
#18=CYLINDRICAL_SURFACE('',#659,3.75008860490952);
#19=CYLINDRICAL_SURFACE('',#661,21.9);
#20=CYLINDRICAL_SURFACE('',#662,4.33);
#21=CYLINDRICAL_SURFACE('',#663,21.9);
#22=PLANE('',#637);
#23=PLANE('',#643);
#24=PLANE('',#649);
#25=PLANE('',#650);
#26=PLANE('',#652);
#27=PLANE('',#657);
#28=ELLIPSE('',#631,5.5001900585047,1.95337064627898);
#29=LINE('',#2033,#51);
#30=LINE('',#2349,#52);
#31=LINE('',#2635,#53);
#32=LINE('',#2914,#54);
#33=LINE('',#2919,#55);
#34=LINE('',#2925,#56);
#35=LINE('',#2930,#57);
#36=LINE('',#2936,#58);
#37=LINE('',#2941,#59);
#38=LINE('',#2999,#60);
#39=LINE('',#3057,#61);
#40=LINE('',#3108,#62);
#41=LINE('',#3111,#63);
#42=LINE('',#3127,#64);
#43=LINE('',#4038,#65);
#44=LINE('',#4054,#66);
#45=LINE('',#4088,#67);
#46=LINE('',#4090,#68);
#47=LINE('',#4495,#69);
#48=LINE('',#4496,#70);
#49=LINE('',#4541,#71);
#50=LINE('',#4732,#72);
#51=VECTOR('',#672,2.87496193869026);
#52=VECTOR('',#679,2.87496193869026);
#53=VECTOR('',#686,2.87496193869026);
#54=VECTOR('',#695,1.95535866910269);
#55=VECTOR('',#702,1.70598766330767);
#56=VECTOR('',#709,1.95535866910269);
#57=VECTOR('',#716,1.70598766330767);
#58=VECTOR('',#723,1.95535866910269);
#59=VECTOR('',#730,1.70598766330767);
#60=VECTOR('',#743,1.125);
#61=VECTOR('',#746,1.125);
#62=VECTOR('',#753,1.125);
#63=VECTOR('',#756,10.);
#64=VECTOR('',#757,10.);
#65=VECTOR('',#762,10.);
#66=VECTOR('',#765,10.);
#67=VECTOR('',#766,10.);
#68=VECTOR('',#767,10.);
#69=VECTOR('',#770,10.);
#70=VECTOR('',#771,10.);
#71=VECTOR('',#772,10.);
#72=VECTOR('',#773,10.);
#73=CONICAL_SURFACE('',#623,2.87496193869026,0.0174532925199433);
#74=CONICAL_SURFACE('',#626,2.87496193869026,0.0174532925199433);
#75=CONICAL_SURFACE('',#629,2.87496193869026,0.0174532925199433);
#76=CONICAL_SURFACE('',#632,1.95535866910269,0.794124809657429);
#77=CONICAL_SURFACE('',#635,1.70598766330767,0.0174532925199433);
#78=CONICAL_SURFACE('',#638,1.95535866910269,0.794124809657429);
#79=CONICAL_SURFACE('',#641,1.70598766330767,0.0174532925199433);
#80=CONICAL_SURFACE('',#644,1.95535866910269,0.79412480965742);
#81=CONICAL_SURFACE('',#647,1.70598766330767,0.0174532925199433);
#82=FACE_BOUND('',#131,.T.);
#83=FACE_BOUND('',#132,.T.);
#84=FACE_BOUND('',#139,.T.);
#85=FACE_BOUND('',#143,.T.);
#86=FACE_BOUND('',#147,.T.);
#87=FACE_BOUND('',#151,.T.);
#88=FACE_BOUND('',#153,.T.);
#89=FACE_BOUND('',#155,.T.);
#90=FACE_BOUND('',#159,.T.);
#91=FACE_BOUND('',#163,.T.);
#92=FACE_BOUND('',#164,.T.);
#93=FACE_BOUND('',#170,.T.);
#94=FACE_OUTER_BOUND('',#129,.T.);
#95=FACE_OUTER_BOUND('',#130,.T.);
#96=FACE_OUTER_BOUND('',#133,.T.);
#97=FACE_OUTER_BOUND('',#134,.T.);
#98=FACE_OUTER_BOUND('',#135,.T.);
#99=FACE_OUTER_BOUND('',#136,.T.);
#100=FACE_OUTER_BOUND('',#137,.T.);
#101=FACE_OUTER_BOUND('',#138,.T.);
#102=FACE_OUTER_BOUND('',#140,.T.);
#103=FACE_OUTER_BOUND('',#141,.T.);
#104=FACE_OUTER_BOUND('',#142,.T.);
#105=FACE_OUTER_BOUND('',#144,.T.);
#106=FACE_OUTER_BOUND('',#145,.T.);
#107=FACE_OUTER_BOUND('',#146,.T.);
#108=FACE_OUTER_BOUND('',#148,.T.);
#109=FACE_OUTER_BOUND('',#149,.T.);
#110=FACE_OUTER_BOUND('',#150,.T.);
#111=FACE_OUTER_BOUND('',#152,.T.);
#112=FACE_OUTER_BOUND('',#154,.T.);
#113=FACE_OUTER_BOUND('',#156,.T.);
#114=FACE_OUTER_BOUND('',#157,.T.);
#115=FACE_OUTER_BOUND('',#158,.T.);
#116=FACE_OUTER_BOUND('',#160,.T.);
#117=FACE_OUTER_BOUND('',#161,.T.);
#118=FACE_OUTER_BOUND('',#162,.T.);
#119=FACE_OUTER_BOUND('',#165,.T.);
#120=FACE_OUTER_BOUND('',#166,.T.);
#121=FACE_OUTER_BOUND('',#167,.T.);
#122=FACE_OUTER_BOUND('',#168,.T.);
#123=FACE_OUTER_BOUND('',#169,.T.);
#124=FACE_OUTER_BOUND('',#171,.T.);
#125=FACE_OUTER_BOUND('',#172,.T.);
#126=FACE_OUTER_BOUND('',#173,.T.);
#127=FACE_OUTER_BOUND('',#174,.T.);
#128=FACE_OUTER_BOUND('',#175,.T.);
#129=EDGE_LOOP('',(#385,#386,#387,#388,#389));
#130=EDGE_LOOP('',(#390,#391,#392,#393,#394,#395,#396,#397,#398,#399,#400));
#131=EDGE_LOOP('',(#401));
#132=EDGE_LOOP('',(#402));
#133=EDGE_LOOP('',(#403,#404,#405,#406,#407));
#134=EDGE_LOOP('',(#408,#409,#410,#411,#412));
#135=EDGE_LOOP('',(#413,#414,#415,#416,#417));
#136=EDGE_LOOP('',(#418,#419,#420,#421,#422));
#137=EDGE_LOOP('',(#423,#424,#425,#426,#427));
#138=EDGE_LOOP('',(#428,#429,#430,#431,#432,#433,#434,#435));
#139=EDGE_LOOP('',(#436));
#140=EDGE_LOOP('',(#437,#438,#439,#440));
#141=EDGE_LOOP('',(#441,#442,#443,#444));
#142=EDGE_LOOP('',(#445));
#143=EDGE_LOOP('',(#446));
#144=EDGE_LOOP('',(#447,#448,#449,#450));
#145=EDGE_LOOP('',(#451,#452,#453,#454));
#146=EDGE_LOOP('',(#455));
#147=EDGE_LOOP('',(#456));
#148=EDGE_LOOP('',(#457,#458,#459,#460));
#149=EDGE_LOOP('',(#461,#462,#463,#464));
#150=EDGE_LOOP('',(#465));
#151=EDGE_LOOP('',(#466));
#152=EDGE_LOOP('',(#467));
#153=EDGE_LOOP('',(#468));
#154=EDGE_LOOP('',(#469));
#155=EDGE_LOOP('',(#470));
#156=EDGE_LOOP('',(#471,#472,#473,#474,#475));
#157=EDGE_LOOP('',(#476,#477,#478,#479,#480));
#158=EDGE_LOOP('',(#481));
#159=EDGE_LOOP('',(#482));
#160=EDGE_LOOP('',(#483,#484,#485,#486,#487));
#161=EDGE_LOOP('',(#488,#489,#490,#491));
#162=EDGE_LOOP('',(#492,#493,#494,#495,#496,#497,#498,#499,#500,#501,#502));
#163=EDGE_LOOP('',(#503,#504));
#164=EDGE_LOOP('',(#505,#506));
#165=EDGE_LOOP('',(#507,#508,#509,#510,#511,#512,#513,#514));
#166=EDGE_LOOP('',(#515,#516,#517,#518));
#167=EDGE_LOOP('',(#519,#520,#521,#522));
#168=EDGE_LOOP('',(#523,#524,#525,#526));
#169=EDGE_LOOP('',(#527,#528,#529,#530,#531,#532,#533,#534));
#170=EDGE_LOOP('',(#535,#536));
#171=EDGE_LOOP('',(#537,#538,#539,#540));
#172=EDGE_LOOP('',(#541,#542,#543,#544));
#173=EDGE_LOOP('',(#545,#546,#547,#548));
#174=EDGE_LOOP('',(#549,#550,#551,#552));
#175=EDGE_LOOP('',(#553,#554,#555,#556,#557,#558));
#176=B_SPLINE_CURVE_WITH_KNOTS('',3,(#883,#884,#885,#886,#887,#888,#889,
#890,#891,#892,#893,#894,#895,#896,#897,#898,#899,#900,#901,#902,#903),
 .UNSPECIFIED.,.T.,.F.,(4,2,2,2,1,2,2,2,2,2,4),(0.,0.231430216238178,0.468625726137859,
0.511007100928549,0.675036074037833,0.839065047147117,1.11926691092223,
1.32619935163971,1.51001685380151,1.76902192719885,1.83902405162572),
 .UNSPECIFIED.);
#177=B_SPLINE_CURVE_WITH_KNOTS('',3,(#905,#906,#907,#908,#909,#910,#911,
#912,#913,#914,#915,#916,#917,#918,#919,#920,#921,#922,#923,#924,#925,#926,
#927,#928,#929,#930,#931,#932,#933,#934,#935,#936,#937,#938),
 .UNSPECIFIED.,.F.,.F.,(4,3,3,3,3,3,3,3,3,3,3,4),(-1.83902405162572,-1.80583359649635,
-1.77267265806312,-1.76902192719885,-1.73850885243521,-1.70800525597814,
-1.67751664444716,-1.64704846460012,-1.61651759492016,-1.58611875537404,
-1.55552187062717,-1.5249249858803),.UNSPECIFIED.);
#178=B_SPLINE_CURVE_WITH_KNOTS('',3,(#939,#940,#941,#942,#943,#944,#945,
#946,#947,#948,#949,#950,#951,#952,#953,#954,#955,#956,#957),
 .UNSPECIFIED.,.F.,.F.,(4,2,2,2,2,1,2,2,2,4),(-1.52492497292642,-1.51001685380151,
-1.32619935163971,-1.11926691092223,-0.839065047147117,-0.675036074037833,
-0.511007100928549,-0.468625726137859,-0.231430216238178,0.),
 .UNSPECIFIED.);
#179=B_SPLINE_CURVE_WITH_KNOTS('',3,(#1800,#1801,#1802,#1803,#1804,#1805,
#1806,#1807,#1808,#1809,#1810,#1811,#1812,#1813),.UNSPECIFIED.,.F.,.F.,
(4,2,2,2,2,2,4),(1.00003823966875E-6,0.112103761783232,0.238635320139424,
0.380142198783015,0.531016907901388,0.641650460035583,0.760593318795595),
 .UNSPECIFIED.);
#180=B_SPLINE_CURVE_WITH_KNOTS('',3,(#1815,#1816,#1817,#1818,#1819,#1820),
 .UNSPECIFIED.,.F.,.F.,(4,2,4),(1.00018599616012E-6,0.423540904167517,0.835936424021784),
 .UNSPECIFIED.);
#181=B_SPLINE_CURVE_WITH_KNOTS('',3,(#1822,#1823,#1824,#1825,#1826,#1827,
#1828,#1829,#1830,#1831,#1832,#1833,#1834,#1835,#1836,#1837,#1838,#1839,
#1840,#1841,#1842,#1843),.UNSPECIFIED.,.F.,.F.,(4,2,2,2,2,2,2,2,2,2,4),
(9.97235979669048E-7,0.131484688230968,0.29729078399399,0.457562089817089,
0.617685617609033,0.78011689582058,0.937012992248549,1.10502647629669,1.26919011381942,
1.40773752705937,1.5603699791308),.UNSPECIFIED.);
#182=B_SPLINE_CURVE_WITH_KNOTS('',3,(#1845,#1846,#1847,#1848,#1849,#1850,
#1851,#1852,#1853,#1854,#1855,#1856,#1857,#1858,#1859,#1860),
 .UNSPECIFIED.,.F.,.F.,(4,2,2,2,2,2,2,4),(1.00517047369726E-6,0.213130159413602,
0.464538769752152,0.975104609364658,1.50268764947375,2.0338300196132,2.32102392748886,
2.61840595947556),.UNSPECIFIED.);
#183=B_SPLINE_CURVE_WITH_KNOTS('',3,(#1862,#1863,#1864,#1865,#1866,#1867,
#1868,#1869,#1870,#1871,#1872,#1873,#1874,#1875,#1876,#1877,#1878,#1879,
#1880,#1881,#1882,#1883,#1884,#1885,#1886),.UNSPECIFIED.,.F.,.F.,(4,2,2,
2,2,2,1,2,2,2,2,2,4),(0.,0.250000000000003,0.297075897903835,0.375000000000004,
0.437500000000007,0.468750000000008,0.484375000000009,0.492187500000009,
0.500000000000009,0.544114655363284,0.814829939711101,0.984331640699223,
1.0057477395814),.UNSPECIFIED.);
#184=B_SPLINE_CURVE_WITH_KNOTS('',3,(#1890,#1891,#1892,#1893,#1894,#1895,
#1896,#1897,#1898,#1899,#1900,#1901,#1902,#1903,#1904,#1905,#1906,#1907,
#1908,#1909,#1910,#1911,#1912,#1913,#1914,#1915,#1916,#1917),
 .UNSPECIFIED.,.F.,.F.,(4,2,2,2,2,2,2,2,2,2,2,2,2,4),(-3.88522861965536,
-3.80962785334952,-3.7438490814798,-3.65435325629937,-3.56524422055157,
-3.43328356202682,-2.96476339366752,-2.41925765073924,-1.93900804766664,
-1.56634884264416,-1.21672603833338,-0.769915448622683,-0.34865239151116,
-1.46516920490614E-5),.UNSPECIFIED.);
#185=B_SPLINE_CURVE_WITH_KNOTS('',3,(#1919,#1920,#1921,#1922,#1923,#1924,
#1925,#1926,#1927,#1928,#1929,#1930,#1931,#1932,#1933,#1934,#1935,#1936,
#1937,#1938),.UNSPECIFIED.,.F.,.F.,(4,2,2,2,2,2,2,2,2,4),(9.71384822492373E-7,
0.0353993903353346,0.0646352376274088,0.10825656855171,0.153584951852315,
0.194565884393303,0.23709245334614,0.270082909238224,0.289923675485808,
0.30724749160284),.UNSPECIFIED.);
#186=B_SPLINE_CURVE_WITH_KNOTS('',3,(#1940,#1941,#1942,#1943,#1944,#1945,
#1946,#1947,#1948,#1949,#1950,#1951,#1952,#1953,#1954,#1955,#1956,#1957),
 .UNSPECIFIED.,.F.,.F.,(4,2,2,2,2,2,2,2,4),(1.00112197610984E-6,0.471483871459765,
0.94302757415872,1.53883401899945,2.14694036036714,2.6275526825355,2.8680190135461,
2.98809634509415,3.16685881527551),.UNSPECIFIED.);
#187=B_SPLINE_CURVE_WITH_KNOTS('',3,(#1959,#1960,#1961,#1962,#1963,#1964,
#1965,#1966,#1967,#1968,#1969,#1970,#1971,#1972,#1973,#1974,#1975,#1976,
#1977,#1978,#1979,#1980,#1981,#1982,#1983,#1984,#1985,#1986,#1987,#1988),
 .UNSPECIFIED.,.F.,.F.,(4,2,2,2,2,2,2,2,2,2,2,2,2,2,4),(0.0296382600361772,
0.125,0.187499999999999,0.249999999999998,0.35119887015589,0.374999999999997,
0.437499999999997,0.499999999999997,0.521067260187438,0.681860459477507,
0.718263262971735,0.884987820205482,0.920303608510698,0.995100768581803,
1.01256377715709),.UNSPECIFIED.);
#188=B_SPLINE_CURVE_WITH_KNOTS('',3,(#1989,#1990,#1991,#1992,#1993,#1994,
#1995,#1996,#1997,#1998,#1999,#2000,#2001,#2002,#2003,#2004),
 .UNSPECIFIED.,.F.,.F.,(4,2,2,2,2,2,2,4),(9.07009113962058E-7,0.542211052556116,
1.06714640874527,1.91435705476917,2.78319460825159,3.46336711768165,3.83485473529416,
4.24324498809076),.UNSPECIFIED.);
#189=B_SPLINE_CURVE_WITH_KNOTS('',3,(#2006,#2007,#2008,#2009,#2010,#2011,
#2012,#2013,#2014,#2015,#2016,#2017,#2018,#2019,#2020,#2021,#2022,#2023,
#2024,#2025,#2026,#2027,#2028,#2029,#2030),.UNSPECIFIED.,.T.,.F.,(4,2,2,
2,2,2,1,2,2,2,2,2,4),(0.,0.0441763963033672,0.216518938686424,0.311967687890478,
0.439046538075243,0.55520591576126,0.814932129180984,1.07465834260071,1.30798867839671,
1.41412398299849,1.52334654209327,1.63856188997924,1.84414615600613),
 .UNSPECIFIED.);
#190=B_SPLINE_CURVE_WITH_KNOTS('',3,(#2163,#2164,#2165,#2166,#2167,#2168),
 .UNSPECIFIED.,.F.,.F.,(4,2,4),(-1.84414615600613,-1.63856188997924,-1.6165008482192),
 .UNSPECIFIED.);
#191=B_SPLINE_CURVE_WITH_KNOTS('',3,(#2169,#2170,#2171,#2172,#2173,#2174,
#2175,#2176,#2177,#2178,#2179,#2180,#2181,#2182,#2183,#2184,#2185,#2186,
#2187,#2188,#2189,#2190,#2191,#2192,#2193,#2194,#2195,#2196,#2197,#2198,
#2199,#2200,#2201,#2202,#2203,#2204,#2205,#2206,#2207,#2208,#2209,#2210,
#2211,#2212,#2213,#2214,#2215,#2216,#2217,#2218,#2219,#2220,#2221,#2222,
#2223,#2224,#2225,#2226,#2227,#2228,#2229,#2230,#2231,#2232,#2233,#2234,
#2235,#2236,#2237,#2238,#2239,#2240,#2241,#2242,#2243,#2244,#2245,#2246,
#2247,#2248,#2249,#2250,#2251,#2252,#2253,#2254,#2255,#2256,#2257,#2258,
#2259,#2260,#2261,#2262,#2263,#2264,#2265,#2266,#2267,#2268,#2269,#2270,
#2271,#2272,#2273,#2274,#2275,#2276,#2277,#2278,#2279,#2280,#2281,#2282,
#2283,#2284,#2285,#2286,#2287,#2288,#2289,#2290,#2291,#2292,#2293,#2294,
#2295,#2296,#2297,#2298,#2299,#2300,#2301,#2302,#2303,#2304,#2305,#2306,
#2307,#2308,#2309,#2310,#2311,#2312,#2313,#2314,#2315,#2316,#2317,#2318,
#2319,#2320,#2321,#2322,#2323,#2324,#2325,#2326,#2327,#2328,#2329,#2330,
#2331,#2332,#2333,#2334,#2335,#2336,#2337,#2338,#2339,#2340,#2341,#2342,
#2343,#2344,#2345,#2346),.UNSPECIFIED.,.F.,.F.,(4,3,3,3,3,3,3,3,3,3,3,3,
3,3,3,3,3,3,3,3,3,3,3,3,3,3,3,3,3,3,3,3,3,3,3,3,3,3,3,3,3,3,3,3,3,3,3,3,
3,3,3,3,3,3,3,3,3,3,3,4),(-1.61650084598793,-1.5867907648053,-1.55708289150999,
-1.52737333057299,-1.52334654209327,-1.49358349782296,-1.46381499763164,
-1.43403062525171,-1.41412398299849,-1.38295038513103,-1.35175813219159,
-1.32055928929588,-1.30798867839671,-1.27738556670371,-1.24675545829284,
-1.21610534282441,-1.18544225769336,-1.15476956481809,-1.12410217748863,
-1.09344901391987,-1.07465834260071,-1.0453838505127,-1.01613184025668,
-0.986894461432212,-0.957667400574744,-0.928446352963387,-0.899218643101765,
-0.869990284857713,-0.840744327057544,-0.814932129180984,-0.785946657178294,
-0.757005543908017,-0.72809153829972,-0.699199369892725,-0.670323790945571,
-0.641455412216679,-0.61259371105659,-0.583723343623606,-0.55520591576126,
-0.525460604907536,-0.495714426260521,-0.465958616160469,-0.439046538075243,
-0.409508141255954,-0.379935592861384,-0.350346418441013,-0.320726329700637,
-0.311967687890478,-0.281487714133536,-0.250965925586845,-0.220390471011816,
-0.216518938686424,-0.185317878612883,-0.154062231721189,-0.122749125891836,
-0.091419823878528,-0.0600846109956524,-0.0441763963033672,-0.0122004636505378,
0.),.UNSPECIFIED.);
#192=B_SPLINE_CURVE_WITH_KNOTS('',3,(#2455,#2456,#2457,#2458,#2459,#2460,
#2461),.UNSPECIFIED.,.F.,.F.,(4,1,2,4),(0.,0.202038750893016,0.404077501786031,
0.505064633918387),.UNSPECIFIED.);
#193=B_SPLINE_CURVE_WITH_KNOTS('',3,(#2462,#2463,#2464,#2465,#2466,#2467,
#2468,#2469,#2470,#2471,#2472,#2473,#2474,#2475,#2476,#2477,#2478,#2479,
#2480,#2481,#2482,#2483,#2484,#2485,#2486,#2487,#2488,#2489,#2490,#2491,
#2492,#2493,#2494,#2495,#2496,#2497,#2498,#2499,#2500,#2501,#2502,#2503,
#2504,#2505,#2506,#2507,#2508,#2509,#2510,#2511,#2512,#2513,#2514,#2515,
#2516,#2517,#2518,#2519,#2520,#2521,#2522,#2523,#2524,#2525,#2526,#2527,
#2528,#2529,#2530,#2531,#2532,#2533,#2534,#2535,#2536,#2537,#2538,#2539,
#2540,#2541,#2542,#2543,#2544,#2545,#2546,#2547,#2548,#2549,#2550,#2551,
#2552,#2553,#2554,#2555,#2556,#2557,#2558,#2559,#2560,#2561,#2562,#2563,
#2564,#2565,#2566,#2567,#2568,#2569,#2570,#2571,#2572,#2573,#2574,#2575,
#2576,#2577,#2578,#2579,#2580,#2581,#2582,#2583,#2584,#2585,#2586,#2587,
#2588,#2589,#2590,#2591,#2592,#2593,#2594,#2595,#2596,#2597,#2598,#2599,
#2600,#2601,#2602,#2603,#2604,#2605,#2606,#2607,#2608,#2609,#2610,#2611,
#2612),.UNSPECIFIED.,.F.,.F.,(4,3,3,3,3,3,3,3,3,3,3,3,3,3,3,3,3,3,3,3,3,
3,3,3,3,3,3,3,3,3,3,3,3,3,3,3,3,3,3,3,3,3,3,3,3,3,3,3,3,3,4),(0.505064644420142,
0.535851714619079,0.566649583815392,0.587156946987326,0.617311627696347,
0.647472479073678,0.677641979867187,0.707807807484068,0.737969513509252,
0.767932325709955,0.797224369511277,0.826507085059288,0.855787251028259,
0.885063953453482,0.914344678485145,0.920656027140121,0.949624903422769,
0.978582311671478,1.0075372710456,1.03648967144835,1.0654500329376,1.07337972857029,
1.10237739736035,1.1313673792879,1.16036009212849,1.18935318495585,1.21835812440253,
1.22610343000045,1.25548688174899,1.2863219441694,1.31570225875261,1.34508166025446,
1.3744673672462,1.37882713143062,1.40895449213055,1.4390858060871,1.46921809627741,
1.4993501771478,1.52947505161038,1.55958947893887,1.57160253102652,1.60168483454593,
1.63176527828445,1.66184123286813,1.69190968417846,1.72196683726048,1.75200806970061,
1.76709303474593,1.7975438409006,1.82798863792065,1.83470135811003),
 .UNSPECIFIED.);
#194=B_SPLINE_CURVE_WITH_KNOTS('',3,(#2613,#2614,#2615,#2616,#2617,#2618,
#2619,#2620,#2621,#2622,#2623,#2624,#2625,#2626,#2627,#2628,#2629,#2630,
#2631,#2632),.UNSPECIFIED.,.T.,.F.,(4,2,2,2,1,1,1,2,2,2,1,4),(-1.83470135811003,
-1.76709303474593,-1.57160253102652,-1.37882713143062,-1.22610343000045,
-1.07337972857029,-0.920656027140121,-0.767932325709955,-0.587156946987326,
-0.404077501786031,-0.202038750893016,0.),.UNSPECIFIED.);
#195=B_SPLINE_CURVE_WITH_KNOTS('',3,(#2799,#2800,#2801,#2802,#2803,#2804,
#2805,#2806,#2807,#2808,#2809,#2810,#2811,#2812),.UNSPECIFIED.,.F.,.F.,
(4,2,2,2,2,2,4),(0.,0.501738217190184,1.02787744668782,1.85442790142531,
2.72424898339785,3.22412728684393,3.70904855113074),.UNSPECIFIED.);
#196=B_SPLINE_CURVE_WITH_KNOTS('',3,(#2814,#2815,#2816,#2817,#2818,#2819,
#2820,#2821,#2822,#2823,#2824,#2825,#2826,#2827,#2828,#2829,#2830,#2831,
#2832,#2833,#2834,#2835,#2836,#2837,#2838,#2839,#2840,#2841,#2842,#2843,
#2844,#2845,#2846,#2847,#2848,#2849,#2850),.UNSPECIFIED.,.F.,.F.,(4,3,3,
3,3,3,3,3,3,3,3,3,4),(-1.53304736008629,-1.2817273286587,-1.26673967187738,
-1.22496902791025,-1.14319698402345,-0.944246467892386,-0.839026301815506,
-0.753465177181178,-0.529284588702361,-0.418864151913969,-0.376688751742951,
-0.230400505909891,-1.00001669334215E-6),.UNSPECIFIED.);
#197=B_SPLINE_CURVE_WITH_KNOTS('',3,(#2852,#2853,#2854,#2855,#2856,#2857,
#2858,#2859,#2860,#2861,#2862,#2863,#2864,#2865,#2866,#2867,#2868,#2869),
 .UNSPECIFIED.,.F.,.F.,(4,2,2,2,2,2,2,2,4),(1.00359621596796E-6,0.0438653625765145,
0.0888360576484051,0.13362627290553,0.17839761396216,0.223196950113155,
0.268036916763846,0.313031983752107,0.356728151266823),.UNSPECIFIED.);
#198=B_SPLINE_CURVE_WITH_KNOTS('',3,(#2870,#2871,#2872,#2873,#2874,#2875,
#2876,#2877,#2878,#2879,#2880,#2881,#2882,#2883,#2884,#2885,#2886,#2887,
#2888,#2889,#2890,#2891,#2892,#2893,#2894,#2895,#2896,#2897,#2898,#2899,
#2900,#2901,#2902,#2903,#2904,#2905,#2906,#2907,#2908,#2909),
 .UNSPECIFIED.,.F.,.F.,(4,3,3,3,3,3,3,3,3,3,3,3,3,4),(-0.212919897789787,
-0.1684944850657,-0.126564226082261,-0.124189066495837,-0.110752588462707,
-0.0990683742297995,-0.0850220257494817,-0.0698933499588759,-0.0543030061461692,
-0.0407275047066844,-0.0281820852669008,-0.016364430437652,-0.00534044607602574,
-1.00038822979653E-6),.UNSPECIFIED.);
#199=B_SPLINE_CURVE_WITH_KNOTS('',3,(#2952,#2953,#2954,#2955,#2956,#2957,
#2958,#2959,#2960,#2961,#2962,#2963,#2964,#2965,#2966,#2967,#2968,#2969,
#2970,#2971,#2972,#2973,#2974,#2975,#2976,#2977,#2978,#2979,#2980,#2981,
#2982,#2983,#2984,#2985,#2986,#2987,#2988,#2989,#2990),.UNSPECIFIED.,.F.,
 .F.,(4,2,2,2,2,2,2,2,2,2,3,2,2,2,2,2,2,2,4),(0.355815436467603,0.380708078749839,
0.412318658432205,0.449759748893638,0.495142685837218,0.537487173537473,
0.581165520547155,0.62560247031568,0.669686157016668,0.703847075483157,
0.711585381233963,0.738714285221223,0.768128178777514,0.807263186320783,
0.849078784294301,0.892330432431843,0.937003281411398,0.98136389670078,
1.02282758988551),.UNSPECIFIED.);
#200=B_SPLINE_CURVE_WITH_KNOTS('',3,(#2991,#2992,#2993,#2994,#2995,#2996,
#2997,#2998),.UNSPECIFIED.,.F.,.F.,(4,2,2,4),(1.02282758988551,1.02382927221022,
1.06067656043686,1.06740081770157),.UNSPECIFIED.);
#201=B_SPLINE_CURVE_WITH_KNOTS('',3,(#3003,#3004,#3005,#3006,#3007,#3008,
#3009,#3010,#3011,#3012,#3013,#3014,#3015,#3016,#3017,#3018,#3019,#3020,
#3021,#3022,#3023,#3024,#3025,#3026,#3027,#3028,#3029,#3030,#3031,#3032,
#3033,#3034,#3035,#3036,#3037,#3038,#3039,#3040,#3041,#3042,#3043,#3044,
#3045,#3046,#3047,#3048,#3049),.UNSPECIFIED.,.F.,.F.,(4,2,2,2,2,2,2,2,2,
2,2,2,2,2,2,2,2,3,2,2,2,2,4),(-0.49802060048758,-0.492354221382311,-0.447360582220246,
-0.421507408668165,-0.403685786884996,-0.386867881656812,-0.365412133099322,
-0.32839648256609,-0.284811899591601,-0.240109190572419,-0.196559533564671,
-0.155787238886971,-0.117527047449873,-0.0824818830107038,-0.061747723429118,
-0.0448504928297492,-0.0265725544890304,0.,0.0255301162589472,0.0466279272508977,
0.0911214802089827,0.135596816475971,0.17470777965951),.UNSPECIFIED.);
#202=B_SPLINE_CURVE_WITH_KNOTS('',3,(#3050,#3051,#3052,#3053,#3054,#3055),
 .UNSPECIFIED.,.F.,.F.,(4,2,4),(0.17470777965951,0.177460462798008,0.211276373757049),
 .UNSPECIFIED.);
#203=B_SPLINE_CURVE_WITH_KNOTS('',3,(#3063,#3064,#3065,#3066,#3067,#3068,
#3069,#3070,#3071,#3072,#3073,#3074,#3075,#3076,#3077,#3078,#3079,#3080,
#3081,#3082,#3083,#3084,#3085,#3086,#3087,#3088,#3089,#3090,#3091,#3092,
#3093,#3094,#3095,#3096,#3097,#3098,#3099,#3100,#3101),.UNSPECIFIED.,.F.,
 .F.,(4,2,2,2,2,2,2,2,2,2,2,2,2,2,2,3,2,2,4),(0.169363345051162,0.174855403104854,
0.214770776626896,0.248634763884624,0.282035000654754,0.319990907134726,
0.364772175997218,0.406956224212833,0.450278599139256,0.495250476450592,
0.540319697599745,0.579657343961728,0.612783851073084,0.645116709951813,
0.682494973645187,0.711257094555162,0.75301484527336,0.79609892225831,0.832985935196879),
 .UNSPECIFIED.);
#204=B_SPLINE_CURVE_WITH_KNOTS('',3,(#3102,#3103,#3104,#3105,#3106,#3107),
 .UNSPECIFIED.,.F.,.F.,(4,2,4),(0.832985935196879,0.841108665440053,0.880620439606324),
 .UNSPECIFIED.);
#205=B_SPLINE_CURVE_WITH_KNOTS('',3,(#3113,#3114,#3115,#3116,#3117,#3118,
#3119,#3120,#3121,#3122,#3123,#3124,#3125,#3126),.UNSPECIFIED.,.F.,.F.,
(4,2,2,2,2,2,4),(1.00000005336025E-6,0.120539811872817,0.249120796503912,
0.380329181800124,0.515264545411171,0.633329020592168,0.760441321627763),
 .UNSPECIFIED.);
#206=B_SPLINE_CURVE_WITH_KNOTS('',3,(#3865,#3866,#3867,#3868,#3869,#3870,
#3871,#3872,#3873,#3874,#3875,#3876,#3877,#3878,#3879,#3880),
 .UNSPECIFIED.,.F.,.F.,(4,2,2,2,2,2,2,4),(-3.7318543090199,-3.55087262556001,
-3.39815304105606,-3.07599604672177,-2.22746208990444,-1.38460511081355,
-0.703636345504878,-1.00001782590382E-6),.UNSPECIFIED.);
#207=B_SPLINE_CURVE_WITH_KNOTS('',3,(#3882,#3883,#3884,#3885,#3886,#3887,
#3888,#3889,#3890,#3891,#3892,#3893,#3894,#3895,#3896,#3897,#3898,#3899,
#3900,#3901,#3902,#3903,#3904,#3905,#3906,#3907,#3908,#3909,#3910,#3911),
 .UNSPECIFIED.,.F.,.F.,(4,2,2,2,2,2,2,2,2,2,2,2,2,2,4),(0.020352878265914,
0.111782936557558,0.125,0.187499999999999,0.249999999999998,0.351151172681063,
0.374999999999997,0.437499999999997,0.499999999999997,0.521067260187438,
0.681797600822678,0.718263262971735,0.888446992111303,0.920303608510698,
0.995100749754203),.UNSPECIFIED.);
#208=B_SPLINE_CURVE_WITH_KNOTS('',3,(#3913,#3914,#3915,#3916,#3917,#3918,
#3919,#3920,#3921,#3922,#3923,#3924,#3925,#3926,#3927,#3928,#3929,#3930,
#3931,#3932),.UNSPECIFIED.,.F.,.F.,(4,2,2,2,2,2,2,2,2,4),(-0.85413134698185,
-0.792159691484732,-0.728634431159605,-0.603197556962949,-0.437619688453238,
-0.27868257143593,-0.151528125846808,-0.0857200508959019,-0.0517339995390288,
-0.000401354806656651),.UNSPECIFIED.);
#209=B_SPLINE_CURVE_WITH_KNOTS('',3,(#3934,#3935,#3936,#3937,#3938,#3939,
#3940,#3941,#3942,#3943,#3944,#3945,#3946,#3947,#3948,#3949,#3950,#3951,
#3952,#3953),.UNSPECIFIED.,.F.,.F.,(4,2,2,2,2,2,2,2,2,4),(9.98165743418499E-7,
0.0353683018112307,0.0646320913110119,0.108273486075898,0.153594789038715,
0.194599809862936,0.237162865720838,0.270242831506167,0.289967299452431,
0.307245248180055),.UNSPECIFIED.);
#210=B_SPLINE_CURVE_WITH_KNOTS('',3,(#3955,#3956,#3957,#3958,#3959,#3960,
#3961,#3962,#3963,#3964,#3965,#3966,#3967,#3968,#3969,#3970,#3971,#3972),
 .UNSPECIFIED.,.F.,.F.,(4,2,2,2,2,2,2,2,4),(-3.88715254054151,-3.46066296244932,
-3.06564264323847,-2.46108399726231,-1.88210113361546,-1.30815062241467,
-0.879007980072623,-0.398821936278932,-1.00019415047163E-6),
 .UNSPECIFIED.);
#211=B_SPLINE_CURVE_WITH_KNOTS('',3,(#3976,#3977,#3978,#3979,#3980,#3981,
#3982,#3983,#3984,#3985,#3986,#3987,#3988,#3989,#3990),.UNSPECIFIED.,.F.,
 .F.,(4,2,2,1,1,1,2,2,4),(0.,0.250000000000003,0.375000000000004,0.437500000000007,
0.468750000000008,0.484375000000009,0.492187500000009,0.500000000000009,
0.984331640699223),.UNSPECIFIED.);
#212=B_SPLINE_CURVE_WITH_KNOTS('',3,(#3992,#3993,#3994,#3995,#3996,#3997,
#3998,#3999,#4000,#4001,#4002,#4003,#4004,#4005,#4006,#4007),
 .UNSPECIFIED.,.F.,.F.,(4,2,2,2,2,2,2,4),(-3.83834642342428,-3.26834761232074,
-2.72239844599475,-1.85891926220617,-1.01996899148295,-0.402152063096215,
-0.216905224562831,-9.99999996142975E-7),.UNSPECIFIED.);
#213=B_SPLINE_CURVE_WITH_KNOTS('',3,(#4009,#4010,#4011,#4012,#4013,#4014,
#4015,#4016,#4017,#4018,#4019,#4020,#4021,#4022,#4023,#4024,#4025,#4026,
#4027,#4028,#4029,#4030),.UNSPECIFIED.,.F.,.F.,(4,2,2,2,2,2,2,2,2,2,4),
(-1.56029765246108,-1.42183879335896,-1.2643345441798,-1.09941198292688,
-0.927073087702746,-0.780163437512586,-0.64238945708951,-0.479988090275869,
-0.32261465749545,-0.148851716475803,-1.00000004299439E-6),
 .UNSPECIFIED.);
#214=B_SPLINE_CURVE_WITH_KNOTS('',3,(#4031,#4032,#4033,#4034,#4035,#4036),
 .UNSPECIFIED.,.F.,.F.,(4,2,4),(-0.835865800593383,-0.416281829138135,-9.99999999806711E-7),
 .UNSPECIFIED.);
#215=B_SPLINE_CURVE_WITH_KNOTS('',3,(#4039,#4040,#4041,#4042,#4043,#4044,
#4045,#4046,#4047,#4048,#4049,#4050,#4051,#4052),.UNSPECIFIED.,.F.,.F.,
(4,2,2,2,2,2,4),(9.99971715098802E-7,0.501157762866749,1.02691139292117,
1.85329567685671,2.72315286083441,3.22317927447584,3.70678875562995),
 .UNSPECIFIED.);
#216=B_SPLINE_CURVE_WITH_KNOTS('',3,(#4091,#4092,#4093,#4094,#4095,#4096,
#4097,#4098,#4099,#4100,#4101,#4102,#4103,#4104,#4105,#4106,#4107,#4108,
#4109,#4110,#4111,#4112,#4113,#4114,#4115,#4116,#4117,#4118,#4119,#4120,
#4121,#4122,#4123,#4124,#4125,#4126,#4127,#4128,#4129,#4130,#4131,#4132,
#4133),.UNSPECIFIED.,.F.,.F.,(4,3,3,3,3,3,3,3,3,3,3,3,3,3,4),(1.00000000835543E-6,
0.200433613504123,0.317209636607067,0.383344395426183,0.391742519023894,
0.459502569834436,0.524319436315709,0.595076453089225,0.669807417697508,
0.744006666559348,0.809467980450018,0.87086092014939,0.929066595917189,
0.98375808606679,1.00277318687709),.UNSPECIFIED.);
#217=B_SPLINE_CURVE_WITH_KNOTS('',3,(#4359,#4360,#4361,#4362,#4363,#4364),
 .UNSPECIFIED.,.F.,.F.,(4,2,4),(-0.000423837099661467,-0.000212412736891748,
-9.6001833441758E-7),.UNSPECIFIED.);
#218=B_SPLINE_CURVE_WITH_KNOTS('',3,(#4366,#4367,#4368,#4369,#4370,#4371,
#4372,#4373,#4374,#4375,#4376,#4377,#4378,#4379,#4380,#4381,#4382,#4383,
#4384,#4385,#4386,#4387,#4388,#4389),.UNSPECIFIED.,.F.,.F.,(4,2,2,2,2,2,
2,2,2,2,2,4),(-0.358955187611184,-0.337700090219542,-0.313240058526593,
-0.272473888910226,-0.226479873426821,-0.197071453375467,-0.176492214721419,
-0.156967888381735,-0.132174192479451,-0.0908645258348777,-0.0457758954344528,
-0.00249109964301138),.UNSPECIFIED.);
#219=B_SPLINE_CURVE_WITH_KNOTS('',3,(#4390,#4391,#4392,#4393,#4394,#4395,
#4396,#4397,#4398,#4399,#4400,#4401,#4402,#4403,#4404,#4405,#4406,#4407,
#4408,#4409,#4410,#4411,#4412,#4413,#4414,#4415,#4416,#4417,#4418,#4419,
#4420,#4421,#4422,#4423,#4424,#4425,#4426,#4427,#4428,#4429,#4430,#4431,
#4432,#4433,#4434,#4435,#4436,#4437,#4438),.UNSPECIFIED.,.F.,.F.,(4,3,3,
3,3,3,3,3,3,3,3,3,3,3,3,3,4),(0.000136093958026948,0.0143716655941127,0.0299447732979665,
0.0479998317601612,0.0678099343221442,0.084307510968706,0.0955616945523784,
0.119064456408229,0.133412121558267,0.193288313980827,0.229004432201661,
0.264379747548413,0.264933726847471,0.404354806178148,0.408257192201323,
0.472678083779771,0.551180814362714),.UNSPECIFIED.);
#220=CIRCLE('',#621,0.15);
#221=CIRCLE('',#622,184.984414293315);
#222=CIRCLE('',#624,2.84852544838074);
#223=CIRCLE('',#625,0.15);
#224=CIRCLE('',#627,2.84852544838074);
#225=CIRCLE('',#628,0.149999999999999);
#226=CIRCLE('',#630,2.84852544838074);
#227=CIRCLE('',#633,1.72641637900082);
#228=CIRCLE('',#634,2.08254021990736);
#229=CIRCLE('',#636,1.65539265027973);
#230=CIRCLE('',#639,1.72641637900082);
#231=CIRCLE('',#640,2.08254021990736);
#232=CIRCLE('',#642,1.65539265027973);
#233=CIRCLE('',#645,1.72641637900082);
#234=CIRCLE('',#646,2.08254021990735);
#235=CIRCLE('',#648,1.65539265027973);
#236=CIRCLE('',#651,1.125);
#237=CIRCLE('',#653,1.125);
#238=CIRCLE('',#656,1.125);
#239=CIRCLE('',#660,207.874410624193);
#240=VERTEX_POINT('',#880);
#241=VERTEX_POINT('',#881);
#242=VERTEX_POINT('',#904);
#243=VERTEX_POINT('',#1798);
#244=VERTEX_POINT('',#1799);
#245=VERTEX_POINT('',#1814);
#246=VERTEX_POINT('',#1821);
#247=VERTEX_POINT('',#1844);
#248=VERTEX_POINT('',#1861);
#249=VERTEX_POINT('',#1887);
#250=VERTEX_POINT('',#1889);
#251=VERTEX_POINT('',#1918);
#252=VERTEX_POINT('',#1939);
#253=VERTEX_POINT('',#1958);
#254=VERTEX_POINT('',#2005);
#255=VERTEX_POINT('',#2032);
#256=VERTEX_POINT('',#2160);
#257=VERTEX_POINT('',#2162);
#258=VERTEX_POINT('',#2348);
#259=VERTEX_POINT('',#2451);
#260=VERTEX_POINT('',#2452);
#261=VERTEX_POINT('',#2454);
#262=VERTEX_POINT('',#2634);
#263=VERTEX_POINT('',#2797);
#264=VERTEX_POINT('',#2813);
#265=VERTEX_POINT('',#2851);
#266=VERTEX_POINT('',#2911);
#267=VERTEX_POINT('',#2913);
#268=VERTEX_POINT('',#2917);
#269=VERTEX_POINT('',#2922);
#270=VERTEX_POINT('',#2924);
#271=VERTEX_POINT('',#2928);
#272=VERTEX_POINT('',#2933);
#273=VERTEX_POINT('',#2935);
#274=VERTEX_POINT('',#2939);
#275=VERTEX_POINT('',#2944);
#276=VERTEX_POINT('',#2947);
#277=VERTEX_POINT('',#2950);
#278=VERTEX_POINT('',#2951);
#279=VERTEX_POINT('',#3001);
#280=VERTEX_POINT('',#3002);
#281=VERTEX_POINT('',#3056);
#282=VERTEX_POINT('',#3061);
#283=VERTEX_POINT('',#3062);
#284=VERTEX_POINT('',#3110);
#285=VERTEX_POINT('',#3112);
#286=VERTEX_POINT('',#3864);
#287=VERTEX_POINT('',#3881);
#288=VERTEX_POINT('',#3912);
#289=VERTEX_POINT('',#3933);
#290=VERTEX_POINT('',#3954);
#291=VERTEX_POINT('',#3973);
#292=VERTEX_POINT('',#3975);
#293=VERTEX_POINT('',#3991);
#294=VERTEX_POINT('',#4008);
#295=VERTEX_POINT('',#4087);
#296=VERTEX_POINT('',#4089);
#297=VERTEX_POINT('',#4365);
#298=EDGE_CURVE('',#240,#241,#220,.T.);
#299=EDGE_CURVE('',#241,#241,#176,.T.);
#300=EDGE_CURVE('',#240,#242,#177,.T.);
#301=EDGE_CURVE('',#242,#240,#178,.T.);
#302=EDGE_CURVE('',#243,#244,#179,.F.);
#303=EDGE_CURVE('',#245,#244,#180,.F.);
#304=EDGE_CURVE('',#245,#246,#181,.F.);
#305=EDGE_CURVE('',#247,#246,#182,.F.);
#306=EDGE_CURVE('',#248,#247,#183,.T.);
#307=EDGE_CURVE('',#249,#248,#221,.T.);
#308=EDGE_CURVE('',#249,#250,#184,.F.);
#309=EDGE_CURVE('',#251,#250,#185,.F.);
#310=EDGE_CURVE('',#251,#252,#186,.T.);
#311=EDGE_CURVE('',#252,#253,#187,.T.);
#312=EDGE_CURVE('',#243,#253,#188,.F.);
#313=EDGE_CURVE('',#254,#254,#189,.T.);
#314=EDGE_CURVE('',#242,#255,#29,.T.);
#315=EDGE_CURVE('',#255,#255,#222,.T.);
#316=EDGE_CURVE('',#254,#256,#223,.T.);
#317=EDGE_CURVE('',#256,#257,#190,.T.);
#318=EDGE_CURVE('',#257,#256,#191,.T.);
#319=EDGE_CURVE('',#257,#258,#30,.T.);
#320=EDGE_CURVE('',#258,#258,#224,.T.);
#321=EDGE_CURVE('',#259,#260,#225,.T.);
#322=EDGE_CURVE('',#260,#261,#192,.T.);
#323=EDGE_CURVE('',#261,#260,#193,.T.);
#324=EDGE_CURVE('',#259,#259,#194,.T.);
#325=EDGE_CURVE('',#261,#262,#31,.T.);
#326=EDGE_CURVE('',#262,#262,#226,.T.);
#327=EDGE_CURVE('',#249,#263,#28,.F.);
#328=EDGE_CURVE('',#253,#247,#195,.T.);
#329=EDGE_CURVE('',#264,#252,#196,.F.);
#330=EDGE_CURVE('',#265,#264,#197,.T.);
#331=EDGE_CURVE('',#263,#265,#198,.F.);
#332=EDGE_CURVE('',#266,#266,#227,.T.);
#333=EDGE_CURVE('',#266,#267,#32,.T.);
#334=EDGE_CURVE('',#267,#267,#228,.T.);
#335=EDGE_CURVE('',#268,#268,#229,.F.);
#336=EDGE_CURVE('',#268,#266,#33,.T.);
#337=EDGE_CURVE('',#269,#269,#230,.T.);
#338=EDGE_CURVE('',#269,#270,#34,.T.);
#339=EDGE_CURVE('',#270,#270,#231,.T.);
#340=EDGE_CURVE('',#271,#271,#232,.F.);
#341=EDGE_CURVE('',#271,#269,#35,.T.);
#342=EDGE_CURVE('',#272,#272,#233,.T.);
#343=EDGE_CURVE('',#272,#273,#36,.T.);
#344=EDGE_CURVE('',#273,#273,#234,.T.);
#345=EDGE_CURVE('',#274,#274,#235,.F.);
#346=EDGE_CURVE('',#274,#272,#37,.T.);
#347=EDGE_CURVE('',#275,#275,#236,.T.);
#348=EDGE_CURVE('',#276,#276,#237,.T.);
#349=EDGE_CURVE('',#277,#278,#199,.T.);
#350=EDGE_CURVE('',#278,#277,#200,.T.);
#351=EDGE_CURVE('',#278,#276,#38,.T.);
#352=EDGE_CURVE('',#279,#280,#201,.T.);
#353=EDGE_CURVE('',#280,#279,#202,.T.);
#354=EDGE_CURVE('',#280,#281,#39,.T.);
#355=EDGE_CURVE('',#281,#281,#238,.T.);
#356=EDGE_CURVE('',#282,#283,#203,.T.);
#357=EDGE_CURVE('',#283,#282,#204,.T.);
#358=EDGE_CURVE('',#283,#275,#40,.T.);
#359=EDGE_CURVE('',#284,#243,#41,.T.);
#360=EDGE_CURVE('',#285,#284,#205,.T.);
#361=EDGE_CURVE('',#244,#285,#42,.T.);
#362=EDGE_CURVE('',#286,#284,#206,.F.);
#363=EDGE_CURVE('',#287,#286,#207,.T.);
#364=EDGE_CURVE('',#288,#287,#208,.T.);
#365=EDGE_CURVE('',#289,#288,#209,.T.);
#366=EDGE_CURVE('',#290,#289,#210,.T.);
#367=EDGE_CURVE('',#290,#291,#239,.T.);
#368=EDGE_CURVE('',#291,#292,#211,.T.);
#369=EDGE_CURVE('',#293,#292,#212,.F.);
#370=EDGE_CURVE('',#293,#294,#213,.F.);
#371=EDGE_CURVE('',#285,#294,#214,.F.);
#372=EDGE_CURVE('',#246,#293,#43,.T.);
#373=EDGE_CURVE('',#292,#286,#215,.F.);
#374=EDGE_CURVE('',#294,#245,#44,.T.);
#375=EDGE_CURVE('',#263,#295,#45,.T.);
#376=EDGE_CURVE('',#265,#296,#46,.F.);
#377=EDGE_CURVE('',#296,#295,#216,.T.);
#378=EDGE_CURVE('',#290,#295,#217,.T.);
#379=EDGE_CURVE('',#297,#296,#218,.F.);
#380=EDGE_CURVE('',#287,#297,#219,.T.);
#381=EDGE_CURVE('',#287,#252,#47,.T.);
#382=EDGE_CURVE('',#288,#251,#48,.F.);
#383=EDGE_CURVE('',#297,#264,#49,.F.);
#384=EDGE_CURVE('',#289,#250,#50,.F.);
#385=ORIENTED_EDGE('',*,*,#298,.T.);
#386=ORIENTED_EDGE('',*,*,#299,.T.);
#387=ORIENTED_EDGE('',*,*,#298,.F.);
#388=ORIENTED_EDGE('',*,*,#300,.T.);
#389=ORIENTED_EDGE('',*,*,#301,.T.);
#390=ORIENTED_EDGE('',*,*,#302,.T.);
#391=ORIENTED_EDGE('',*,*,#303,.F.);
#392=ORIENTED_EDGE('',*,*,#304,.T.);
#393=ORIENTED_EDGE('',*,*,#305,.F.);
#394=ORIENTED_EDGE('',*,*,#306,.F.);
#395=ORIENTED_EDGE('',*,*,#307,.F.);
#396=ORIENTED_EDGE('',*,*,#308,.T.);
#397=ORIENTED_EDGE('',*,*,#309,.F.);
#398=ORIENTED_EDGE('',*,*,#310,.T.);
#399=ORIENTED_EDGE('',*,*,#311,.T.);
#400=ORIENTED_EDGE('',*,*,#312,.F.);
#401=ORIENTED_EDGE('',*,*,#313,.F.);
#402=ORIENTED_EDGE('',*,*,#299,.F.);
#403=ORIENTED_EDGE('',*,*,#300,.F.);
#404=ORIENTED_EDGE('',*,*,#301,.F.);
#405=ORIENTED_EDGE('',*,*,#314,.T.);
#406=ORIENTED_EDGE('',*,*,#315,.T.);
#407=ORIENTED_EDGE('',*,*,#314,.F.);
#408=ORIENTED_EDGE('',*,*,#316,.T.);
#409=ORIENTED_EDGE('',*,*,#317,.T.);
#410=ORIENTED_EDGE('',*,*,#318,.T.);
#411=ORIENTED_EDGE('',*,*,#316,.F.);
#412=ORIENTED_EDGE('',*,*,#313,.T.);
#413=ORIENTED_EDGE('',*,*,#317,.F.);
#414=ORIENTED_EDGE('',*,*,#318,.F.);
#415=ORIENTED_EDGE('',*,*,#319,.T.);
#416=ORIENTED_EDGE('',*,*,#320,.T.);
#417=ORIENTED_EDGE('',*,*,#319,.F.);
#418=ORIENTED_EDGE('',*,*,#321,.T.);
#419=ORIENTED_EDGE('',*,*,#322,.T.);
#420=ORIENTED_EDGE('',*,*,#323,.T.);
#421=ORIENTED_EDGE('',*,*,#321,.F.);
#422=ORIENTED_EDGE('',*,*,#324,.T.);
#423=ORIENTED_EDGE('',*,*,#322,.F.);
#424=ORIENTED_EDGE('',*,*,#323,.F.);
#425=ORIENTED_EDGE('',*,*,#325,.T.);
#426=ORIENTED_EDGE('',*,*,#326,.T.);
#427=ORIENTED_EDGE('',*,*,#325,.F.);
#428=ORIENTED_EDGE('',*,*,#327,.F.);
#429=ORIENTED_EDGE('',*,*,#307,.T.);
#430=ORIENTED_EDGE('',*,*,#306,.T.);
#431=ORIENTED_EDGE('',*,*,#328,.F.);
#432=ORIENTED_EDGE('',*,*,#311,.F.);
#433=ORIENTED_EDGE('',*,*,#329,.F.);
#434=ORIENTED_EDGE('',*,*,#330,.F.);
#435=ORIENTED_EDGE('',*,*,#331,.F.);
#436=ORIENTED_EDGE('',*,*,#324,.F.);
#437=ORIENTED_EDGE('',*,*,#332,.T.);
#438=ORIENTED_EDGE('',*,*,#333,.T.);
#439=ORIENTED_EDGE('',*,*,#334,.T.);
#440=ORIENTED_EDGE('',*,*,#333,.F.);
#441=ORIENTED_EDGE('',*,*,#335,.F.);
#442=ORIENTED_EDGE('',*,*,#336,.T.);
#443=ORIENTED_EDGE('',*,*,#332,.F.);
#444=ORIENTED_EDGE('',*,*,#336,.F.);
#445=ORIENTED_EDGE('',*,*,#315,.F.);
#446=ORIENTED_EDGE('',*,*,#334,.F.);
#447=ORIENTED_EDGE('',*,*,#337,.T.);
#448=ORIENTED_EDGE('',*,*,#338,.T.);
#449=ORIENTED_EDGE('',*,*,#339,.T.);
#450=ORIENTED_EDGE('',*,*,#338,.F.);
#451=ORIENTED_EDGE('',*,*,#340,.F.);
#452=ORIENTED_EDGE('',*,*,#341,.T.);
#453=ORIENTED_EDGE('',*,*,#337,.F.);
#454=ORIENTED_EDGE('',*,*,#341,.F.);
#455=ORIENTED_EDGE('',*,*,#326,.F.);
#456=ORIENTED_EDGE('',*,*,#339,.F.);
#457=ORIENTED_EDGE('',*,*,#342,.T.);
#458=ORIENTED_EDGE('',*,*,#343,.T.);
#459=ORIENTED_EDGE('',*,*,#344,.T.);
#460=ORIENTED_EDGE('',*,*,#343,.F.);
#461=ORIENTED_EDGE('',*,*,#345,.F.);
#462=ORIENTED_EDGE('',*,*,#346,.T.);
#463=ORIENTED_EDGE('',*,*,#342,.F.);
#464=ORIENTED_EDGE('',*,*,#346,.F.);
#465=ORIENTED_EDGE('',*,*,#320,.F.);
#466=ORIENTED_EDGE('',*,*,#344,.F.);
#467=ORIENTED_EDGE('',*,*,#335,.T.);
#468=ORIENTED_EDGE('',*,*,#347,.F.);
#469=ORIENTED_EDGE('',*,*,#345,.T.);
#470=ORIENTED_EDGE('',*,*,#348,.F.);
#471=ORIENTED_EDGE('',*,*,#349,.F.);
#472=ORIENTED_EDGE('',*,*,#350,.F.);
#473=ORIENTED_EDGE('',*,*,#351,.T.);
#474=ORIENTED_EDGE('',*,*,#348,.T.);
#475=ORIENTED_EDGE('',*,*,#351,.F.);
#476=ORIENTED_EDGE('',*,*,#352,.F.);
#477=ORIENTED_EDGE('',*,*,#353,.F.);
#478=ORIENTED_EDGE('',*,*,#354,.T.);
#479=ORIENTED_EDGE('',*,*,#355,.T.);
#480=ORIENTED_EDGE('',*,*,#354,.F.);
#481=ORIENTED_EDGE('',*,*,#340,.T.);
#482=ORIENTED_EDGE('',*,*,#355,.F.);
#483=ORIENTED_EDGE('',*,*,#356,.F.);
#484=ORIENTED_EDGE('',*,*,#357,.F.);
#485=ORIENTED_EDGE('',*,*,#358,.T.);
#486=ORIENTED_EDGE('',*,*,#347,.T.);
#487=ORIENTED_EDGE('',*,*,#358,.F.);
#488=ORIENTED_EDGE('',*,*,#302,.F.);
#489=ORIENTED_EDGE('',*,*,#359,.F.);
#490=ORIENTED_EDGE('',*,*,#360,.F.);
#491=ORIENTED_EDGE('',*,*,#361,.F.);
#492=ORIENTED_EDGE('',*,*,#360,.T.);
#493=ORIENTED_EDGE('',*,*,#362,.F.);
#494=ORIENTED_EDGE('',*,*,#363,.F.);
#495=ORIENTED_EDGE('',*,*,#364,.F.);
#496=ORIENTED_EDGE('',*,*,#365,.F.);
#497=ORIENTED_EDGE('',*,*,#366,.F.);
#498=ORIENTED_EDGE('',*,*,#367,.T.);
#499=ORIENTED_EDGE('',*,*,#368,.T.);
#500=ORIENTED_EDGE('',*,*,#369,.F.);
#501=ORIENTED_EDGE('',*,*,#370,.T.);
#502=ORIENTED_EDGE('',*,*,#371,.F.);
#503=ORIENTED_EDGE('',*,*,#349,.T.);
#504=ORIENTED_EDGE('',*,*,#350,.T.);
#505=ORIENTED_EDGE('',*,*,#356,.T.);
#506=ORIENTED_EDGE('',*,*,#357,.T.);
#507=ORIENTED_EDGE('',*,*,#359,.T.);
#508=ORIENTED_EDGE('',*,*,#312,.T.);
#509=ORIENTED_EDGE('',*,*,#328,.T.);
#510=ORIENTED_EDGE('',*,*,#305,.T.);
#511=ORIENTED_EDGE('',*,*,#372,.T.);
#512=ORIENTED_EDGE('',*,*,#369,.T.);
#513=ORIENTED_EDGE('',*,*,#373,.T.);
#514=ORIENTED_EDGE('',*,*,#362,.T.);
#515=ORIENTED_EDGE('',*,*,#370,.F.);
#516=ORIENTED_EDGE('',*,*,#372,.F.);
#517=ORIENTED_EDGE('',*,*,#304,.F.);
#518=ORIENTED_EDGE('',*,*,#374,.F.);
#519=ORIENTED_EDGE('',*,*,#375,.F.);
#520=ORIENTED_EDGE('',*,*,#331,.T.);
#521=ORIENTED_EDGE('',*,*,#376,.T.);
#522=ORIENTED_EDGE('',*,*,#377,.T.);
#523=ORIENTED_EDGE('',*,*,#361,.T.);
#524=ORIENTED_EDGE('',*,*,#371,.T.);
#525=ORIENTED_EDGE('',*,*,#374,.T.);
#526=ORIENTED_EDGE('',*,*,#303,.T.);
#527=ORIENTED_EDGE('',*,*,#378,.T.);
#528=ORIENTED_EDGE('',*,*,#377,.F.);
#529=ORIENTED_EDGE('',*,*,#379,.F.);
#530=ORIENTED_EDGE('',*,*,#380,.F.);
#531=ORIENTED_EDGE('',*,*,#363,.T.);
#532=ORIENTED_EDGE('',*,*,#373,.F.);
#533=ORIENTED_EDGE('',*,*,#368,.F.);
#534=ORIENTED_EDGE('',*,*,#367,.F.);
#535=ORIENTED_EDGE('',*,*,#352,.T.);
#536=ORIENTED_EDGE('',*,*,#353,.T.);
#537=ORIENTED_EDGE('',*,*,#364,.T.);
#538=ORIENTED_EDGE('',*,*,#381,.T.);
#539=ORIENTED_EDGE('',*,*,#310,.F.);
#540=ORIENTED_EDGE('',*,*,#382,.F.);
#541=ORIENTED_EDGE('',*,*,#380,.T.);
#542=ORIENTED_EDGE('',*,*,#383,.T.);
#543=ORIENTED_EDGE('',*,*,#329,.T.);
#544=ORIENTED_EDGE('',*,*,#381,.F.);
#545=ORIENTED_EDGE('',*,*,#379,.T.);
#546=ORIENTED_EDGE('',*,*,#376,.F.);
#547=ORIENTED_EDGE('',*,*,#330,.T.);
#548=ORIENTED_EDGE('',*,*,#383,.F.);
#549=ORIENTED_EDGE('',*,*,#365,.T.);
#550=ORIENTED_EDGE('',*,*,#382,.T.);
#551=ORIENTED_EDGE('',*,*,#309,.T.);
#552=ORIENTED_EDGE('',*,*,#384,.F.);
#553=ORIENTED_EDGE('',*,*,#327,.T.);
#554=ORIENTED_EDGE('',*,*,#375,.T.);
#555=ORIENTED_EDGE('',*,*,#378,.F.);
#556=ORIENTED_EDGE('',*,*,#366,.T.);
#557=ORIENTED_EDGE('',*,*,#384,.T.);
#558=ORIENTED_EDGE('',*,*,#308,.F.);
#559=B_SPLINE_SURFACE_WITH_KNOTS('',3,3,((#775,#776,#777,#778,#779,#780,
#781,#782,#783,#784,#785,#786,#787,#788,#789,#790,#791,#792,#793,#794,#795),
(#796,#797,#798,#799,#800,#801,#802,#803,#804,#805,#806,#807,#808,#809,
#810,#811,#812,#813,#814,#815,#816),(#817,#818,#819,#820,#821,#822,#823,
#824,#825,#826,#827,#828,#829,#830,#831,#832,#833,#834,#835,#836,#837),
(#838,#839,#840,#841,#842,#843,#844,#845,#846,#847,#848,#849,#850,#851,
#852,#853,#854,#855,#856,#857,#858),(#859,#860,#861,#862,#863,#864,#865,
#866,#867,#868,#869,#870,#871,#872,#873,#874,#875,#876,#877,#878,#879)),
 .UNSPECIFIED.,.F.,.T.,.F.,(4,1,4),(4,2,2,2,1,2,2,2,2,2,4),(-0.000180391164744585,
0.5,1.),(0.,0.231430216238178,0.468625726137859,0.511007100928549,0.675036074037833,
0.839065047147117,1.11926691092223,1.32619935163971,1.51001685380151,1.76902192719885,
1.83902405162572),.UNSPECIFIED.);
#560=B_SPLINE_SURFACE_WITH_KNOTS('',3,3,((#958,#959,#960,#961,#962,#963,
#964,#965,#966,#967,#968,#969,#970,#971,#972,#973,#974,#975,#976,#977,#978,
#979,#980,#981,#982,#983,#984,#985),(#986,#987,#988,#989,#990,#991,#992,
#993,#994,#995,#996,#997,#998,#999,#1000,#1001,#1002,#1003,#1004,#1005,
#1006,#1007,#1008,#1009,#1010,#1011,#1012,#1013),(#1014,#1015,#1016,#1017,
#1018,#1019,#1020,#1021,#1022,#1023,#1024,#1025,#1026,#1027,#1028,#1029,
#1030,#1031,#1032,#1033,#1034,#1035,#1036,#1037,#1038,#1039,#1040,#1041),
(#1042,#1043,#1044,#1045,#1046,#1047,#1048,#1049,#1050,#1051,#1052,#1053,
#1054,#1055,#1056,#1057,#1058,#1059,#1060,#1061,#1062,#1063,#1064,#1065,
#1066,#1067,#1068,#1069),(#1070,#1071,#1072,#1073,#1074,#1075,#1076,#1077,
#1078,#1079,#1080,#1081,#1082,#1083,#1084,#1085,#1086,#1087,#1088,#1089,
#1090,#1091,#1092,#1093,#1094,#1095,#1096,#1097),(#1098,#1099,#1100,#1101,
#1102,#1103,#1104,#1105,#1106,#1107,#1108,#1109,#1110,#1111,#1112,#1113,
#1114,#1115,#1116,#1117,#1118,#1119,#1120,#1121,#1122,#1123,#1124,#1125),
(#1126,#1127,#1128,#1129,#1130,#1131,#1132,#1133,#1134,#1135,#1136,#1137,
#1138,#1139,#1140,#1141,#1142,#1143,#1144,#1145,#1146,#1147,#1148,#1149,
#1150,#1151,#1152,#1153),(#1154,#1155,#1156,#1157,#1158,#1159,#1160,#1161,
#1162,#1163,#1164,#1165,#1166,#1167,#1168,#1169,#1170,#1171,#1172,#1173,
#1174,#1175,#1176,#1177,#1178,#1179,#1180,#1181),(#1182,#1183,#1184,#1185,
#1186,#1187,#1188,#1189,#1190,#1191,#1192,#1193,#1194,#1195,#1196,#1197,
#1198,#1199,#1200,#1201,#1202,#1203,#1204,#1205,#1206,#1207,#1208,#1209),
(#1210,#1211,#1212,#1213,#1214,#1215,#1216,#1217,#1218,#1219,#1220,#1221,
#1222,#1223,#1224,#1225,#1226,#1227,#1228,#1229,#1230,#1231,#1232,#1233,
#1234,#1235,#1236,#1237),(#1238,#1239,#1240,#1241,#1242,#1243,#1244,#1245,
#1246,#1247,#1248,#1249,#1250,#1251,#1252,#1253,#1254,#1255,#1256,#1257,
#1258,#1259,#1260,#1261,#1262,#1263,#1264,#1265),(#1266,#1267,#1268,#1269,
#1270,#1271,#1272,#1273,#1274,#1275,#1276,#1277,#1278,#1279,#1280,#1281,
#1282,#1283,#1284,#1285,#1286,#1287,#1288,#1289,#1290,#1291,#1292,#1293),
(#1294,#1295,#1296,#1297,#1298,#1299,#1300,#1301,#1302,#1303,#1304,#1305,
#1306,#1307,#1308,#1309,#1310,#1311,#1312,#1313,#1314,#1315,#1316,#1317,
#1318,#1319,#1320,#1321),(#1322,#1323,#1324,#1325,#1326,#1327,#1328,#1329,
#1330,#1331,#1332,#1333,#1334,#1335,#1336,#1337,#1338,#1339,#1340,#1341,
#1342,#1343,#1344,#1345,#1346,#1347,#1348,#1349),(#1350,#1351,#1352,#1353,
#1354,#1355,#1356,#1357,#1358,#1359,#1360,#1361,#1362,#1363,#1364,#1365,
#1366,#1367,#1368,#1369,#1370,#1371,#1372,#1373,#1374,#1375,#1376,#1377),
(#1378,#1379,#1380,#1381,#1382,#1383,#1384,#1385,#1386,#1387,#1388,#1389,
#1390,#1391,#1392,#1393,#1394,#1395,#1396,#1397,#1398,#1399,#1400,#1401,
#1402,#1403,#1404,#1405),(#1406,#1407,#1408,#1409,#1410,#1411,#1412,#1413,
#1414,#1415,#1416,#1417,#1418,#1419,#1420,#1421,#1422,#1423,#1424,#1425,
#1426,#1427,#1428,#1429,#1430,#1431,#1432,#1433),(#1434,#1435,#1436,#1437,
#1438,#1439,#1440,#1441,#1442,#1443,#1444,#1445,#1446,#1447,#1448,#1449,
#1450,#1451,#1452,#1453,#1454,#1455,#1456,#1457,#1458,#1459,#1460,#1461),
(#1462,#1463,#1464,#1465,#1466,#1467,#1468,#1469,#1470,#1471,#1472,#1473,
#1474,#1475,#1476,#1477,#1478,#1479,#1480,#1481,#1482,#1483,#1484,#1485,
#1486,#1487,#1488,#1489),(#1490,#1491,#1492,#1493,#1494,#1495,#1496,#1497,
#1498,#1499,#1500,#1501,#1502,#1503,#1504,#1505,#1506,#1507,#1508,#1509,
#1510,#1511,#1512,#1513,#1514,#1515,#1516,#1517),(#1518,#1519,#1520,#1521,
#1522,#1523,#1524,#1525,#1526,#1527,#1528,#1529,#1530,#1531,#1532,#1533,
#1534,#1535,#1536,#1537,#1538,#1539,#1540,#1541,#1542,#1543,#1544,#1545),
(#1546,#1547,#1548,#1549,#1550,#1551,#1552,#1553,#1554,#1555,#1556,#1557,
#1558,#1559,#1560,#1561,#1562,#1563,#1564,#1565,#1566,#1567,#1568,#1569,
#1570,#1571,#1572,#1573),(#1574,#1575,#1576,#1577,#1578,#1579,#1580,#1581,
#1582,#1583,#1584,#1585,#1586,#1587,#1588,#1589,#1590,#1591,#1592,#1593,
#1594,#1595,#1596,#1597,#1598,#1599,#1600,#1601),(#1602,#1603,#1604,#1605,
#1606,#1607,#1608,#1609,#1610,#1611,#1612,#1613,#1614,#1615,#1616,#1617,
#1618,#1619,#1620,#1621,#1622,#1623,#1624,#1625,#1626,#1627,#1628,#1629),
(#1630,#1631,#1632,#1633,#1634,#1635,#1636,#1637,#1638,#1639,#1640,#1641,
#1642,#1643,#1644,#1645,#1646,#1647,#1648,#1649,#1650,#1651,#1652,#1653,
#1654,#1655,#1656,#1657),(#1658,#1659,#1660,#1661,#1662,#1663,#1664,#1665,
#1666,#1667,#1668,#1669,#1670,#1671,#1672,#1673,#1674,#1675,#1676,#1677,
#1678,#1679,#1680,#1681,#1682,#1683,#1684,#1685),(#1686,#1687,#1688,#1689,
#1690,#1691,#1692,#1693,#1694,#1695,#1696,#1697,#1698,#1699,#1700,#1701,
#1702,#1703,#1704,#1705,#1706,#1707,#1708,#1709,#1710,#1711,#1712,#1713),
(#1714,#1715,#1716,#1717,#1718,#1719,#1720,#1721,#1722,#1723,#1724,#1725,
#1726,#1727,#1728,#1729,#1730,#1731,#1732,#1733,#1734,#1735,#1736,#1737,
#1738,#1739,#1740,#1741),(#1742,#1743,#1744,#1745,#1746,#1747,#1748,#1749,
#1750,#1751,#1752,#1753,#1754,#1755,#1756,#1757,#1758,#1759,#1760,#1761,
#1762,#1763,#1764,#1765,#1766,#1767,#1768,#1769),(#1770,#1771,#1772,#1773,
#1774,#1775,#1776,#1777,#1778,#1779,#1780,#1781,#1782,#1783,#1784,#1785,
#1786,#1787,#1788,#1789,#1790,#1791,#1792,#1793,#1794,#1795,#1796,#1797)),
 .UNSPECIFIED.,.F.,.F.,.F.,(4,2,2,2,2,2,2,2,2,2,2,2,2,2,4),(4,2,2,2,2,2,
2,2,2,2,2,2,2,4),(0.0415163583748863,0.05556837092939,0.1111367418588,0.1667051127882,
0.2500576691823,0.3334102255764,0.4167627819704,0.5001153383645,0.5834294486371,
0.6667435589097,0.7500576691823,0.8333717794548,0.8889145196366,0.9444572598183,
0.958336576065371),(0.0217199587355497,0.03808414399237,0.1142524319771,
0.2285048639542,0.2887425392622,0.3489802145701,0.4092178898781,0.4694555651861,
0.4902785828737,0.5111016005614,0.531924618249,0.5527476359367,0.594393671312,
0.630146983977725),.UNSPECIFIED.);
#561=B_SPLINE_SURFACE_WITH_KNOTS('',3,3,((#2035,#2036,#2037,#2038,#2039,
#2040,#2041,#2042,#2043,#2044,#2045,#2046,#2047,#2048,#2049,#2050,#2051,
#2052,#2053,#2054,#2055,#2056,#2057,#2058,#2059),(#2060,#2061,#2062,#2063,
#2064,#2065,#2066,#2067,#2068,#2069,#2070,#2071,#2072,#2073,#2074,#2075,
#2076,#2077,#2078,#2079,#2080,#2081,#2082,#2083,#2084),(#2085,#2086,#2087,
#2088,#2089,#2090,#2091,#2092,#2093,#2094,#2095,#2096,#2097,#2098,#2099,
#2100,#2101,#2102,#2103,#2104,#2105,#2106,#2107,#2108,#2109),(#2110,#2111,
#2112,#2113,#2114,#2115,#2116,#2117,#2118,#2119,#2120,#2121,#2122,#2123,
#2124,#2125,#2126,#2127,#2128,#2129,#2130,#2131,#2132,#2133,#2134),(#2135,
#2136,#2137,#2138,#2139,#2140,#2141,#2142,#2143,#2144,#2145,#2146,#2147,
#2148,#2149,#2150,#2151,#2152,#2153,#2154,#2155,#2156,#2157,#2158,#2159)),
 .UNSPECIFIED.,.F.,.T.,.F.,(4,1,4),(4,2,2,2,2,2,1,2,2,2,2,2,4),(0.,0.5,
1.00062179956433),(-1.84414615600613,-1.63856188997924,-1.52334654209327,
-1.41412398299849,-1.30798867839671,-1.07465834260071,-0.814932129180984,
-0.55520591576126,-0.439046538075243,-0.311967687890478,-0.216518938686424,
-0.0441763963033672,0.),.UNSPECIFIED.);
#562=B_SPLINE_SURFACE_WITH_KNOTS('',3,3,((#2351,#2352,#2353,#2354,#2355,
#2356,#2357,#2358,#2359,#2360,#2361,#2362,#2363,#2364,#2365,#2366,#2367,
#2368,#2369,#2370),(#2371,#2372,#2373,#2374,#2375,#2376,#2377,#2378,#2379,
#2380,#2381,#2382,#2383,#2384,#2385,#2386,#2387,#2388,#2389,#2390),(#2391,
#2392,#2393,#2394,#2395,#2396,#2397,#2398,#2399,#2400,#2401,#2402,#2403,
#2404,#2405,#2406,#2407,#2408,#2409,#2410),(#2411,#2412,#2413,#2414,#2415,
#2416,#2417,#2418,#2419,#2420,#2421,#2422,#2423,#2424,#2425,#2426,#2427,
#2428,#2429,#2430),(#2431,#2432,#2433,#2434,#2435,#2436,#2437,#2438,#2439,
#2440,#2441,#2442,#2443,#2444,#2445,#2446,#2447,#2448,#2449,#2450)),
 .UNSPECIFIED.,.F.,.T.,.F.,(4,1,4),(4,1,2,2,2,1,1,1,2,2,2,4),(0.,0.5,1.00013091964508),
(0.,0.202038750893016,0.404077501786031,0.587156946987326,0.767932325709955,
0.920656027140121,1.07337972857029,1.22610343000045,1.37882713143062,1.57160253102652,
1.76709303474593,1.83470135811003),.UNSPECIFIED.);
#563=B_SPLINE_SURFACE_WITH_KNOTS('',3,3,((#2637,#2638,#2639,#2640,#2641,
#2642,#2643,#2644,#2645,#2646),(#2647,#2648,#2649,#2650,#2651,#2652,#2653,
#2654,#2655,#2656),(#2657,#2658,#2659,#2660,#2661,#2662,#2663,#2664,#2665,
#2666),(#2667,#2668,#2669,#2670,#2671,#2672,#2673,#2674,#2675,#2676),(#2677,
#2678,#2679,#2680,#2681,#2682,#2683,#2684,#2685,#2686),(#2687,#2688,#2689,
#2690,#2691,#2692,#2693,#2694,#2695,#2696),(#2697,#2698,#2699,#2700,#2701,
#2702,#2703,#2704,#2705,#2706),(#2707,#2708,#2709,#2710,#2711,#2712,#2713,
#2714,#2715,#2716),(#2717,#2718,#2719,#2720,#2721,#2722,#2723,#2724,#2725,
#2726),(#2727,#2728,#2729,#2730,#2731,#2732,#2733,#2734,#2735,#2736),(#2737,
#2738,#2739,#2740,#2741,#2742,#2743,#2744,#2745,#2746),(#2747,#2748,#2749,
#2750,#2751,#2752,#2753,#2754,#2755,#2756),(#2757,#2758,#2759,#2760,#2761,
#2762,#2763,#2764,#2765,#2766),(#2767,#2768,#2769,#2770,#2771,#2772,#2773,
#2774,#2775,#2776),(#2777,#2778,#2779,#2780,#2781,#2782,#2783,#2784,#2785,
#2786),(#2787,#2788,#2789,#2790,#2791,#2792,#2793,#2794,#2795,#2796)),
 .UNSPECIFIED.,.F.,.F.,.F.,(4,2,2,2,2,2,2,4),(4,2,2,2,4),(-2.37843300938338E-5,
0.1186561003173,0.2373122006345,0.3559683009518,0.474624401269,0.7373122006345,
0.8686561003173,1.00100110933488),(0.172131901093324,0.5,0.625,0.75,0.865708884590716),
 .UNSPECIFIED.);
#564=B_SPLINE_SURFACE_WITH_KNOTS('',3,3,((#3128,#3129,#3130,#3131,#3132,
#3133,#3134,#3135,#3136,#3137,#3138,#3139,#3140,#3141,#3142,#3143,#3144,
#3145,#3146,#3147,#3148,#3149,#3150,#3151,#3152,#3153,#3154,#3155,#3156,
#3157,#3158,#3159),(#3160,#3161,#3162,#3163,#3164,#3165,#3166,#3167,#3168,
#3169,#3170,#3171,#3172,#3173,#3174,#3175,#3176,#3177,#3178,#3179,#3180,
#3181,#3182,#3183,#3184,#3185,#3186,#3187,#3188,#3189,#3190,#3191),(#3192,
#3193,#3194,#3195,#3196,#3197,#3198,#3199,#3200,#3201,#3202,#3203,#3204,
#3205,#3206,#3207,#3208,#3209,#3210,#3211,#3212,#3213,#3214,#3215,#3216,
#3217,#3218,#3219,#3220,#3221,#3222,#3223),(#3224,#3225,#3226,#3227,#3228,
#3229,#3230,#3231,#3232,#3233,#3234,#3235,#3236,#3237,#3238,#3239,#3240,
#3241,#3242,#3243,#3244,#3245,#3246,#3247,#3248,#3249,#3250,#3251,#3252,
#3253,#3254,#3255),(#3256,#3257,#3258,#3259,#3260,#3261,#3262,#3263,#3264,
#3265,#3266,#3267,#3268,#3269,#3270,#3271,#3272,#3273,#3274,#3275,#3276,
#3277,#3278,#3279,#3280,#3281,#3282,#3283,#3284,#3285,#3286,#3287),(#3288,
#3289,#3290,#3291,#3292,#3293,#3294,#3295,#3296,#3297,#3298,#3299,#3300,
#3301,#3302,#3303,#3304,#3305,#3306,#3307,#3308,#3309,#3310,#3311,#3312,
#3313,#3314,#3315,#3316,#3317,#3318,#3319),(#3320,#3321,#3322,#3323,#3324,
#3325,#3326,#3327,#3328,#3329,#3330,#3331,#3332,#3333,#3334,#3335,#3336,
#3337,#3338,#3339,#3340,#3341,#3342,#3343,#3344,#3345,#3346,#3347,#3348,
#3349,#3350,#3351),(#3352,#3353,#3354,#3355,#3356,#3357,#3358,#3359,#3360,
#3361,#3362,#3363,#3364,#3365,#3366,#3367,#3368,#3369,#3370,#3371,#3372,
#3373,#3374,#3375,#3376,#3377,#3378,#3379,#3380,#3381,#3382,#3383),(#3384,
#3385,#3386,#3387,#3388,#3389,#3390,#3391,#3392,#3393,#3394,#3395,#3396,
#3397,#3398,#3399,#3400,#3401,#3402,#3403,#3404,#3405,#3406,#3407,#3408,
#3409,#3410,#3411,#3412,#3413,#3414,#3415),(#3416,#3417,#3418,#3419,#3420,
#3421,#3422,#3423,#3424,#3425,#3426,#3427,#3428,#3429,#3430,#3431,#3432,
#3433,#3434,#3435,#3436,#3437,#3438,#3439,#3440,#3441,#3442,#3443,#3444,
#3445,#3446,#3447),(#3448,#3449,#3450,#3451,#3452,#3453,#3454,#3455,#3456,
#3457,#3458,#3459,#3460,#3461,#3462,#3463,#3464,#3465,#3466,#3467,#3468,
#3469,#3470,#3471,#3472,#3473,#3474,#3475,#3476,#3477,#3478,#3479),(#3480,
#3481,#3482,#3483,#3484,#3485,#3486,#3487,#3488,#3489,#3490,#3491,#3492,
#3493,#3494,#3495,#3496,#3497,#3498,#3499,#3500,#3501,#3502,#3503,#3504,
#3505,#3506,#3507,#3508,#3509,#3510,#3511),(#3512,#3513,#3514,#3515,#3516,
#3517,#3518,#3519,#3520,#3521,#3522,#3523,#3524,#3525,#3526,#3527,#3528,
#3529,#3530,#3531,#3532,#3533,#3534,#3535,#3536,#3537,#3538,#3539,#3540,
#3541,#3542,#3543),(#3544,#3545,#3546,#3547,#3548,#3549,#3550,#3551,#3552,
#3553,#3554,#3555,#3556,#3557,#3558,#3559,#3560,#3561,#3562,#3563,#3564,
#3565,#3566,#3567,#3568,#3569,#3570,#3571,#3572,#3573,#3574,#3575),(#3576,
#3577,#3578,#3579,#3580,#3581,#3582,#3583,#3584,#3585,#3586,#3587,#3588,
#3589,#3590,#3591,#3592,#3593,#3594,#3595,#3596,#3597,#3598,#3599,#3600,
#3601,#3602,#3603,#3604,#3605,#3606,#3607),(#3608,#3609,#3610,#3611,#3612,
#3613,#3614,#3615,#3616,#3617,#3618,#3619,#3620,#3621,#3622,#3623,#3624,
#3625,#3626,#3627,#3628,#3629,#3630,#3631,#3632,#3633,#3634,#3635,#3636,
#3637,#3638,#3639),(#3640,#3641,#3642,#3643,#3644,#3645,#3646,#3647,#3648,
#3649,#3650,#3651,#3652,#3653,#3654,#3655,#3656,#3657,#3658,#3659,#3660,
#3661,#3662,#3663,#3664,#3665,#3666,#3667,#3668,#3669,#3670,#3671),(#3672,
#3673,#3674,#3675,#3676,#3677,#3678,#3679,#3680,#3681,#3682,#3683,#3684,
#3685,#3686,#3687,#3688,#3689,#3690,#3691,#3692,#3693,#3694,#3695,#3696,
#3697,#3698,#3699,#3700,#3701,#3702,#3703),(#3704,#3705,#3706,#3707,#3708,
#3709,#3710,#3711,#3712,#3713,#3714,#3715,#3716,#3717,#3718,#3719,#3720,
#3721,#3722,#3723,#3724,#3725,#3726,#3727,#3728,#3729,#3730,#3731,#3732,
#3733,#3734,#3735),(#3736,#3737,#3738,#3739,#3740,#3741,#3742,#3743,#3744,
#3745,#3746,#3747,#3748,#3749,#3750,#3751,#3752,#3753,#3754,#3755,#3756,
#3757,#3758,#3759,#3760,#3761,#3762,#3763,#3764,#3765,#3766,#3767),(#3768,
#3769,#3770,#3771,#3772,#3773,#3774,#3775,#3776,#3777,#3778,#3779,#3780,
#3781,#3782,#3783,#3784,#3785,#3786,#3787,#3788,#3789,#3790,#3791,#3792,
#3793,#3794,#3795,#3796,#3797,#3798,#3799),(#3800,#3801,#3802,#3803,#3804,
#3805,#3806,#3807,#3808,#3809,#3810,#3811,#3812,#3813,#3814,#3815,#3816,
#3817,#3818,#3819,#3820,#3821,#3822,#3823,#3824,#3825,#3826,#3827,#3828,
#3829,#3830,#3831),(#3832,#3833,#3834,#3835,#3836,#3837,#3838,#3839,#3840,
#3841,#3842,#3843,#3844,#3845,#3846,#3847,#3848,#3849,#3850,#3851,#3852,
#3853,#3854,#3855,#3856,#3857,#3858,#3859,#3860,#3861,#3862,#3863)),
 .UNSPECIFIED.,.F.,.F.,.F.,(4,3,1,1,1,1,1,1,1,1,1,1,1,1,1,3,4),(4,3,1,1,
1,1,1,1,1,1,1,1,1,1,1,1,1,1,1,1,1,1,1,1,3,4),(-0.914659272325655,0.03145771045237,
0.05556837092939,0.1111367418588,0.1667051127882,0.2500576691823,0.3334102255764,
0.4167627819704,0.5001153383645,0.5834294486371,0.6667435589097,0.7500576691823,
0.8333717794548,0.8889145196366,0.9444572598183,0.9696659701732,1.92289139257902),
(-0.398152496317435,0.01374896733739,0.03808414399237,0.1142524319771,0.2285048639542,
0.2887425392622,0.3489802145701,0.4092178898781,0.4694555651861,0.4902785828737,
0.5111016005614,0.531924618249,0.5527476359367,0.594393671312,0.6360397066873,
0.6733725618716,0.7107054170559,0.7480382722403,0.7667046998324,0.7853711274246,
0.8390283455684,0.8926855637123,0.9284570424749,0.9642285212374,0.9995971042844,
1.19408792949295),.UNSPECIFIED.);
#565=B_SPLINE_SURFACE_WITH_KNOTS('',3,1,((#4055,#4056),(#4057,#4058),(#4059,
#4060),(#4061,#4062),(#4063,#4064),(#4065,#4066),(#4067,#4068),(#4069,#4070),
(#4071,#4072),(#4073,#4074),(#4075,#4076),(#4077,#4078),(#4079,#4080),(#4081,
#4082),(#4083,#4084),(#4085,#4086)),.UNSPECIFIED.,.F.,.F.,.F.,(4,3,3,3,
3,4),(2,2),(-0.0373096029856769,-0.00776174370071139,1.00000001190814E-6,
0.400529443160419,0.776275370072342,0.784038113773065),(0.,0.426668131992123),
 .UNSPECIFIED.);
#566=B_SPLINE_SURFACE_WITH_KNOTS('',3,3,((#4135,#4136,#4137,#4138,#4139,
#4140,#4141,#4142,#4143,#4144,#4145,#4146,#4147,#4148),(#4149,#4150,#4151,
#4152,#4153,#4154,#4155,#4156,#4157,#4158,#4159,#4160,#4161,#4162),(#4163,
#4164,#4165,#4166,#4167,#4168,#4169,#4170,#4171,#4172,#4173,#4174,#4175,
#4176),(#4177,#4178,#4179,#4180,#4181,#4182,#4183,#4184,#4185,#4186,#4187,
#4188,#4189,#4190),(#4191,#4192,#4193,#4194,#4195,#4196,#4197,#4198,#4199,
#4200,#4201,#4202,#4203,#4204),(#4205,#4206,#4207,#4208,#4209,#4210,#4211,
#4212,#4213,#4214,#4215,#4216,#4217,#4218),(#4219,#4220,#4221,#4222,#4223,
#4224,#4225,#4226,#4227,#4228,#4229,#4230,#4231,#4232),(#4233,#4234,#4235,
#4236,#4237,#4238,#4239,#4240,#4241,#4242,#4243,#4244,#4245,#4246),(#4247,
#4248,#4249,#4250,#4251,#4252,#4253,#4254,#4255,#4256,#4257,#4258,#4259,
#4260),(#4261,#4262,#4263,#4264,#4265,#4266,#4267,#4268,#4269,#4270,#4271,
#4272,#4273,#4274),(#4275,#4276,#4277,#4278,#4279,#4280,#4281,#4282,#4283,
#4284,#4285,#4286,#4287,#4288),(#4289,#4290,#4291,#4292,#4293,#4294,#4295,
#4296,#4297,#4298,#4299,#4300,#4301,#4302),(#4303,#4304,#4305,#4306,#4307,
#4308,#4309,#4310,#4311,#4312,#4313,#4314,#4315,#4316),(#4317,#4318,#4319,
#4320,#4321,#4322,#4323,#4324,#4325,#4326,#4327,#4328,#4329,#4330),(#4331,
#4332,#4333,#4334,#4335,#4336,#4337,#4338,#4339,#4340,#4341,#4342,#4343,
#4344),(#4345,#4346,#4347,#4348,#4349,#4350,#4351,#4352,#4353,#4354,#4355,
#4356,#4357,#4358)),.UNSPECIFIED.,.F.,.F.,.F.,(4,3,1,1,1,1,1,1,3,4),(4,
3,1,1,1,1,3,4),(-0.767809149487783,-0.009511753710567,0.1186561003173,0.2373122006345,
0.3559683009518,0.474624401269,0.7373122006345,0.8686561003173,1.010528843634,
1.31822407050296),(-0.0333122197592166,0.1360638598665,0.5,0.625,0.75,0.875,
0.8869971182728,1.58898512721031),.UNSPECIFIED.);
#567=B_SPLINE_SURFACE_WITH_KNOTS('',3,1,((#4439,#4440),(#4441,#4442),(#4443,
#4444),(#4445,#4446),(#4447,#4448),(#4449,#4450),(#4451,#4452),(#4453,#4454),
(#4455,#4456),(#4457,#4458),(#4459,#4460),(#4461,#4462),(#4463,#4464),(#4465,
#4466),(#4467,#4468),(#4469,#4470),(#4471,#4472),(#4473,#4474),(#4475,#4476),
(#4477,#4478),(#4479,#4480),(#4481,#4482),(#4483,#4484),(#4485,#4486),(#4487,
#4488),(#4489,#4490),(#4491,#4492),(#4493,#4494)),.UNSPECIFIED.,.F.,.F.,
 .F.,(4,3,3,3,3,3,3,3,3,4),(2,2),(-3.15355937372556,-3.12203003312934,-3.09111891489774,
-2.6232897060774,-2.14988646754573,-1.63621787109457,-1.02371816930571,
-0.43220951078025,-7.0917385790518E-6,0.0309040264930126),(0.,0.520650193731615),
 .UNSPECIFIED.);
#568=B_SPLINE_SURFACE_WITH_KNOTS('',3,1,((#4497,#4498),(#4499,#4500),(#4501,
#4502),(#4503,#4504),(#4505,#4506),(#4507,#4508),(#4509,#4510),(#4511,#4512),
(#4513,#4514),(#4515,#4516),(#4517,#4518),(#4519,#4520),(#4521,#4522),(#4523,
#4524),(#4525,#4526),(#4527,#4528),(#4529,#4530),(#4531,#4532),(#4533,#4534),
(#4535,#4536),(#4537,#4538),(#4539,#4540)),.UNSPECIFIED.,.F.,.F.,.F.,(4,
3,3,3,3,3,3,4),(2,2),(-0.0153207762849078,7.08899352593506E-6,0.304960366289155,
0.687120000956293,1.10330920129514,1.5327936168369,1.54812148211534,1.57010192317522),
(0.,0.428127956828036),.UNSPECIFIED.);
#569=B_SPLINE_SURFACE_WITH_KNOTS('',3,1,((#4542,#4543),(#4544,#4545),(#4546,
#4547),(#4548,#4549),(#4550,#4551),(#4552,#4553),(#4554,#4555),(#4556,#4557),
(#4558,#4559),(#4560,#4561),(#4562,#4563),(#4564,#4565),(#4566,#4567),(#4568,
#4569),(#4570,#4571),(#4572,#4573),(#4574,#4575),(#4576,#4577),(#4578,#4579),
(#4580,#4581),(#4582,#4583),(#4584,#4585),(#4586,#4587),(#4588,#4589),(#4590,
#4591),(#4592,#4593),(#4594,#4595),(#4596,#4597),(#4598,#4599),(#4600,#4601),
(#4602,#4603),(#4604,#4605),(#4606,#4607),(#4608,#4609),(#4610,#4611),(#4612,
#4613),(#4614,#4615),(#4616,#4617),(#4618,#4619),(#4620,#4621),(#4622,#4623),
(#4624,#4625),(#4626,#4627),(#4628,#4629),(#4630,#4631),(#4632,#4633),(#4634,
#4635),(#4636,#4637),(#4638,#4639),(#4640,#4641),(#4642,#4643),(#4644,#4645),
(#4646,#4647),(#4648,#4649),(#4650,#4651)),.UNSPECIFIED.,.F.,.F.,.F.,(4,
3,3,3,3,3,3,3,3,3,3,3,3,3,3,3,3,3,4),(2,2),(-0.000180449330120149,9.99999999141417E-7,
0.0114668206140666,0.015085008553469,0.0337581344072187,0.0695883341403365,
0.103514740677193,0.134002299272855,0.152714211351194,0.168587959766638,
0.186651554147978,0.215035299363811,0.255134154615071,0.290950261338613,
0.314205301455971,0.322086552040256,0.325698739125924,0.337158349449768,
0.338057412983444),(0.,0.430781304281707),.UNSPECIFIED.);
#570=B_SPLINE_SURFACE_WITH_KNOTS('',3,1,((#4652,#4653),(#4654,#4655),(#4656,
#4657),(#4658,#4659),(#4660,#4661),(#4662,#4663),(#4664,#4665),(#4666,#4667),
(#4668,#4669),(#4670,#4671),(#4672,#4673),(#4674,#4675),(#4676,#4677),(#4678,
#4679),(#4680,#4681),(#4682,#4683),(#4684,#4685),(#4686,#4687),(#4688,#4689),
(#4690,#4691),(#4692,#4693),(#4694,#4695),(#4696,#4697),(#4698,#4699),(#4700,
#4701),(#4702,#4703),(#4704,#4705),(#4706,#4707),(#4708,#4709),(#4710,#4711),
(#4712,#4713),(#4714,#4715),(#4716,#4717),(#4718,#4719),(#4720,#4721),(#4722,
#4723),(#4724,#4725),(#4726,#4727),(#4728,#4729),(#4730,#4731)),
 .UNSPECIFIED.,.F.,.F.,.F.,(4,3,3,3,3,3,3,3,3,3,3,3,3,4),(2,2),(-19.323966270996,
-0.288911807778014,-0.285361122060626,-0.273288144596313,-0.259140499784056,
-0.222118802415648,-0.182262877228041,-0.144520273289151,-0.104978234711184,
-0.0715798013334275,-0.0457248341338131,-0.0224322619968789,-0.0156121730627911,
-0.00355344315306732),(0.,0.430868645809283),.UNSPECIFIED.);
#571=B_SPLINE_SURFACE_WITH_KNOTS('',3,1,((#4733,#4734),(#4735,#4736),(#4737,
#4738),(#4739,#4740),(#4741,#4742),(#4743,#4744),(#4745,#4746),(#4747,#4748),
(#4749,#4750),(#4751,#4752),(#4753,#4754),(#4755,#4756),(#4757,#4758),(#4759,
#4760),(#4761,#4762),(#4763,#4764),(#4765,#4766),(#4767,#4768),(#4769,#4770),
(#4771,#4772),(#4773,#4774),(#4775,#4776),(#4777,#4778),(#4779,#4780),(#4781,
#4782),(#4783,#4784),(#4785,#4786),(#4787,#4788),(#4789,#4790),(#4791,#4792),
(#4793,#4794)),.UNSPECIFIED.,.F.,.F.,.F.,(4,3,3,3,3,3,3,3,3,3,4),(2,2),
(-21.9808351899852,-3.8655672826722,-3.54320728609912,-3.14293832054971,
-2.54159880790118,-1.93170635592648,-1.46406317528921,-0.958710593575183,
-0.502019109336074,-9.99999999744258E-7,0.0386546628267223),(0.,0.536215602926167),
 .UNSPECIFIED.);
#572=ADVANCED_FACE('',(#94),#559,.T.);
#573=ADVANCED_FACE('',(#95,#82,#83),#560,.T.);
#574=ADVANCED_FACE('',(#96),#73,.T.);
#575=ADVANCED_FACE('',(#97),#561,.T.);
#576=ADVANCED_FACE('',(#98),#74,.T.);
#577=ADVANCED_FACE('',(#99),#562,.T.);
#578=ADVANCED_FACE('',(#100),#75,.T.);
#579=ADVANCED_FACE('',(#101,#84),#563,.F.);
#580=ADVANCED_FACE('',(#102),#76,.F.);
#581=ADVANCED_FACE('',(#103),#77,.F.);
#582=ADVANCED_FACE('',(#104,#85),#22,.T.);
#583=ADVANCED_FACE('',(#105),#78,.F.);
#584=ADVANCED_FACE('',(#106),#79,.F.);
#585=ADVANCED_FACE('',(#107,#86),#23,.T.);
#586=ADVANCED_FACE('',(#108),#80,.F.);
#587=ADVANCED_FACE('',(#109),#81,.F.);
#588=ADVANCED_FACE('',(#110,#87),#24,.T.);
#589=ADVANCED_FACE('',(#111,#88),#25,.T.);
#590=ADVANCED_FACE('',(#112,#89),#26,.T.);
#591=ADVANCED_FACE('',(#113),#15,.F.);
#592=ADVANCED_FACE('',(#114),#16,.F.);
#593=ADVANCED_FACE('',(#115,#90),#27,.T.);
#594=ADVANCED_FACE('',(#116),#17,.F.);
#595=ADVANCED_FACE('',(#117),#18,.F.);
#596=ADVANCED_FACE('',(#118,#91,#92),#564,.F.);
#597=ADVANCED_FACE('',(#119),#19,.T.);
#598=ADVANCED_FACE('',(#120),#20,.F.);
#599=ADVANCED_FACE('',(#121),#565,.F.);
#600=ADVANCED_FACE('',(#122),#21,.T.);
#601=ADVANCED_FACE('',(#123,#93),#566,.T.);
#602=ADVANCED_FACE('',(#124),#567,.F.);
#603=ADVANCED_FACE('',(#125),#568,.F.);
#604=ADVANCED_FACE('',(#126),#569,.F.);
#605=ADVANCED_FACE('',(#127),#570,.F.);
#606=ADVANCED_FACE('',(#128),#571,.F.);
#607=CLOSED_SHELL('',(#572,#573,#574,#575,#576,#577,#578,#579,#580,#581,
#582,#583,#584,#585,#586,#587,#588,#589,#590,#591,#592,#593,#594,#595,#596,
#597,#598,#599,#600,#601,#602,#603,#604,#605,#606));
#608=DERIVED_UNIT_ELEMENT(#610,1.);
#609=DERIVED_UNIT_ELEMENT(#4800,-3.);
#610=(
MASS_UNIT()
NAMED_UNIT(*)
SI_UNIT(.KILO.,.GRAM.)
);
#611=DERIVED_UNIT((#608,#609));
#612=MEASURE_REPRESENTATION_ITEM('density measure',
POSITIVE_RATIO_MEASURE(7850.),#611);
#613=PROPERTY_DEFINITION_REPRESENTATION(#618,#615);
#614=PROPERTY_DEFINITION_REPRESENTATION(#619,#616);
#615=REPRESENTATION('material name',(#617),#4797);
#616=REPRESENTATION('density',(#612),#4797);
#617=DESCRIPTIVE_REPRESENTATION_ITEM('Steel','Steel');
#618=PROPERTY_DEFINITION('material property','material name',#4807);
#619=PROPERTY_DEFINITION('material property','density of part',#4807);
#620=AXIS2_PLACEMENT_3D('',#774,#664,#665);
#621=AXIS2_PLACEMENT_3D('',#882,#666,#667);
#622=AXIS2_PLACEMENT_3D('',#1888,#668,#669);
#623=AXIS2_PLACEMENT_3D('',#2031,#670,#671);
#624=AXIS2_PLACEMENT_3D('',#2034,#673,#674);
#625=AXIS2_PLACEMENT_3D('',#2161,#675,#676);
#626=AXIS2_PLACEMENT_3D('',#2347,#677,#678);
#627=AXIS2_PLACEMENT_3D('',#2350,#680,#681);
#628=AXIS2_PLACEMENT_3D('',#2453,#682,#683);
#629=AXIS2_PLACEMENT_3D('',#2633,#684,#685);
#630=AXIS2_PLACEMENT_3D('',#2636,#687,#688);
#631=AXIS2_PLACEMENT_3D('',#2798,#689,#690);
#632=AXIS2_PLACEMENT_3D('',#2910,#691,#692);
#633=AXIS2_PLACEMENT_3D('',#2912,#693,#694);
#634=AXIS2_PLACEMENT_3D('',#2915,#696,#697);
#635=AXIS2_PLACEMENT_3D('',#2916,#698,#699);
#636=AXIS2_PLACEMENT_3D('',#2918,#700,#701);
#637=AXIS2_PLACEMENT_3D('',#2920,#703,#704);
#638=AXIS2_PLACEMENT_3D('',#2921,#705,#706);
#639=AXIS2_PLACEMENT_3D('',#2923,#707,#708);
#640=AXIS2_PLACEMENT_3D('',#2926,#710,#711);
#641=AXIS2_PLACEMENT_3D('',#2927,#712,#713);
#642=AXIS2_PLACEMENT_3D('',#2929,#714,#715);
#643=AXIS2_PLACEMENT_3D('',#2931,#717,#718);
#644=AXIS2_PLACEMENT_3D('',#2932,#719,#720);
#645=AXIS2_PLACEMENT_3D('',#2934,#721,#722);
#646=AXIS2_PLACEMENT_3D('',#2937,#724,#725);
#647=AXIS2_PLACEMENT_3D('',#2938,#726,#727);
#648=AXIS2_PLACEMENT_3D('',#2940,#728,#729);
#649=AXIS2_PLACEMENT_3D('',#2942,#731,#732);
#650=AXIS2_PLACEMENT_3D('',#2943,#733,#734);
#651=AXIS2_PLACEMENT_3D('',#2945,#735,#736);
#652=AXIS2_PLACEMENT_3D('',#2946,#737,#738);
#653=AXIS2_PLACEMENT_3D('',#2948,#739,#740);
#654=AXIS2_PLACEMENT_3D('',#2949,#741,#742);
#655=AXIS2_PLACEMENT_3D('',#3000,#744,#745);
#656=AXIS2_PLACEMENT_3D('',#3058,#747,#748);
#657=AXIS2_PLACEMENT_3D('',#3059,#749,#750);
#658=AXIS2_PLACEMENT_3D('',#3060,#751,#752);
#659=AXIS2_PLACEMENT_3D('',#3109,#754,#755);
#660=AXIS2_PLACEMENT_3D('',#3974,#758,#759);
#661=AXIS2_PLACEMENT_3D('',#4037,#760,#761);
#662=AXIS2_PLACEMENT_3D('',#4053,#763,#764);
#663=AXIS2_PLACEMENT_3D('',#4134,#768,#769);
#664=DIRECTION('axis',(0.,0.,1.));
#665=DIRECTION('refdir',(1.,0.,0.));
#666=DIRECTION('center_axis',(0.870867525928263,0.475180344932192,0.125671763231483));
#667=DIRECTION('ref_axis',(-0.48084432028143,0.876632279329616,0.0174524064372831));
#668=DIRECTION('center_axis',(-0.0885098985273171,-0.986434081113913,0.138252672594908));
#669=DIRECTION('ref_axis',(-0.0655176368484659,0.144262293176619,0.987368132982433));
#670=DIRECTION('center_axis',(0.,0.,1.));
#671=DIRECTION('ref_axis',(-1.,0.,0.));
#672=DIRECTION('',(-0.0174524064372835,-2.13730336808379E-18,-0.999847695156391));
#673=DIRECTION('center_axis',(0.,0.,1.));
#674=DIRECTION('ref_axis',(-1.,0.,0.));
#675=DIRECTION('center_axis',(-0.692779002324651,-0.707212411932843,0.141095210217049));
#676=DIRECTION('ref_axis',(0.182472466922039,0.0173803336400971,0.98305733445102));
#677=DIRECTION('center_axis',(0.,0.,1.));
#678=DIRECTION('ref_axis',(-1.,0.,0.));
#679=DIRECTION('',(-0.0174524064372835,-2.13730336808379E-18,-0.999847695156391));
#680=DIRECTION('center_axis',(0.,0.,1.));
#681=DIRECTION('ref_axis',(-1.,0.,0.));
#682=DIRECTION('center_axis',(-0.986783495726398,0.157883365332404,-0.0364852780351971));
#683=DIRECTION('ref_axis',(-0.0282055200605907,0.0543694589479378,0.998122442675156));
#684=DIRECTION('center_axis',(0.,0.,1.));
#685=DIRECTION('ref_axis',(-1.,0.,0.));
#686=DIRECTION('',(-0.0174524064372835,-2.13730336808379E-18,-0.999847695156391));
#687=DIRECTION('center_axis',(0.,0.,1.));
#688=DIRECTION('ref_axis',(-1.,0.,0.));
#689=DIRECTION('center_axis',(-0.00287926723314087,0.0104613590496558,0.999941133160865));
#690=DIRECTION('ref_axis',(-0.216976598867425,-0.976129722875397,0.00958747428286953));
#691=DIRECTION('center_axis',(0.,0.,-1.));
#692=DIRECTION('ref_axis',(-1.,0.,0.));
#693=DIRECTION('center_axis',(0.,0.,1.));
#694=DIRECTION('ref_axis',(-1.,0.,0.));
#695=DIRECTION('',(0.713250449154188,-8.73479879547088E-17,-0.700909264299844));
#696=DIRECTION('center_axis',(0.,0.,-1.));
#697=DIRECTION('ref_axis',(-1.,0.,0.));
#698=DIRECTION('center_axis',(0.,0.,-1.));
#699=DIRECTION('ref_axis',(-1.,0.,0.));
#700=DIRECTION('center_axis',(0.,0.,1.));
#701=DIRECTION('ref_axis',(-1.,0.,0.));
#702=DIRECTION('',(0.0174524064372835,-2.13730336808379E-18,-0.999847695156391));
#703=DIRECTION('center_axis',(0.,0.,-1.));
#704=DIRECTION('ref_axis',(-1.,0.,0.));
#705=DIRECTION('center_axis',(0.,0.,-1.));
#706=DIRECTION('ref_axis',(-1.,0.,0.));
#707=DIRECTION('center_axis',(0.,0.,1.));
#708=DIRECTION('ref_axis',(-1.,0.,0.));
#709=DIRECTION('',(0.713250449154188,-8.73479879547088E-17,-0.700909264299844));
#710=DIRECTION('center_axis',(0.,0.,-1.));
#711=DIRECTION('ref_axis',(-1.,0.,0.));
#712=DIRECTION('center_axis',(0.,0.,-1.));
#713=DIRECTION('ref_axis',(-1.,0.,0.));
#714=DIRECTION('center_axis',(0.,0.,1.));
#715=DIRECTION('ref_axis',(-1.,0.,0.));
#716=DIRECTION('',(0.0174524064372835,-2.13730336808379E-18,-0.999847695156391));
#717=DIRECTION('center_axis',(0.,0.,-1.));
#718=DIRECTION('ref_axis',(-1.,0.,0.));
#719=DIRECTION('center_axis',(0.,0.,-1.));
#720=DIRECTION('ref_axis',(-1.,0.,0.));
#721=DIRECTION('center_axis',(0.,0.,1.));
#722=DIRECTION('ref_axis',(-1.,0.,0.));
#723=DIRECTION('',(0.713250449154182,-8.73479879547081E-17,-0.700909264299851));
#724=DIRECTION('center_axis',(0.,0.,-1.));
#725=DIRECTION('ref_axis',(-1.,0.,0.));
#726=DIRECTION('center_axis',(0.,0.,-1.));
#727=DIRECTION('ref_axis',(-1.,0.,0.));
#728=DIRECTION('center_axis',(0.,0.,1.));
#729=DIRECTION('ref_axis',(-1.,0.,0.));
#730=DIRECTION('',(0.0174524064372835,-2.13730336808379E-18,-0.999847695156391));
#731=DIRECTION('center_axis',(0.,0.,-1.));
#732=DIRECTION('ref_axis',(-1.,0.,0.));
#733=DIRECTION('center_axis',(0.,0.,-1.));
#734=DIRECTION('ref_axis',(-1.,0.,0.));
#735=DIRECTION('center_axis',(0.,0.,-1.));
#736=DIRECTION('ref_axis',(1.,0.,0.));
#737=DIRECTION('center_axis',(0.,0.,-1.));
#738=DIRECTION('ref_axis',(-1.,0.,0.));
#739=DIRECTION('center_axis',(0.,0.,-1.));
#740=DIRECTION('ref_axis',(1.,0.,0.));
#741=DIRECTION('center_axis',(0.,0.,-1.));
#742=DIRECTION('ref_axis',(1.,0.,0.));
#743=DIRECTION('',(0.,0.,-1.));
#744=DIRECTION('center_axis',(0.,0.,-1.));
#745=DIRECTION('ref_axis',(1.,0.,0.));
#746=DIRECTION('',(0.,0.,-1.));
#747=DIRECTION('center_axis',(0.,0.,-1.));
#748=DIRECTION('ref_axis',(1.,0.,0.));
#749=DIRECTION('center_axis',(0.,0.,-1.));
#750=DIRECTION('ref_axis',(-1.,0.,0.));
#751=DIRECTION('center_axis',(0.,0.,-1.));
#752=DIRECTION('ref_axis',(1.,0.,0.));
#753=DIRECTION('',(0.,0.,-1.));
#754=DIRECTION('center_axis',(0.,0.,1.));
#755=DIRECTION('ref_axis',(-0.799866956593822,0.600177350246856,0.));
#756=DIRECTION('',(0.,0.,-1.));
#757=DIRECTION('',(0.,0.,1.));
#758=DIRECTION('center_axis',(-0.0858365007720261,-0.991923189007366,0.0933835223402439));
#759=DIRECTION('ref_axis',(-0.0691262889958411,0.0994329019237383,0.992640244088808));
#760=DIRECTION('center_axis',(0.,0.,1.));
#761=DIRECTION('ref_axis',(-0.516171548576746,0.856485220210999,0.));
#762=DIRECTION('',(0.,0.,1.));
#763=DIRECTION('center_axis',(0.,0.,1.));
#764=DIRECTION('ref_axis',(-0.204960519788782,0.978770241337523,0.));
#765=DIRECTION('',(0.,0.,-1.));
#766=DIRECTION('',(0.,0.,1.));
#767=DIRECTION('',(0.,4.9903796488319E-14,-1.));
#768=DIRECTION('center_axis',(0.,0.,1.));
#769=DIRECTION('ref_axis',(1.,0.,0.));
#770=DIRECTION('',(0.,0.,-1.));
#771=DIRECTION('',(-4.8819078391668E-14,0.,1.));
#772=DIRECTION('',(0.,0.,1.));
#773=DIRECTION('',(-4.44009316208806E-15,-1.94254075841353E-15,1.));
#774=CARTESIAN_POINT('',(0.,0.,0.));
#775=CARTESIAN_POINT('Ctrl Pts',(-51.9571300266507,-8.23651089410271,8.27702647989847));
#776=CARTESIAN_POINT('Ctrl Pts',(-52.6266007322729,-8.60170354323671,8.17543398907555));
#777=CARTESIAN_POINT('Ctrl Pts',(-53.4446404052623,-8.69028467965227,8.08881646530997));
#778=CARTESIAN_POINT('Ctrl Pts',(-54.9357598120518,-8.2456225085415,7.99764206399701));
#779=CARTESIAN_POINT('Ctrl Pts',(-55.5897883344358,-7.69983312350286,7.99346789241431));
#780=CARTESIAN_POINT('Ctrl Pts',(-56.00717525393,-6.87056111591984,8.03435067331757));
#781=CARTESIAN_POINT('Ctrl Pts',(-56.061535631169,-6.74057789366509,8.04168480717923));
#782=CARTESIAN_POINT('Ctrl Pts',(-56.2786110171996,-6.09159867396566,8.08272731527239));
#783=CARTESIAN_POINT('Ctrl Pts',(-56.324086028308,-4.96236611146032,8.18140923555004));
#784=CARTESIAN_POINT('Ctrl Pts',(-55.7674951150818,-3.98591525915705,8.31369020854228));
#785=CARTESIAN_POINT('Ctrl Pts',(-54.720315740431,-2.95642423026274,8.48978599757639));
#786=CARTESIAN_POINT('Ctrl Pts',(-53.7369311249916,-2.65518629771502,8.59578979712208));
#787=CARTESIAN_POINT('Ctrl Pts',(-52.146559900265,-2.95212136251994,8.71182633655639));
#788=CARTESIAN_POINT('Ctrl Pts',(-51.5200070115505,-3.32364740622823,8.74032470299844));
#789=CARTESIAN_POINT('Ctrl Pts',(-50.7037674404926,-4.33493953973863,8.7392079145906));
#790=CARTESIAN_POINT('Ctrl Pts',(-50.4766250712474,-4.93268117662136,8.71516718420504));
#791=CARTESIAN_POINT('Ctrl Pts',(-50.4018310470037,-6.40018611736573,8.60327762776837));
#792=CARTESIAN_POINT('Ctrl Pts',(-50.7611515394345,-7.26400937968868,8.48963263005229));
#793=CARTESIAN_POINT('Ctrl Pts',(-51.5657717643521,-7.99129406791923,8.33956686898462));
#794=CARTESIAN_POINT('Ctrl Pts',(-51.7546310807465,-8.1260488231767,8.30775578567892));
#795=CARTESIAN_POINT('Ctrl Pts',(-51.9571300266507,-8.23651089410271,8.27702647989847));
#796=CARTESIAN_POINT('Ctrl Pts',(-51.9612102962302,-8.23952482786817,8.31669757411883));
#797=CARTESIAN_POINT('Ctrl Pts',(-52.6312672073662,-8.60346406829793,8.21605718530751));
#798=CARTESIAN_POINT('Ctrl Pts',(-53.4483745940818,-8.6905594694058,8.1302740134578));
#799=CARTESIAN_POINT('Ctrl Pts',(-54.9368883029375,-8.24535989454676,8.0398932380312));
#800=CARTESIAN_POINT('Ctrl Pts',(-55.5896515404671,-7.70053475517834,8.03570500145008));
#801=CARTESIAN_POINT('Ctrl Pts',(-56.0070240248479,-6.87265580997324,8.07616254849624));
#802=CARTESIAN_POINT('Ctrl Pts',(-56.0614106926608,-6.74286105200986,8.08342320967316));
#803=CARTESIAN_POINT('Ctrl Pts',(-56.2787186151425,-6.09484614744112,8.12406631181313));
#804=CARTESIAN_POINT('Ctrl Pts',(-56.3257121644271,-4.96668103008745,8.22181760177917));
#805=CARTESIAN_POINT('Ctrl Pts',(-55.7707249451559,-3.98929029336221,8.35301960864823));
#806=CARTESIAN_POINT('Ctrl Pts',(-54.7246816480084,-2.95773491013546,8.52778522942967));
#807=CARTESIAN_POINT('Ctrl Pts',(-53.7406665003372,-2.65464691350051,8.63310328743889));
#808=CARTESIAN_POINT('Ctrl Pts',(-52.1479280639355,-2.95062254975796,8.74836730242969));
#809=CARTESIAN_POINT('Ctrl Pts',(-51.5202141440297,-3.32238999013632,8.77664993505335));
#810=CARTESIAN_POINT('Ctrl Pts',(-50.7026261294245,-4.33535796363156,8.77543269978755));
#811=CARTESIAN_POINT('Ctrl Pts',(-50.4753724539682,-4.93426060107098,8.75148800592922));
#812=CARTESIAN_POINT('Ctrl Pts',(-50.4017369257359,-6.40431026692259,8.64023839242932));
#813=CARTESIAN_POINT('Ctrl Pts',(-50.7631729178853,-7.26888432281052,8.52740587199219));
#814=CARTESIAN_POINT('Ctrl Pts',(-51.5694365797046,-7.99497087266965,8.37867025984847));
#815=CARTESIAN_POINT('Ctrl Pts',(-51.7585468329434,-8.12944067246022,8.34714009723178));
#816=CARTESIAN_POINT('Ctrl Pts',(-51.9612102962302,-8.23952482786817,8.31669757411883));
#817=CARTESIAN_POINT('Ctrl Pts',(-51.9530356189279,-8.27521495968913,8.39499828303522));
#818=CARTESIAN_POINT('Ctrl Pts',(-52.6311848208749,-8.64238047560489,8.29616800252705));
#819=CARTESIAN_POINT('Ctrl Pts',(-53.4567396685476,-8.72923302465915,8.21199196855764));
#820=CARTESIAN_POINT('Ctrl Pts',(-54.9597562415111,-8.27841882901224,8.12313168358971));
#821=CARTESIAN_POINT('Ctrl Pts',(-55.618775759363,-7.72816627621414,8.11891271791626));
#822=CARTESIAN_POINT('Ctrl Pts',(-56.0408563366657,-6.89199617964631,8.15856377009451));
#823=CARTESIAN_POINT('Ctrl Pts',(-56.0958755096467,-6.76087694642466,8.16568381542849));
#824=CARTESIAN_POINT('Ctrl Pts',(-56.3158448302509,-6.10621883324701,8.20556085465153));
#825=CARTESIAN_POINT('Ctrl Pts',(-56.3646220437199,-4.96599667209806,8.30153665934653));
#826=CARTESIAN_POINT('Ctrl Pts',(-55.804593707602,-3.97640537454078,8.43067078067837));
#827=CARTESIAN_POINT('Ctrl Pts',(-54.7474623402947,-2.93108534284331,8.60288866662334));
#828=CARTESIAN_POINT('Ctrl Pts',(-53.7516356675195,-2.62286946310505,8.70689146942001));
#829=CARTESIAN_POINT('Ctrl Pts',(-52.1389284859375,-2.92122843373373,8.82066982947347));
#830=CARTESIAN_POINT('Ctrl Pts',(-51.503144363631,-3.29746613989319,8.84853718626405));
#831=CARTESIAN_POINT('Ctrl Pts',(-50.6753456970861,-4.32334622390315,8.84712836905834));
#832=CARTESIAN_POINT('Ctrl Pts',(-50.4454716904186,-4.93013590418989,8.82336363922619));
#833=CARTESIAN_POINT('Ctrl Pts',(-50.3721847809651,-6.41928043762597,8.71334742052187));
#834=CARTESIAN_POINT('Ctrl Pts',(-50.7396133297734,-7.29462489916939,8.60208078172342));
#835=CARTESIAN_POINT('Ctrl Pts',(-51.556435151997,-8.02834328745681,8.45588060777107));
#836=CARTESIAN_POINT('Ctrl Pts',(-51.747938653749,-8.16413552066011,8.42489459030705));
#837=CARTESIAN_POINT('Ctrl Pts',(-51.9530356189279,-8.27521495968913,8.39499828303522));
#838=CARTESIAN_POINT('Ctrl Pts',(-51.9175676495828,-8.34813300485807,8.42492799075309));
#839=CARTESIAN_POINT('Ctrl Pts',(-52.6130078516743,-8.72691908364263,8.32476623439976));
#840=CARTESIAN_POINT('Ctrl Pts',(-53.4616615851644,-8.81812207437165,8.23940712568854));
#841=CARTESIAN_POINT('Ctrl Pts',(-55.008159839654,-8.35571191989656,8.14945534339347));
#842=CARTESIAN_POINT('Ctrl Pts',(-55.6864982787506,-7.78921393066293,8.14528149301123));
#843=CARTESIAN_POINT('Ctrl Pts',(-56.1199391309062,-6.92862934540505,8.18555568901534));
#844=CARTESIAN_POINT('Ctrl Pts',(-56.1763992473236,-6.79370742579609,8.19278373668695));
#845=CARTESIAN_POINT('Ctrl Pts',(-56.4019289200017,-6.12008773458193,8.23324913421021));
#846=CARTESIAN_POINT('Ctrl Pts',(-56.4500049072396,-4.94765497502757,8.33057204515728));
#847=CARTESIAN_POINT('Ctrl Pts',(-55.8727605660316,-3.93248698156349,8.46126070934566));
#848=CARTESIAN_POINT('Ctrl Pts',(-54.7857221204482,-2.86144963732103,8.6353790692241));
#849=CARTESIAN_POINT('Ctrl Pts',(-53.7640194773992,-2.54713768822323,8.74034721208469));
#850=CARTESIAN_POINT('Ctrl Pts',(-52.1112732625677,-2.8545423052094,8.85518860865733));
#851=CARTESIAN_POINT('Ctrl Pts',(-51.4600839489284,-3.24055370022971,8.88333942950566));
#852=CARTESIAN_POINT('Ctrl Pts',(-50.6120884533877,-4.29196972421999,8.88202428015638));
#853=CARTESIAN_POINT('Ctrl Pts',(-50.3763549812171,-4.91368510510107,8.8581059377295));
#854=CARTESIAN_POINT('Ctrl Pts',(-50.2999082880865,-6.44004562217809,8.74712915435301));
#855=CARTESIAN_POINT('Ctrl Pts',(-50.6745388677001,-7.33834263467412,8.63468958526174));
#856=CARTESIAN_POINT('Ctrl Pts',(-51.5109695681067,-8.0936387041304,8.4866166260869));
#857=CARTESIAN_POINT('Ctrl Pts',(-51.7072363605228,-8.23353229390589,8.45522659235653));
#858=CARTESIAN_POINT('Ctrl Pts',(-51.9175676495828,-8.34813300485807,8.42492799075309));
#859=CARTESIAN_POINT('Ctrl Pts',(-51.8982358792759,-8.38308041150155,8.42310506546138));
#860=CARTESIAN_POINT('Ctrl Pts',(-52.6022552249515,-8.76768612066817,8.32146347563802));
#861=CARTESIAN_POINT('Ctrl Pts',(-53.4624935251496,-8.86093600650393,8.23485370622853));
#862=CARTESIAN_POINT('Ctrl Pts',(-55.0308398128353,-8.39272916409261,8.14373649130313));
#863=CARTESIAN_POINT('Ctrl Pts',(-55.7189070840169,-7.81816771318094,8.13959820685932));
#864=CARTESIAN_POINT('Ctrl Pts',(-56.1580190180158,-6.94533597139088,8.18052572427319));
#865=CARTESIAN_POINT('Ctrl Pts',(-56.2152078153086,-6.808525904179,8.1878670856579));
#866=CARTESIAN_POINT('Ctrl Pts',(-56.4435723021367,-6.12546942641747,8.22894621041533));
#867=CARTESIAN_POINT('Ctrl Pts',(-56.4913268904569,-4.93697165243474,8.32770155870785));
#868=CARTESIAN_POINT('Ctrl Pts',(-55.9055335026304,-3.90917662423381,8.46008908146512));
#869=CARTESIAN_POINT('Ctrl Pts',(-54.8036085426791,-2.82543809277601,8.63632497104798));
#870=CARTESIAN_POINT('Ctrl Pts',(-53.7690259981667,-2.50815806457949,8.74240669988595));
#871=CARTESIAN_POINT('Ctrl Pts',(-52.0962653971261,-2.82025417029303,8.85849538632565));
#872=CARTESIAN_POINT('Ctrl Pts',(-51.4373890038027,-3.21110833530021,8.88698943194016));
#873=CARTESIAN_POINT('Ctrl Pts',(-50.5792415440426,-4.27531648830871,8.88580774583044));
#874=CARTESIAN_POINT('Ctrl Pts',(-50.3405552181813,-4.904424596983,8.86171241303596));
#875=CARTESIAN_POINT('Ctrl Pts',(-50.2623878846805,-6.44927027027808,8.74964186633971));
#876=CARTESIAN_POINT('Ctrl Pts',(-50.6404794761921,-7.35889759564437,8.6358558409548));
#877=CARTESIAN_POINT('Ctrl Pts',(-51.4866769842188,-8.12482847299394,8.48567984598233));
#878=CARTESIAN_POINT('Ctrl Pts',(-51.6852868070415,-8.26674635129975,8.4538492238233));
#879=CARTESIAN_POINT('Ctrl Pts',(-51.8982358792759,-8.38308041150155,8.42310506546139));
#880=CARTESIAN_POINT('',(-51.9571344381382,-8.23651416083661,8.2770694021012));
#881=CARTESIAN_POINT('',(-51.8982358792759,-8.38308041150153,8.42310506546138));
#882=CARTESIAN_POINT('Origin',(-51.885007790096,-8.36800900273605,8.27445154113561));
#883=CARTESIAN_POINT('Ctrl Pts',(-51.8982358792759,-8.38308041150155,8.42310506546138));
#884=CARTESIAN_POINT('Ctrl Pts',(-52.6022552249515,-8.76768612066817,8.32146347563802));
#885=CARTESIAN_POINT('Ctrl Pts',(-53.4624935251496,-8.86093600650393,8.23485370622853));
#886=CARTESIAN_POINT('Ctrl Pts',(-55.0308398128353,-8.39272916409261,8.14373649130313));
#887=CARTESIAN_POINT('Ctrl Pts',(-55.7189070840169,-7.81816771318094,8.13959820685932));
#888=CARTESIAN_POINT('Ctrl Pts',(-56.1580190180158,-6.94533597139088,8.18052572427319));
#889=CARTESIAN_POINT('Ctrl Pts',(-56.2152078153086,-6.808525904179,8.1878670856579));
#890=CARTESIAN_POINT('Ctrl Pts',(-56.4435723021367,-6.12546942641747,8.22894621041533));
#891=CARTESIAN_POINT('Ctrl Pts',(-56.4913268904569,-4.93697165243474,8.32770155870785));
#892=CARTESIAN_POINT('Ctrl Pts',(-55.9055335026304,-3.90917662423381,8.46008908146512));
#893=CARTESIAN_POINT('Ctrl Pts',(-54.8036085426791,-2.82543809277601,8.63632497104798));
#894=CARTESIAN_POINT('Ctrl Pts',(-53.7690259981667,-2.50815806457949,8.74240669988595));
#895=CARTESIAN_POINT('Ctrl Pts',(-52.0962653971261,-2.82025417029303,8.85849538632565));
#896=CARTESIAN_POINT('Ctrl Pts',(-51.4373890038027,-3.21110833530021,8.88698943194016));
#897=CARTESIAN_POINT('Ctrl Pts',(-50.5792415440426,-4.27531648830871,8.88580774583044));
#898=CARTESIAN_POINT('Ctrl Pts',(-50.3405552181813,-4.904424596983,8.86171241303596));
#899=CARTESIAN_POINT('Ctrl Pts',(-50.2623878846805,-6.44927027027808,8.74964186633971));
#900=CARTESIAN_POINT('Ctrl Pts',(-50.6404794761921,-7.35889759564437,8.6358558409548));
#901=CARTESIAN_POINT('Ctrl Pts',(-51.4866769842188,-8.12482847299394,8.48567984598233));
#902=CARTESIAN_POINT('Ctrl Pts',(-51.6852868070415,-8.26674635129975,8.4538492238233));
#903=CARTESIAN_POINT('Ctrl Pts',(-51.8982358792759,-8.38308041150155,8.42310506546139));
#904=CARTESIAN_POINT('',(-50.442401578437,-5.69006532932215,8.65699653841408));
#905=CARTESIAN_POINT('Ctrl Pts',(-51.9571344381382,-8.23651416083659,8.2770694021012));
#906=CARTESIAN_POINT('Ctrl Pts',(-51.8611225220091,-8.18414042391448,8.29163909344475));
#907=CARTESIAN_POINT('Ctrl Pts',(-51.7681158175941,-8.1263690365311,8.30645069696511));
#908=CARTESIAN_POINT('Ctrl Pts',(-51.6786517394817,-8.06354294765024,8.32140376607926));
#909=CARTESIAN_POINT('Ctrl Pts',(-51.589267222918,-8.00077273081356,8.33634353723784));
#910=CARTESIAN_POINT('Ctrl Pts',(-51.5034191137291,-7.93295685014971,8.35142452248777));
#911=CARTESIAN_POINT('Ctrl Pts',(-51.4216140557826,-7.86048026131879,8.36654654299305));
#912=CARTESIAN_POINT('Ctrl Pts',(-51.4126080305008,-7.85250121934098,8.36821134590869));
#913=CARTESIAN_POINT('Ctrl Pts',(-51.4036509773285,-7.84446573160571,8.3698766461755));
#914=CARTESIAN_POINT('Ctrl Pts',(-51.3947435498229,-7.83637434325042,8.37154231012317));
#915=CARTESIAN_POINT('Ctrl Pts',(-51.3202946212284,-7.7687459293778,8.38546405085285));
#916=CARTESIAN_POINT('Ctrl Pts',(-51.2493676850143,-7.69725497983012,8.39932229545092));
#917=CARTESIAN_POINT('Ctrl Pts',(-51.1823365196483,-7.62228034756045,8.41304583100593));
#918=CARTESIAN_POINT('Ctrl Pts',(-51.1153261762394,-7.54732900473492,8.42676510360553));
#919=CARTESIAN_POINT('Ctrl Pts',(-51.052209395999,-7.46889637919323,8.44034975083868));
#920=CARTESIAN_POINT('Ctrl Pts',(-50.9933208700203,-7.3873957858639,8.45372862613611));
#921=CARTESIAN_POINT('Ctrl Pts',(-50.9344612730962,-7.30593522979277,8.467100929046));
#922=CARTESIAN_POINT('Ctrl Pts',(-50.8798259685212,-7.221409972953,8.48026766214192));
#923=CARTESIAN_POINT('Ctrl Pts',(-50.8297074228105,-7.13426383526794,8.49315778365561));
#924=CARTESIAN_POINT('Ctrl Pts',(-50.7796224636174,-7.04717609782653,8.5060392669639));
#925=CARTESIAN_POINT('Ctrl Pts',(-50.7340483806374,-6.95747126029756,8.51864450930354));
#926=CARTESIAN_POINT('Ctrl Pts',(-50.6932326669565,-6.86561941088265,8.53090261163469));
#927=CARTESIAN_POINT('Ctrl Pts',(-50.6523329728645,-6.77357857160614,8.54318593563615));
#928=CARTESIAN_POINT('Ctrl Pts',(-50.6162114191584,-6.67938215103808,8.55512068964298));
#929=CARTESIAN_POINT('Ctrl Pts',(-50.5850698698235,-6.58352635766342,8.5666355360791));
#930=CARTESIAN_POINT('Ctrl Pts',(-50.5540629914944,-6.48808509074543,8.57810058679267));
#931=CARTESIAN_POINT('Ctrl Pts',(-50.527993233032,-6.39099907826952,8.58914935384654));
#932=CARTESIAN_POINT('Ctrl Pts',(-50.5070112469718,-6.29277671997403,8.59971142116187));
#933=CARTESIAN_POINT('Ctrl Pts',(-50.4858925655079,-6.19391445347954,8.6103422992204));
#934=CARTESIAN_POINT('Ctrl Pts',(-50.4699283279762,-6.09390128128635,8.62048011528911));
#935=CARTESIAN_POINT('Ctrl Pts',(-50.4592207369925,-5.99327001578581,8.63005306804376));
#936=CARTESIAN_POINT('Ctrl Pts',(-50.4485131460089,-5.89263875028527,8.63962602079841));
#937=CARTESIAN_POINT('Ctrl Pts',(-50.4430622846806,-5.79138971591863,8.64863411023899));
#938=CARTESIAN_POINT('Ctrl Pts',(-50.4429173391587,-5.69006540805925,8.65700553504128));
#939=CARTESIAN_POINT('Ctrl Pts',(-50.4420045489278,-5.6900652687108,8.65698961286444));
#940=CARTESIAN_POINT('Ctrl Pts',(-50.4418763440273,-5.6406802234419,8.66106752594284));
#941=CARTESIAN_POINT('Ctrl Pts',(-50.4430589360576,-5.59125675739364,8.66499408221834));
#942=CARTESIAN_POINT('Ctrl Pts',(-50.476623710624,-4.93268288406895,8.71520648161185));
#943=CARTESIAN_POINT('Ctrl Pts',(-50.7037662007655,-4.33493998994797,8.73924710809241));
#944=CARTESIAN_POINT('Ctrl Pts',(-51.5200072322472,-3.3236460413857,8.74036400517758));
#945=CARTESIAN_POINT('Ctrl Pts',(-52.1465613782688,-2.95211973571858,8.71186587214702));
#946=CARTESIAN_POINT('Ctrl Pts',(-53.7369351671886,-2.65518570813431,8.59583016853909));
#947=CARTESIAN_POINT('Ctrl Pts',(-54.7203204668954,-2.95642564264987,8.48982711092506));
#948=CARTESIAN_POINT('Ctrl Pts',(-55.7674986149665,-3.98591890696647,8.31373276105339));
#949=CARTESIAN_POINT('Ctrl Pts',(-56.3240877946748,-4.96237077819791,8.18145295543817));
#950=CARTESIAN_POINT('Ctrl Pts',(-56.2786111408185,-6.09160218854313,8.08277204204546));
#951=CARTESIAN_POINT('Ctrl Pts',(-56.0615355027649,-6.74058036656799,8.04172996608584));
#952=CARTESIAN_POINT('Ctrl Pts',(-56.0071750969675,-6.87056338524454,8.03439591171721));
#953=CARTESIAN_POINT('Ctrl Pts',(-55.5897881921671,-7.69983388775592,7.99351359088998));
#954=CARTESIAN_POINT('Ctrl Pts',(-54.9357610370519,-8.24562223095788,7.9976877776909));
#955=CARTESIAN_POINT('Ctrl Pts',(-53.4446444456679,-8.6902849844021,8.08886132034807));
#956=CARTESIAN_POINT('Ctrl Pts',(-52.6266057793596,-8.60170545495537,8.17547794139304));
#957=CARTESIAN_POINT('Ctrl Pts',(-51.9571344381382,-8.23651416083661,8.2770694021012));
#958=CARTESIAN_POINT('Ctrl Pts',(-63.7080807299424,11.7595564345279,8.13529913788067));
#959=CARTESIAN_POINT('Ctrl Pts',(-63.7193663113221,11.4053309293772,8.14171895104899));
#960=CARTESIAN_POINT('Ctrl Pts',(-63.7247688988598,11.0505259364932,8.14745415757993));
#961=CARTESIAN_POINT('Ctrl Pts',(-63.7181986205021,9.04234235444679,8.17638396128388));
#962=CARTESIAN_POINT('Ctrl Pts',(-63.569630857447,7.38077304569254,8.18685156051238));
#963=CARTESIAN_POINT('Ctrl Pts',(-62.807780767059,3.31096189257033,8.19220034536958));
#964=CARTESIAN_POINT('Ctrl Pts',(-61.9986544518565,0.943291863481527,8.17674219835552));
#965=CARTESIAN_POINT('Ctrl Pts',(-60.3146505979771,-2.36045368819006,8.14951140986213));
#966=CARTESIAN_POINT('Ctrl Pts',(-59.6516529401762,-3.44424455577366,8.13945346597409));
#967=CARTESIAN_POINT('Ctrl Pts',(-58.1849892681708,-5.49114191215751,8.12199092957297));
#968=CARTESIAN_POINT('Ctrl Pts',(-57.3815132577337,-6.45399400707873,8.11458531758558));
#969=CARTESIAN_POINT('Ctrl Pts',(-55.6398014866686,-8.25295456854543,8.10559612662035));
#970=CARTESIAN_POINT('Ctrl Pts',(-54.7016391412878,-9.08902785391398,8.10399642677676));
#971=CARTESIAN_POINT('Ctrl Pts',(-52.6951198224977,-10.6094619993204,8.11082095373999));
#972=CARTESIAN_POINT('Ctrl Pts',(-51.6266798129064,-11.2940894713019,8.11918415116142));
#973=CARTESIAN_POINT('Ctrl Pts',(-50.0980913610206,-12.0963275111711,8.14158103928787));
#974=CARTESIAN_POINT('Ctrl Pts',(-49.6974613198242,-12.29164411013,8.14834704829566));
#975=CARTESIAN_POINT('Ctrl Pts',(-48.8862187361945,-12.6482601268631,8.1648556873795));
#976=CARTESIAN_POINT('Ctrl Pts',(-48.4757751892109,-12.8092514444199,8.17462774397159));
#977=CARTESIAN_POINT('Ctrl Pts',(-47.6314351492848,-13.1134249972437,8.19479300407521));
#978=CARTESIAN_POINT('Ctrl Pts',(-47.1940392241731,-13.2625997220305,8.20435863115245));
#979=CARTESIAN_POINT('Ctrl Pts',(-46.3154548108638,-13.6268708796197,8.21985569016207));
#980=CARTESIAN_POINT('Ctrl Pts',(-45.8776127470745,-13.8359593891693,8.22669193125948));
#981=CARTESIAN_POINT('Ctrl Pts',(-44.5946302789027,-14.5119813034513,8.24763705973885));
#982=CARTESIAN_POINT('Ctrl Pts',(-43.7805699345089,-15.0268085381679,8.26230830172953));
#983=CARTESIAN_POINT('Ctrl Pts',(-42.3698492516289,-16.1023461327325,8.28423361073766));
#984=CARTESIAN_POINT('Ctrl Pts',(-41.7589490552035,-16.6458365734483,8.29228454989335));
#985=CARTESIAN_POINT('Ctrl Pts',(-41.1969057118142,-17.2268361594036,8.29658649776846));
#986=CARTESIAN_POINT('Ctrl Pts',(-63.554786502344,11.8463585420224,8.14928096958296));
#987=CARTESIAN_POINT('Ctrl Pts',(-63.5648118821531,11.4930541911599,8.15642759691906));
#988=CARTESIAN_POINT('Ctrl Pts',(-63.5689125980632,11.1391565061427,8.16285372708184));
#989=CARTESIAN_POINT('Ctrl Pts',(-63.5550001558363,9.13611174678644,8.19551170148492));
#990=CARTESIAN_POINT('Ctrl Pts',(-63.4005813020166,7.47897332439939,8.20835848343982));
#991=CARTESIAN_POINT('Ctrl Pts',(-62.6274301609921,3.4202959266181,8.21818876781033));
#992=CARTESIAN_POINT('Ctrl Pts',(-61.8145288804712,1.05939540562517,8.20408870194695));
#993=CARTESIAN_POINT('Ctrl Pts',(-60.1280196567126,-2.23859071560495,8.17782107139833));
#994=CARTESIAN_POINT('Ctrl Pts',(-59.4647452245531,-3.32122758119793,8.1678944069435));
#995=CARTESIAN_POINT('Ctrl Pts',(-57.9986042486101,-5.36755872132283,8.15048203644252));
#996=CARTESIAN_POINT('Ctrl Pts',(-57.1959221278872,-6.33100451562397,8.14299568683085));
#997=CARTESIAN_POINT('Ctrl Pts',(-55.4570037675281,-8.1330554429722,8.13384017705902));
#998=CARTESIAN_POINT('Ctrl Pts',(-54.5208352174648,-8.97162956216094,8.13215613315822));
#999=CARTESIAN_POINT('Ctrl Pts',(-52.5197706239144,-10.4993641368059,8.13904607969784));
#1000=CARTESIAN_POINT('Ctrl Pts',(-51.4548002931332,-11.1887696913722,8.14756478175472));
#1001=CARTESIAN_POINT('Ctrl Pts',(-49.9323042758712,-11.9992212512964,8.17037470360534));
#1002=CARTESIAN_POINT('Ctrl Pts',(-49.5333785100174,-12.196787275963,8.17726545056076));
#1003=CARTESIAN_POINT('Ctrl Pts',(-48.7256386843858,-12.5584502149438,8.19396342181122));
#1004=CARTESIAN_POINT('Ctrl Pts',(-48.3169822834784,-12.7222597870895,8.20379721901569));
#1005=CARTESIAN_POINT('Ctrl Pts',(-47.4766095866011,-13.0322289630441,8.2240935283621));
#1006=CARTESIAN_POINT('Ctrl Pts',(-47.0414900014414,-13.1842107674509,8.23377381205986));
#1007=CARTESIAN_POINT('Ctrl Pts',(-46.1680365272618,-13.5526194359835,8.24970861046859));
#1008=CARTESIAN_POINT('Ctrl Pts',(-45.7329544929459,-13.7632173573864,8.2568159894157));
#1009=CARTESIAN_POINT('Ctrl Pts',(-44.4581217055343,-14.4429379352668,8.27848673270649));
#1010=CARTESIAN_POINT('Ctrl Pts',(-43.6493016006947,-14.9591538807172,8.29351695971836));
#1011=CARTESIAN_POINT('Ctrl Pts',(-42.2473826491065,-16.0352998553961,8.31581752497337));
#1012=CARTESIAN_POINT('Ctrl Pts',(-41.6401746336463,-16.5782964684686,8.32392393457378));
#1013=CARTESIAN_POINT('Ctrl Pts',(-41.0810802194929,-17.1583458299759,8.32810313247003));
#1014=CARTESIAN_POINT('Ctrl Pts',(-63.4016923067885,11.933635471216,8.16300761194048));
#1015=CARTESIAN_POINT('Ctrl Pts',(-63.4104046225767,11.5812164893394,8.17084175666935));
#1016=CARTESIAN_POINT('Ctrl Pts',(-63.4131611574847,11.2281972788374,8.17792406521753));
#1017=CARTESIAN_POINT('Ctrl Pts',(-63.3917010946948,9.23015232596133,8.21413210877645));
#1018=CARTESIAN_POINT('Ctrl Pts',(-63.2313751602015,7.57739299724231,8.22928187701261));
#1019=CARTESIAN_POINT('Ctrl Pts',(-62.4468420600981,3.52971510555292,8.24351861881112));
#1020=CARTESIAN_POINT('Ctrl Pts',(-61.6301682530045,1.17549512455485,8.23083772811867));
#1021=CARTESIAN_POINT('Ctrl Pts',(-59.9411955281626,-2.11685417274029,8.20568793661531));
#1022=CARTESIAN_POINT('Ctrl Pts',(-59.2776664079271,-3.19837612565408,8.19595704135061));
#1023=CARTESIAN_POINT('Ctrl Pts',(-57.8121031558424,-5.24420374020273,8.17872296778049));
#1024=CARTESIAN_POINT('Ctrl Pts',(-57.0102481156086,-6.20826658669544,8.17121949261946));
#1025=CARTESIAN_POINT('Ctrl Pts',(-55.2741938691732,-8.01342676674031,8.16199961577418));
#1026=CARTESIAN_POINT('Ctrl Pts',(-54.3400565926105,-8.85449762086291,8.16026946503485));
#1027=CARTESIAN_POINT('Ctrl Pts',(-52.3445255113362,-10.3894647831792,8.16725279051635));
#1028=CARTESIAN_POINT('Ctrl Pts',(-51.2830651969028,-11.083586605101,8.17591621710946));
#1029=CARTESIAN_POINT('Ctrl Pts',(-49.766709653548,-11.902110071632,8.19908699780166));
#1030=CARTESIAN_POINT('Ctrl Pts',(-49.3694985318566,-12.101886133369,8.20608556062764));
#1031=CARTESIAN_POINT('Ctrl Pts',(-48.5652838344514,-12.4685070761776,8.22293966589963));
#1032=CARTESIAN_POINT('Ctrl Pts',(-48.1584277664507,-12.6350832421442,8.23281928357789));
#1033=CARTESIAN_POINT('Ctrl Pts',(-47.3220410723354,-12.9507456326825,8.25321219334688));
#1034=CARTESIAN_POINT('Ctrl Pts',(-46.8892002244997,-13.1054896696568,8.26298551324245));
#1035=CARTESIAN_POINT('Ctrl Pts',(-46.020855577524,-13.4779840197151,8.27929686782022));
#1036=CARTESIAN_POINT('Ctrl Pts',(-45.5885118351606,-13.6900785240001,8.28663947544369));
#1037=CARTESIAN_POINT('Ctrl Pts',(-44.3217570626845,-14.3734746216073,8.30893183625551));
#1038=CARTESIAN_POINT('Ctrl Pts',(-43.5181228805947,-14.8910811657769,8.32425739188959));
#1039=CARTESIAN_POINT('Ctrl Pts',(-42.1248937070393,-15.967885527383,8.34683695407821));
#1040=CARTESIAN_POINT('Ctrl Pts',(-41.5213212790535,-16.5104305301778,8.35496304584975));
#1041=CARTESIAN_POINT('Ctrl Pts',(-40.9651242476298,-17.0895865776721,8.35900075215697));
#1042=CARTESIAN_POINT('Ctrl Pts',(-62.6440963916648,12.3682054128173,8.22975437473317));
#1043=CARTESIAN_POINT('Ctrl Pts',(-62.6460673837697,12.0200297841028,8.2408160439832));
#1044=CARTESIAN_POINT('Ctrl Pts',(-62.6419731928869,11.6712444703506,8.25098906975229));
#1045=CARTESIAN_POINT('Ctrl Pts',(-62.5821808499479,9.69738532860397,8.30396361390363));
#1046=CARTESIAN_POINT('Ctrl Pts',(-62.3923221492089,8.06608513034721,8.33016146287574));
#1047=CARTESIAN_POINT('Ctrl Pts',(-61.5510179722684,4.07227354937285,8.36585438064608));
#1048=CARTESIAN_POINT('Ctrl Pts',(-60.7156683782534,1.75072145372479,8.36047165057393));
#1049=CARTESIAN_POINT('Ctrl Pts',(-59.0146987265255,-1.51429029177348,8.34154798677414));
#1050=CARTESIAN_POINT('Ctrl Pts',(-58.3500158118144,-2.59047649284897,8.33307546163233));
#1051=CARTESIAN_POINT('Ctrl Pts',(-56.8875820791869,-4.63411212249161,8.31729853932808));
#1052=CARTESIAN_POINT('Ctrl Pts',(-56.0899847607362,-5.60134585098424,8.30999528157047));
#1053=CARTESIAN_POINT('Ctrl Pts',(-54.368459879918,-7.42200595969963,8.30091282209779));
#1054=CARTESIAN_POINT('Ctrl Pts',(-53.4445652159239,-8.27543023225962,8.29912454238912));
#1055=CARTESIAN_POINT('Ctrl Pts',(-51.4768210026336,-9.84591743435084,8.30669198631194));
#1056=CARTESIAN_POINT('Ctrl Pts',(-50.4329389962151,-10.5631176209878,8.31602007726636));
#1057=CARTESIAN_POINT('Ctrl Pts',(-48.9472284659568,-11.4209612653702,8.34073700904024));
#1058=CARTESIAN_POINT('Ctrl Pts',(-48.5585607128138,-11.6314984415182,8.348191615647));
#1059=CARTESIAN_POINT('Ctrl Pts',(-47.771916700143,-12.0222541156101,8.36566510197732));
#1060=CARTESIAN_POINT('Ctrl Pts',(-47.3740415193116,-12.2022888952623,8.37569728232998));
#1061=CARTESIAN_POINT('Ctrl Pts',(-46.5574878687551,-12.5456652649139,8.39641050848358));
#1062=CARTESIAN_POINT('Ctrl Pts',(-46.1359436493208,-12.7138817408092,8.40654460514146));
#1063=CARTESIAN_POINT('Ctrl Pts',(-45.2927914058567,-13.1063811467132,8.42443975193262));
#1064=CARTESIAN_POINT('Ctrl Pts',(-44.8739075763935,-13.3258278470548,8.43278611052475));
#1065=CARTESIAN_POINT('Ctrl Pts',(-43.6468271733885,-14.0273111580469,8.45769097394218));
#1066=CARTESIAN_POINT('Ctrl Pts',(-42.8686195587932,-14.5518116349599,8.47419435736356));
#1067=CARTESIAN_POINT('Ctrl Pts',(-41.5178929589809,-15.6321156554504,8.4977284363802));
#1068=CARTESIAN_POINT('Ctrl Pts',(-40.9320567841662,-16.1726223113698,8.50579645985188));
#1069=CARTESIAN_POINT('Ctrl Pts',(-40.3899651257483,-16.7476214000524,8.50905338010002));
#1070=CARTESIAN_POINT('Ctrl Pts',(-62.0421190692555,12.7218818973734,8.27905260561149));
#1071=CARTESIAN_POINT('Ctrl Pts',(-62.0379913385399,12.37663620956,8.29213105333674));
#1072=CARTESIAN_POINT('Ctrl Pts',(-62.0278359884151,12.0308539688541,8.3042684942301));
#1073=CARTESIAN_POINT('Ctrl Pts',(-61.9345362244173,10.0744450798765,8.36804066261822));
#1074=CARTESIAN_POINT('Ctrl Pts',(-61.7202564968416,8.45953304431782,8.40190623755622));
#1075=CARTESIAN_POINT('Ctrl Pts',(-60.8324466638331,4.50673203971015,8.45353716739749));
#1076=CARTESIAN_POINT('Ctrl Pts',(-59.9822730419671,2.20989205667501,8.45481696128663));
#1077=CARTESIAN_POINT('Ctrl Pts',(-58.2724212998473,-1.03517470721138,8.44303047345173));
#1078=CARTESIAN_POINT('Ctrl Pts',(-57.6071694817958,-2.10770116259497,8.43647137177559));
#1079=CARTESIAN_POINT('Ctrl Pts',(-56.1480935888292,-4.15055387430645,8.42366516786694));
#1080=CARTESIAN_POINT('Ctrl Pts',(-55.3544058288768,-5.12068284140105,8.41741975034738));
#1081=CARTESIAN_POINT('Ctrl Pts',(-53.6455552075858,-6.95402392612615,8.40988373490713));
#1082=CARTESIAN_POINT('Ctrl Pts',(-52.7304012924448,-7.81725887815381,8.40858589612695));
#1083=CARTESIAN_POINT('Ctrl Pts',(-50.7860012620499,-9.41510977581946,8.41700195087674));
#1084=CARTESIAN_POINT('Ctrl Pts',(-49.7567369270933,-10.149819922305,8.42669779065495));
#1085=CARTESIAN_POINT('Ctrl Pts',(-48.2961582544287,-11.0369098512838,8.45188413490513));
#1086=CARTESIAN_POINT('Ctrl Pts',(-47.9144523599036,-11.2554353304891,8.45945565724551));
#1087=CARTESIAN_POINT('Ctrl Pts',(-47.1421377446215,-11.6640784412427,8.47693609014328));
#1088=CARTESIAN_POINT('Ctrl Pts',(-46.7516068452118,-11.8540546139659,8.4868541299321));
#1089=CARTESIAN_POINT('Ctrl Pts',(-45.951122288227,-12.2179494759286,8.50731813846818));
#1090=CARTESIAN_POINT('Ctrl Pts',(-45.5386095789579,-12.39621034449,8.51742624474269));
#1091=CARTESIAN_POINT('Ctrl Pts',(-44.7151937887997,-12.8038689530799,8.5357088447385));
#1092=CARTESIAN_POINT('Ctrl Pts',(-44.306717998715,-13.0289800450201,8.54434808028263));
#1093=CARTESIAN_POINT('Ctrl Pts',(-43.1102014787264,-13.7445104595365,8.56986990658092));
#1094=CARTESIAN_POINT('Ctrl Pts',(-42.3514388039506,-14.2745279317376,8.58641843386161));
#1095=CARTESIAN_POINT('Ctrl Pts',(-41.0328962506401,-15.3583957855899,8.6093729600644));
#1096=CARTESIAN_POINT('Ctrl Pts',(-40.4603460974872,-15.8979271026981,8.61690413930184));
#1097=CARTESIAN_POINT('Ctrl Pts',(-39.9287244282598,-16.470476360722,8.61928806395478));
#1098=CARTESIAN_POINT('Ctrl Pts',(-60.8416376555436,13.4386970536762,8.3704050899526));
#1099=CARTESIAN_POINT('Ctrl Pts',(-60.8242122019955,13.0989475391944,8.38674964518962));
#1100=CARTESIAN_POINT('Ctrl Pts',(-60.8010185432805,12.7588648337908,8.40209972112736));
#1101=CARTESIAN_POINT('Ctrl Pts',(-60.6362028550783,10.8357847709496,8.48371325222388));
#1102=CARTESIAN_POINT('Ctrl Pts',(-60.3718628403043,9.25285253105103,8.53097157798532));
#1103=CARTESIAN_POINT('Ctrl Pts',(-59.3895453493004,5.37925558158897,8.61198152087945));
#1104=CARTESIAN_POINT('Ctrl Pts',(-58.5102505320656,3.1294147991805,8.62721219018353));
#1105=CARTESIAN_POINT('Ctrl Pts',(-56.7843606170134,-0.0792110550479778,
8.63187256175165));
#1106=CARTESIAN_POINT('Ctrl Pts',(-56.1187456566492,-1.14555558910959,8.63010920073611));
#1107=CARTESIAN_POINT('Ctrl Pts',(-54.6681504396819,-3.18878069622281,8.62519400590808));
#1108=CARTESIAN_POINT('Ctrl Pts',(-53.8832763011081,-4.16549769814129,8.62204415565979));
#1109=CARTESIAN_POINT('Ctrl Pts',(-52.2017778004908,-6.02511554188346,8.61914568673315));
#1110=CARTESIAN_POINT('Ctrl Pts',(-51.3051144610969,-6.9080951475392,8.61939197800409));
#1111=CARTESIAN_POINT('Ctrl Pts',(-49.4092948033064,-8.55951491305304,8.62981416994401));
#1112=CARTESIAN_POINT('Ctrl Pts',(-48.4101374249563,-9.32799009060611,8.63998407735129));
#1113=CARTESIAN_POINT('Ctrl Pts',(-47.0006244310626,-10.2703604285345,8.66507715068441));
#1114=CARTESIAN_POINT('Ctrl Pts',(-46.6329938510306,-10.5039341774864,8.67255570802138));
#1115=CARTESIAN_POINT('Ctrl Pts',(-45.8896558207625,-10.946187834063,8.68939966198998));
#1116=CARTESIAN_POINT('Ctrl Pts',(-45.5139919039623,-11.1547886371387,8.69876860675079));
#1117=CARTESIAN_POINT('Ctrl Pts',(-44.7458427122698,-11.5571146675254,8.71805040276378));
#1118=CARTESIAN_POINT('Ctrl Pts',(-44.3513459261656,-11.754238835702,8.72769408144623));
#1119=CARTESIAN_POINT('Ctrl Pts',(-43.5666752366015,-12.1906141393768,8.74568462744094));
#1120=CARTESIAN_POINT('Ctrl Pts',(-43.1784031216517,-12.4265388834455,8.75431258300204));
#1121=CARTESIAN_POINT('Ctrl Pts',(-42.0409386540572,-13.1690187605765,8.77937728391906));
#1122=CARTESIAN_POINT('Ctrl Pts',(-41.3193857985116,-13.7098104940057,8.79503107329584));
#1123=CARTESIAN_POINT('Ctrl Pts',(-40.0617713338542,-14.801664293931,8.81546254441162));
#1124=CARTESIAN_POINT('Ctrl Pts',(-39.514077282261,-15.3401673698302,8.82147870384466));
#1125=CARTESIAN_POINT('Ctrl Pts',(-39.0018867458001,-15.9091161306495,8.82196801234157));
#1126=CARTESIAN_POINT('Ctrl Pts',(-60.2430738563426,13.8018290280145,8.41246931483213));
#1127=CARTESIAN_POINT('Ctrl Pts',(-60.2184647799261,13.4646482433558,8.43006073537138));
#1128=CARTESIAN_POINT('Ctrl Pts',(-60.1883015292083,13.1272636533059,8.44665765057514));
#1129=CARTESIAN_POINT('Ctrl Pts',(-59.9855089294565,11.2200688697528,8.53530919416096));
#1130=CARTESIAN_POINT('Ctrl Pts',(-59.69551921176,9.65272907555379,8.58829370032307));
#1131=CARTESIAN_POINT('Ctrl Pts',(-58.6651988285162,5.8173298435632,8.68274523832782));
#1132=CARTESIAN_POINT('Ctrl Pts',(-57.7716186241128,3.58977229314235,8.70526399988964));
#1133=CARTESIAN_POINT('Ctrl Pts',(-56.0385813469563,0.397637889425631,8.71923373471468));
#1134=CARTESIAN_POINT('Ctrl Pts',(-55.3731738049101,-0.666185745356099,
8.72035264136309));
#1135=CARTESIAN_POINT('Ctrl Pts',(-53.9277022117073,-2.71056722752566,8.72035764972756));
#1136=CARTESIAN_POINT('Ctrl Pts',(-53.1477313442521,-3.69097673363394,8.71924560033863));
#1137=CARTESIAN_POINT('Ctrl Pts',(-51.4809085577466,-5.56418890341033,8.71943821831416));
#1138=CARTESIAN_POINT('Ctrl Pts',(-50.5939937368484,-6.45710128430729,8.72073832456964));
#1139=CARTESIAN_POINT('Ctrl Pts',(-48.7234088789173,-8.13472525205977,8.73231776312929));
#1140=CARTESIAN_POINT('Ctrl Pts',(-47.7397409840186,-8.91945647498579,8.74259374343738));
#1141=CARTESIAN_POINT('Ctrl Pts',(-46.356156641955,-9.88785490468372,8.76712492725995));
#1142=CARTESIAN_POINT('Ctrl Pts',(-45.9956377601008,-10.1284865657657,8.77439391071843));
#1143=CARTESIAN_POINT('Ctrl Pts',(-45.2669396856604,-10.5864523621424,8.7905963612453));
#1144=CARTESIAN_POINT('Ctrl Pts',(-44.8987931888817,-10.8037271626257,8.7995321067965));
#1145=CARTESIAN_POINT('Ctrl Pts',(-44.1469001415051,-11.2239477818001,8.81788466481956));
#1146=CARTESIAN_POINT('Ctrl Pts',(-43.7613814101021,-11.4298796890311,8.82709241989123));
#1147=CARTESIAN_POINT('Ctrl Pts',(-42.9957109209875,-11.879804185653,8.84440589180671));
#1148=CARTESIAN_POINT('Ctrl Pts',(-42.6172344364898,-12.1208820824341,8.85272933222612));
#1149=CARTESIAN_POINT('Ctrl Pts',(-41.5082589418528,-12.876274329137,8.87671890216506));
#1150=CARTESIAN_POINT('Ctrl Pts',(-40.8044706878669,-13.4223290619372,8.89143203814676));
#1151=CARTESIAN_POINT('Ctrl Pts',(-39.5756070205595,-14.5186211752516,8.9099169791871));
#1152=CARTESIAN_POINT('Ctrl Pts',(-39.0394894538134,-15.0570814139886,8.91495239261335));
#1153=CARTESIAN_POINT('Ctrl Pts',(-38.5362644754195,-15.624884681571,8.91441865561483));
#1154=CARTESIAN_POINT('Ctrl Pts',(-58.7497507316533,14.7167052826808,8.50968301380556));
#1155=CARTESIAN_POINT('Ctrl Pts',(-58.7065650600382,14.3859782493749,8.52976063534516));
#1156=CARTESIAN_POINT('Ctrl Pts',(-58.6584557342335,14.0553614692113,8.54887330360438));
#1157=CARTESIAN_POINT('Ctrl Pts',(-58.3581385153884,12.1879107469756,8.65190289679363));
#1158=CARTESIAN_POINT('Ctrl Pts',(-58.0032321917923,10.6591774332014,8.71727642988085));
#1159=CARTESIAN_POINT('Ctrl Pts',(-56.8515851898153,6.91714203904897,8.84211626127846));
#1160=CARTESIAN_POINT('Ctrl Pts',(-55.9221368786864,4.74293669092703,8.88235039308244));
#1161=CARTESIAN_POINT('Ctrl Pts',(-54.1718557623124,1.58904749786654,8.91975752787867));
#1162=CARTESIAN_POINT('Ctrl Pts',(-53.5073468448977,0.530605239638858,8.92830689390551));
#1163=CARTESIAN_POINT('Ctrl Pts',(-52.0757239287295,-1.51813868899514,8.9411576845548));
#1164=CARTESIAN_POINT('Ctrl Pts',(-51.3086749610644,-2.50832771274024,8.94546025972084));
#1165=CARTESIAN_POINT('Ctrl Pts',(-49.6800256847869,-4.41598739800209,8.95388364988152));
#1166=CARTESIAN_POINT('Ctrl Pts',(-48.8183049701802,-5.33364692965459,8.9580010255608));
#1167=CARTESIAN_POINT('Ctrl Pts',(-47.0124544623784,-7.07548714780828,8.97247243728479));
#1168=CARTESIAN_POINT('Ctrl Pts',(-46.0683307156982,-7.89966370604653,8.98282670524587));
#1169=CARTESIAN_POINT('Ctrl Pts',(-44.7503641102061,-8.9304326472569,9.00536447634057));
#1170=CARTESIAN_POINT('Ctrl Pts',(-44.4077901408116,-9.18793569313839,9.01192869242961));
#1171=CARTESIAN_POINT('Ctrl Pts',(-43.7160839937546,-9.68331221222443,9.02619500087043));
#1172=CARTESIAN_POINT('Ctrl Pts',(-43.3669660827426,-9.92116017563205,9.03389743459309));
#1173=CARTESIAN_POINT('Ctrl Pts',(-42.6560128440007,-10.383899408534,9.04959415017722));
#1174=CARTESIAN_POINT('Ctrl Pts',(-42.2929373129144,-10.6108610710071,9.05749333294342));
#1175=CARTESIAN_POINT('Ctrl Pts',(-41.574153987817,-11.0935670032208,9.07252235604547));
#1176=CARTESIAN_POINT('Ctrl Pts',(-41.2196187426267,-11.3473026290115,9.07975076161679));
#1177=CARTESIAN_POINT('Ctrl Pts',(-40.1800062474124,-12.1346563537045,9.10015028341281));
#1178=CARTESIAN_POINT('Ctrl Pts',(-39.5191220123401,-12.694097125872,9.11204868197566));
#1179=CARTESIAN_POINT('Ctrl Pts',(-38.3590367300506,-13.8029688648238,9.12516693000635));
#1180=CARTESIAN_POINT('Ctrl Pts',(-37.8503112641718,-14.3424229970763,9.12766459197677));
#1181=CARTESIAN_POINT('Ctrl Pts',(-37.3681399257811,-14.9086725821944,9.12468775310241));
#1182=CARTESIAN_POINT('Ctrl Pts',(-57.8568759593911,15.2719311665026,8.56083206559188));
#1183=CARTESIAN_POINT('Ctrl Pts',(-57.802119572543,14.9450916995168,8.58182099461614));
#1184=CARTESIAN_POINT('Ctrl Pts',(-57.7428772396717,14.6185402491283,8.60189262671236));
#1185=CARTESIAN_POINT('Ctrl Pts',(-57.3822017303608,12.7748691183578,8.7106133910791));
#1186=CARTESIAN_POINT('Ctrl Pts',(-56.9876547313504,11.2688785086982,8.78168868395403));
#1187=CARTESIAN_POINT('Ctrl Pts',(-55.7618061068441,7.58087181831844,8.92188234646784));
#1188=CARTESIAN_POINT('Ctrl Pts',(-54.8102931923468,5.43663611731338,8.97231885552289));
#1189=CARTESIAN_POINT('Ctrl Pts',(-53.0496191791114,2.30333528658335,9.02399640810786));
#1190=CARTESIAN_POINT('Ctrl Pts',(-52.3857757357238,1.247440300072,9.0372313812972));
#1191=CARTESIAN_POINT('Ctrl Pts',(-50.9630048656634,-0.804909947795695,
9.05833588079798));
#1192=CARTESIAN_POINT('Ctrl Pts',(-50.2041284554808,-1.80127103374214,9.06620615767168));
#1193=CARTESIAN_POINT('Ctrl Pts',(-48.5994416190836,-3.72964252328322,9.08008145436021));
#1194=CARTESIAN_POINT('Ctrl Pts',(-47.7534787326614,-4.66188802177228,9.08608404503393));
#1195=CARTESIAN_POINT('Ctrl Pts',(-45.9878767096858,-6.44080325842679,9.10233611571277));
#1196=CARTESIAN_POINT('Ctrl Pts',(-45.0682423416067,-7.28746419233954,9.11258619353109));
#1197=CARTESIAN_POINT('Ctrl Pts',(-43.7905029655521,-8.35322826649411,9.13339540520706));
#1198=CARTESIAN_POINT('Ctrl Pts',(-43.4588915849821,-8.62017121805645,9.13937131206154));
#1199=CARTESIAN_POINT('Ctrl Pts',(-42.7898380324391,-9.13635630769082,9.15216865577737));
#1200=CARTESIAN_POINT('Ctrl Pts',(-42.4524050600611,-9.38558207516227,9.1589902886644));
#1201=CARTESIAN_POINT('Ctrl Pts',(-41.7664041863179,-9.87193133232798,9.17277962287426));
#1202=CARTESIAN_POINT('Ctrl Pts',(-41.4168376609039,-10.1107116255117,9.17968507541588));
#1203=CARTESIAN_POINT('Ctrl Pts',(-40.7257259101083,-10.6123597015078,9.19277683165157));
#1204=CARTESIAN_POINT('Ctrl Pts',(-40.3851248533985,-10.8736254995724,9.19902781822236));
#1205=CARTESIAN_POINT('Ctrl Pts',(-39.3856685885952,-11.680275859128,9.2163987374081));
#1206=CARTESIAN_POINT('Ctrl Pts',(-38.7493449513498,-12.2482162876643,9.2261457357691));
#1207=CARTESIAN_POINT('Ctrl Pts',(-37.6280719691549,-13.3663666454143,9.23551588484314));
#1208=CARTESIAN_POINT('Ctrl Pts',(-37.1345451325377,-13.9075546531423,9.23638001831902));
#1209=CARTESIAN_POINT('Ctrl Pts',(-36.6639047965098,-14.4741421459198,9.23201678946298));
#1210=CARTESIAN_POINT('Ctrl Pts',(-56.0759198997184,16.3904009045772,8.64925107778285));
#1211=CARTESIAN_POINT('Ctrl Pts',(-55.9978265664247,16.0717996395331,8.67120532452411));
#1212=CARTESIAN_POINT('Ctrl Pts',(-55.9161381203775,15.7537623718578,8.69237609614443));
#1213=CARTESIAN_POINT('Ctrl Pts',(-55.4337611716098,13.9593995696184,8.80806044182897));
#1214=CARTESIAN_POINT('Ctrl Pts',(-54.9592025610376,12.4987009585451,8.88772238439154));
#1215=CARTESIAN_POINT('Ctrl Pts',(-53.5826362075182,8.91611874222254,9.05325881009344));
#1216=CARTESIAN_POINT('Ctrl Pts',(-52.5851657822775,6.82827337382938,9.1223843952504));
#1217=CARTESIAN_POINT('Ctrl Pts',(-50.802252027919,3.73249666225871,9.20118908418328));
#1218=CARTESIAN_POINT('Ctrl Pts',(-50.1394761467902,2.68074014037466,9.22352675292036));
#1219=CARTESIAN_POINT('Ctrl Pts',(-48.7344642400642,0.61998587392226,9.26085400133287));
#1220=CARTESIAN_POINT('Ctrl Pts',(-47.9922561614458,-0.388949414071964,
9.27584372130678));
#1221=CARTESIAN_POINT('Ctrl Pts',(-46.4366710027862,-2.3582498933968,9.30065003298471));
#1222=CARTESIAN_POINT('Ctrl Pts',(-45.623085148689,-3.31893326052109,9.31046708528676));
#1223=CARTESIAN_POINT('Ctrl Pts',(-43.9400459101508,-5.16922681622959,9.33017156692425));
#1224=CARTESIAN_POINT('Ctrl Pts',(-43.0705937403692,-6.05882426765317,9.34005994296658));
#1225=CARTESIAN_POINT('Ctrl Pts',(-41.874712153381,-7.19092662553492,9.35692621083901));
#1226=CARTESIAN_POINT('Ctrl Pts',(-41.5653598899067,-7.47574074277788,9.36157779854579));
#1227=CARTESIAN_POINT('Ctrl Pts',(-40.9424000506297,-8.03115304605583,9.37116402232249));
#1228=CARTESIAN_POINT('Ctrl Pts',(-40.6287956909081,-8.30174589682955,9.37609862066586));
#1229=CARTESIAN_POINT('Ctrl Pts',(-39.993426181171,-8.83261439844254,9.38580278662455));
#1230=CARTESIAN_POINT('Ctrl Pts',(-39.671053300114,-9.0938839645727,9.39055218834425));
#1231=CARTESIAN_POINT('Ctrl Pts',(-39.0348052277001,-9.63246267643204,9.39934572054002));
#1232=CARTESIAN_POINT('Ctrl Pts',(-38.7215036901087,-9.90881944145594,9.40341110071009));
#1233=CARTESIAN_POINT('Ctrl Pts',(-37.8003328341402,-10.7547670540498,9.4141288513882));
#1234=CARTESIAN_POINT('Ctrl Pts',(-37.2113706909812,-11.3409632701774,9.41930699918018));
#1235=CARTESIAN_POINT('Ctrl Pts',(-36.1640931529687,-12.4812759184273,9.4210331185978));
#1236=CARTESIAN_POINT('Ctrl Pts',(-35.6991479535252,-13.0280915646953,9.41870057513494));
#1237=CARTESIAN_POINT('Ctrl Pts',(-35.2500319189825,-13.5975793993743,9.41181551235795));
#1238=CARTESIAN_POINT('Ctrl Pts',(-55.1878377623864,16.9536468448679,8.68652429823519));
#1239=CARTESIAN_POINT('Ctrl Pts',(-55.097976499122,16.6393963473729,8.70853182283192));
#1240=CARTESIAN_POINT('Ctrl Pts',(-55.0049732608132,16.325808061803,8.72984226183451));
#1241=CARTESIAN_POINT('Ctrl Pts',(-54.4612439717266,14.5569751536143,8.84679697071214));
#1242=CARTESIAN_POINT('Ctrl Pts',(-53.9463118732605,13.1188269987526,8.92934417910789));
#1243=CARTESIAN_POINT('Ctrl Pts',(-52.4932348413681,9.58764019712615,9.10486916810913));
#1244=CARTESIAN_POINT('Ctrl Pts',(-51.4718794451328,7.52621239092537,9.18248158363304));
#1245=CARTESIAN_POINT('Ctrl Pts',(-49.6771282549183,4.44736450534204,9.27414201919261));
#1246=CARTESIAN_POINT('Ctrl Pts',(-49.0147572435699,3.39719659705829,9.30089640397816));
#1247=CARTESIAN_POINT('Ctrl Pts',(-47.6186563703088,1.33163975329804,9.3461919248461));
#1248=CARTESIAN_POINT('Ctrl Pts',(-46.8849453929029,0.316300039285465,9.36473301622913));
#1249=CARTESIAN_POINT('Ctrl Pts',(-45.3545010290566,-1.67322155665235,9.39501774490539));
#1250=CARTESIAN_POINT('Ctrl Pts',(-44.5575345827819,-2.6477585747304,9.40676367517534));
#1251=CARTESIAN_POINT('Ctrl Pts',(-42.9168075563612,-4.53235526925358,9.42813984644001));
#1252=CARTESIAN_POINT('Ctrl Pts',(-42.0730458995374,-5.44240326490657,9.43777079900648));
#1253=CARTESIAN_POINT('Ctrl Pts',(-40.9187873283005,-6.60583540093521,9.45242561986487));
#1254=CARTESIAN_POINT('Ctrl Pts',(-40.6207290905677,-6.89907633322318,9.45634213810694));
#1255=CARTESIAN_POINT('Ctrl Pts',(-40.0212018367826,-7.47289147935108,9.464189321479));
#1256=CARTESIAN_POINT('Ctrl Pts',(-39.7197348668932,-7.75346237610415,9.46811998939265));
#1257=CARTESIAN_POINT('Ctrl Pts',(-39.1100333767429,-8.30521977106087,9.47565163089484));
#1258=CARTESIAN_POINT('Ctrl Pts',(-38.8013394977688,-8.57715315572191,9.4792403822074));
#1259=CARTESIAN_POINT('Ctrl Pts',(-38.1922775931632,-9.13372162536858,9.48567239274284));
#1260=CARTESIAN_POINT('Ctrl Pts',(-37.8923432067027,-9.41764355500753,9.48852882558628));
#1261=CARTESIAN_POINT('Ctrl Pts',(-37.0093071118507,-10.2835997276884,9.49561983301945));
#1262=CARTESIAN_POINT('Ctrl Pts',(-36.4431464127185,-10.8795547468233,9.49837944412603));
#1263=CARTESIAN_POINT('Ctrl Pts',(-35.4310535139266,-12.0327577319842,9.49620746259353));
#1264=CARTESIAN_POINT('Ctrl Pts',(-34.9794929496765,-12.5834703863186,9.49231067652309));
#1265=CARTESIAN_POINT('Ctrl Pts',(-34.5403702899253,-13.1555220412354,9.48428970080468));
#1266=CARTESIAN_POINT('Ctrl Pts',(-53.4139868809077,18.0841776554025,8.74772042862582));
#1267=CARTESIAN_POINT('Ctrl Pts',(-53.300616424467,17.7794588773685,8.76933451548803));
#1268=CARTESIAN_POINT('Ctrl Pts',(-53.1850094821314,17.4754913429456,8.79042963869925));
#1269=CARTESIAN_POINT('Ctrl Pts',(-52.5186826395798,15.7612466027204,8.90715511906345));
#1270=CARTESIAN_POINT('Ctrl Pts',(-51.9229116209878,14.3689392456116,8.99330127317223));
#1271=CARTESIAN_POINT('Ctrl Pts',(-50.3158447157208,10.9395425754215,9.18373414014428));
#1272=CARTESIAN_POINT('Ctrl Pts',(-49.2454549733719,8.92775059091975,9.27560098330689));
#1273=CARTESIAN_POINT('Ctrl Pts',(-47.4261214460792,5.87915319663718,9.38948499290912));
#1274=CARTESIAN_POINT('Ctrl Pts',(-46.7644280593305,4.83113461162365,9.42399117930114));
#1275=CARTESIAN_POINT('Ctrl Pts',(-45.3863586661019,2.75448969942854,9.48338248590923));
#1276=CARTESIAN_POINT('Ctrl Pts',(-44.6699877459708,1.72589069764865,9.50826744689735));
#1277=CARTESIAN_POINT('Ctrl Pts',(-43.1909172400006,-0.304180629391961,
9.54837563521398));
#1278=CARTESIAN_POINT('Ctrl Pts',(-42.427945227163,-1.3060694787907,9.56360502278782));
#1279=CARTESIAN_POINT('Ctrl Pts',(-40.8734500200877,-3.25756957949487,9.58794857109154));
#1280=CARTESIAN_POINT('Ctrl Pts',(-40.0819222513628,-4.20717288937545,9.59706331158466));
#1281=CARTESIAN_POINT('Ctrl Pts',(-39.0116316315001,-5.43075395858634,9.60755473524415));
#1282=CARTESIAN_POINT('Ctrl Pts',(-38.7363105227295,-5.74013753182284,9.61009227239792));
#1283=CARTESIAN_POINT('Ctrl Pts',(-38.1840354237175,-6.34898665652408,9.61470074052473));
#1284=CARTESIAN_POINT('Ctrl Pts',(-37.9070823597404,-6.64845095308845,9.61677167471351));
#1285=CARTESIAN_POINT('Ctrl Pts',(-37.3491019195069,-7.23980811608647,9.62028608107222));
#1286=CARTESIAN_POINT('Ctrl Pts',(-37.0678487734181,-7.53206308102901,9.62172722032109));
#1287=CARTESIAN_POINT('Ctrl Pts',(-36.5126523362169,-8.12361346803625,9.62378424405118));
#1288=CARTESIAN_POINT('Ctrl Pts',(-36.238921530543,-8.42256744767345,9.62440301289846));
#1289=CARTESIAN_POINT('Ctrl Pts',(-35.4302273908644,-9.32878026323933,9.62482038149581));
#1290=CARTESIAN_POINT('Ctrl Pts',(-34.9079416720357,-9.94511554123071,9.62318240796871));
#1291=CARTESIAN_POINT('Ctrl Pts',(-33.9628863781993,-11.1266133345007,9.61404871957155));
#1292=CARTESIAN_POINT('Ctrl Pts',(-33.5365141512293,-11.6866350069596,9.60741562259038));
#1293=CARTESIAN_POINT('Ctrl Pts',(-33.1161525052279,-12.2653455702374,9.59750228276026));
#1294=CARTESIAN_POINT('Ctrl Pts',(-52.5282397424339,18.6514588073396,8.7716427384767));
#1295=CARTESIAN_POINT('Ctrl Pts',(-52.4031248975892,18.3519206062501,8.79281024132551));
#1296=CARTESIAN_POINT('Ctrl Pts',(-52.2762264912454,18.0531246077269,8.81355048208728));
#1297=CARTESIAN_POINT('Ctrl Pts',(-51.5486427653172,16.3679375075063,8.92877678426684));
#1298=CARTESIAN_POINT('Ctrl Pts',(-50.9124064111778,14.9989214927084,9.01563638730311));
#1299=CARTESIAN_POINT('Ctrl Pts',(-49.2278618961818,11.6199204450636,9.21098791306196));
#1300=CARTESIAN_POINT('Ctrl Pts',(-48.1323253200495,9.63134683602471,9.30862193686004));
#1301=CARTESIAN_POINT('Ctrl Pts',(-46.3002434062493,6.59607237095782,9.431873438195));
#1302=CARTESIAN_POINT('Ctrl Pts',(-45.6388205105947,5.5486156324086,9.4697146774494));
#1303=CARTESIAN_POINT('Ctrl Pts',(-44.269865592491,3.4656887510299,9.53523373706651));
#1304=CARTESIAN_POINT('Ctrl Pts',(-43.5623339455167,2.43023735013311,9.56291141594701));
#1305=CARTESIAN_POINT('Ctrl Pts',(-42.1094886292571,0.379843454012016,9.60736546106748));
#1306=CARTESIAN_POINT('Ctrl Pts',(-41.3638874719553,-0.635539881862663,
9.62414986673979));
#1307=CARTESIAN_POINT('Ctrl Pts',(-39.853304034755,-2.6196312881721,9.6497906464861));
#1308=CARTESIAN_POINT('Ctrl Pts',(-39.0883158922949,-3.58833412355209,9.65864740959668));
#1309=CARTESIAN_POINT('Ctrl Pts',(-38.0603674325962,-4.84072627278652,9.66718950473911));
#1310=CARTESIAN_POINT('Ctrl Pts',(-37.7964889797659,-5.15782345935218,9.66908386977579));
#1311=CARTESIAN_POINT('Ctrl Pts',(-37.2680316975372,-5.78329638995559,9.67219467144202));
#1312=CARTESIAN_POINT('Ctrl Pts',(-37.0034533881106,-6.09167150623077,9.6734111222643));
#1313=CARTESIAN_POINT('Ctrl Pts',(-36.4715240466665,-6.70173409535539,9.67508384078011));
#1314=CARTESIAN_POINT('Ctrl Pts',(-36.2040312387468,-7.00364780025668,9.67553873571688));
#1315=CARTESIAN_POINT('Ctrl Pts',(-35.6755135832147,-7.61220222875835,9.67558102463337));
#1316=CARTESIAN_POINT('Ctrl Pts',(-35.4146224449083,-7.9186302651362,9.67517021356993));
#1317=CARTESIAN_POINT('Ctrl Pts',(-34.6421473372481,-8.84510877695815,9.67253784165384));
#1318=CARTESIAN_POINT('Ctrl Pts',(-34.1409432940957,-9.47207584235498,9.66891877035195));
#1319=CARTESIAN_POINT('Ctrl Pts',(-33.227755829974,-10.668992274753,9.65671759859686));
#1320=CARTESIAN_POINT('Ctrl Pts',(-32.8131945306738,-11.2344296217177,9.64891096516203));
#1321=CARTESIAN_POINT('Ctrl Pts',(-32.4016059927774,-11.8172365342608,9.63824019145997));
#1322=CARTESIAN_POINT('Ctrl Pts',(-50.756716591321,19.7863948585837,8.80644784867499));
#1323=CARTESIAN_POINT('Ctrl Pts',(-50.6083384400134,19.4984268532682,8.82660915615201));
#1324=CARTESIAN_POINT('Ctrl Pts',(-50.4590723235945,19.2110445776957,8.8464938580973));
#1325=CARTESIAN_POINT('Ctrl Pts',(-49.6101023661756,17.5893165803489,8.95771739031007));
#1326=CARTESIAN_POINT('Ctrl Pts',(-48.8934894540017,16.2685337144419,9.04448829508864));
#1327=CARTESIAN_POINT('Ctrl Pts',(-47.0543026424292,12.9908547784089,9.24489874483439));
#1328=CARTESIAN_POINT('Ctrl Pts',(-45.9076824377222,11.0457798025511,9.35031055923255));
#1329=CARTESIAN_POINT('Ctrl Pts',(-44.0496343441235,8.03354374761022,9.48675885403701));
#1330=CARTESIAN_POINT('Ctrl Pts',(-43.3887240984514,6.98611811494531,9.52939572166805));
#1331=CARTESIAN_POINT('Ctrl Pts',(-42.0383406373537,4.88892499434744,9.60383484464117));
#1332=CARTESIAN_POINT('Ctrl Pts',(-41.3488627648224,3.83916378889555,9.63563705972722));
#1333=CARTESIAN_POINT('Ctrl Pts',(-39.9495082745245,1.74759529334914,9.68658269541508));
#1334=CARTESIAN_POINT('Ctrl Pts',(-39.2393249920289,0.705314254728125,9.70573703673553));
#1335=CARTESIAN_POINT('Ctrl Pts',(-37.817760065516,-1.34305657480273,9.73343709759709));
#1336=CARTESIAN_POINT('Ctrl Pts',(-37.1063723065764,-2.34914569582191,9.74198310762702));
#1337=CARTESIAN_POINT('Ctrl Pts',(-36.1631101241462,-3.65761919159485,9.74769326170266));
#1338=CARTESIAN_POINT('Ctrl Pts',(-35.9220652321161,-3.98969080614073,9.74864585653773));
#1339=CARTESIAN_POINT('Ctrl Pts',(-35.4412284565316,-4.6471297385443,9.74955777816357));
#1340=CARTESIAN_POINT('Ctrl Pts',(-35.201436844648,-4.97249682996823,9.74951711449859));
#1341=CARTESIAN_POINT('Ctrl Pts',(-34.7216223133083,-5.61821559098646,9.74847776247465));
#1342=CARTESIAN_POINT('Ctrl Pts',(-34.4815708111174,-5.93861186628235,9.7474790870867));
#1343=CARTESIAN_POINT('Ctrl Pts',(-34.0056540431119,-6.58035158820399,9.74455250031304));
#1344=CARTESIAN_POINT('Ctrl Pts',(-33.76981573903,-6.90165441030289,9.74262467843673));
#1345=CARTESIAN_POINT('Ctrl Pts',(-33.0676352948708,-7.86883227692356,9.73550542818035));
#1346=CARTESIAN_POINT('Ctrl Pts',(-32.606811315277,-8.51769327537335,9.72898066125722));
#1347=CARTESIAN_POINT('Ctrl Pts',(-31.754339313582,-9.74702387433746,9.71232394161333));
#1348=CARTESIAN_POINT('Ctrl Pts',(-31.3621289972378,-10.3241734403754,9.70283313872464));
#1349=CARTESIAN_POINT('Ctrl Pts',(-30.9672755695164,-10.9160213018636,9.69111985544728));
#1350=CARTESIAN_POINT('Ctrl Pts',(-49.8709522155563,20.3540481211388,8.81732845544475));
#1351=CARTESIAN_POINT('Ctrl Pts',(-49.711051598046,20.0724699974382,8.83693083066873));
#1352=CARTESIAN_POINT('Ctrl Pts',(-49.5507063176677,19.7913301895133,8.85631540536896));
#1353=CARTESIAN_POINT('Ctrl Pts',(-48.6415935644095,18.2040053356004,8.96503764856177));
#1354=CARTESIAN_POINT('Ctrl Pts',(-47.8850679373811,16.9081665062905,9.05100606491574));
#1355=CARTESIAN_POINT('Ctrl Pts',(-45.9687154570409,13.6814178785208,9.2515558586343));
#1356=CARTESIAN_POINT('Ctrl Pts',(-44.7961627486681,11.7566242240937,9.35897707397238));
#1357=CARTESIAN_POINT('Ctrl Pts',(-42.9249028946784,8.75410074157397,9.49925404301559));
#1358=CARTESIAN_POINT('Ctrl Pts',(-42.2642371540664,7.70614313493667,9.54335134214929));
#1359=CARTESIAN_POINT('Ctrl Pts',(-40.9233158479502,5.6009625639465,9.62058277199933));
#1360=CARTESIAN_POINT('Ctrl Pts',(-40.2430553909911,4.54374208250273,9.65371687274178));
#1361=CARTESIAN_POINT('Ctrl Pts',(-38.8709716470752,2.4313176917751,9.70680869461785));
#1362=CARTESIAN_POINT('Ctrl Pts',(-38.1788377113899,1.37563157293751,9.72677820033747));
#1363=CARTESIAN_POINT('Ctrl Pts',(-36.8023815755514,-0.704430119542481,
9.75524123483934));
#1364=CARTESIAN_POINT('Ctrl Pts',(-36.118054274462,-1.72880692030178,9.76373497956718));
#1365=CARTESIAN_POINT('Ctrl Pts',(-35.2171313412077,-3.0645501360787,9.76856387710419));
#1366=CARTESIAN_POINT('Ctrl Pts',(-34.987475826873,-3.40388209495962,9.76921823215062));
#1367=CARTESIAN_POINT('Ctrl Pts',(-34.5304375313354,-4.07666021263526,9.76942983534907));
#1368=CARTESIAN_POINT('Ctrl Pts',(-34.3030549569516,-4.41010621098085,9.76898709173476));
#1369=CARTESIAN_POINT('Ctrl Pts',(-33.849298166803,-5.07277179420243,9.76707869561771));
#1370=CARTESIAN_POINT('Ctrl Pts',(-33.6229240002524,-5.40199119089999,9.76561301889424));
#1371=CARTESIAN_POINT('Ctrl Pts',(-33.1729217619196,-6.05991456272809,9.76173169327628));
#1372=CARTESIAN_POINT('Ctrl Pts',(-32.9492939290759,-6.38861907239084,9.75931606689038));
#1373=CARTESIAN_POINT('Ctrl Pts',(-32.2811811806315,-7.37622994342518,9.75075845477678));
#1374=CARTESIAN_POINT('Ctrl Pts',(-31.8396494427914,-8.03634947379481,9.74330826693039));
#1375=CARTESIAN_POINT('Ctrl Pts',(-31.0160168348396,-9.28266618988521,9.72526205185001));
#1376=CARTESIAN_POINT('Ctrl Pts',(-30.6343439294628,-9.86610632236333,9.71526030867206));
#1377=CARTESIAN_POINT('Ctrl Pts',(-30.247452704631,-10.4628939680079,9.7032616988708));
#1378=CARTESIAN_POINT('Ctrl Pts',(-48.0982304037489,21.4851817870066,8.82623171297267));
#1379=CARTESIAN_POINT('Ctrl Pts',(-47.9160677345024,21.2177418840874,8.84501222217578));
#1380=CARTESIAN_POINT('Ctrl Pts',(-47.7342794492217,20.9503082126245,8.86361995125395));
#1381=CARTESIAN_POINT('Ctrl Pts',(-46.7085609516457,19.4379844215185,8.96820297458009));
#1382=CARTESIAN_POINT('Ctrl Pts',(-45.8737941407873,18.1943746660119,9.05174260738614));
#1383=CARTESIAN_POINT('Ctrl Pts',(-43.8046036854837,15.071649145092,9.24811393782018));
#1384=CARTESIAN_POINT('Ctrl Pts',(-42.5788549413146,13.1853790069879,9.35472720662215));
#1385=CARTESIAN_POINT('Ctrl Pts',(-40.6793153968216,10.1998088050875,9.49504764019606));
#1386=CARTESIAN_POINT('Ctrl Pts',(-40.018536425996,9.15005223114466,9.53939301947921));
#1387=CARTESIAN_POINT('Ctrl Pts',(-38.6957130081537,7.02779477639317,9.61737414357945));
#1388=CARTESIAN_POINT('Ctrl Pts',(-38.0336676305833,5.95529331072894,9.65100977846368));
#1389=CARTESIAN_POINT('Ctrl Pts',(-36.7161007091399,3.80085578415559,9.70513501234154));
#1390=CARTESIAN_POINT('Ctrl Pts',(-36.0602735174195,2.71843946932868,9.72563640592235));
#1391=CARTESIAN_POINT('Ctrl Pts',(-34.7745133975211,0.575304027946787,9.75494529566978));
#1392=CARTESIAN_POINT('Ctrl Pts',(-34.1445801207336,-0.485418207991082,
9.76375299456904));
#1393=CARTESIAN_POINT('Ctrl Pts',(-33.3283229830765,-1.87556712364102,9.76869297920794));
#1394=CARTESIAN_POINT('Ctrl Pts',(-33.1214280939021,-2.22936979249409,9.7693482686692));
#1395=CARTESIAN_POINT('Ctrl Pts',(-32.7121471390034,-2.93234935903685,9.76952025647758));
#1396=CARTESIAN_POINT('Ctrl Pts',(-32.5097613353216,-3.2815259202961,9.76903696453622));
#1397=CARTESIAN_POINT('Ctrl Pts',(-32.108496807049,-3.97714592239293,9.76701924083754));
#1398=CARTESIAN_POINT('Ctrl Pts',(-31.9096183933553,-4.32358936719305,9.76548478917062));
#1399=CARTESIAN_POINT('Ctrl Pts',(-31.5112187646468,-5.01380236806567,9.76145104306235));
#1400=CARTESIAN_POINT('Ctrl Pts',(-31.3116970701774,-5.35757168386513,9.75895176929601));
#1401=CARTESIAN_POINT('Ctrl Pts',(-30.7106298455238,-6.38705342142389,9.75014081458207));
#1402=CARTESIAN_POINT('Ctrl Pts',(-30.3067603608901,-7.07065457719182,9.74251858974024));
#1403=CARTESIAN_POINT('Ctrl Pts',(-29.5394539323376,-8.35238565373261,9.72424578672617));
#1404=CARTESIAN_POINT('Ctrl Pts',(-29.1783824397765,-8.94892396968014,9.71417632426284));
#1405=CARTESIAN_POINT('Ctrl Pts',(-28.8072032705867,-9.55584697252893,9.70218191393981));
#1406=CARTESIAN_POINT('Ctrl Pts',(-47.2115011136591,22.0485254645626,8.82425610924895));
#1407=CARTESIAN_POINT('Ctrl Pts',(-47.0186923096262,21.7887737138516,8.8427736793231));
#1408=CARTESIAN_POINT('Ctrl Pts',(-46.8266202640284,21.5287520673254,8.86110484568334));
#1409=CARTESIAN_POINT('Ctrl Pts',(-45.7448250031255,20.0567769477496,8.96405135006916));
#1410=CARTESIAN_POINT('Ctrl Pts',(-44.8718099732116,18.8403997365414,9.04596700567046));
#1411=CARTESIAN_POINT('Ctrl Pts',(-42.7268868722167,15.770803205462,9.23802470718912));
#1412=CARTESIAN_POINT('Ctrl Pts',(-41.4735991765871,13.9029499341931,9.34182222794261));
#1413=CARTESIAN_POINT('Ctrl Pts',(-39.5585215295344,10.9249164864892,9.47836005640564));
#1414=CARTESIAN_POINT('Ctrl Pts',(-38.8972097094768,9.87400320196587,9.52149393973099));
#1415=CARTESIAN_POINT('Ctrl Pts',(-37.5826898244929,7.74286578089819,9.59743405118319));
#1416=CARTESIAN_POINT('Ctrl Pts',(-36.9294841480492,6.66264241545638,9.63024008248237));
#1417=CARTESIAN_POINT('Ctrl Pts',(-35.6389088274701,4.48720880262,9.68325385183008));
#1418=CARTESIAN_POINT('Ctrl Pts',(-35.0012419649875,3.39152898181975,9.70347254893806));
#1419=CARTESIAN_POINT('Ctrl Pts',(-33.7609959386142,1.21705748157227,9.73286496713412));
#1420=CARTESIAN_POINT('Ctrl Pts',(-33.1584191134466,0.138263197399321,9.74203894345303));
#1421=CARTESIAN_POINT('Ctrl Pts',(-32.3846640608513,-1.27913266794847,9.74797051516969));
#1422=CARTESIAN_POINT('Ctrl Pts',(-32.1891988516388,-1.64018266188936,9.74892470996469));
#1423=CARTESIAN_POINT('Ctrl Pts',(-31.8040142942604,-2.35811163954773,9.74975675966539));
#1424=CARTESIAN_POINT('Ctrl Pts',(-31.6142953426894,-2.71499006435918,9.74963462487074));
#1425=CARTESIAN_POINT('Ctrl Pts',(-31.2396404142515,-3.42672865211276,9.74837582645818));
#1426=CARTESIAN_POINT('Ctrl Pts',(-31.0546767740091,-3.78163400549283,9.74723918312965));
#1427=CARTESIAN_POINT('Ctrl Pts',(-30.6821707266993,-4.48808236120479,9.74400696021377));
#1428=CARTESIAN_POINT('Ctrl Pts',(-30.4946534750144,-4.83958305079279,9.74191145871863));
#1429=CARTESIAN_POINT('Ctrl Pts',(-29.9268918187831,-5.8907081331736,9.73428446999481));
#1430=CARTESIAN_POINT('Ctrl Pts',(-29.5416137716277,-6.58667087235998,9.72741507920524));
#1431=CARTESIAN_POINT('Ctrl Pts',(-28.8021210951982,-7.88703480809555,9.71030448441732));
#1432=CARTESIAN_POINT('Ctrl Pts',(-28.4512298250562,-8.49045367055604,9.70067800711454));
#1433=CARTESIAN_POINT('Ctrl Pts',(-28.0878479030389,-9.10260217617168,9.68897290939793));
#1434=CARTESIAN_POINT('Ctrl Pts',(-45.4393003974289,23.1725586303969,8.80558989172502));
#1435=CARTESIAN_POINT('Ctrl Pts',(-45.2262731509403,22.9289427216394,8.82360250112349));
#1436=CARTESIAN_POINT('Ctrl Pts',(-45.0145888458349,22.6844344352681,8.84136288642729));
#1437=CARTESIAN_POINT('Ctrl Pts',(-43.8254287276688,21.2966681845719,8.94072175784727));
#1438=CARTESIAN_POINT('Ctrl Pts',(-42.8774959086062,20.1361159261536,9.01830727509929));
#1439=CARTESIAN_POINT('Ctrl Pts',(-40.5814883083202,17.1739039969132,9.19779367189843));
#1440=CARTESIAN_POINT('Ctrl Pts',(-39.2701283052994,15.3415040610136,9.29248022784521));
#1441=CARTESIAN_POINT('Ctrl Pts',(-37.3194800734196,12.3775298547982,9.41613950717473));
#1442=CARTESIAN_POINT('Ctrl Pts',(-36.6555649910475,11.3241573908063,9.45501615993692));
#1443=CARTESIAN_POINT('Ctrl Pts',(-35.3551350907239,9.17538775090967,9.52356283763765));
#1444=CARTESIAN_POINT('Ctrl Pts',(-34.7186303981741,8.07999748295898,9.55323247499983));
#1445=CARTESIAN_POINT('Ctrl Pts',(-33.4809340345964,5.86347145725722,9.60175824095088));
#1446=CARTESIAN_POINT('Ctrl Pts',(-32.879470211412,4.74190169348513,9.62062267073773));
#1447=CARTESIAN_POINT('Ctrl Pts',(-31.7309445532874,2.5060624304265,9.64953606030758));
#1448=CARTESIAN_POINT('Ctrl Pts',(-31.1838884753707,1.39179091088696,9.65958541850047));
#1449=CARTESIAN_POINT('Ctrl Pts',(-30.4968387454798,-0.07961538731056,9.66848042120027));
#1450=CARTESIAN_POINT('Ctrl Pts',(-30.3247357369811,-0.455056062940518,
9.67035430825409));
#1451=CARTESIAN_POINT('Ctrl Pts',(-29.9890386491089,-1.2024283225936,9.67325714911176));
#1452=CARTESIAN_POINT('Ctrl Pts',(-29.8254453646208,-1.57435882602892,9.67428612655318));
#1453=CARTESIAN_POINT('Ctrl Pts',(-29.5056967502972,-2.31763138285799,9.67547105576355));
#1454=CARTESIAN_POINT('Ctrl Pts',(-29.3494004598652,-2.68919710158277,9.67562552569457));
#1455=CARTESIAN_POINT('Ctrl Pts',(-29.0298356686586,-3.42848558707416,9.67500746880656));
#1456=CARTESIAN_POINT('Ctrl Pts',(-28.866700935106,-3.79599566874598,9.67423691581986));
#1457=CARTESIAN_POINT('Ctrl Pts',(-28.3664310473236,-4.8924451322519,9.67051836705424));
#1458=CARTESIAN_POINT('Ctrl Pts',(-28.0186004526973,-5.61502618204655,9.66616628481598));
#1459=CARTESIAN_POINT('Ctrl Pts',(-27.3347490694481,-6.95609517547898,9.6529855333071));
#1460=CARTESIAN_POINT('Ctrl Pts',(-27.0040399045014,-7.57482126831871,9.64487811711138));
#1461=CARTESIAN_POINT('Ctrl Pts',(-26.6558885772537,-8.19853654721881,9.63419641575263));
#1462=CARTESIAN_POINT('Ctrl Pts',(-44.5538192904439,23.7332542307734,8.78890054803509));
#1463=CARTESIAN_POINT('Ctrl Pts',(-44.3312201782848,23.4980863879608,8.80667073782148));
#1464=CARTESIAN_POINT('Ctrl Pts',(-44.1102077588115,23.2616796728998,8.82413660658726));
#1465=CARTESIAN_POINT('Ctrl Pts',(-42.8697614004158,21.9177743719888,8.9215431110599));
#1466=CARTESIAN_POINT('Ctrl Pts',(-41.8851589332315,20.7858131781247,8.99642286895819));
#1467=CARTESIAN_POINT('Ctrl Pts',(-39.5137988370894,17.877853911304,9.16765268458162));
#1468=CARTESIAN_POINT('Ctrl Pts',(-38.1719049746041,16.062488054524,9.25604491027569));
#1469=CARTESIAN_POINT('Ctrl Pts',(-36.2012268790665,13.1050334688747,9.37060858337375));
#1470=CARTESIAN_POINT('Ctrl Pts',(-35.5352426181658,12.0503573947229,9.40643953139096));
#1471=CARTESIAN_POINT('Ctrl Pts',(-34.2406022890248,9.89283327337913,9.4696335743421));
#1472=CARTESIAN_POINT('Ctrl Pts',(-33.6119607206003,8.78999684629201,9.49699624996902));
#1473=CARTESIAN_POINT('Ctrl Pts',(-32.4001554601869,6.55337279921518,9.54214485326259));
#1474=CARTESIAN_POINT('Ctrl Pts',(-31.816736159955,5.41917587960225,9.55993740596431));
#1475=CARTESIAN_POINT('Ctrl Pts',(-30.7144188437794,3.15330506517506,9.58828721713281));
#1476=CARTESIAN_POINT('Ctrl Pts',(-30.1955273617228,2.02162920568639,9.59884514091349));
#1477=CARTESIAN_POINT('Ctrl Pts',(-29.5526777446446,0.52346368651994,9.60971055949963));
#1478=CARTESIAN_POINT('Ctrl Pts',(-29.3925060326244,0.140880832250279,9.61220485575417));
#1479=CARTESIAN_POINT('Ctrl Pts',(-29.0821951070133,-0.620982794671629,
9.61651748235966));
#1480=CARTESIAN_POINT('Ctrl Pts',(-28.9320571246416,-1.00026184619548,9.61833582683736));
#1481=CARTESIAN_POINT('Ctrl Pts',(-28.6405989275818,-1.75894607475741,9.621204153935));
#1482=CARTESIAN_POINT('Ctrl Pts',(-28.4990531136794,-2.13870722080988,9.62225158593894));
#1483=CARTESIAN_POINT('Ctrl Pts',(-28.2065357209964,-2.89459246865196,9.62344681665882));
#1484=CARTESIAN_POINT('Ctrl Pts',(-28.0557793761192,-3.27037780318532,9.62359784951168));
#1485=CARTESIAN_POINT('Ctrl Pts',(-27.5896937158295,-4.39050199514553,9.62260512428776));
#1486=CARTESIAN_POINT('Ctrl Pts',(-27.2607149764668,-5.12733646781052,9.6200184392762));
#1487=CARTESIAN_POINT('Ctrl Pts',(-26.6046823046631,-6.49047578134642,9.60960695779608));
#1488=CARTESIAN_POINT('Ctrl Pts',(-26.2839699411056,-7.11762963628367,9.60257600865141));
#1489=CARTESIAN_POINT('Ctrl Pts',(-25.9432484182999,-7.74768903740465,9.59262871873135));
#1490=CARTESIAN_POINT('Ctrl Pts',(-42.7854931776835,24.854100288584,8.73902932099806));
#1491=CARTESIAN_POINT('Ctrl Pts',(-42.5445676928114,24.6363573859423,8.75605464588894));
#1492=CARTESIAN_POINT('Ctrl Pts',(-42.3056239725285,24.416624652154,8.77266761598498));
#1493=CARTESIAN_POINT('Ctrl Pts',(-40.9662128291776,23.1627818299574,8.86465042489243));
#1494=CARTESIAN_POINT('Ctrl Pts',(-39.9093404349635,22.0886504840108,8.93276675763589));
#1495=CARTESIAN_POINT('Ctrl Pts',(-37.3869179144091,19.2889537479535,9.08402812095984));
#1496=CARTESIAN_POINT('Ctrl Pts',(-35.9810044038864,17.5058223529496,9.15768926210277));
#1497=CARTESIAN_POINT('Ctrl Pts',(-33.9661662534393,14.5600065982275,9.25105529058982));
#1498=CARTESIAN_POINT('Ctrl Pts',(-33.2946991073629,13.5024952804578,9.27980583591463));
#1499=CARTESIAN_POINT('Ctrl Pts',(-32.0095865263481,11.3275315637539,9.33052926973393));
#1500=CARTESIAN_POINT('Ctrl Pts',(-31.395963779837,10.2101012033615,9.35250179906352));
#1501=CARTESIAN_POINT('Ctrl Pts',(-30.2354277952563,7.93438511112558,9.38965716546231));
#1502=CARTESIAN_POINT('Ctrl Pts',(-29.6882963609778,6.77574814324039,9.40484315989051));
#1503=CARTESIAN_POINT('Ctrl Pts',(-28.6798195374447,4.45184624091504,9.43147637348767));
#1504=CARTESIAN_POINT('Ctrl Pts',(-28.2184769563083,3.2865740523482,9.44292441552436));
#1505=CARTESIAN_POINT('Ctrl Pts',(-27.6663338591173,1.73648105026954,9.45781528866336));
#1506=CARTESIAN_POINT('Ctrl Pts',(-27.5306787515916,1.34002143968781,9.46159568210228));
#1507=CARTESIAN_POINT('Ctrl Pts',(-27.2727073745219,0.550229709375353,9.46887540829275));
#1508=CARTESIAN_POINT('Ctrl Pts',(-27.1503944333413,0.156902143008991,9.47237479118205));
#1509=CARTESIAN_POINT('Ctrl Pts',(-26.9174078635543,-0.631360874953031,
9.4788453968151));
#1510=CARTESIAN_POINT('Ctrl Pts',(-26.8062684825579,-1.02702081178127,9.48180381004885));
#1511=CARTESIAN_POINT('Ctrl Pts',(-26.5689938446394,-1.8161566632377,9.48686737019132));
#1512=CARTESIAN_POINT('Ctrl Pts',(-26.4433107282414,-2.20893711092025,9.48898678500514));
#1513=CARTESIAN_POINT('Ctrl Pts',(-26.0461966591404,-3.37826134089626,9.49386223634849));
#1514=CARTESIAN_POINT('Ctrl Pts',(-25.7548634864055,-4.14552590617825,9.49513962077986));
#1515=CARTESIAN_POINT('Ctrl Pts',(-25.1536247198898,-5.55688587268001,9.49092313588464));
#1516=CARTESIAN_POINT('Ctrl Pts',(-24.8522291116238,-6.20297250016925,9.48636351261429));
#1517=CARTESIAN_POINT('Ctrl Pts',(-24.5255256291113,-6.8474948494512,9.47820251940881));
#1518=CARTESIAN_POINT('Ctrl Pts',(-41.9026477334315,25.4142452610957,8.70584860505087));
#1519=CARTESIAN_POINT('Ctrl Pts',(-41.6529680536737,25.2054808555222,8.72237111975409));
#1520=CARTESIAN_POINT('Ctrl Pts',(-41.4054213951361,24.9943217391709,8.73842542705816));
#1521=CARTESIAN_POINT('Ctrl Pts',(-40.0183329457208,23.7866853252823,8.82693570615976));
#1522=CARTESIAN_POINT('Ctrl Pts',(-38.9258614274745,22.7417905809586,8.89099462438568));
#1523=CARTESIAN_POINT('Ctrl Pts',(-36.3277326804505,19.9960988374853,9.03054482095591));
#1524=CARTESIAN_POINT('Ctrl Pts',(-34.8883358034363,18.2281648676403,9.09577000200562));
#1525=CARTESIAN_POINT('Ctrl Pts',(-32.8493676599222,15.2874697078984,9.17703448326858));
#1526=CARTESIAN_POINT('Ctrl Pts',(-32.174485956273,14.2284278381501,9.20175044201787));
#1527=CARTESIAN_POINT('Ctrl Pts',(-30.8931084269157,12.0447819238099,9.24535592004144));
#1528=CARTESIAN_POINT('Ctrl Pts',(-30.2866390108786,10.9202055310602,9.26424524374346));
#1529=CARTESIAN_POINT('Ctrl Pts',(-29.1514757408772,8.62549875452498,9.29678421592292));
#1530=CARTESIAN_POINT('Ctrl Pts',(-28.6225844834518,7.45505039811711,9.31043540326383));
#1531=CARTESIAN_POINT('Ctrl Pts',(-27.6617328262477,5.10315072423252,9.33591463856306));
#1532=CARTESIAN_POINT('Ctrl Pts',(-27.2297707459933,3.92168678152044,9.34774372646266));
#1533=CARTESIAN_POINT('Ctrl Pts',(-26.7241279667089,2.34642376761087,9.36468714096329));
#1534=CARTESIAN_POINT('Ctrl Pts',(-26.6010564835097,1.94322888752103,9.36913248846625));
#1535=CARTESIAN_POINT('Ctrl Pts',(-26.3700323142621,1.13999846430143,9.37796751536883));
#1536=CARTESIAN_POINT('Ctrl Pts',(-26.2620849744441,0.739970357018785,9.38235723427187));
#1537=CARTESIAN_POINT('Ctrl Pts',(-26.0592741926378,-0.0624601559591455,
9.39074357771907));
#1538=CARTESIAN_POINT('Ctrl Pts',(-25.9637906209932,-0.465821668100206,
9.39471924626635));
#1539=CARTESIAN_POINT('Ctrl Pts',(-25.7547196500081,-1.27160554157982,9.40183903253452));
#1540=CARTESIAN_POINT('Ctrl Pts',(-25.6417374284404,-1.673105379308,9.4050059838348));
#1541=CARTESIAN_POINT('Ctrl Pts',(-25.2794261158786,-2.86795703945053,9.41302621893393));
#1542=CARTESIAN_POINT('Ctrl Pts',(-25.0068956496482,-3.65140028546483,9.41640401062013));
#1543=CARTESIAN_POINT('Ctrl Pts',(-24.4326450612289,-5.08891567294213,9.41561658658606));
#1544=CARTESIAN_POINT('Ctrl Pts',(-24.1405733031195,-5.74551102636258,9.41245305422505));
#1545=CARTESIAN_POINT('Ctrl Pts',(-23.8204599606113,-6.39815553218162,9.40534482735332));
#1546=CARTESIAN_POINT('Ctrl Pts',(-40.1413577806984,26.5358515114819,8.62120189678477));
#1547=CARTESIAN_POINT('Ctrl Pts',(-39.8748118468509,26.3452939023897,8.63618860393528));
#1548=CARTESIAN_POINT('Ctrl Pts',(-39.6106192180998,26.1514996085326,8.65062364538754));
#1549=CARTESIAN_POINT('Ctrl Pts',(-38.1309024843102,25.0372994863964,8.7294989446521));
#1550=CARTESIAN_POINT('Ctrl Pts',(-36.9677752935922,24.0508765576163,8.78380195967167));
#1551=CARTESIAN_POINT('Ctrl Pts',(-34.2168468078586,21.4118258833408,8.89689333953794));
#1552=CARTESIAN_POINT('Ctrl Pts',(-32.707175694885,19.6722362792474,8.94438124005883));
#1553=CARTESIAN_POINT('Ctrl Pts',(-30.6155561511709,16.7403641785458,9.00070717696812));
#1554=CARTESIAN_POINT('Ctrl Pts',(-29.9324439498152,15.6780812400575,9.017207054978));
#1555=CARTESIAN_POINT('Ctrl Pts',(-28.6564604439046,13.4773184339439,9.04636708593764));
#1556=CARTESIAN_POINT('Ctrl Pts',(-28.0636207732676,12.3388763391099,9.05902737435058));
#1557=CARTESIAN_POINT('Ctrl Pts',(-26.978872023864,10.0076542538402,9.08215429013855));
#1558=CARTESIAN_POINT('Ctrl Pts',(-26.4868071428746,8.81462608102403,9.09261949171005));
#1559=CARTESIAN_POINT('Ctrl Pts',(-25.6231973111624,6.40951026952173,9.11530767516389));
#1560=CARTESIAN_POINT('Ctrl Pts',(-25.2516310322523,5.1973867413203,9.12753058646757));
#1561=CARTESIAN_POINT('Ctrl Pts',(-24.8421494632687,3.57433634467649,9.1478232030855));
#1562=CARTESIAN_POINT('Ctrl Pts',(-24.7451358437907,3.15833570828902,9.15338250453966));
#1563=CARTESIAN_POINT('Ctrl Pts',(-24.5700805977728,2.3298200180963,9.16492083397035));
#1564=CARTESIAN_POINT('Ctrl Pts',(-24.492051953218,1.91732264498648,9.17090026406922));
#1565=CARTESIAN_POINT('Ctrl Pts',(-24.3520058826115,1.08827348062949,9.18272512127286));
#1566=CARTESIAN_POINT('Ctrl Pts',(-24.2889550973271,0.670143937542285,9.18850736302701));
#1567=CARTESIAN_POINT('Ctrl Pts',(-24.137669131372,-0.16896945746736,9.19919146291612));
#1568=CARTESIAN_POINT('Ctrl Pts',(-24.0504594853856,-0.588420388485011,
9.20416122771231));
#1569=CARTESIAN_POINT('Ctrl Pts',(-23.7584432238633,-1.83643475212807,9.21769283823843));
#1570=CARTESIAN_POINT('Ctrl Pts',(-23.5234184629076,-2.65439471251922,9.22488673554882));
#1571=CARTESIAN_POINT('Ctrl Pts',(-23.0019009150003,-4.14913879383011,9.23060636122074));
#1572=CARTESIAN_POINT('Ctrl Pts',(-22.727489088798,-4.82937522351021,9.23021838532788));
#1573=CARTESIAN_POINT('Ctrl Pts',(-22.4193309848798,-5.50066270297479,9.22539098789193));
#1574=CARTESIAN_POINT('Ctrl Pts',(-39.2629146479946,27.0973056304473,8.56973651974543));
#1575=CARTESIAN_POINT('Ctrl Pts',(-38.9882556018151,26.9159788033069,8.58369010687383));
#1576=CARTESIAN_POINT('Ctrl Pts',(-38.7160189968332,26.7309776782108,8.59706443387766));
#1577=CARTESIAN_POINT('Ctrl Pts',(-37.1913464434737,25.664016237207,8.66977672296617));
#1578=CARTESIAN_POINT('Ctrl Pts',(-35.993161465207,24.7068280035994,8.71838104375275));
#1579=CARTESIAN_POINT('Ctrl Pts',(-33.1651395191876,22.1204106388416,8.81672435388193));
#1580=CARTESIAN_POINT('Ctrl Pts',(-31.6186802811517,20.3939645844984,8.85491088954355));
#1581=CARTESIAN_POINT('Ctrl Pts',(-29.4985421576723,17.4657937678376,8.89840006894453));
#1582=CARTESIAN_POINT('Ctrl Pts',(-28.8106144679407,16.4018003649126,8.91071855592674));
#1583=CARTESIAN_POINT('Ctrl Pts',(-27.5362896432214,14.1926035713403,8.93255130571173));
#1584=CARTESIAN_POINT('Ctrl Pts',(-26.9499256037833,13.0474424405533,8.94206586367574));
#1585=CARTESIAN_POINT('Ctrl Pts',(-25.8902157114504,10.6986971177492,8.96039714430298));
#1586=CARTESIAN_POINT('Ctrl Pts',(-25.4167349271459,9.49490134859643,8.96921115462425));
#1587=CARTESIAN_POINT('Ctrl Pts',(-24.6027314823418,7.06456931521618,8.99026108055155));
#1588=CARTESIAN_POINT('Ctrl Pts',(-24.2621727167687,5.83797946681376,9.00249582155235));
#1589=CARTESIAN_POINT('Ctrl Pts',(-23.9023283975268,4.19231389148587,9.0240805131441));
#1590=CARTESIAN_POINT('Ctrl Pts',(-23.8187816926038,3.77024313599233,9.03008742527723));
#1591=CARTESIAN_POINT('Ctrl Pts',(-23.672724063406,2.92988133958566,9.04276953782929));
#1592=CARTESIAN_POINT('Ctrl Pts',(-23.6102322026674,2.51161643964923,9.04944530027949));
#1593=CARTESIAN_POINT('Ctrl Pts',(-23.5027497871775,1.67011961467358,9.06278641005072));
#1594=CARTESIAN_POINT('Ctrl Pts',(-23.4564683611963,1.24492859228279,9.06935617161025));
#1595=CARTESIAN_POINT('Ctrl Pts',(-23.3347689647238,0.389146089384727,9.08154970053439));
#1596=CARTESIAN_POINT('Ctrl Pts',(-23.2606408213123,-0.0395348497545593,
9.08727613682148));
#1597=CARTESIAN_POINT('Ctrl Pts',(-23.0041406827893,-1.31518510045678,9.10317860486502));
#1598=CARTESIAN_POINT('Ctrl Pts',(-22.7878313253882,-2.1514834828993,9.11209075823507));
#1599=CARTESIAN_POINT('Ctrl Pts',(-22.292081905524,-3.67730456283212,9.1208931308514));
#1600=CARTESIAN_POINT('Ctrl Pts',(-22.0260167921939,-4.37067737312455,9.12188687114405));
#1601=CARTESIAN_POINT('Ctrl Pts',(-21.723228954686,-5.05248912490539,9.11828880668625));
#1602=CARTESIAN_POINT('Ctrl Pts',(-37.8038603869037,28.036175129136,8.46715154053575));
#1603=CARTESIAN_POINT('Ctrl Pts',(-37.5160656253555,27.8700977153639,8.47874249034392));
#1604=CARTESIAN_POINT('Ctrl Pts',(-37.2307582916034,27.6996281828075,8.48975393209372));
#1605=CARTESIAN_POINT('Ctrl Pts',(-35.6327774276638,26.7106738982202,8.54908118971417));
#1606=CARTESIAN_POINT('Ctrl Pts',(-34.3764004469804,25.8014612533793,8.5865960352592));
#1607=CARTESIAN_POINT('Ctrl Pts',(-31.4185576145264,23.300216346616,8.65819682021274));
#1608=CARTESIAN_POINT('Ctrl Pts',(-29.8082577466507,21.5935633256101,8.68121495530631));
#1609=CARTESIAN_POINT('Ctrl Pts',(-27.6374282797713,18.6701316210391,8.70462709950894));
#1610=CARTESIAN_POINT('Ctrl Pts',(-26.9405075385553,17.6031216180822,8.71057766010685));
#1611=CARTESIAN_POINT('Ctrl Pts',(-25.6676513109138,15.3801640644778,8.72137852396007));
#1612=CARTESIAN_POINT('Ctrl Pts',(-25.0917486625366,14.2242644525924,8.72622900204856));
#1613=CARTESIAN_POINT('Ctrl Pts',(-24.0739937023772,11.8478954378304,8.73738072025061));
#1614=CARTESIAN_POINT('Ctrl Pts',(-23.6320365226892,10.6272722973861,8.74367674731372));
#1615=CARTESIAN_POINT('Ctrl Pts',(-22.9030353085921,8.15807955332882,8.76179213293142));
#1616=CARTESIAN_POINT('Ctrl Pts',(-22.615914434398,6.90940611047013,8.77360435182877));
#1617=CARTESIAN_POINT('Ctrl Pts',(-22.3420738225823,5.22925295366495,8.79615746212794));
#1618=CARTESIAN_POINT('Ctrl Pts',(-22.2818773918171,4.79790406394046,8.80255399081924));
#1619=CARTESIAN_POINT('Ctrl Pts',(-22.1862587591177,3.93980552803022,8.8164663547352));
#1620=CARTESIAN_POINT('Ctrl Pts',(-22.1508826658957,3.51311920800255,8.82398531753344));
#1621=CARTESIAN_POINT('Ctrl Pts',(-22.1000566488006,2.65293162953066,8.8391517034729));
#1622=CARTESIAN_POINT('Ctrl Pts',(-22.0827352592678,2.21662729418461,8.84658993614955));
#1623=CARTESIAN_POINT('Ctrl Pts',(-22.01132938919,1.3328682712423,8.8601303849344));
#1624=CARTESIAN_POINT('Ctrl Pts',(-21.9591313920391,0.888157420617548,8.86645783600228));
#1625=CARTESIAN_POINT('Ctrl Pts',(-21.7618400669971,-0.435904450773157,
8.88447042562512));
#1626=CARTESIAN_POINT('Ctrl Pts',(-21.5762736586576,-1.3048327925101,8.8952117557211));
#1627=CARTESIAN_POINT('Ctrl Pts',(-21.1217253247428,-2.88722689608625,8.90782450496352));
#1628=CARTESIAN_POINT('Ctrl Pts',(-20.8684064066455,-3.60507562500275,8.91074608932243));
#1629=CARTESIAN_POINT('Ctrl Pts',(-20.5732315627746,-4.30693764078248,8.90918405971931));
#1630=CARTESIAN_POINT('Ctrl Pts',(-37.2215480309093,28.4126006386813,8.42163003958327));
#1631=CARTESIAN_POINT('Ctrl Pts',(-36.92860942176,28.2525726403904,8.43210669455643));
#1632=CARTESIAN_POINT('Ctrl Pts',(-36.6381709016338,28.087869525083,8.44201575645937));
#1633=CARTESIAN_POINT('Ctrl Pts',(-35.0113415862631,27.1298546275667,8.49516624554822));
#1634=CARTESIAN_POINT('Ctrl Pts',(-33.7317901954053,26.2395894928192,8.5278247888515));
#1635=CARTESIAN_POINT('Ctrl Pts',(-30.72176719093,23.7716474454517,8.58816163107839));
#1636=CARTESIAN_POINT('Ctrl Pts',(-29.0853243975826,22.0723179589454,8.60520674676433));
#1637=CARTESIAN_POINT('Ctrl Pts',(-26.8934726999707,19.1503812721959,8.62094899840809));
#1638=CARTESIAN_POINT('Ctrl Pts',(-26.1927290730067,18.0821183402934,8.62451612641125));
#1639=CARTESIAN_POINT('Ctrl Pts',(-24.9201740539179,15.8537397300556,8.63122608708504));
#1640=CARTESIAN_POINT('Ctrl Pts',(-24.3483946999894,14.6936737525918,8.6343688498099));
#1641=CARTESIAN_POINT('Ctrl Pts',(-23.3475268819636,12.3066976187097,8.64287258677193));
#1642=CARTESIAN_POINT('Ctrl Pts',(-22.9183445861727,11.0796562637086,8.64822707925457));
#1643=CARTESIAN_POINT('Ctrl Pts',(-22.2239844002013,8.5958017463408,8.66511971926642));
#1644=CARTESIAN_POINT('Ctrl Pts',(-21.9587092087235,7.33885884487401,8.67664698135846));
#1645=CARTESIAN_POINT('Ctrl Pts',(-21.7201202796732,5.64580122996194,8.69927228986987));
#1646=CARTESIAN_POINT('Ctrl Pts',(-21.6694975376267,5.21097498190548,8.70572972227641));
#1647=CARTESIAN_POINT('Ctrl Pts',(-21.5945923226108,4.34633968271014,8.71995319654516));
#1648=CARTESIAN_POINT('Ctrl Pts',(-21.5703700177395,3.91661324508399,8.72772382963806));
#1649=CARTESIAN_POINT('Ctrl Pts',(-21.5428107044345,3.04951533061176,8.74343241674833));
#1650=CARTESIAN_POINT('Ctrl Pts',(-21.5373230752226,2.60893904675777,8.75109838778417));
#1651=CARTESIAN_POINT('Ctrl Pts',(-21.4862590478811,1.71391788038994,8.76486198444692));
#1652=CARTESIAN_POINT('Ctrl Pts',(-21.4428573442191,1.26261431161579,8.77125290225422));
#1653=CARTESIAN_POINT('Ctrl Pts',(-21.2692232182408,-0.08145969338929,8.78961517391737));
#1654=CARTESIAN_POINT('Ctrl Pts',(-21.0958094470673,-0.964000673495111,
8.80080888901633));
#1655=CARTESIAN_POINT('Ctrl Pts',(-20.6572474509526,-2.5703158726523,8.8145873608152));
#1656=CARTESIAN_POINT('Ctrl Pts',(-20.4087111050613,-3.29865093624886,8.81817930590185));
#1657=CARTESIAN_POINT('Ctrl Pts',(-20.116225664581,-4.00921276970161,8.81742851497555));
#1658=CARTESIAN_POINT('Ctrl Pts',(-36.0605986552964,29.1687109061564,8.32119131190838));
#1659=CARTESIAN_POINT('Ctrl Pts',(-35.7575606279351,29.0204521270926,8.32898684234133));
#1660=CARTESIAN_POINT('Ctrl Pts',(-35.4570317667836,28.8669900754798,8.3362687363862));
#1661=CARTESIAN_POINT('Ctrl Pts',(-33.7733720503198,27.9693070189177,8.3748457145576));
#1662=CARTESIAN_POINT('Ctrl Pts',(-32.4477559117922,27.1159991393304,8.39661691896741));
#1663=CARTESIAN_POINT('Ctrl Pts',(-29.333148116988,24.7122845668633,8.43277206872013));
#1664=CARTESIAN_POINT('Ctrl Pts',(-27.6434493322488,23.0261725601291,8.43803150118672));
#1665=CARTESIAN_POINT('Ctrl Pts',(-25.4084292696533,20.1062711369539,8.43934382596386));
#1666=CARTESIAN_POINT('Ctrl Pts',(-24.6997166803007,19.0353989437017,8.43857840701594));
#1667=CARTESIAN_POINT('Ctrl Pts',(-23.427453435806,16.7963896352283,8.43800158159427));
#1668=CARTESIAN_POINT('Ctrl Pts',(-22.8639315506047,15.628304354277,8.43818916152778));
#1669=CARTESIAN_POINT('Ctrl Pts',(-21.8973298760423,13.2211712413814,8.44212352104762));
#1670=CARTESIAN_POINT('Ctrl Pts',(-21.4941734257691,11.9820321269704,8.44586025029316));
#1671=CARTESIAN_POINT('Ctrl Pts',(-20.8707263741474,9.47096003933769,8.46045764197173));
#1672=CARTESIAN_POINT('Ctrl Pts',(-20.6502851715059,8.1988278675366,8.47129508453493));
#1673=CARTESIAN_POINT('Ctrl Pts',(-20.4842044265227,6.48210088923933,8.49359546068739));
#1674=CARTESIAN_POINT('Ctrl Pts',(-20.4532723615855,6.0408778336113,8.50002598370001));
#1675=CARTESIAN_POINT('Ctrl Pts',(-20.4210855314365,5.16456806897757,8.51464679133794));
#1676=CARTESIAN_POINT('Ctrl Pts',(-20.419940159707,4.72963081666445,8.5228489815249));
#1677=CARTESIAN_POINT('Ctrl Pts',(-20.440351854475,3.85011576152491,8.53942558303945));
#1678=CARTESIAN_POINT('Ctrl Pts',(-20.4590482441211,3.40132585032737,8.54732649410723));
#1679=CARTESIAN_POINT('Ctrl Pts',(-20.4489396737653,2.48335295349273,8.56075589179181));
#1680=CARTESIAN_POINT('Ctrl Pts',(-20.4230307035015,2.01829025497398,8.56679311854134));
#1681=CARTESIAN_POINT('Ctrl Pts',(-20.2962470950026,0.632370611907043,8.58451189116568));
#1682=CARTESIAN_POINT('Ctrl Pts',(-20.1466488968211,-0.278678312030016,
8.59585968130206));
#1683=CARTESIAN_POINT('Ctrl Pts',(-19.7387427012296,-1.93562182138318,8.6109358038699));
#1684=CARTESIAN_POINT('Ctrl Pts',(-19.4989985423141,-2.68638588719493,8.6155352994105));
#1685=CARTESIAN_POINT('Ctrl Pts',(-19.2110377691371,-3.41578784224223,8.6163161628246));
#1686=CARTESIAN_POINT('Ctrl Pts',(-35.4819609879952,29.5484002242871,8.2662729249697));
#1687=CARTESIAN_POINT('Ctrl Pts',(-35.1739675316107,29.4058595214338,8.27250201713391));
#1688=CARTESIAN_POINT('Ctrl Pts',(-34.8684793544808,29.2578714157138,8.27825935028528));
#1689=CARTESIAN_POINT('Ctrl Pts',(-33.1568365635001,28.389578681101,8.30844046703));
#1690=CARTESIAN_POINT('Ctrl Pts',(-31.8083280259375,27.5542841752386,8.32418016435789));
#1691=CARTESIAN_POINT('Ctrl Pts',(-28.641312036929,25.1814975370542,8.34741693295562));
#1692=CARTESIAN_POINT('Ctrl Pts',(-26.9244998383011,23.5012791566096,8.34686314626418));
#1693=CARTESIAN_POINT('Ctrl Pts',(-24.66733380427,20.5819164182332,8.34141514283101));
#1694=CARTESIAN_POINT('Ctrl Pts',(-23.9544754397309,19.5096872505496,8.33870052834478));
#1695=CARTESIAN_POINT('Ctrl Pts',(-22.6822030837529,17.2654672981443,8.33492773566513));
#1696=CARTESIAN_POINT('Ctrl Pts',(-22.1228153955102,16.0935286883076,8.33386772089612));
#1697=CARTESIAN_POINT('Ctrl Pts',(-21.1735919446564,13.6768453419834,8.33588051214153));
#1698=CARTESIAN_POINT('Ctrl Pts',(-20.7836857558417,12.432026747417,8.33894074789842));
#1699=CARTESIAN_POINT('Ctrl Pts',(-20.196503425143,9.90840049248128,8.35246467671885));
#1700=CARTESIAN_POINT('Ctrl Pts',(-19.9990439333199,8.62935004222149,8.36289617248143));
#1701=CARTESIAN_POINT('Ctrl Pts',(-19.8701993536029,6.90186023456407,8.38479695119769));
#1702=CARTESIAN_POINT('Ctrl Pts',(-19.849378064372,6.45771841652168,8.39113893714307));
#1703=CARTESIAN_POINT('Ctrl Pts',(-19.8391728862324,5.57627251773883,8.40584273437731));
#1704=CARTESIAN_POINT('Ctrl Pts',(-19.8499327276076,5.1391647054422,8.4142220261877));
#1705=CARTESIAN_POINT('Ctrl Pts',(-19.8950199408841,4.25414111614137,8.43111976608318));
#1706=CARTESIAN_POINT('Ctrl Pts',(-19.9260585041602,3.80140959249448,8.43902673471356));
#1707=CARTESIAN_POINT('Ctrl Pts',(-19.9365712196392,2.87174860241535,8.45190019873037));
#1708=CARTESIAN_POINT('Ctrl Pts',(-19.9193724920708,2.39951962823104,8.45752248582798));
#1709=CARTESIAN_POINT('Ctrl Pts',(-19.8158149972777,0.991766754822956,8.47425330125759));
#1710=CARTESIAN_POINT('Ctrl Pts',(-19.6778891178603,0.0658231652519467,
8.48530401902299));
#1711=CARTESIAN_POINT('Ctrl Pts',(-19.2846701605584,-1.61782654886178,8.50051399267836));
#1712=CARTESIAN_POINT('Ctrl Pts',(-19.0489445292506,-2.38053282169643,8.50545201873916));
#1713=CARTESIAN_POINT('Ctrl Pts',(-18.7628246443263,-3.12007434901383,8.50695386945985));
#1714=CARTESIAN_POINT('Ctrl Pts',(-34.7618824901341,30.0258887220135,8.19151674056979));
#1715=CARTESIAN_POINT('Ctrl Pts',(-34.4477479677274,29.8901593096839,8.19542812224265));
#1716=CARTESIAN_POINT('Ctrl Pts',(-34.136115162231,29.7487286166368,8.1989443765035));
#1717=CARTESIAN_POINT('Ctrl Pts',(-32.3897782736248,28.91571188056,8.21686505693472));
#1718=CARTESIAN_POINT('Ctrl Pts',(-31.0127547388477,28.1022232763597,8.22411761308324));
#1719=CARTESIAN_POINT('Ctrl Pts',(-27.7799402467463,25.7663872425887,8.2298263073391));
#1720=CARTESIAN_POINT('Ctrl Pts',(-26.028580460146,24.0925913861954,8.22206924614917));
#1721=CARTESIAN_POINT('Ctrl Pts',(-23.7429558328037,21.173270119949,8.20881899076651));
#1722=CARTESIAN_POINT('Ctrl Pts',(-23.0246899234797,20.0992781642408,8.20399151780343));
#1723=CARTESIAN_POINT('Ctrl Pts',(-21.7521786368389,17.8486914274944,8.1969115099789));
#1724=CARTESIAN_POINT('Ctrl Pts',(-21.1979553226244,16.6721481733367,8.19465561636964));
#1725=CARTESIAN_POINT('Ctrl Pts',(-20.2707682410139,14.2442385626873,8.19486979629815));
#1726=CARTESIAN_POINT('Ctrl Pts',(-19.8977361916727,12.9928130901894,8.19732251114817));
#1727=CARTESIAN_POINT('Ctrl Pts',(-19.3569913710253,10.4549283667162,8.20975207447282));
#1728=CARTESIAN_POINT('Ctrl Pts',(-19.1890435555196,9.16815558543415,8.21967949312909));
#1729=CARTESIAN_POINT('Ctrl Pts',(-19.1081320957729,7.428690225799,8.24093714588669));
#1730=CARTESIAN_POINT('Ctrl Pts',(-19.1003218327941,6.98127998986087,8.24711605491349));
#1731=CARTESIAN_POINT('Ctrl Pts',(-19.1184914985296,6.09441846426816,8.26192140066253));
#1732=CARTESIAN_POINT('Ctrl Pts',(-19.1446863845279,5.65526045369159,8.27058068645759));
#1733=CARTESIAN_POINT('Ctrl Pts',(-19.2216332935243,4.76438227558703,8.2879162867026));
#1734=CARTESIAN_POINT('Ctrl Pts',(-19.2684216557298,4.30689878576922,8.29571267721794));
#1735=CARTESIAN_POINT('Ctrl Pts',(-19.3048193139681,3.36216740291688,8.30726817966647));
#1736=CARTESIAN_POINT('Ctrl Pts',(-19.2984134306125,2.88050096156507,8.31196105103132));
#1737=CARTESIAN_POINT('Ctrl Pts',(-19.2235114939628,1.44402147969466,8.32631948580496));
#1738=CARTESIAN_POINT('Ctrl Pts',(-19.0998544247976,0.498593505086079,8.33639041509411));
#1739=CARTESIAN_POINT('Ctrl Pts',(-18.7241440676036,-1.2202184799448,8.35089042593637));
#1740=CARTESIAN_POINT('Ctrl Pts',(-18.492938941595,-1.99875914530933,8.35594559494309));
#1741=CARTESIAN_POINT('Ctrl Pts',(-18.2085299915745,-2.75186904980458,8.35822558792994));
#1742=CARTESIAN_POINT('Ctrl Pts',(-34.6180769108383,30.1214981347413,8.1762654923828));
#1743=CARTESIAN_POINT('Ctrl Pts',(-34.3027173283794,29.9871132738528,8.17969552218207));
#1744=CARTESIAN_POINT('Ctrl Pts',(-33.9898587579474,29.8469791315597,8.18274696019203));
#1745=CARTESIAN_POINT('Ctrl Pts',(-32.2365997655819,29.0209411013291,8.19812822405957));
#1746=CARTESIAN_POINT('Ctrl Pts',(-30.8538802453555,28.2117769293496,8.20363664010216));
#1747=CARTESIAN_POINT('Ctrl Pts',(-27.6078961401478,25.8832434439081,8.20577198529094));
#1748=CARTESIAN_POINT('Ctrl Pts',(-25.8495964817431,24.2106846425728,8.19657785278419));
#1749=CARTESIAN_POINT('Ctrl Pts',(-23.5582431017435,21.2913402067988,8.1817999346068));
#1750=CARTESIAN_POINT('Ctrl Pts',(-22.8388847064535,20.2169925191113,8.17656614425568));
#1751=CARTESIAN_POINT('Ctrl Pts',(-21.5663140211143,17.9651402482796,8.16885916410701));
#1752=CARTESIAN_POINT('Ctrl Pts',(-21.0131228901052,16.7876869963854,8.16638225482631));
#1753=CARTESIAN_POINT('Ctrl Pts',(-20.0903568283458,14.3575685190505,8.16626685585719));
#1754=CARTESIAN_POINT('Ctrl Pts',(-19.7207137702015,13.1048467563452,8.16860989437893));
#1755=CARTESIAN_POINT('Ctrl Pts',(-19.1893076625847,10.5641832677167,8.18083294694388));
#1756=CARTESIAN_POINT('Ctrl Pts',(-19.0272987050454,9.27591299990756,8.19065962846546));
#1757=CARTESIAN_POINT('Ctrl Pts',(-18.9560383506914,7.53412765959455,8.21178181442837));
#1758=CARTESIAN_POINT('Ctrl Pts',(-18.9508476094431,7.0860831816912,8.2179255916491));
#1759=CARTESIAN_POINT('Ctrl Pts',(-18.9747336552517,6.19819005041696,8.23275129848503));
#1760=CARTESIAN_POINT('Ctrl Pts',(-19.004040759239,5.75865555485505,8.2414696212529));
#1761=CARTESIAN_POINT('Ctrl Pts',(-19.0874053752744,4.86665755901422,8.25889515379709));
#1762=CARTESIAN_POINT('Ctrl Pts',(-19.1373573203207,4.40823164744393,8.26666327798475));
#1763=CARTESIAN_POINT('Ctrl Pts',(-19.1789348851822,3.4604624822879,8.27792329099655));
#1764=CARTESIAN_POINT('Ctrl Pts',(-19.1746831846012,2.97688516982713,8.28240984993099));
#1765=CARTESIAN_POINT('Ctrl Pts',(-19.1054946803973,1.53459149128414,8.29623705753973));
#1766=CARTESIAN_POINT('Ctrl Pts',(-18.9846749748301,0.585225224300351,8.30608154643355));
#1767=CARTESIAN_POINT('Ctrl Pts',(-18.6124238170362,-1.14070503520332,8.32039558097035));
#1768=CARTESIAN_POINT('Ctrl Pts',(-18.3820981321424,-1.92245638561443,8.32545895757088));
#1769=CARTESIAN_POINT('Ctrl Pts',(-18.0980022883596,-2.67832335340078,8.3278883173092));
#1770=CARTESIAN_POINT('Ctrl Pts',(-34.4744404463863,30.2172681587299,8.16070593720075));
#1771=CARTESIAN_POINT('Ctrl Pts',(-34.1578574419482,30.0842083222318,8.16363558231614));
#1772=CARTESIAN_POINT('Ctrl Pts',(-33.8437750230062,29.9453545611464,8.16620449864037));
#1773=CARTESIAN_POINT('Ctrl Pts',(-32.0836044774775,29.1262132654327,8.17895313439674));
#1774=CARTESIAN_POINT('Ctrl Pts',(-30.695193186414,28.3213363854149,8.18266743596106));
#1775=CARTESIAN_POINT('Ctrl Pts',(-27.4360240023561,26.0000168980295,8.18115634753045));
#1776=CARTESIAN_POINT('Ctrl Pts',(-25.6707517260961,24.3286469992281,8.17052806760299));
#1777=CARTESIAN_POINT('Ctrl Pts',(-23.3736308877142,21.4092470287722,8.15425619994092));
#1778=CARTESIAN_POINT('Ctrl Pts',(-22.653168789381,20.3345401626654,8.1486330401838));
#1779=CARTESIAN_POINT('Ctrl Pts',(-21.3805274721413,18.0814297568658,8.14033531395521));
#1780=CARTESIAN_POINT('Ctrl Pts',(-20.8283684502603,16.9030773077342,8.1376566621544));
#1781=CARTESIAN_POINT('Ctrl Pts',(-19.9100393914769,14.4707862551691,8.13724398131605));
#1782=CARTESIAN_POINT('Ctrl Pts',(-19.5438010692379,13.2167932954241,8.13949032214154));
#1783=CARTESIAN_POINT('Ctrl Pts',(-19.021789245857,10.6734244498291,8.15152158096018));
#1784=CARTESIAN_POINT('Ctrl Pts',(-18.8657584499591,9.38370418724209,8.16124903141252));
#1785=CARTESIAN_POINT('Ctrl Pts',(-18.8042175412937,7.63967420843065,8.18223074504722));
#1786=CARTESIAN_POINT('Ctrl Pts',(-18.8016644210235,7.1910146069997,8.18833732726871));
#1787=CARTESIAN_POINT('Ctrl Pts',(-18.8313094033477,6.30214065925038,8.20318519828015));
#1788=CARTESIAN_POINT('Ctrl Pts',(-18.8637551212786,5.86226408672882,8.21196696364648));
#1789=CARTESIAN_POINT('Ctrl Pts',(-18.9535866745158,4.96919971875196,8.22948635890472));
#1790=CARTESIAN_POINT('Ctrl Pts',(-19.0067175281546,4.5098400709669,8.23722038840078));
#1791=CARTESIAN_POINT('Ctrl Pts',(-19.0534809501885,3.55900956036258,8.24815182080791));
#1792=CARTESIAN_POINT('Ctrl Pts',(-19.0513795797293,3.07349626582636,8.25240984855823));
#1793=CARTESIAN_POINT('Ctrl Pts',(-18.9878864855206,1.62531281051463,8.26564440802963));
#1794=CARTESIAN_POINT('Ctrl Pts',(-18.8698877703,0.671964378085421,8.27523004973915));
#1795=CARTESIAN_POINT('Ctrl Pts',(-18.5010536799828,-1.06117273900674,8.28931112050073));
#1796=CARTESIAN_POINT('Ctrl Pts',(-18.2715824917521,-1.84617990964588,8.29436601129239));
#1797=CARTESIAN_POINT('Ctrl Pts',(-17.9877700474273,-2.60484846319927,8.29693775424767));
#1798=CARTESIAN_POINT('',(-21.9743701291093,-1.92209395214474,8.98433715314972));
#1799=CARTESIAN_POINT('',(-25.7809065617493,-6.99513229489836,9.56471187299774));
#1800=CARTESIAN_POINT('Ctrl Pts',(-25.7809065621189,-6.99513229504167,9.56471187360515));
#1801=CARTESIAN_POINT('Ctrl Pts',(-25.9139453639277,-6.64594432098326,9.56614900648444));
#1802=CARTESIAN_POINT('Ctrl Pts',(-25.9940394697737,-6.27883994550269,9.56347751417363));
#1803=CARTESIAN_POINT('Ctrl Pts',(-26.0462203511309,-5.48524841244553,9.54826454285359));
#1804=CARTESIAN_POINT('Ctrl Pts',(-26.0027022343983,-5.06298038133977,9.53459826448057));
#1805=CARTESIAN_POINT('Ctrl Pts',(-25.7640002261759,-4.20299630126231,9.49248929212616));
#1806=CARTESIAN_POINT('Ctrl Pts',(-25.5536752679488,-3.77724950918926,9.46285337947461));
#1807=CARTESIAN_POINT('Ctrl Pts',(-24.9686015479288,-3.00153626382975,9.38524210531372));
#1808=CARTESIAN_POINT('Ctrl Pts',(-24.5899724464046,-2.66647918563902,9.33693634400299));
#1809=CARTESIAN_POINT('Ctrl Pts',(-23.8404073192375,-2.23188996923832,9.23936755200255));
#1810=CARTESIAN_POINT('Ctrl Pts',(-23.4984307888665,-2.09573216229652,9.19430546791397));
#1811=CARTESIAN_POINT('Ctrl Pts',(-22.7599979846812,-1.92046307765966,9.09448961619857));
#1812=CARTESIAN_POINT('Ctrl Pts',(-22.3657787556211,-1.89045220142536,9.03978735437196));
#1813=CARTESIAN_POINT('Ctrl Pts',(-21.9743701292402,-1.92209395620694,8.98433715454377));
#1814=CARTESIAN_POINT('',(-32.6720848624444,-11.6203656037541,9.63314106483334));
#1815=CARTESIAN_POINT('Ctrl Pts',(-25.7809065616913,-6.99513229490904,9.56471187357585));
#1816=CARTESIAN_POINT('Ctrl Pts',(-26.7811355658375,-7.98810980044539,9.64669135598208));
#1817=CARTESIAN_POINT('Ctrl Pts',(-27.8746964081807,-8.88220366271422,9.69081767156628));
#1818=CARTESIAN_POINT('Ctrl Pts',(-30.1908578179917,-10.4288752135734,9.71072601588046));
#1819=CARTESIAN_POINT('Ctrl Pts',(-31.4054747419786,-11.0841289518332,9.68994204442462));
#1820=CARTESIAN_POINT('Ctrl Pts',(-32.6720848614187,-11.6203656038467,9.63314106426361));
#1821=CARTESIAN_POINT('',(-40.9393631956631,-13.3515846310708,8.88341967590544));
#1822=CARTESIAN_POINT('Ctrl Pts',(-40.939363195912,-13.3515846311661,8.88341967562893));
#1823=CARTESIAN_POINT('Ctrl Pts',(-41.1212878288365,-12.95373517931,8.91003149235713));
#1824=CARTESIAN_POINT('Ctrl Pts',(-41.2416237457646,-12.531160095159,8.94647654632654));
#1825=CARTESIAN_POINT('Ctrl Pts',(-41.366343437704,-11.5525762317126,9.04080968399147));
#1826=CARTESIAN_POINT('Ctrl Pts',(-41.3312079192918,-10.9988421931265,9.10072744105348));
#1827=CARTESIAN_POINT('Ctrl Pts',(-41.0605954449306,-9.95247084673718,9.21876226288508));
#1828=CARTESIAN_POINT('Ctrl Pts',(-40.8339963052509,-9.46672808105945,9.27576525647575));
#1829=CARTESIAN_POINT('Ctrl Pts',(-40.2160327042016,-8.60166773200748,9.38156566769631));
#1830=CARTESIAN_POINT('Ctrl Pts',(-39.8299922928406,-8.22950168084817,9.42985695466255));
#1831=CARTESIAN_POINT('Ctrl Pts',(-38.9351425478925,-7.63922293903139,9.51646425463762));
#1832=CARTESIAN_POINT('Ctrl Pts',(-38.4325232783095,-7.42861457954356,9.55384279420525));
#1833=CARTESIAN_POINT('Ctrl Pts',(-37.3929125488478,-7.20714535380131,9.61463142385909));
#1834=CARTESIAN_POINT('Ctrl Pts',(-36.8663604262378,-7.19157915698674,9.63796954748721));
#1835=CARTESIAN_POINT('Ctrl Pts',(-35.7960680920605,-7.35460040337175,9.67428124970411));
#1836=CARTESIAN_POINT('Ctrl Pts',(-35.2640238912596,-7.54547069702825,9.68615001831162));
#1837=CARTESIAN_POINT('Ctrl Pts',(-34.3130223348543,-8.11285645249551,9.69865010825589));
#1838=CARTESIAN_POINT('Ctrl Pts',(-33.9004006442668,-8.47986335936809,9.69949811221062));
#1839=CARTESIAN_POINT('Ctrl Pts',(-33.2857926521686,-9.28034334721314,9.69282384527679));
#1840=CARTESIAN_POINT('Ctrl Pts',(-33.0649407616472,-9.68935676634395,9.68662747892546));
#1841=CARTESIAN_POINT('Ctrl Pts',(-32.7454090314863,-10.6058399746687,9.66670800122366));
#1842=CARTESIAN_POINT('Ctrl Pts',(-32.6639304313119,-11.1119164390485,9.65244681728219));
#1843=CARTESIAN_POINT('Ctrl Pts',(-32.6720848629445,-11.6203656029125,9.63314106425445));
#1844=CARTESIAN_POINT('',(-62.8028321709591,12.202437860846,8.2174285511939));
#1845=CARTESIAN_POINT('Ctrl Pts',(-40.939363195638,-13.3515846309973,8.8834196756804));
#1846=CARTESIAN_POINT('Ctrl Pts',(-41.6450175687753,-13.3603090338434,8.8016436050118));
#1847=CARTESIAN_POINT('Ctrl Pts',(-42.3511698141567,-13.3349246137042,8.7208792438892));
#1848=CARTESIAN_POINT('Ctrl Pts',(-43.8859112824554,-13.2051522881105,8.56133334696143));
#1849=CARTESIAN_POINT('Ctrl Pts',(-44.7125041693352,-13.0875656070396,8.48595341118107));
#1850=CARTESIAN_POINT('Ctrl Pts',(-47.1984887801005,-12.5870335622977,8.31697258567563));
#1851=CARTESIAN_POINT('Ctrl Pts',(-49.4708836938955,-11.9266712644981,8.23348473277755));
#1852=CARTESIAN_POINT('Ctrl Pts',(-54.4234067882882,-9.15460759308794,8.12918318175418));
#1853=CARTESIAN_POINT('Ctrl Pts',(-56.6382379665258,-7.26180937388346,8.12452300354319));
#1854=CARTESIAN_POINT('Ctrl Pts',(-60.218726140795,-2.71037322981595,8.14949611587828));
#1855=CARTESIAN_POINT('Ctrl Pts',(-61.5427986079641,-0.0922344217347787,
8.1808192932944));
#1856=CARTESIAN_POINT('Ctrl Pts',(-62.736206308504,4.22185724116587,8.21959839253316));
#1857=CARTESIAN_POINT('Ctrl Pts',(-62.9909280682526,5.77660623898518,8.23147954946206));
#1858=CARTESIAN_POINT('Ctrl Pts',(-63.1663667473965,8.96944487332036,8.2403631737342));
#1859=CARTESIAN_POINT('Ctrl Pts',(-63.0743562821023,10.5986538406083,8.23722289137473));
#1860=CARTESIAN_POINT('Ctrl Pts',(-62.8028322531158,12.2024373755415,8.21738891061241));
#1861=CARTESIAN_POINT('',(-57.2495373177911,11.7627046971326,8.73863498755379));
#1862=CARTESIAN_POINT('Ctrl Pts',(-57.2496241514013,11.7627147883772,8.73863568513045));
#1863=CARTESIAN_POINT('Ctrl Pts',(-57.6632882805036,11.8000063015057,8.70628875301831));
#1864=CARTESIAN_POINT('Ctrl Pts',(-58.105873786742,11.8387677047282,8.6702756951768));
#1865=CARTESIAN_POINT('Ctrl Pts',(-58.6658105740415,11.8857429841676,8.6222028982208));
#1866=CARTESIAN_POINT('Ctrl Pts',(-58.7555528966138,11.8932117992796,8.61442731186296));
#1867=CARTESIAN_POINT('Ctrl Pts',(-58.9965373872453,11.9131032438379,8.59334517442687));
#1868=CARTESIAN_POINT('Ctrl Pts',(-59.14955918642,11.9255712536647,8.57975159625132));
#1869=CARTESIAN_POINT('Ctrl Pts',(-59.4303680988854,11.9481503961222,8.55440099068343));
#1870=CARTESIAN_POINT('Ctrl Pts',(-59.5571575099956,11.9582415563246,8.54281273306562));
#1871=CARTESIAN_POINT('Ctrl Pts',(-59.7500713696555,11.9734434050227,8.5249534689711));
#1872=CARTESIAN_POINT('Ctrl Pts',(-59.8148309472809,11.978521541443,8.51892089935193));
#1873=CARTESIAN_POINT('Ctrl Pts',(-59.9126555823914,11.9861555917015,8.5097503784451));
#1874=CARTESIAN_POINT('Ctrl Pts',(-59.9617392171635,11.9899768284503,8.50513470119292));
#1875=CARTESIAN_POINT('Ctrl Pts',(-60.0110803769467,11.9938045011534,8.50047293699318));
#1876=CARTESIAN_POINT('Ctrl Pts',(-60.0440317742386,11.9963577275468,8.49735480103222));
#1877=CARTESIAN_POINT('Ctrl Pts',(-60.0617061680912,11.997725512271,8.49567952020872));
#1878=CARTESIAN_POINT('Ctrl Pts',(-60.1638188595402,12.0056192103589,8.48598653502852));
#1879=CARTESIAN_POINT('Ctrl Pts',(-60.2498621482277,12.0122331023975,8.47775137923407));
#1880=CARTESIAN_POINT('Ctrl Pts',(-60.8589498230072,12.0588061530534,8.41899602980814));
#1881=CARTESIAN_POINT('Ctrl Pts',(-61.3569665174486,12.0957437359469,8.36855620332631));
#1882=CARTESIAN_POINT('Ctrl Pts',(-62.12843084408,12.1525073105129,8.28847836731236));
#1883=CARTESIAN_POINT('Ctrl Pts',(-62.4167249303445,12.1736987365952,8.25805985003741));
#1884=CARTESIAN_POINT('Ctrl Pts',(-62.7320612860449,12.1971554792532,8.22487312745692));
#1885=CARTESIAN_POINT('Ctrl Pts',(-62.7674425003687,12.1997932909091,8.2211503806774));
#1886=CARTESIAN_POINT('Ctrl Pts',(-62.8028321709591,12.202437860846,8.2174285511939));
#1887=CARTESIAN_POINT('',(-56.2749499118758,11.6855326138817,8.81195636643042));
#1888=CARTESIAN_POINT('Origin',(-45.1297812215908,-14.9235726414899,-173.909072530672));
#1889=CARTESIAN_POINT('',(-30.9967427050994,-3.36305543361749,9.73586894758576));
#1890=CARTESIAN_POINT('Ctrl Pts',(-30.9967427081551,-3.36305543011932,9.73586894695941));
#1891=CARTESIAN_POINT('Ctrl Pts',(-31.1870108691131,-3.52810487508797,9.74232409106676));
#1892=CARTESIAN_POINT('Ctrl Pts',(-31.3812829532412,-3.68849353407998,9.74778979864697));
#1893=CARTESIAN_POINT('Ctrl Pts',(-31.7518034540625,-3.97946724408504,9.75606302339583));
#1894=CARTESIAN_POINT('Ctrl Pts',(-31.9270530876505,-4.11116897112989,9.75912252039191));
#1895=CARTESIAN_POINT('Ctrl Pts',(-32.3472493784931,-4.41318213257915,9.76442337872208));
#1896=CARTESIAN_POINT('Ctrl Pts',(-32.5944154489187,-4.58020156703342,9.76596962602208));
#1897=CARTESIAN_POINT('Ctrl Pts',(-33.0970632372361,-4.89906292282906,9.76597463638051));
#1898=CARTESIAN_POINT('Ctrl Pts',(-33.3523535533879,-5.05087162563027,9.76444683221998));
#1899=CARTESIAN_POINT('Ctrl Pts',(-33.9961820404589,-5.40902709003097,9.75691252247628));
#1900=CARTESIAN_POINT('Ctrl Pts',(-34.3893311578395,-5.60625668688967,9.74910391368342));
#1901=CARTESIAN_POINT('Ctrl Pts',(-36.2141747677824,-6.42640231894077,9.69938025694779));
#1902=CARTESIAN_POINT('Ctrl Pts',(-37.7242617886339,-6.84628431629799,9.62034813179178));
#1903=CARTESIAN_POINT('Ctrl Pts',(-41.0712237217261,-7.25230695110991,9.41270678145009));
#1904=CARTESIAN_POINT('Ctrl Pts',(-42.8959141855088,-7.15302303235012,9.28286248216012));
#1905=CARTESIAN_POINT('Ctrl Pts',(-46.2210421143687,-6.37583286777252,9.08352664983154));
#1906=CARTESIAN_POINT('Ctrl Pts',(-47.7118923325921,-5.7737196331417,9.00930092753997));
#1907=CARTESIAN_POINT('Ctrl Pts',(-50.1516090979152,-4.31691002330461,8.91718122198505));
#1908=CARTESIAN_POINT('Ctrl Pts',(-51.1374907886389,-3.55455723077045,8.89007165405545));
#1909=CARTESIAN_POINT('Ctrl Pts',(-52.8516865852198,-1.86465355650781,8.85582664748133));
#1910=CARTESIAN_POINT('Ctrl Pts',(-53.586608859775,-0.955688716410982,8.84765946262441));
#1911=CARTESIAN_POINT('Ctrl Pts',(-55.0128404382739,1.28303796208215,8.83920535634383));
#1912=CARTESIAN_POINT('Ctrl Pts',(-55.6278094673859,2.64786093324668,8.84149731317574));
#1913=CARTESIAN_POINT('Ctrl Pts',(-56.4255882996295,5.42910495180667,8.84338857403949));
#1914=CARTESIAN_POINT('Ctrl Pts',(-56.6274060736328,6.82524142515376,8.84294427342755));
#1915=CARTESIAN_POINT('Ctrl Pts',(-56.6472318090835,9.39147654811831,8.83208302408271));
#1916=CARTESIAN_POINT('Ctrl Pts',(-56.5253585836947,10.5507677455051,8.82335196759419));
#1917=CARTESIAN_POINT('Ctrl Pts',(-56.2749488138243,11.6855394399654,8.81222612706123));
#1918=CARTESIAN_POINT('',(-29.4186586167515,-1.78044260893759,9.65454769564118));
#1919=CARTESIAN_POINT('Ctrl Pts',(-30.9967426999621,-3.36305544145896,9.73586894687358));
#1920=CARTESIAN_POINT('Ctrl Pts',(-30.8958891905779,-3.42427629994991,9.73399615530113));
#1921=CARTESIAN_POINT('Ctrl Pts',(-30.7862319004059,-3.46960598946199,9.73164245952084));
#1922=CARTESIAN_POINT('Ctrl Pts',(-30.5769295524717,-3.52047679795564,9.72645440013468));
#1923=CARTESIAN_POINT('Ctrl Pts',(-30.4797230381679,-3.53136212828843,9.72379498591345));
#1924=CARTESIAN_POINT('Ctrl Pts',(-30.2369780584744,-3.52762875303579,9.71642641936072));
#1925=CARTESIAN_POINT('Ctrl Pts',(-30.0933907956075,-3.49785839680412,9.71141144847519));
#1926=CARTESIAN_POINT('Ctrl Pts',(-29.8197070781908,-3.38427188803564,9.70032308726149));
#1927=CARTESIAN_POINT('Ctrl Pts',(-29.6929993533138,-3.29948311001159,9.69432004330353));
#1928=CARTESIAN_POINT('Ctrl Pts',(-29.4898340880005,-3.09605412432201,9.68299438333129));
#1929=CARTESIAN_POINT('Ctrl Pts',(-29.4113276816699,-2.9830477680032,9.67775779578692));
#1930=CARTESIAN_POINT('Ctrl Pts',(-29.2954673847441,-2.73011511779763,9.66816284818211));
#1931=CARTESIAN_POINT('Ctrl Pts',(-29.2607617932713,-2.5914790634346,9.66393479623166));
#1932=CARTESIAN_POINT('Ctrl Pts',(-29.2454394893409,-2.34026926420096,9.65825982166749));
#1933=CARTESIAN_POINT('Ctrl Pts',(-29.2545177853659,-2.23012087758226,9.65643167525215));
#1934=CARTESIAN_POINT('Ctrl Pts',(-29.293883676098,-2.05847129625123,9.65469313314439));
#1935=CARTESIAN_POINT('Ctrl Pts',(-29.3142012891151,-1.99540205225758,9.65431116559905));
#1936=CARTESIAN_POINT('Ctrl Pts',(-29.3622024088624,-1.88119026807695,9.65411047226525));
#1937=CARTESIAN_POINT('Ctrl Pts',(-29.3885512086077,-1.8297217048633,9.65422656668759));
#1938=CARTESIAN_POINT('Ctrl Pts',(-29.4186586160393,-1.7804426084996,9.65454769519827));
#1939=CARTESIAN_POINT('',(-36.8397256425986,23.2267486120838,8.82873128631397));
#1940=CARTESIAN_POINT('Ctrl Pts',(-29.4186586169639,-1.78044260877835,9.6545476952465));
#1941=CARTESIAN_POINT('Ctrl Pts',(-28.3933192530256,-0.591575454796846,
9.58222483218592));
#1942=CARTESIAN_POINT('Ctrl Pts',(-27.555420659975,0.745747672555044,9.4817159960533));
#1943=CARTESIAN_POINT('Ctrl Pts',(-26.3100250770093,3.62467514400489,9.28179547462369));
#1944=CARTESIAN_POINT('Ctrl Pts',(-25.9089594372156,5.15154599297218,9.18540345342471));
#1945=CARTESIAN_POINT('Ctrl Pts',(-25.5358270373767,8.68709999420795,9.00987437579666));
#1946=CARTESIAN_POINT('Ctrl Pts',(-25.7080937736361,10.6822602270893,8.94260039463236));
#1947=CARTESIAN_POINT('Ctrl Pts',(-26.8081344343192,14.5410870733869,8.85688318770003));
#1948=CARTESIAN_POINT('Ctrl Pts',(-27.7407269002024,16.3627581635112,8.83941962055173));
#1949=CARTESIAN_POINT('Ctrl Pts',(-29.9912065641649,19.2102850401172,8.82815275447635));
#1950=CARTESIAN_POINT('Ctrl Pts',(-31.1737193965531,20.3057085657031,8.82982290671345));
#1951=CARTESIAN_POINT('Ctrl Pts',(-33.1681815914521,21.6477966090151,8.83141325477651));
#1952=CARTESIAN_POINT('Ctrl Pts',(-33.8670577186717,22.0430499173127,8.83182306602002));
#1953=CARTESIAN_POINT('Ctrl Pts',(-34.9560727641512,22.5518781950183,8.83144009351451));
#1954=CARTESIAN_POINT('Ctrl Pts',(-35.3251987855214,22.7072143488887,8.8311520306061));
#1955=CARTESIAN_POINT('Ctrl Pts',(-36.2577964059728,23.0577729390077,8.82996244196101));
#1956=CARTESIAN_POINT('Ctrl Pts',(-36.6887413115654,23.1830097621138,8.82900984467337));
#1957=CARTESIAN_POINT('Ctrl Pts',(-36.839685530016,23.226748010325,8.82867497011843));
#1958=CARTESIAN_POINT('',(-35.0075054247336,29.5500216165881,8.2501287043854));
#1959=CARTESIAN_POINT('Ctrl Pts',(-36.8405767966987,23.2269851100193,8.82874190239631));
#1960=CARTESIAN_POINT('Ctrl Pts',(-36.7800104165439,23.4513643502278,8.81283251733856));
#1961=CARTESIAN_POINT('Ctrl Pts',(-36.7196739299292,23.6733608602369,8.79672039798076));
#1962=CARTESIAN_POINT('Ctrl Pts',(-36.620192480948,24.0368109508341,8.76969654678856));
#1963=CARTESIAN_POINT('Ctrl Pts',(-36.5809080665845,24.1796566656032,8.75890619850761));
#1964=CARTESIAN_POINT('Ctrl Pts',(-36.5025378375688,24.4632126953315,8.73713967018569));
#1965=CARTESIAN_POINT('Ctrl Pts',(-36.4630750173908,24.6052730067683,8.72605645813922));
#1966=CARTESIAN_POINT('Ctrl Pts',(-36.3619362689812,24.9674422172491,8.69734213595285));
#1967=CARTESIAN_POINT('Ctrl Pts',(-36.2991039254717,25.1903474973001,8.67920536589301));
#1968=CARTESIAN_POINT('Ctrl Pts',(-36.2212322134279,25.4642217379869,8.65631342229493));
#1969=CARTESIAN_POINT('Ctrl Pts',(-36.2063931694678,25.516304808825,8.6519326784445));
#1970=CARTESIAN_POINT('Ctrl Pts',(-36.1525515370665,25.7049103533411,8.6359685556497));
#1971=CARTESIAN_POINT('Ctrl Pts',(-36.113487727756,25.8410343760838,8.62425536706524));
#1972=CARTESIAN_POINT('Ctrl Pts',(-36.0352594475671,26.112260193213,8.60052281581177));
#1973=CARTESIAN_POINT('Ctrl Pts',(-35.9956799425099,26.2487855638002,8.58837464451122));
#1974=CARTESIAN_POINT('Ctrl Pts',(-35.9438281869366,26.4267782752008,8.57227087312507));
#1975=CARTESIAN_POINT('Ctrl Pts',(-35.9307542692777,26.4716060925314,8.56819259393972));
#1976=CARTESIAN_POINT('Ctrl Pts',(-35.8178823012769,26.8581722592473,8.53282785127846));
#1977=CARTESIAN_POINT('Ctrl Pts',(-35.717995388014,27.1972675702716,8.50047678412829));
#1978=CARTESIAN_POINT('Ctrl Pts',(-35.595663582524,27.6086256291046,8.45955272547116));
#1979=CARTESIAN_POINT('Ctrl Pts',(-35.573088014268,27.6843748350542,8.45194605598704));
#1980=CARTESIAN_POINT('Ctrl Pts',(-35.4471719943085,28.1059396391254,8.40921686337078));
#1981=CARTESIAN_POINT('Ctrl Pts',(-35.3440161391913,28.4479520499918,8.37305789423658));
#1982=CARTESIAN_POINT('Ctrl Pts',(-35.2198058734978,28.8563339101478,8.32830566740881));
#1983=CARTESIAN_POINT('Ctrl Pts',(-35.1981239362411,28.9274921829875,8.32044867452717));
#1984=CARTESIAN_POINT('Ctrl Pts',(-35.1306263391396,29.1486275042928,8.29585318459439));
#1985=CARTESIAN_POINT('Ctrl Pts',(-35.0849179495063,29.2978526609547,8.27899834705149));
#1986=CARTESIAN_POINT('Ctrl Pts',(-35.0287708415511,29.4807486418232,8.25808317688464));
#1987=CARTESIAN_POINT('Ctrl Pts',(-35.0181397980928,29.5153784383159,8.25411178726394));
#1988=CARTESIAN_POINT('Ctrl Pts',(-35.0075054843924,29.5500215655949,8.25012810167878));
#1989=CARTESIAN_POINT('Ctrl Pts',(-35.0075054259854,29.5500216104057,8.25012931588579));
#1990=CARTESIAN_POINT('Ctrl Pts',(-33.2741427082173,29.0381323170598,8.24850238755913));
#1991=CARTESIAN_POINT('Ctrl Pts',(-31.610816521785,28.3136356039304,8.23917707117931));
#1992=CARTESIAN_POINT('Ctrl Pts',(-28.5497326546668,26.5018687657341,8.21486939124243));
#1993=CARTESIAN_POINT('Ctrl Pts',(-27.1561920268991,25.4333970537785,8.20008134410457));
#1994=CARTESIAN_POINT('Ctrl Pts',(-23.8848894723813,22.2369454619655,8.16519798272976));
#1995=CARTESIAN_POINT('Ctrl Pts',(-22.2656949947875,19.8911173646463,8.14724993410326));
#1996=CARTESIAN_POINT('Ctrl Pts',(-19.9786759584886,14.6479164872705,8.1535261028932));
#1997=CARTESIAN_POINT('Ctrl Pts',(-19.3590781780823,11.7902379173011,8.17604956175871));
#1998=CARTESIAN_POINT('Ctrl Pts',(-19.2767364000145,6.63058238984624,8.29472264709569));
#1999=CARTESIAN_POINT('Ctrl Pts',(-19.5980496547895,4.66758223406269,8.35657447496251));
#2000=CARTESIAN_POINT('Ctrl Pts',(-20.2050105783673,2.2899551156554,8.51261009175462));
#2001=CARTESIAN_POINT('Ctrl Pts',(-20.4685422126499,1.46551198980272,8.58838788451681));
#2002=CARTESIAN_POINT('Ctrl Pts',(-21.1216581098096,-0.226294338937559,
8.77019934810465));
#2003=CARTESIAN_POINT('Ctrl Pts',(-21.5207667283085,-1.08863024743299,8.87795612520242));
#2004=CARTESIAN_POINT('Ctrl Pts',(-21.9743701271565,-1.92209394415703,8.98433715365713));
#2005=CARTESIAN_POINT('',(-20.638413551468,2.86186859502416,8.58750778037026));
#2006=CARTESIAN_POINT('Ctrl Pts',(-20.638413551468,2.8618685950242,8.58750778037026));
#2007=CARTESIAN_POINT('Ctrl Pts',(-20.7456718984702,2.75293516211114,8.60934271698262));
#2008=CARTESIAN_POINT('Ctrl Pts',(-20.8610439074737,2.65215055998141,8.63229376086049));
#2009=CARTESIAN_POINT('Ctrl Pts',(-21.4596334879347,2.2024471264986,8.74794223420453));
#2010=CARTESIAN_POINT('Ctrl Pts',(-22.0416712253843,1.98743499619468,8.84806933182655));
#2011=CARTESIAN_POINT('Ctrl Pts',(-22.9685810052673,1.92980384671911,8.98092713035706));
#2012=CARTESIAN_POINT('Ctrl Pts',(-23.3028160220892,1.9628330363607,9.02413257707362));
#2013=CARTESIAN_POINT('Ctrl Pts',(-24.0514251195601,2.16277236440355,9.10956020087777));
#2014=CARTESIAN_POINT('Ctrl Pts',(-24.4545866969532,2.37089182370925,9.14660569569852));
#2015=CARTESIAN_POINT('Ctrl Pts',(-25.1080106219019,2.91407448478733,9.19435007562556));
#2016=CARTESIAN_POINT('Ctrl Pts',(-25.3667899531767,3.23665572423466,9.20721821704596));
#2017=CARTESIAN_POINT('Ctrl Pts',(-25.977904294475,4.39986664893376,9.22016542276486));
#2018=CARTESIAN_POINT('Ctrl Pts',(-26.0326696665152,6.39759184635275,9.14855062951506));
#2019=CARTESIAN_POINT('Ctrl Pts',(-24.5414654736926,7.71055036387923,8.95585965576395));
#2020=CARTESIAN_POINT('Ctrl Pts',(-22.8919214932946,8.17587566786044,8.75863806105396));
#2021=CARTESIAN_POINT('Ctrl Pts',(-22.0256085445869,8.07365627283906,8.65973738032774));
#2022=CARTESIAN_POINT('Ctrl Pts',(-20.9975377907843,7.48760393056191,8.53907887958967));
#2023=CARTESIAN_POINT('Ctrl Pts',(-20.7091056774612,7.24685640466578,8.50478359545546));
#2024=CARTESIAN_POINT('Ctrl Pts',(-20.2285980994041,6.66859616823116,8.44709199656697));
#2025=CARTESIAN_POINT('Ctrl Pts',(-20.039842930122,6.32923074235238,8.42409641851914));
#2026=CARTESIAN_POINT('Ctrl Pts',(-19.7920444924357,5.58424409367338,8.39539428140153));
#2027=CARTESIAN_POINT('Ctrl Pts',(-19.7412962824102,5.17646747320661,8.39106661687408));
#2028=CARTESIAN_POINT('Ctrl Pts',(-19.8222562889713,4.05730472005814,8.41497769042866));
#2029=CARTESIAN_POINT('Ctrl Pts',(-20.139263996754,3.36881351867595,8.4858942538533));
#2030=CARTESIAN_POINT('Ctrl Pts',(-20.638413551468,2.8618685950242,8.58750778037026));
#2031=CARTESIAN_POINT('Origin',(-53.3538764610162,-5.69009925791282,6.59472828129684));
#2032=CARTESIAN_POINT('',(-50.5053510126355,-5.69009925791282,5.08018276581232));
#2033=CARTESIAN_POINT('',(-50.4789145223259,-5.69009925791282,6.59472828129684));
#2034=CARTESIAN_POINT('Origin',(-53.3538764610162,-5.69009925791282,5.08018276581232));
#2035=CARTESIAN_POINT('Ctrl Pts',(-20.638413551468,2.8618685950242,8.58750778037026));
#2036=CARTESIAN_POINT('Ctrl Pts',(-20.139263996754,3.36881351867595,8.4858942538533));
#2037=CARTESIAN_POINT('Ctrl Pts',(-19.8222562889713,4.05730472005814,8.41497769042866));
#2038=CARTESIAN_POINT('Ctrl Pts',(-19.7412962824102,5.17646747320661,8.39106661687408));
#2039=CARTESIAN_POINT('Ctrl Pts',(-19.7920444924357,5.58424409367338,8.39539428140153));
#2040=CARTESIAN_POINT('Ctrl Pts',(-20.039842930122,6.32923074235238,8.42409641851914));
#2041=CARTESIAN_POINT('Ctrl Pts',(-20.2285980994041,6.66859616823116,8.44709199656697));
#2042=CARTESIAN_POINT('Ctrl Pts',(-20.7091056774612,7.24685640466578,8.50478359545546));
#2043=CARTESIAN_POINT('Ctrl Pts',(-20.9975377907843,7.48760393056191,8.53907887958967));
#2044=CARTESIAN_POINT('Ctrl Pts',(-22.0256085445869,8.07365627283906,8.65973738032774));
#2045=CARTESIAN_POINT('Ctrl Pts',(-22.8919214932946,8.17587566786044,8.75863806105396));
#2046=CARTESIAN_POINT('Ctrl Pts',(-24.5414654736926,7.71055036387923,8.95585965576395));
#2047=CARTESIAN_POINT('Ctrl Pts',(-26.0326696665152,6.39759184635275,9.14855062951506));
#2048=CARTESIAN_POINT('Ctrl Pts',(-25.977904294475,4.39986664893376,9.22016542276486));
#2049=CARTESIAN_POINT('Ctrl Pts',(-25.3667899531767,3.23665572423466,9.20721821704596));
#2050=CARTESIAN_POINT('Ctrl Pts',(-25.1080106219019,2.91407448478733,9.19435007562556));
#2051=CARTESIAN_POINT('Ctrl Pts',(-24.4545866969532,2.37089182370925,9.14660569569852));
#2052=CARTESIAN_POINT('Ctrl Pts',(-24.0514251195601,2.16277236440355,9.10956020087777));
#2053=CARTESIAN_POINT('Ctrl Pts',(-23.3028160220892,1.9628330363607,9.02413257707362));
#2054=CARTESIAN_POINT('Ctrl Pts',(-22.9685810052673,1.92980384671911,8.98092713035706));
#2055=CARTESIAN_POINT('Ctrl Pts',(-22.0416712253843,1.98743499619468,8.84806933182655));
#2056=CARTESIAN_POINT('Ctrl Pts',(-21.4596334879347,2.2024471264986,8.74794223420453));
#2057=CARTESIAN_POINT('Ctrl Pts',(-20.8610439074737,2.65215055998141,8.63229376086049));
#2058=CARTESIAN_POINT('Ctrl Pts',(-20.7456718984702,2.75293516211114,8.60934271698262));
#2059=CARTESIAN_POINT('Ctrl Pts',(-20.638413551468,2.8618685950242,8.58750778037026));
#2060=CARTESIAN_POINT('Ctrl Pts',(-20.6675702660862,2.89140580818441,8.59239755724871));
#2061=CARTESIAN_POINT('Ctrl Pts',(-20.1758455077142,3.39247817026306,8.49283666757907));
#2062=CARTESIAN_POINT('Ctrl Pts',(-19.8642725290517,4.07114828354521,8.42360304135866));
#2063=CARTESIAN_POINT('Ctrl Pts',(-19.7843661370698,5.17404081211749,8.3991718122315));
#2064=CARTESIAN_POINT('Ctrl Pts',(-19.8342683717946,5.57602930934246,8.40313169737517));
#2065=CARTESIAN_POINT('Ctrl Pts',(-20.0781683748287,6.3106141026219,8.43084747670913));
#2066=CARTESIAN_POINT('Ctrl Pts',(-20.2640736401932,6.64541564270573,8.45329895649556));
#2067=CARTESIAN_POINT('Ctrl Pts',(-20.7375480468521,7.21611245073113,8.50983878744377));
#2068=CARTESIAN_POINT('Ctrl Pts',(-21.0218992296135,7.45390285123505,8.54355139655121));
#2069=CARTESIAN_POINT('Ctrl Pts',(-22.0357494458162,8.03302108991404,8.66234235036092));
#2070=CARTESIAN_POINT('Ctrl Pts',(-22.8908524944678,8.13491718213595,8.76001013982574));
#2071=CARTESIAN_POINT('Ctrl Pts',(-24.5199929786863,7.67681476143733,8.95496936790669));
#2072=CARTESIAN_POINT('Ctrl Pts',(-25.9941477381623,6.38107953187364,9.14573604924289));
#2073=CARTESIAN_POINT('Ctrl Pts',(-25.9407335083665,4.40699833924795,9.21657295798568));
#2074=CARTESIAN_POINT('Ctrl Pts',(-25.3369891639564,3.25761446051907,9.20357540466265));
#2075=CARTESIAN_POINT('Ctrl Pts',(-25.081223347716,2.93892060205746,9.19077713259368));
#2076=CARTESIAN_POINT('Ctrl Pts',(-24.4354670782054,2.40243067666066,9.14341001958815));
#2077=CARTESIAN_POINT('Ctrl Pts',(-24.0369903230414,2.19703596980117,9.10671028672391));
#2078=CARTESIAN_POINT('Ctrl Pts',(-23.2972508415673,2.00017331042484,9.02227037160953));
#2079=CARTESIAN_POINT('Ctrl Pts',(-22.9670269277116,1.96791858549797,8.97959654562518));
#2080=CARTESIAN_POINT('Ctrl Pts',(-22.0515377690169,2.02600123883031,8.84848919860285));
#2081=CARTESIAN_POINT('Ctrl Pts',(-21.4770667577375,2.23932625246917,8.7498541483783));
#2082=CARTESIAN_POINT('Ctrl Pts',(-20.8869491476961,2.68412684621838,8.63632178037736));
#2083=CARTESIAN_POINT('Ctrl Pts',(-20.7732419267097,2.78376589697232,8.61380142837326));
#2084=CARTESIAN_POINT('Ctrl Pts',(-20.6675702660862,2.89140580818441,8.59239755724871));
#2085=CARTESIAN_POINT('Ctrl Pts',(-20.7323726979287,2.94955722156359,8.56568961471058));
#2086=CARTESIAN_POINT('Ctrl Pts',(-20.2561156304859,3.43884772661454,8.46809345752745));
#2087=CARTESIAN_POINT('Ctrl Pts',(-19.955989479986,4.09851630295531,8.40060360100212));
#2088=CARTESIAN_POINT('Ctrl Pts',(-19.8775283689111,5.1687789058217,8.37561990903055));
#2089=CARTESIAN_POINT('Ctrl Pts',(-19.925331231067,5.55903433117113,8.37913891065673));
#2090=CARTESIAN_POINT('Ctrl Pts',(-20.1608192367401,6.27272586190325,8.40583215190052));
#2091=CARTESIAN_POINT('Ctrl Pts',(-20.3406870936535,6.59829838088901,8.42771106562039));
#2092=CARTESIAN_POINT('Ctrl Pts',(-20.7995782211942,7.15384428764287,8.48309581180622));
#2093=CARTESIAN_POINT('Ctrl Pts',(-21.075489439829,7.38559901275588,8.51622704281738));
#2094=CARTESIAN_POINT('Ctrl Pts',(-22.0602560962359,7.95093394046205,8.63320586619179));
#2095=CARTESIAN_POINT('Ctrl Pts',(-22.8924770655418,8.05193676322284,8.72971306846341));
#2096=CARTESIAN_POINT('Ctrl Pts',(-24.480318327045,7.60838227871374,8.9226135104189));
#2097=CARTESIAN_POINT('Ctrl Pts',(-25.9197844682395,6.34699403025777,9.11168420638106));
#2098=CARTESIAN_POINT('Ctrl Pts',(-25.8691145865432,4.420144753307,9.18186824159887));
#2099=CARTESIAN_POINT('Ctrl Pts',(-25.280070662925,3.298454197238,9.16885250777707));
#2100=CARTESIAN_POINT('Ctrl Pts',(-25.0305078471721,2.98747796697348,9.15611759756946));
#2101=CARTESIAN_POINT('Ctrl Pts',(-24.4002962598316,2.46439663217178,9.10909924299422));
#2102=CARTESIAN_POINT('Ctrl Pts',(-24.0114338393666,2.2644325847596,9.07270829048722));
#2103=CARTESIAN_POINT('Ctrl Pts',(-23.2899181381647,2.0737773479466,8.98916839147414));
#2104=CARTESIAN_POINT('Ctrl Pts',(-22.9679742480429,2.04306842942048,8.94697715525937));
#2105=CARTESIAN_POINT('Ctrl Pts',(-22.0760764835794,2.10204656462836,8.8174891627912));
#2106=CARTESIAN_POINT('Ctrl Pts',(-21.5173408790449,2.31196369808497,8.72025769062987));
#2107=CARTESIAN_POINT('Ctrl Pts',(-20.944936124982,2.74708625135863,8.60876667812759));
#2108=CARTESIAN_POINT('Ctrl Pts',(-20.8347201026076,2.84446199629847,8.58667145551685));
#2109=CARTESIAN_POINT('Ctrl Pts',(-20.7323726979287,2.94955722156359,8.56568961471058));
#2110=CARTESIAN_POINT('Ctrl Pts',(-20.768052984356,2.96819788673826,8.48393174753841));
#2111=CARTESIAN_POINT('Ctrl Pts',(-20.2965507810132,3.45181466835779,8.3839094122074));
#2112=CARTESIAN_POINT('Ctrl Pts',(-19.9983517006261,4.10610294819074,8.31430559075455));
#2113=CARTESIAN_POINT('Ctrl Pts',(-19.9195169004509,5.16640872488337,8.28969910216079));
#2114=CARTESIAN_POINT('Ctrl Pts',(-19.9665643158844,5.55282683530666,8.29362784920082));
#2115=CARTESIAN_POINT('Ctrl Pts',(-20.1994120988847,6.25924967986509,8.321411570782));
#2116=CARTESIAN_POINT('Ctrl Pts',(-20.3774165112554,6.58131406429129,8.3439288481416));
#2117=CARTESIAN_POINT('Ctrl Pts',(-20.8315209945262,7.13055911169741,8.40066030856035));
#2118=CARTESIAN_POINT('Ctrl Pts',(-21.1045150370086,7.35945481374727,8.43448695303769));
#2119=CARTESIAN_POINT('Ctrl Pts',(-22.0785558710112,7.91735196988075,8.55368605272673));
#2120=CARTESIAN_POINT('Ctrl Pts',(-22.901106230032,8.01584156437518,8.65167886236481));
#2121=CARTESIAN_POINT('Ctrl Pts',(-24.4693388047146,7.57538383405964,8.84728033518141));
#2122=CARTESIAN_POINT('Ctrl Pts',(-25.8894503549441,6.32746819397368,9.03863215233902));
#2123=CARTESIAN_POINT('Ctrl Pts',(-25.8385273491827,4.42453677574866,9.10975515528257));
#2124=CARTESIAN_POINT('Ctrl Pts',(-25.2570793263975,3.3166618675711,9.09683947438949));
#2125=CARTESIAN_POINT('Ctrl Pts',(-25.0108721869536,3.0094874399843,9.08404499401889));
#2126=CARTESIAN_POINT('Ctrl Pts',(-24.3891956337511,2.49265946177099,9.0366335271529));
#2127=CARTESIAN_POINT('Ctrl Pts',(-24.0057097886616,2.29495227076637,8.99987475787106));
#2128=CARTESIAN_POINT('Ctrl Pts',(-23.2941319279151,2.10604263818794,8.91524784670652));
#2129=CARTESIAN_POINT('Ctrl Pts',(-22.9765678528806,2.07532184045515,8.87246818487047));
#2130=CARTESIAN_POINT('Ctrl Pts',(-22.0964188145231,2.13233191771171,8.74099816233196));
#2131=CARTESIAN_POINT('Ctrl Pts',(-21.5445945280389,2.33863577806022,8.64204243380876));
#2132=CARTESIAN_POINT('Ctrl Pts',(-20.9784379731101,2.76813758846523,8.52804539012669));
#2133=CARTESIAN_POINT('Ctrl Pts',(-20.8693755314564,2.86431724172168,8.50543114202505));
#2134=CARTESIAN_POINT('Ctrl Pts',(-20.768052984356,2.96819788673826,8.48393174753841));
#2135=CARTESIAN_POINT('Ctrl Pts',(-20.7726778014393,2.96446484745014,8.4425127094665));
#2136=CARTESIAN_POINT('Ctrl Pts',(-20.2997259415962,3.44738608720484,8.34120267972793));
#2137=CARTESIAN_POINT('Ctrl Pts',(-19.9994098012032,4.1034902107337,8.27050241115963));
#2138=CARTESIAN_POINT('Ctrl Pts',(-19.9201323333379,5.16639277544421,8.2461263467678));
#2139=CARTESIAN_POINT('Ctrl Pts',(-19.9673169624363,5.55353958374782,8.25025537680741));
#2140=CARTESIAN_POINT('Ctrl Pts',(-20.2009460612892,6.26101696521506,8.27861782459117));
#2141=CARTESIAN_POINT('Ctrl Pts',(-20.3794672121328,6.58333526812384,8.30146287843133));
#2142=CARTESIAN_POINT('Ctrl Pts',(-20.8346381125911,7.13261532868945,8.35889919479927));
#2143=CARTESIAN_POINT('Ctrl Pts',(-21.1081061752521,7.36130669413371,8.39308532340495));
#2144=CARTESIAN_POINT('Ctrl Pts',(-22.0833834270718,7.91799875845891,8.51344226890598));
#2145=CARTESIAN_POINT('Ctrl Pts',(-22.9059442895051,8.01504208553023,8.61220241572517));
#2146=CARTESIAN_POINT('Ctrl Pts',(-24.4726739475085,7.57235219621505,8.80920720858342));
#2147=CARTESIAN_POINT('Ctrl Pts',(-25.8893774488716,6.32380085934875,9.00173934666013));
#2148=CARTESIAN_POINT('Ctrl Pts',(-25.8373743560748,4.42397166632259,9.07334563537923));
#2149=CARTESIAN_POINT('Ctrl Pts',(-25.2570540305562,3.31777039979325,9.0604840706253));
#2150=CARTESIAN_POINT('Ctrl Pts',(-25.011352368432,3.01103380615959,9.04765652176383));
#2151=CARTESIAN_POINT('Ctrl Pts',(-24.3911502601474,2.49468864913926,9.00004232992184));
#2152=CARTESIAN_POINT('Ctrl Pts',(-24.0085964298787,2.2969715745608,8.963091365337));
#2153=CARTESIAN_POINT('Ctrl Pts',(-23.2986041762028,2.10742612882776,8.87790169558355));
#2154=CARTESIAN_POINT('Ctrl Pts',(-22.9816300176294,2.07622058261768,8.8348154026911));
#2155=CARTESIAN_POINT('Ctrl Pts',(-22.1026420617867,2.1315403952612,8.70231875478774));
#2156=CARTESIAN_POINT('Ctrl Pts',(-21.5508636659428,2.33629875569413,8.60247019789935));
#2157=CARTESIAN_POINT('Ctrl Pts',(-20.9836265037945,2.7646848246353,8.48716467084858));
#2158=CARTESIAN_POINT('Ctrl Pts',(-20.8743067113781,2.86069352685165,8.46428240620008));
#2159=CARTESIAN_POINT('Ctrl Pts',(-20.7726778014393,2.96446484745014,8.4425127094665));
#2160=CARTESIAN_POINT('',(-20.7726605074128,2.96447869693198,8.4426670411682));
#2161=CARTESIAN_POINT('Origin',(-20.6657844215063,2.85926154497818,8.44004918020261));
#2162=CARTESIAN_POINT('',(-19.9405103142916,5.00432469466339,8.25141372030162));
#2163=CARTESIAN_POINT('Ctrl Pts',(-20.7726605074128,2.96447869693198,8.4426670411682));
#2164=CARTESIAN_POINT('Ctrl Pts',(-20.2997140315101,3.44740253830663,8.34136180924581));
#2165=CARTESIAN_POINT('Ctrl Pts',(-19.9994057653701,4.10349991656474,8.27066562603739));
#2166=CARTESIAN_POINT('Ctrl Pts',(-19.9431501853459,4.85774828929262,8.2533673131583));
#2167=CARTESIAN_POINT('Ctrl Pts',(-19.9404722732025,4.93104046925233,8.25216328151839));
#2168=CARTESIAN_POINT('Ctrl Pts',(-19.9405477462755,5.00432466889336,8.25141437390697));
#2169=CARTESIAN_POINT('Ctrl Pts',(-19.9405103142916,5.00432469466339,8.25141372030162));
#2170=CARTESIAN_POINT('Ctrl Pts',(-19.9405372596321,5.10301938760675,8.25040384654164));
#2171=CARTESIAN_POINT('Ctrl Pts',(-19.9455856491477,5.20170146755455,8.25022056188277));
#2172=CARTESIAN_POINT('Ctrl Pts',(-19.955626748318,5.29986146907971,8.2508212177118));
#2173=CARTESIAN_POINT('Ctrl Pts',(-19.9656671012899,5.39801417590172,8.25142182890343));
#2174=CARTESIAN_POINT('Ctrl Pts',(-19.9806993817221,5.49564452617679,8.25280626407113));
#2175=CARTESIAN_POINT('Ctrl Pts',(-20.0006430654642,5.59224889273775,8.25493188410918));
#2176=CARTESIAN_POINT('Ctrl Pts',(-20.020587882165,5.6888587471892,8.25705762489923));
#2177=CARTESIAN_POINT('Ctrl Pts',(-20.045444584356,5.78444215139241,8.25992463477231));
#2178=CARTESIAN_POINT('Ctrl Pts',(-20.0750816992726,5.87850641450384,8.2634902673556));
#2179=CARTESIAN_POINT('Ctrl Pts',(-20.0790986685294,5.89125574095313,8.26397354774603));
#2180=CARTESIAN_POINT('Ctrl Pts',(-20.0832033817819,5.90397718095691,8.26446966230881));
#2181=CARTESIAN_POINT('Ctrl Pts',(-20.0873954410405,5.91666952878245,8.2649785048573));
#2182=CARTESIAN_POINT('Ctrl Pts',(-20.118380044758,6.01048198308147,8.26873949289367));
#2183=CARTESIAN_POINT('Ctrl Pts',(-20.154135279674,6.10268677263646,8.273172007036));
#2184=CARTESIAN_POINT('Ctrl Pts',(-20.1944681701343,6.1928100640506,8.27822023863973));
#2185=CARTESIAN_POINT('Ctrl Pts',(-20.2348084540946,6.28294987613899,8.28326939564453));
#2186=CARTESIAN_POINT('Ctrl Pts',(-20.2797279131963,6.37100710793988,8.28893449586812));
#2187=CARTESIAN_POINT('Ctrl Pts',(-20.3289865325802,6.45653043538757,8.29515969996916));
#2188=CARTESIAN_POINT('Ctrl Pts',(-20.3782714160382,6.54209936279412,8.30138822327046));
#2189=CARTESIAN_POINT('Ctrl Pts',(-20.4318998998165,6.62513138031671,8.30817744788907));
#2190=CARTESIAN_POINT('Ctrl Pts',(-20.4895872090122,6.70520190390751,8.31547144511749));
#2191=CARTESIAN_POINT('Ctrl Pts',(-20.5281430198267,6.75871772918048,8.32034645109614));
#2192=CARTESIAN_POINT('Ctrl Pts',(-20.5685110072764,6.81091121937862,8.32544694064279));
#2193=CARTESIAN_POINT('Ctrl Pts',(-20.6105957853312,6.8616634330371,8.33075621579581));
#2194=CARTESIAN_POINT('Ctrl Pts',(-20.6765001166962,6.94114087977813,8.33907048630325));
#2195=CARTESIAN_POINT('Ctrl Pts',(-20.7465968737742,7.01705896947923,8.34789137056541));
#2196=CARTESIAN_POINT('Ctrl Pts',(-20.8204941234224,7.08901710785343,8.3571577979374));
#2197=CARTESIAN_POINT('Ctrl Pts',(-20.8944355950598,7.16101830780356,8.36642977057466));
#2198=CARTESIAN_POINT('Ctrl Pts',(-20.9721819046796,7.22905464636508,8.3761478197299));
#2199=CARTESIAN_POINT('Ctrl Pts',(-21.0533058563067,7.29276393970108,8.38625076505394));
#2200=CARTESIAN_POINT('Ctrl Pts',(-21.1344469469103,7.35648669283614,8.3963558448172));
#2201=CARTESIAN_POINT('Ctrl Pts',(-21.2189668943538,7.41588041433724,8.40684598339969));
#2202=CARTESIAN_POINT('Ctrl Pts',(-21.3064068006027,7.4706242748658,8.4176599616675));
#2203=CARTESIAN_POINT('Ctrl Pts',(-21.3416380122918,7.49268162398362,8.42201712047403));
#2204=CARTESIAN_POINT('Ctrl Pts',(-21.3773429229319,7.51398458114935,8.42642685265607));
#2205=CARTESIAN_POINT('Ctrl Pts',(-21.4134901949941,7.5345141552956,8.43088515378209));
#2206=CARTESIAN_POINT('Ctrl Pts',(-21.5014906122522,7.58449333734544,8.44173887349508));
#2207=CARTESIAN_POINT('Ctrl Pts',(-21.5920457597676,7.62984648387326,8.4528674797493));
#2208=CARTESIAN_POINT('Ctrl Pts',(-21.6846672393165,7.67034889552033,8.46422254618259));
#2209=CARTESIAN_POINT('Ctrl Pts',(-21.777370425457,7.71088703661189,8.4755876295556));
#2210=CARTESIAN_POINT('Ctrl Pts',(-21.8721432963761,7.74656578258136,8.48717957283031));
#2211=CARTESIAN_POINT('Ctrl Pts',(-21.9684782393829,7.77720895818579,8.49894982137266));
#2212=CARTESIAN_POINT('Ctrl Pts',(-22.0648761067098,7.80787214938303,8.51072775803798));
#2213=CARTESIAN_POINT('Ctrl Pts',(-22.1628377865282,7.83349311604527,8.52268423297885));
#2214=CARTESIAN_POINT('Ctrl Pts',(-22.2618412063329,7.85394578775711,8.53477059635389));
#2215=CARTESIAN_POINT('Ctrl Pts',(-22.3608865196487,7.8744071140612,8.54686207409973));
#2216=CARTESIAN_POINT('Ctrl Pts',(-22.4609741492934,7.88969572166021,8.55908355022815));
#2217=CARTESIAN_POINT('Ctrl Pts',(-22.5615724407736,7.89973677391375,8.57138631311278));
#2218=CARTESIAN_POINT('Ctrl Pts',(-22.6622022529782,7.90978097235631,8.5836929308541));
#2219=CARTESIAN_POINT('Ctrl Pts',(-22.7633427388051,7.91457430161826,8.5960808862992));
#2220=CARTESIAN_POINT('Ctrl Pts',(-22.8644574276544,7.91409382192844,8.60850142201854));
#2221=CARTESIAN_POINT('Ctrl Pts',(-22.9655546263988,7.91361342534861,8.62091980932133));
#2222=CARTESIAN_POINT('Ctrl Pts',(-23.0666257278801,7.90786104669158,8.63337076562831));
#2223=CARTESIAN_POINT('Ctrl Pts',(-23.1671348585683,7.89686586003031,8.64580555880674));
#2224=CARTESIAN_POINT('Ctrl Pts',(-23.2675973723796,7.8858757730178,8.65823458463627));
#2225=CARTESIAN_POINT('Ctrl Pts',(-23.3674981286763,7.86964776851637,8.67064746232692));
#2226=CARTESIAN_POINT('Ctrl Pts',(-23.4663069449227,7.84826280252897,8.68299552752146));
#2227=CARTESIAN_POINT('Ctrl Pts',(-23.5268776584596,7.83515362160742,8.69056500510498));
#2228=CARTESIAN_POINT('Ctrl Pts',(-23.5870381583399,7.82010756899359,8.69811012743051));
#2229=CARTESIAN_POINT('Ctrl Pts',(-23.6466679896846,7.80315283517238,8.70561968433388));
#2230=CARTESIAN_POINT('Ctrl Pts',(-23.7395669072518,7.77673859947676,8.71731902494915));
#2231=CARTESIAN_POINT('Ctrl Pts',(-23.8312023934893,7.7456815402883,8.72892194703663));
#2232=CARTESIAN_POINT('Ctrl Pts',(-23.9211057965788,7.71012556827498,8.74039610638925));
#2233=CARTESIAN_POINT('Ctrl Pts',(-24.0109401568581,7.67459690206039,8.75186145397079));
#2234=CARTESIAN_POINT('Ctrl Pts',(-24.0990447238968,7.63457635248234,8.7631982365125));
#2235=CARTESIAN_POINT('Ctrl Pts',(-24.1849687090904,7.5902567534966,8.7743741842679));
#2236=CARTESIAN_POINT('Ctrl Pts',(-24.2708497163519,7.54595932253191,8.78554454197621));
#2237=CARTESIAN_POINT('Ctrl Pts',(-24.3545519691529,7.49736730454555,8.79655422575243));
#2238=CARTESIAN_POINT('Ctrl Pts',(-24.4356475528855,7.44472033451417,8.80737101424847));
#2239=CARTESIAN_POINT('Ctrl Pts',(-24.5167145177204,7.3920919437714,8.81818398546432));
#2240=CARTESIAN_POINT('Ctrl Pts',(-24.5951763204648,7.33541166490192,8.82880419752271));
#2241=CARTESIAN_POINT('Ctrl Pts',(-24.6706328349764,7.27496320930073,8.83919946317657));
#2242=CARTESIAN_POINT('Ctrl Pts',(-24.7460738248824,7.21452719051083,8.84959259008335));
#2243=CARTESIAN_POINT('Ctrl Pts',(-24.8185104559533,7.1503247847066,8.8597608631381));
#2244=CARTESIAN_POINT('Ctrl Pts',(-24.8875749791906,7.08268053429072,8.86967211495649));
#2245=CARTESIAN_POINT('Ctrl Pts',(-24.956655248788,7.01502086132972,8.8795856264899));
#2246=CARTESIAN_POINT('Ctrl Pts',(-25.0223615930978,6.94391804570792,8.88924199957453));
#2247=CARTESIAN_POINT('Ctrl Pts',(-25.0843625684112,6.86973404964096,8.89860904481903));
#2248=CARTESIAN_POINT('Ctrl Pts',(-25.1463649191434,6.79554840788913,8.90797629786042));
#2249=CARTESIAN_POINT('Ctrl Pts',(-25.204661492234,6.71828175291789,8.91705421022476));
#2250=CARTESIAN_POINT('Ctrl Pts',(-25.2589613076974,6.63832894339378,8.92581059037838));
#2251=CARTESIAN_POINT('Ctrl Pts',(-25.3132938192377,6.5583279911055,8.9345722430965));
#2252=CARTESIAN_POINT('Ctrl Pts',(-25.3636245473928,6.47563797678009,8.94301197627269));
#2253=CARTESIAN_POINT('Ctrl Pts',(-25.409705946372,6.39068264016082,8.95109754018687));
#2254=CARTESIAN_POINT('Ctrl Pts',(-25.4503769408735,6.31570188642829,8.95823378024858));
#2255=CARTESIAN_POINT('Ctrl Pts',(-25.4877384151717,6.23895708673157,8.96509413464221));
#2256=CARTESIAN_POINT('Ctrl Pts',(-25.5216503938429,6.16075459605256,8.97165643144487));
#2257=CARTESIAN_POINT('Ctrl Pts',(-25.5597314093779,6.07293812591093,8.97902547731831));
#2258=CARTESIAN_POINT('Ctrl Pts',(-25.5935183740778,5.98315203606455,8.98601917922156));
#2259=CARTESIAN_POINT('Ctrl Pts',(-25.6228168474034,5.89183763163685,8.99261708943996));
#2260=CARTESIAN_POINT('Ctrl Pts',(-25.6520704829863,5.80066297277655,8.99920490236086));
#2261=CARTESIAN_POINT('Ctrl Pts',(-25.6768491935403,5.70796503962855,9.00539813409181));
#2262=CARTESIAN_POINT('Ctrl Pts',(-25.6970072087532,5.61420350116029,9.01117643065276));
#2263=CARTESIAN_POINT('Ctrl Pts',(-25.7171463429833,5.52052978433413,9.01694931497859));
#2264=CARTESIAN_POINT('Ctrl Pts',(-25.732673313698,5.42579483524544,9.02230804106752));
#2265=CARTESIAN_POINT('Ctrl Pts',(-25.7434926021285,5.33047179476132,9.02723231207957));
#2266=CARTESIAN_POINT('Ctrl Pts',(-25.7543037193294,5.23522074666912,9.03215286405321));
#2267=CARTESIAN_POINT('Ctrl Pts',(-25.7604141885795,5.13938288835769,9.03663961694349));
#2268=CARTESIAN_POINT('Ctrl Pts',(-25.7617799545904,5.04343922644297,9.04067231986304));
#2269=CARTESIAN_POINT('Ctrl Pts',(-25.7631449363984,4.94755065397339,9.04470270726364));
#2270=CARTESIAN_POINT('Ctrl Pts',(-25.7597706353933,4.85155679864127,9.0482795659615));
#2271=CARTESIAN_POINT('Ctrl Pts',(-25.7516650366704,4.75594082446398,9.05138267993249));
#2272=CARTESIAN_POINT('Ctrl Pts',(-25.7435614591046,4.66034869243664,9.05448502013206));
#2273=CARTESIAN_POINT('Ctrl Pts',(-25.7307289627296,4.56513465307716,9.05711385183485));
#2274=CARTESIAN_POINT('Ctrl Pts',(-25.7132275370659,4.47077849659827,9.05924897413575));
#2275=CARTESIAN_POINT('Ctrl Pts',(-25.6957301596715,4.37644416572076,9.06138360255973));
#2276=CARTESIAN_POINT('Ctrl Pts',(-25.6735660811103,4.28296771550474,9.06302474995609));
#2277=CARTESIAN_POINT('Ctrl Pts',(-25.646846581086,4.19081962833027,9.06415222943454));
#2278=CARTESIAN_POINT('Ctrl Pts',(-25.6201190580254,4.0986438719458,9.06528004746008));
#2279=CARTESIAN_POINT('Ctrl Pts',(-25.5888334893875,4.00779766144833,9.06589388904435));
#2280=CARTESIAN_POINT('Ctrl Pts',(-25.5531512759438,3.91873706667412,9.06597354910712));
#2281=CARTESIAN_POINT('Ctrl Pts',(-25.5179052767298,3.83076523560037,9.06605223532748));
#2282=CARTESIAN_POINT('Ctrl Pts',(-25.4783697219853,3.74453594036526,9.06560972090625));
#2283=CARTESIAN_POINT('Ctrl Pts',(-25.4347461155899,3.66046912812672,9.06462653276107));
#2284=CARTESIAN_POINT('Ctrl Pts',(-25.3892441951834,3.57278262727582,9.06360101120467));
#2285=CARTESIAN_POINT('Ctrl Pts',(-25.3392836056445,3.48742688706703,9.0619979691309));
#2286=CARTESIAN_POINT('Ctrl Pts',(-25.2851265207979,3.40484158054103,9.05979855236575));
#2287=CARTESIAN_POINT('Ctrl Pts',(-25.230967855966,3.32225386466132,9.05759907143455));
#2288=CARTESIAN_POINT('Ctrl Pts',(-25.1726126515984,3.24243703623705,9.05480318101406));
#2289=CARTESIAN_POINT('Ctrl Pts',(-25.1103662853054,3.16580156880058,9.05139202528003));
#2290=CARTESIAN_POINT('Ctrl Pts',(-25.0480997643916,3.08914128772621,9.04797976505503));
#2291=CARTESIAN_POINT('Ctrl Pts',(-24.9819397887417,3.01566470011529,9.04395184102105));
#2292=CARTESIAN_POINT('Ctrl Pts',(-24.9122320307044,2.94574918500147,9.03928937903209));
#2293=CARTESIAN_POINT('Ctrl Pts',(-24.8491861710508,2.88251542340045,9.03507250371617));
#2294=CARTESIAN_POINT('Ctrl Pts',(-24.7832388739974,2.82219431460762,9.03033657921191));
#2295=CARTESIAN_POINT('Ctrl Pts',(-24.7146715694114,2.76503879927478,9.025067642039));
#2296=CARTESIAN_POINT('Ctrl Pts',(-24.6394128604675,2.70230554296637,9.01928451535006));
#2297=CARTESIAN_POINT('Ctrl Pts',(-24.5610159669986,2.64340234184239,9.01284919270822));
#2298=CARTESIAN_POINT('Ctrl Pts',(-24.4798909820965,2.58862144565178,9.00576634267566));
#2299=CARTESIAN_POINT('Ctrl Pts',(-24.3986722024619,2.53377721312265,8.99867530362432));
#2300=CARTESIAN_POINT('Ctrl Pts',(-24.3147193351603,2.48306501259297,8.99093523900586));
#2301=CARTESIAN_POINT('Ctrl Pts',(-24.2284708949401,2.43673338396718,8.98255083359423));
#2302=CARTESIAN_POINT('Ctrl Pts',(-24.1421739648578,2.39037570716852,8.97416171437373));
#2303=CARTESIAN_POINT('Ctrl Pts',(-24.0535792163798,2.34840367861039,8.96512752964482));
#2304=CARTESIAN_POINT('Ctrl Pts',(-23.9631480128988,2.31101897053721,8.95545297208738));
#2305=CARTESIAN_POINT('Ctrl Pts',(-23.8726223282701,2.27359520348887,8.94576830669914));
#2306=CARTESIAN_POINT('Ctrl Pts',(-23.7802566985747,2.24076846348537,8.93544192967975));
#2307=CARTESIAN_POINT('Ctrl Pts',(-23.6865309331377,2.21269168309336,8.92447854843296));
#2308=CARTESIAN_POINT('Ctrl Pts',(-23.6588162826166,2.20438939660153,8.92123668341998));
#2309=CARTESIAN_POINT('Ctrl Pts',(-23.630982798019,2.19650210364363,8.91793911995364));
#2310=CARTESIAN_POINT('Ctrl Pts',(-23.6030430993639,2.18903291228508,8.91458597974574));
#2311=CARTESIAN_POINT('Ctrl Pts',(-23.5058132662179,2.16304021141565,8.90291709000743));
#2312=CARTESIAN_POINT('Ctrl Pts',(-23.4073110325243,2.14211855031956,8.89058074794167));
#2313=CARTESIAN_POINT('Ctrl Pts',(-23.3080609775659,2.12635532012645,8.87765539953013));
#2314=CARTESIAN_POINT('Ctrl Pts',(-23.2086747636916,2.11057046471275,8.86471231912412));
#2315=CARTESIAN_POINT('Ctrl Pts',(-23.1085389950774,2.09995820955857,8.8511786151747));
#2316=CARTESIAN_POINT('Ctrl Pts',(-23.0081839090723,2.09455413574791,8.83713305696148));
#2317=CARTESIAN_POINT('Ctrl Pts',(-22.9076523701415,2.08914056003084,8.82306280264227));
#2318=CARTESIAN_POINT('Ctrl Pts',(-22.8069010600284,2.08895348032935,8.80847889250464));
#2319=CARTESIAN_POINT('Ctrl Pts',(-22.7064617287466,2.09397641956719,8.7934605120559));
#2320=CARTESIAN_POINT('Ctrl Pts',(-22.6937438763646,2.09461243534841,8.79155885119131));
#2321=CARTESIAN_POINT('Ctrl Pts',(-22.6810310205981,2.09533191603944,8.78965022438175));
#2322=CARTESIAN_POINT('Ctrl Pts',(-22.6683242355038,2.09613476888891,8.78773479238634));
#2323=CARTESIAN_POINT('Ctrl Pts',(-22.5659190037381,2.10260503902514,8.77229813740511));
#2324=CARTESIAN_POINT('Ctrl Pts',(-22.4639295995232,2.11449382671275,8.75638362950168));
#2325=CARTESIAN_POINT('Ctrl Pts',(-22.362903028846,2.13171656385504,8.7401256332943));
#2326=CARTESIAN_POINT('Ctrl Pts',(-22.2616997103586,2.14896943248705,8.7238391934289));
#2327=CARTESIAN_POINT('Ctrl Pts',(-22.1614628632799,2.17157484946398,8.70720806233022));
#2328=CARTESIAN_POINT('Ctrl Pts',(-22.0627296378722,2.19939707260296,8.69036731107098));
#2329=CARTESIAN_POINT('Ctrl Pts',(-21.963814905863,2.22727044283195,8.67349560055244));
#2330=CARTESIAN_POINT('Ctrl Pts',(-21.8664095890034,2.26037972461458,8.65641349845288));
#2331=CARTESIAN_POINT('Ctrl Pts',(-21.7710370849321,2.29853886146521,8.63925682214058));
#2332=CARTESIAN_POINT('Ctrl Pts',(-21.675615251017,2.33671773549564,8.62209127182239));
#2333=CARTESIAN_POINT('Ctrl Pts',(-21.5822285824627,2.37995157459675,8.60485107012696));
#2334=CARTESIAN_POINT('Ctrl Pts',(-21.491380749955,2.42800604309539,8.58767224527943));
#2335=CARTESIAN_POINT('Ctrl Pts',(-21.4005157772734,2.47606957798482,8.57049017931938));
#2336=CARTESIAN_POINT('Ctrl Pts',(-21.3121908395567,2.52895543268751,8.55336951336924));
#2337=CARTESIAN_POINT('Ctrl Pts',(-21.2268856770193,2.58638297759269,8.53644635266162));
#2338=CARTESIAN_POINT('Ctrl Pts',(-21.1835780778313,2.61553770894929,8.52785482737615));
#2339=CARTESIAN_POINT('Ctrl Pts',(-21.1410483793141,2.64586228016172,8.51931420659533));
#2340=CARTESIAN_POINT('Ctrl Pts',(-21.0993566662364,2.67731558734077,8.51084229938765));
#2341=CARTESIAN_POINT('Ctrl Pts',(-21.0155552192896,2.74053756740079,8.49381354163239));
#2342=CARTESIAN_POINT('Ctrl Pts',(-20.935148263231,2.8083158753889,8.47712304907119));
#2343=CARTESIAN_POINT('Ctrl Pts',(-20.8585897521352,2.88028756974906,8.46094759153528));
#2344=CARTESIAN_POINT('Ctrl Pts',(-20.8293787407815,2.90774847450021,8.45477582216611));
#2345=CARTESIAN_POINT('Ctrl Pts',(-20.8007276664392,2.93581942797849,8.44867903237533));
#2346=CARTESIAN_POINT('Ctrl Pts',(-20.7726605074128,2.96447869693198,8.4426670411682));
#2347=CARTESIAN_POINT('Origin',(-22.8443897919434,5.00405053462291,6.59472828129684));
#2348=CARTESIAN_POINT('',(-19.9958643435627,5.00405053462291,5.08018276581232));
#2349=CARTESIAN_POINT('',(-19.9694278532531,5.00405053462291,6.59472828129684));
#2350=CARTESIAN_POINT('Origin',(-22.8443897919434,5.00405053462291,5.08018276581232));
#2351=CARTESIAN_POINT('Ctrl Pts',(-47.8462821302271,23.0652857332401,8.74809261865455));
#2352=CARTESIAN_POINT('Ctrl Pts',(-47.1493944347995,22.9539141915869,8.77385227421979));
#2353=CARTESIAN_POINT('Ctrl Pts',(-45.6777790890032,23.2368026228366,8.79523203811201));
#2354=CARTESIAN_POINT('Ctrl Pts',(-44.7210277192233,24.3895927010595,8.74232792387828));
#2355=CARTESIAN_POINT('Ctrl Pts',(-44.2666560204073,25.6548034207073,8.66743349799743));
#2356=CARTESIAN_POINT('Ctrl Pts',(-44.2460933857264,26.3239106041185,8.6218054756183));
#2357=CARTESIAN_POINT('Ctrl Pts',(-44.5992137000951,27.5431537736272,8.52744884347868));
#2358=CARTESIAN_POINT('Ctrl Pts',(-44.9665947656243,28.0914692463851,8.47906253861626));
#2359=CARTESIAN_POINT('Ctrl Pts',(-45.8789566328862,28.8143324011408,8.40475227356996));
#2360=CARTESIAN_POINT('Ctrl Pts',(-46.8915400831856,29.2535974648989,8.34836301590274));
#2361=CARTESIAN_POINT('Ctrl Pts',(-48.5390451267521,29.0648368199257,8.32321656659974));
#2362=CARTESIAN_POINT('Ctrl Pts',(-49.8706179169754,28.0767776365925,8.364039559088));
#2363=CARTESIAN_POINT('Ctrl Pts',(-50.309789147201,27.0642204918085,8.42395719224426));
#2364=CARTESIAN_POINT('Ctrl Pts',(-50.4885718329753,25.8712885725541,8.50006617066717));
#2365=CARTESIAN_POINT('Ctrl Pts',(-50.3600436169718,25.1746309242929,8.5485447598371));
#2366=CARTESIAN_POINT('Ctrl Pts',(-49.696750109814,23.9930096895024,8.64080088327986));
#2367=CARTESIAN_POINT('Ctrl Pts',(-49.1583008182951,23.5156920397676,8.68454833011141));
#2368=CARTESIAN_POINT('Ctrl Pts',(-48.3081898714079,23.1670286071528,8.72925181683018));
#2369=CARTESIAN_POINT('Ctrl Pts',(-48.0794819914057,23.1025540452266,8.73947265285341));
#2370=CARTESIAN_POINT('Ctrl Pts',(-47.8462821302271,23.0652857332401,8.74809261865455));
#2371=CARTESIAN_POINT('Ctrl Pts',(-47.8402819519036,23.1023598201752,8.74624268540124));
#2372=CARTESIAN_POINT('Ctrl Pts',(-47.1520002002999,22.9921635683204,8.77166216448162));
#2373=CARTESIAN_POINT('Ctrl Pts',(-45.6982216987534,23.271367611503,8.79274542018323));
#2374=CARTESIAN_POINT('Ctrl Pts',(-44.7534897144109,24.4104487393618,8.74047695309076));
#2375=CARTESIAN_POINT('Ctrl Pts',(-44.3053438271953,25.660187264097,8.66654934667421));
#2376=CARTESIAN_POINT('Ctrl Pts',(-44.2854821581365,26.3209750937374,8.62151237070742));
#2377=CARTESIAN_POINT('Ctrl Pts',(-44.63491081441,27.5245038157481,8.52844505560543));
#2378=CARTESIAN_POINT('Ctrl Pts',(-44.9979498275149,28.0654852759717,8.48074839020326));
#2379=CARTESIAN_POINT('Ctrl Pts',(-45.8987527673234,28.7783650079538,8.40752290670334));
#2380=CARTESIAN_POINT('Ctrl Pts',(-46.8980694143212,29.2112654331786,8.35198079542234));
#2381=CARTESIAN_POINT('Ctrl Pts',(-48.5231991064187,29.0248280147443,8.32721693435314));
#2382=CARTESIAN_POINT('Ctrl Pts',(-49.8370430384097,28.0504695546015,8.36733186701787));
#2383=CARTESIAN_POINT('Ctrl Pts',(-50.2709673934481,27.0515269196219,8.42634556988146));
#2384=CARTESIAN_POINT('Ctrl Pts',(-50.4480459592266,25.8742386613581,8.50140057688425));
#2385=CARTESIAN_POINT('Ctrl Pts',(-50.3216127484251,25.1864450199906,8.54924102599744));
#2386=CARTESIAN_POINT('Ctrl Pts',(-49.6673875050381,24.0194050597689,8.64032424812777));
#2387=CARTESIAN_POINT('Ctrl Pts',(-49.1359051073916,23.5477507888114,8.68352570436411));
#2388=CARTESIAN_POINT('Ctrl Pts',(-48.2964706623264,23.2030086746389,8.72764782206057));
#2389=CARTESIAN_POINT('Ctrl Pts',(-48.0705979075899,23.1392520453131,8.73773566549858));
#2390=CARTESIAN_POINT('Ctrl Pts',(-47.8402819519036,23.1023598201752,8.74624268540124));
#2391=CARTESIAN_POINT('Ctrl Pts',(-47.8274934202646,23.1745726634203,8.71285099127493));
#2392=CARTESIAN_POINT('Ctrl Pts',(-47.1564413306624,23.0666234398694,8.73798054623058));
#2393=CARTESIAN_POINT('Ctrl Pts',(-45.7383026539495,23.3385634050676,8.75881152426483));
#2394=CARTESIAN_POINT('Ctrl Pts',(-44.8176342586748,24.4500868514387,8.70708904192129));
#2395=CARTESIAN_POINT('Ctrl Pts',(-44.3820081219836,25.6688655740338,8.63400014981434));
#2396=CARTESIAN_POINT('Ctrl Pts',(-44.3635138395364,26.3128979555615,8.58948470121916));
#2397=CARTESIAN_POINT('Ctrl Pts',(-44.7055648154283,27.4848541423142,8.49757244314935));
#2398=CARTESIAN_POINT('Ctrl Pts',(-45.0598968043242,28.0110566121301,8.45050398251109));
#2399=CARTESIAN_POINT('Ctrl Pts',(-45.9375580756052,28.7038399485945,8.37827861809891));
#2400=CARTESIAN_POINT('Ctrl Pts',(-46.9102949760956,29.1239162406876,8.32352781596382));
#2401=CARTESIAN_POINT('Ctrl Pts',(-48.4906301198172,28.9420856288856,8.29912611801766));
#2402=CARTESIAN_POINT('Ctrl Pts',(-49.7690175406813,27.9952992223246,8.33856774352187));
#2403=CARTESIAN_POINT('Ctrl Pts',(-50.1924461532696,27.0237696660116,8.39673905134925));
#2404=CARTESIAN_POINT('Ctrl Pts',(-50.3661467000144,25.8779467430069,8.4708216712013));
#2405=CARTESIAN_POINT('Ctrl Pts',(-50.2439335725512,25.2079698816529,8.51808588488314));
#2406=CARTESIAN_POINT('Ctrl Pts',(-49.6078556057649,24.0702211086602,8.60812189017737));
#2407=CARTESIAN_POINT('Ctrl Pts',(-49.090362984384,23.6098809560573,8.65084673865065));
#2408=CARTESIAN_POINT('Ctrl Pts',(-48.2722313279097,23.273042532723,8.69446732519828));
#2409=CARTESIAN_POINT('Ctrl Pts',(-48.0520516256478,23.2106991947986,8.70444078023156));
#2410=CARTESIAN_POINT('Ctrl Pts',(-47.8274934202646,23.1745726634203,8.71285099127494));
#2411=CARTESIAN_POINT('Ctrl Pts',(-47.8199072556647,23.2048151643553,8.63854391879801));
#2412=CARTESIAN_POINT('Ctrl Pts',(-47.1569035129999,23.0983561650757,8.66408403419738));
#2413=CARTESIAN_POINT('Ctrl Pts',(-45.7562151623224,23.3671726488197,8.68527571424194));
#2414=CARTESIAN_POINT('Ctrl Pts',(-44.8464518099182,24.464644514947,8.63279489741095));
#2415=CARTESIAN_POINT('Ctrl Pts',(-44.4154275405046,25.6685260748979,8.5585467439619));
#2416=CARTESIAN_POINT('Ctrl Pts',(-44.3966626496145,26.3048294017946,8.51331999873031));
#2417=CARTESIAN_POINT('Ctrl Pts',(-44.7338434461289,27.4632981873073,8.41985591387228));
#2418=CARTESIAN_POINT('Ctrl Pts',(-45.0836858979637,27.9837759129375,8.37195134429125));
#2419=CARTESIAN_POINT('Ctrl Pts',(-45.9511365189318,28.6694062500091,8.29840458406396));
#2420=CARTESIAN_POINT('Ctrl Pts',(-46.9130706310682,29.0855089281904,8.24261699714635));
#2421=CARTESIAN_POINT('Ctrl Pts',(-48.4768033001326,28.9058677483385,8.21774456688482));
#2422=CARTESIAN_POINT('Ctrl Pts',(-49.7413236980102,27.9688630855277,8.25804456437626));
#2423=CARTESIAN_POINT('Ctrl Pts',(-50.1594172604667,27.0079198656969,8.31730765400924));
#2424=CARTESIAN_POINT('Ctrl Pts',(-50.3303895377388,25.8750025776404,8.39266657150463));
#2425=CARTESIAN_POINT('Ctrl Pts',(-50.209033221591,25.2128729741069,8.44069938433811));
#2426=CARTESIAN_POINT('Ctrl Pts',(-49.5795623308199,24.0889169634888,8.53215110489059));
#2427=CARTESIAN_POINT('Ctrl Pts',(-49.0678843206182,23.6343693170374,8.57553621036212));
#2428=CARTESIAN_POINT('Ctrl Pts',(-48.2593344827067,23.3019421554397,8.6198621956749));
#2429=CARTESIAN_POINT('Ctrl Pts',(-48.0417767230424,23.2404278145098,8.62999689784705));
#2430=CARTESIAN_POINT('Ctrl Pts',(-47.8199072556647,23.2048151643553,8.63854391879801));
#2431=CARTESIAN_POINT('Ctrl Pts',(-47.8184498647298,23.2052393031781,8.60096260023634));
#2432=CARTESIAN_POINT('Ctrl Pts',(-47.1560355366286,23.0992323162913,8.62671728570004));
#2433=CARTESIAN_POINT('Ctrl Pts',(-45.757224641979,23.3679356580887,8.64809608584314));
#2434=CARTESIAN_POINT('Ctrl Pts',(-44.848057770029,24.4636142731835,8.59522070158816));
#2435=CARTESIAN_POINT('Ctrl Pts',(-44.4165185667693,25.6660922767692,8.52036736509376));
#2436=CARTESIAN_POINT('Ctrl Pts',(-44.3971603535995,26.3019232835841,8.47477013973066));
#2437=CARTESIAN_POINT('Ctrl Pts',(-44.7330414704,27.4602603665277,8.38049559683095));
#2438=CARTESIAN_POINT('Ctrl Pts',(-45.0822982755695,27.9811174939557,8.33215427449024));
#2439=CARTESIAN_POINT('Ctrl Pts',(-45.9493945774512,28.6677009708256,8.25791670026953));
#2440=CARTESIAN_POINT('Ctrl Pts',(-46.9115894514158,29.0848321085754,8.20158650500565));
#2441=CARTESIAN_POINT('Ctrl Pts',(-48.4768724745047,28.9053872754582,8.17646771917594));
#2442=CARTESIAN_POINT('Ctrl Pts',(-49.7420982569586,27.9670777383176,8.21721724217027));
#2443=CARTESIAN_POINT('Ctrl Pts',(-50.1595226425798,27.0054336683317,8.27705210049712));
#2444=CARTESIAN_POINT('Ctrl Pts',(-50.3295464722567,25.8722583506436,8.35307712446098));
#2445=CARTESIAN_POINT('Ctrl Pts',(-50.2075171554176,25.2103666554685,8.40151233968583));
#2446=CARTESIAN_POINT('Ctrl Pts',(-49.5773075814182,24.0874720035483,8.4937024340001));
#2447=CARTESIAN_POINT('Ctrl Pts',(-49.0655670467029,23.6336834247079,8.53743200061705));
#2448=CARTESIAN_POINT('Ctrl Pts',(-48.2575082479212,23.3020502769886,8.58212564264243));
#2449=CARTESIAN_POINT('Ctrl Pts',(-48.0401138801438,23.2407124809007,8.59234429799127));
#2450=CARTESIAN_POINT('Ctrl Pts',(-47.8184498647298,23.2052393031781,8.60096260023634));
#2451=CARTESIAN_POINT('',(-47.8462821302271,23.0652857332401,8.74809261865455));
#2452=CARTESIAN_POINT('',(-47.818451009717,23.205238967075,8.60099211321887));
#2453=CARTESIAN_POINT('Origin',(-47.8420513022181,23.0571303143979,8.59837425225328));
#2454=CARTESIAN_POINT('',(-44.4522054415559,26.0793345958425,8.48932881039795));
#2455=CARTESIAN_POINT('Ctrl Pts',(-47.818451009717,23.205238967075,8.60099211321887));
#2456=CARTESIAN_POINT('Ctrl Pts',(-47.1560362180351,23.0992316251571,8.62674663017998));
#2457=CARTESIAN_POINT('Ctrl Pts',(-45.7572238475884,23.3679350561041,8.64812528337676));
#2458=CARTESIAN_POINT('Ctrl Pts',(-44.8480565062166,24.4636150805367,8.59525020897725));
#2459=CARTESIAN_POINT('Ctrl Pts',(-44.5085050981277,25.4097721225341,8.53635308439352));
#2460=CARTESIAN_POINT('Ctrl Pts',(-44.4518746994595,25.7446217254303,8.51367827542487));
#2461=CARTESIAN_POINT('Ctrl Pts',(-44.4522054415559,26.0793345958425,8.48932881039795));
#2462=CARTESIAN_POINT('Ctrl Pts',(-44.4525061366195,26.0793346621592,8.48933405145167));
#2463=CARTESIAN_POINT('Ctrl Pts',(-44.4526486260559,26.1813651135788,8.48191156846598));
#2464=CARTESIAN_POINT('Ctrl Pts',(-44.4581678517746,26.2833593202748,8.47433538974305));
#2465=CARTESIAN_POINT('Ctrl Pts',(-44.4690280753026,26.3847706173736,8.46664279579833));
#2466=CARTESIAN_POINT('Ctrl Pts',(-44.4798921082065,26.4862174859096,8.45894750356821));
#2467=CARTESIAN_POINT('Ctrl Pts',(-44.4961008490948,26.5870807502026,8.45113571443344));
#2468=CARTESIAN_POINT('Ctrl Pts',(-44.5175667522484,26.6868194853452,8.44324474815322));
#2469=CARTESIAN_POINT('Ctrl Pts',(-44.5318602434306,26.7532324716087,8.43799039402064));
#2470=CARTESIAN_POINT('Ctrl Pts',(-44.5484836012094,26.8191469979615,8.43270093414702));
#2471=CARTESIAN_POINT('Ctrl Pts',(-44.567398403835,26.8844058602888,8.42738738662171));
#2472=CARTESIAN_POINT('Ctrl Pts',(-44.5952113327362,26.9803645723093,8.41957417691187));
#2473=CARTESIAN_POINT('Ctrl Pts',(-44.6279721783641,27.0748744756762,8.41171930928902));
#2474=CARTESIAN_POINT('Ctrl Pts',(-44.6655059299144,27.1674409879247,8.40386727020381));
#2475=CARTESIAN_POINT('Ctrl Pts',(-44.7030473621408,27.2600264424146,8.39601362432563));
#2476=CARTESIAN_POINT('Ctrl Pts',(-44.7453635235774,27.3506674052405,8.38816280814285));
#2477=CARTESIAN_POINT('Ctrl Pts',(-44.792231193645,27.4388891197565,8.38035933542202));
#2478=CARTESIAN_POINT('Ctrl Pts',(-44.8391123042478,27.5271361341659,8.37255362485045));
#2479=CARTESIAN_POINT('Ctrl Pts',(-44.8905473780481,27.6129622200378,8.36479528489869));
#2480=CARTESIAN_POINT('Ctrl Pts',(-44.9462670279391,27.6959168367705,8.35712886764074));
#2481=CARTESIAN_POINT('Ctrl Pts',(-45.0019798938891,27.7788613536689,8.34946338377924));
#2482=CARTESIAN_POINT('Ctrl Pts',(-45.0619761080936,27.8589348254528,8.34188980022949));
#2483=CARTESIAN_POINT('Ctrl Pts',(-45.1259429881995,27.9357157477205,8.33445265279467));
#2484=CARTESIAN_POINT('Ctrl Pts',(-45.1899011284371,28.0124861793225,8.32701652150585));
#2485=CARTESIAN_POINT('Ctrl Pts',(-45.2578286413001,28.0859647037638,8.31971678905166));
#2486=CARTESIAN_POINT('Ctrl Pts',(-45.3293725361043,28.1557628493537,8.31259797298284));
#2487=CARTESIAN_POINT('Ctrl Pts',(-45.4004446525932,28.2251007285347,8.30552610016558));
#2488=CARTESIAN_POINT('Ctrl Pts',(-45.4750853490808,28.2908064137715,8.29863276558499));
#2489=CARTESIAN_POINT('Ctrl Pts',(-45.5529122611321,28.3525348086292,8.29196161190691));
#2490=CARTESIAN_POINT('Ctrl Pts',(-45.6289968856814,28.4128813086121,8.28543980332516));
#2491=CARTESIAN_POINT('Ctrl Pts',(-45.7081319108441,28.4694304388824,8.2791327157109));
#2492=CARTESIAN_POINT('Ctrl Pts',(-45.7899185269383,28.5218874298014,8.27306898238003));
#2493=CARTESIAN_POINT('Ctrl Pts',(-45.8716790975207,28.5743277154299,8.26700718008684));
#2494=CARTESIAN_POINT('Ctrl Pts',(-45.9560892564093,28.6226782527854,8.26118857710602));
#2495=CARTESIAN_POINT('Ctrl Pts',(-46.0427213658141,28.6666876714577,8.25564177940673));
#2496=CARTESIAN_POINT('Ctrl Pts',(-46.1293459323595,28.7106932583306,8.25009546465443));
#2497=CARTESIAN_POINT('Ctrl Pts',(-46.2181917268024,28.7503583031285,8.24482090785479));
#2498=CARTESIAN_POINT('Ctrl Pts',(-46.308806889393,28.785477578743,8.23984670750569));
#2499=CARTESIAN_POINT('Ctrl Pts',(-46.399411333138,28.8205927001068,8.23487309555354));
#2500=CARTESIAN_POINT('Ctrl Pts',(-46.4917843724087,28.8511629882323,8.23019976899794));
#2501=CARTESIAN_POINT('Ctrl Pts',(-46.5854551561815,28.877031749446,8.22585531618921));
#2502=CARTESIAN_POINT('Ctrl Pts',(-46.6791388102802,28.9029040650164,8.22151026645452));
#2503=CARTESIAN_POINT('Ctrl Pts',(-46.7741201984295,28.9240734614602,8.21749418084714));
#2504=CARTESIAN_POINT('Ctrl Pts',(-46.8699145299547,28.940433458942,8.21383565950309));
#2505=CARTESIAN_POINT('Ctrl Pts',(-46.8905626329225,28.9439597940308,8.2130470791746));
#2506=CARTESIAN_POINT('Ctrl Pts',(-46.9112484664138,28.9472628722015,8.21227511133866));
#2507=CARTESIAN_POINT('Ctrl Pts',(-46.9319671178008,28.9503419390992,8.21152004240589));
#2508=CARTESIAN_POINT('Ctrl Pts',(-47.0270650250127,28.9644747517357,8.20805430161197));
#2509=CARTESIAN_POINT('Ctrl Pts',(-47.1229032760219,28.973891257695,8.20494469063158));
#2510=CARTESIAN_POINT('Ctrl Pts',(-47.218998896748,28.9785340823999,8.20219857695515));
#2511=CARTESIAN_POINT('Ctrl Pts',(-47.3150564756864,28.9831750691298,8.19945355039459));
#2512=CARTESIAN_POINT('Ctrl Pts',(-47.4113708261855,28.9830461200415,8.19707173339645));
#2513=CARTESIAN_POINT('Ctrl Pts',(-47.5074554607173,28.9781418394287,8.19506048470485));
#2514=CARTESIAN_POINT('Ctrl Pts',(-47.6035319695489,28.9732379735619,8.19304940610085));
#2515=CARTESIAN_POINT('Ctrl Pts',(-47.6993784054291,28.9635595957058,8.19140883312946));
#2516=CARTESIAN_POINT('Ctrl Pts',(-47.7945102484342,28.9491533890835,8.19014612266801));
#2517=CARTESIAN_POINT('Ctrl Pts',(-47.8896336839101,28.9347484556479,8.18888352380195));
#2518=CARTESIAN_POINT('Ctrl Pts',(-47.9840422613371,28.9156165887828,8.18799872065957));
#2519=CARTESIAN_POINT('Ctrl Pts',(-48.0772593432994,28.8918559924,8.1874990681678));
#2520=CARTESIAN_POINT('Ctrl Pts',(-48.1705020573075,28.8680888625292,8.18699927828581));
#2521=CARTESIAN_POINT('Ctrl Pts',(-48.2625522381646,28.8396905608563,8.18688485089449));
#2522=CARTESIAN_POINT('Ctrl Pts',(-48.3529464250455,28.8068097145119,8.18716314698963));
#2523=CARTESIAN_POINT('Ctrl Pts',(-48.3776974416789,28.7978065429267,8.18723934781092));
#2524=CARTESIAN_POINT('Ctrl Pts',(-48.4023244002334,28.7884675868289,8.18734499230302));
#2525=CARTESIAN_POINT('Ctrl Pts',(-48.4268180217931,28.7787965369509,8.18748023157628));
#2526=CARTESIAN_POINT('Ctrl Pts',(-48.5163874023039,28.743431005384,8.18797478065295));
#2527=CARTESIAN_POINT('Ctrl Pts',(-48.6042199647388,28.7036019658946,8.18886507618548));
#2528=CARTESIAN_POINT('Ctrl Pts',(-48.6898692373967,28.6595057540414,8.19013189513637));
#2529=CARTESIAN_POINT('Ctrl Pts',(-48.7754958056714,28.6154212314561,8.19139837827188));
#2530=CARTESIAN_POINT('Ctrl Pts',(-48.858939887901,28.5670719722247,8.19304118523039));
#2531=CARTESIAN_POINT('Ctrl Pts',(-48.9397784910021,28.5147008260449,8.19504110825758));
#2532=CARTESIAN_POINT('Ctrl Pts',(-49.0206247092577,28.4623247464007,8.19704121968143));
#2533=CARTESIAN_POINT('Ctrl Pts',(-49.0988646253419,28.40592623451,8.1993985144592));
#2534=CARTESIAN_POINT('Ctrl Pts',(-49.174103407943,28.3457919992275,8.20209377940785));
#2535=CARTESIAN_POINT('Ctrl Pts',(-49.2493431766449,28.2856569758086,8.2047890796814));
#2536=CARTESIAN_POINT('Ctrl Pts',(-49.3215814294197,28.2217863825113,8.20782235898496));
#2537=CARTESIAN_POINT('Ctrl Pts',(-49.390456373925,28.1545072452161,8.21117440338003));
#2538=CARTESIAN_POINT('Ctrl Pts',(-49.4593594608314,28.0872006175689,8.21452781742524));
#2539=CARTESIAN_POINT('Ctrl Pts',(-49.5248962164473,28.0164829437823,8.21820025711092));
#2540=CARTESIAN_POINT('Ctrl Pts',(-49.5867418281201,27.9427179729478,8.22217248493644));
#2541=CARTESIAN_POINT('Ctrl Pts',(-49.603256710462,27.9230202162058,8.22323320490345));
#2542=CARTESIAN_POINT('Ctrl Pts',(-49.6195086066613,27.9031053522518,8.22431530191377));
#2543=CARTESIAN_POINT('Ctrl Pts',(-49.6354918199467,27.8829807036863,8.22541840965767));
#2544=CARTESIAN_POINT('Ctrl Pts',(-49.6961275134543,27.8066336012246,8.22960328174007));
#2545=CARTESIAN_POINT('Ctrl Pts',(-49.7529241648852,27.7272255527742,8.23409041392725));
#2546=CARTESIAN_POINT('Ctrl Pts',(-49.8055894023931,27.6451616902761,8.23884797207603));
#2547=CARTESIAN_POINT('Ctrl Pts',(-49.8608564247919,27.5590436826219,8.2438405646326));
#2548=CARTESIAN_POINT('Ctrl Pts',(-49.9115730970951,27.4700010806308,8.24913096248897));
#2549=CARTESIAN_POINT('Ctrl Pts',(-49.9574533425793,27.3785356389199,8.25468237653996));
#2550=CARTESIAN_POINT('Ctrl Pts',(-50.0011690330846,27.2913853872252,8.25997188395123));
#2551=CARTESIAN_POINT('Ctrl Pts',(-50.0404940936993,27.2020360724063,8.26549835989175));
#2552=CARTESIAN_POINT('Ctrl Pts',(-50.0752288033372,27.1109456769257,8.27122998041371));
#2553=CARTESIAN_POINT('Ctrl Pts',(-50.1099624334899,27.0198581123521,8.27696142280838));
#2554=CARTESIAN_POINT('Ctrl Pts',(-50.1401058686827,26.927029927475,8.28289799703372));
#2555=CARTESIAN_POINT('Ctrl Pts',(-50.1655082676517,26.8329371940253,8.28900788210889));
#2556=CARTESIAN_POINT('Ctrl Pts',(-50.1909161185552,26.7388242661281,8.2951190785048));
#2557=CARTESIAN_POINT('Ctrl Pts',(-50.2115808067965,26.6434466107966,8.30140366015146));
#2558=CARTESIAN_POINT('Ctrl Pts',(-50.2274019349855,26.5472933710961,8.30782978557511));
#2559=CARTESIAN_POINT('Ctrl Pts',(-50.2297492117774,26.5330277469687,8.30878318756317));
#2560=CARTESIAN_POINT('Ctrl Pts',(-50.2319899655039,26.5187450679925,8.3097397051713));
#2561=CARTESIAN_POINT('Ctrl Pts',(-50.2341239646728,26.5044469478238,8.31069923441375));
#2562=CARTESIAN_POINT('Ctrl Pts',(-50.2488705793918,26.4056423782576,8.31732988744147));
#2563=CARTESIAN_POINT('Ctrl Pts',(-50.2585157075984,26.3060967453264,8.32410705673307));
#2564=CARTESIAN_POINT('Ctrl Pts',(-50.2630139517092,26.2063325441167,8.33099771113946));
#2565=CARTESIAN_POINT('Ctrl Pts',(-50.2675127860713,26.1065552520329,8.33788926972479));
#2566=CARTESIAN_POINT('Ctrl Pts',(-50.2668633778391,26.0065596665495,8.34489434320948));
#2567=CARTESIAN_POINT('Ctrl Pts',(-50.2610724303344,25.9068700119758,8.35197988743985));
#2568=CARTESIAN_POINT('Ctrl Pts',(-50.2552812952069,25.807177127526,8.35906566123697));
#2569=CARTESIAN_POINT('Ctrl Pts',(-50.2443483106433,25.7077905252579,8.36623191099425));
#2570=CARTESIAN_POINT('Ctrl Pts',(-50.2283321830585,25.6092310234725,8.37344558934612));
#2571=CARTESIAN_POINT('Ctrl Pts',(-50.2123161667328,25.5106722063502,8.38065921758674));
#2572=CARTESIAN_POINT('Ctrl Pts',(-50.1912171310179,25.4129408062804,8.387920273763));
#2573=CARTESIAN_POINT('Ctrl Pts',(-50.1651452111017,25.3165492251994,8.39519571119801));
#2574=CARTESIAN_POINT('Ctrl Pts',(-50.1390795265625,25.2201806971909,8.40246940863473));
#2575=CARTESIAN_POINT('Ctrl Pts',(-50.1080434203918,25.1251516688818,8.40975748045217));
#2576=CARTESIAN_POINT('Ctrl Pts',(-50.0721973218727,25.0319609005906,8.41702690367817));
#2577=CARTESIAN_POINT('Ctrl Pts',(-50.0363636545755,24.9388024503246,8.42429380590978));
#2578=CARTESIAN_POINT('Ctrl Pts',(-49.9957234441702,24.847481297646,8.43154207248216));
#2579=CARTESIAN_POINT('Ctrl Pts',(-49.9504858116736,24.7584776638364,8.43873871476776));
#2580=CARTESIAN_POINT('Ctrl Pts',(-49.9324399086393,24.7229729113375,8.44160955264523));
#2581=CARTESIAN_POINT('Ctrl Pts',(-49.9136629440135,24.6878367234998,8.44447217544705));
#2582=CARTESIAN_POINT('Ctrl Pts',(-49.8941702955929,24.6530986157254,8.44732448905834));
#2583=CARTESIAN_POINT('Ctrl Pts',(-49.8453580735274,24.5661097061517,8.45446706724424));
#2584=CARTESIAN_POINT('Ctrl Pts',(-49.7920683594534,24.4816428136199,8.46154609864013));
#2585=CARTESIAN_POINT('Ctrl Pts',(-49.7345817222502,24.4001392532497,8.46853297839862));
#2586=CARTESIAN_POINT('Ctrl Pts',(-49.6770986390484,24.3186407316811,8.47551942620663));
#2587=CARTESIAN_POINT('Ctrl Pts',(-49.6154193458558,24.2401054482904,8.48241373377108));
#2588=CARTESIAN_POINT('Ctrl Pts',(-49.5498668518668,24.1649444620919,8.48918730154956));
#2589=CARTESIAN_POINT('Ctrl Pts',(-49.4843241408217,24.0897946927926,8.49595985845218));
#2590=CARTESIAN_POINT('Ctrl Pts',(-49.4149096037284,24.0180184666952,8.50261171160414));
#2591=CARTESIAN_POINT('Ctrl Pts',(-49.3419854867008,23.9499925507334,8.50911427426558));
#2592=CARTESIAN_POINT('Ctrl Pts',(-49.2690795625982,23.8819836057056,8.51561521468407));
#2593=CARTESIAN_POINT('Ctrl Pts',(-49.1926660510151,23.8177233313143,8.52196693909197));
#2594=CARTESIAN_POINT('Ctrl Pts',(-49.1131428376224,23.7575504846264,8.52814088213931));
#2595=CARTESIAN_POINT('Ctrl Pts',(-49.0336495050976,23.6974002479011,8.53431250532598));
#2596=CARTESIAN_POINT('Ctrl Pts',(-48.9510490696438,23.641334575455,8.54030648072976));
#2597=CARTESIAN_POINT('Ctrl Pts',(-48.8657710757876,23.5896508452231,8.54609427518892));
#2598=CARTESIAN_POINT('Ctrl Pts',(-48.7805382518915,23.5379944907763,8.55187900397508));
#2599=CARTESIAN_POINT('Ctrl Pts',(-48.6926309863249,23.4907156195304,8.55745777017817));
#2600=CARTESIAN_POINT('Ctrl Pts',(-48.602506144533,23.4480672560483,8.5628020859527));
#2601=CARTESIAN_POINT('Ctrl Pts',(-48.5572506747099,23.4266517207952,8.56548569145426));
#2602=CARTESIAN_POINT('Ctrl Pts',(-48.5114364645743,23.4064030453225,8.5681101810762));
#2603=CARTESIAN_POINT('Ctrl Pts',(-48.465123675745,23.3873488810443,8.5706719478754));
#2604=CARTESIAN_POINT('Ctrl Pts',(-48.3716357723335,23.3488857715089,8.57584318055521));
#2605=CARTESIAN_POINT('Ctrl Pts',(-48.2761493072059,23.3153071310029,8.58075862397049));
#2606=CARTESIAN_POINT('Ctrl Pts',(-48.179171666959,23.2867902361856,8.58538709007019));
#2607=CARTESIAN_POINT('Ctrl Pts',(-48.0822131641922,23.2582789688666,8.59001464279256));
#2608=CARTESIAN_POINT('Ctrl Pts',(-47.9837643689841,23.2348275383916,8.59435533145186));
#2609=CARTESIAN_POINT('Ctrl Pts',(-47.8843473010906,23.2165632137546,8.59837798645725));
#2610=CARTESIAN_POINT('Ctrl Pts',(-47.8624270052063,23.2125361446743,8.59926493464258));
#2611=CARTESIAN_POINT('Ctrl Pts',(-47.8404596844203,23.2087610519283,8.60013642159927));
#2612=CARTESIAN_POINT('Ctrl Pts',(-47.818451009717,23.2052389670749,8.60099211321887));
#2613=CARTESIAN_POINT('Ctrl Pts',(-47.8462821302271,23.0652857332401,8.74809261865455));
#2614=CARTESIAN_POINT('Ctrl Pts',(-48.0794819914057,23.1025540452266,8.73947265285341));
#2615=CARTESIAN_POINT('Ctrl Pts',(-48.3081898714079,23.1670286071528,8.72925181683018));
#2616=CARTESIAN_POINT('Ctrl Pts',(-49.1583008182951,23.5156920397676,8.68454833011141));
#2617=CARTESIAN_POINT('Ctrl Pts',(-49.696750109814,23.9930096895024,8.64080088327986));
#2618=CARTESIAN_POINT('Ctrl Pts',(-50.3600436169718,25.1746309242929,8.5485447598371));
#2619=CARTESIAN_POINT('Ctrl Pts',(-50.4885718329753,25.8712885725541,8.50006617066717));
#2620=CARTESIAN_POINT('Ctrl Pts',(-50.309789147201,27.0642204918085,8.42395719224426));
#2621=CARTESIAN_POINT('Ctrl Pts',(-49.8706179169754,28.0767776365925,8.364039559088));
#2622=CARTESIAN_POINT('Ctrl Pts',(-48.5390451267521,29.0648368199257,8.32321656659974));
#2623=CARTESIAN_POINT('Ctrl Pts',(-46.8915400831856,29.2535974648989,8.34836301590274));
#2624=CARTESIAN_POINT('Ctrl Pts',(-45.8789566328862,28.8143324011408,8.40475227356996));
#2625=CARTESIAN_POINT('Ctrl Pts',(-44.9665947656243,28.0914692463851,8.47906253861626));
#2626=CARTESIAN_POINT('Ctrl Pts',(-44.5992137000951,27.5431537736272,8.52744884347868));
#2627=CARTESIAN_POINT('Ctrl Pts',(-44.2460933857264,26.3239106041185,8.6218054756183));
#2628=CARTESIAN_POINT('Ctrl Pts',(-44.2666560204073,25.6548034207073,8.66743349799743));
#2629=CARTESIAN_POINT('Ctrl Pts',(-44.7210277192233,24.3895927010595,8.74232792387828));
#2630=CARTESIAN_POINT('Ctrl Pts',(-45.6777790890032,23.2368026228366,8.79523203811201));
#2631=CARTESIAN_POINT('Ctrl Pts',(-47.1493944347995,22.9539141915869,8.77385227421979));
#2632=CARTESIAN_POINT('Ctrl Pts',(-47.8462821302271,23.0652857332401,8.74809261865455));
#2633=CARTESIAN_POINT('Origin',(-47.3605385186919,26.0789661501947,6.59472828129684));
#2634=CARTESIAN_POINT('',(-44.5120130703111,26.0789661501947,5.08018276581232));
#2635=CARTESIAN_POINT('',(-44.4855765800016,26.0789661501947,6.59472828129684));
#2636=CARTESIAN_POINT('Origin',(-47.3605385186919,26.0789661501947,5.08018276581232));
#2637=CARTESIAN_POINT('Ctrl Pts',(-54.9340479858649,11.5789478710124,8.9047250341065));
#2638=CARTESIAN_POINT('Ctrl Pts',(-56.2440797261761,11.6837769401193,8.81841714182297));
#2639=CARTESIAN_POINT('Ctrl Pts',(-57.5503273947544,11.7863802812703,8.72009246781422));
#2640=CARTESIAN_POINT('Ctrl Pts',(-59.3491431217942,11.9235638836386,8.5630098797994));
#2641=CARTESIAN_POINT('Ctrl Pts',(-59.8452388337198,11.961031103863,8.51739824575774));
#2642=CARTESIAN_POINT('Ctrl Pts',(-60.8384111733228,12.0367618020758,8.42158742801305));
#2643=CARTESIAN_POINT('Ctrl Pts',(-61.3359405332102,12.0751953488339,8.371339358997));
#2644=CARTESIAN_POINT('Ctrl Pts',(-62.2975937056632,12.1530631152852,8.27128214080635));
#2645=CARTESIAN_POINT('Ctrl Pts',(-62.7626842119157,12.1925561713092,8.22157525657051));
#2646=CARTESIAN_POINT('Ctrl Pts',(-63.23822605765,12.23823119554,8.17171178927896));
#2647=CARTESIAN_POINT('Ctrl Pts',(-54.4045393165926,12.1772832630534,8.9236366064517));
#2648=CARTESIAN_POINT('Ctrl Pts',(-55.7475631006122,12.424970533971,8.83484137816152));
#2649=CARTESIAN_POINT('Ctrl Pts',(-57.0857138794796,12.6713468134235,8.73341204485711));
#2650=CARTESIAN_POINT('Ctrl Pts',(-58.9268423095448,13.0094197998314,8.56926991643522));
#2651=CARTESIAN_POINT('Ctrl Pts',(-59.4345465031805,13.1026246409966,8.521406550949));
#2652=CARTESIAN_POINT('Ctrl Pts',(-60.4527621108312,13.2900953580945,8.4205539181168));
#2653=CARTESIAN_POINT('Ctrl Pts',(-60.9640420454802,13.3846528946049,8.36748066244725));
#2654=CARTESIAN_POINT('Ctrl Pts',(-61.9531099579919,13.5696377911171,8.26283663041324));
#2655=CARTESIAN_POINT('Ctrl Pts',(-62.4325375904142,13.6604686619946,8.21121754655587));
#2656=CARTESIAN_POINT('Ctrl Pts',(-62.9318787146149,13.7579866018783,8.16052308101143));
#2657=CARTESIAN_POINT('Ctrl Pts',(-53.8512120450239,12.7698892376783,8.93934003127739));
#2658=CARTESIAN_POINT('Ctrl Pts',(-55.2080793502897,13.1591921226822,8.84873300707478));
#2659=CARTESIAN_POINT('Ctrl Pts',(-56.5595713897299,13.547553574953,8.74551525913231));
#2660=CARTESIAN_POINT('Ctrl Pts',(-58.4177196038124,14.0827207926895,8.57820542435174));
#2661=CARTESIAN_POINT('Ctrl Pts',(-58.9299352504931,14.2304339868564,8.52939855455815));
#2662=CARTESIAN_POINT('Ctrl Pts',(-59.9573758005942,14.5271454611021,8.42639474930518));
#2663=CARTESIAN_POINT('Ctrl Pts',(-60.4734940957256,14.6765533962694,8.37209954186697));
#2664=CARTESIAN_POINT('Ctrl Pts',(-61.4719716998807,14.966509047232,8.26543514929757));
#2665=CARTESIAN_POINT('Ctrl Pts',(-61.9561047336751,15.1077380507289,8.21297573081051));
#2666=CARTESIAN_POINT('Ctrl Pts',(-62.4633622743475,15.2573079011582,8.16192159635023));
#2667=CARTESIAN_POINT('Ctrl Pts',(-52.6854471154119,13.935004699056,8.96549825978693));
#2668=CARTESIAN_POINT('Ctrl Pts',(-54.0311944253907,14.5949994330854,8.87229008335731));
#2669=CARTESIAN_POINT('Ctrl Pts',(-55.3713347572453,15.2546571640075,8.76727794324471));
#2670=CARTESIAN_POINT('Ctrl Pts',(-57.2121966459785,16.1653768768249,8.59853542067388));
#2671=CARTESIAN_POINT('Ctrl Pts',(-57.7193129400205,16.4167561182672,8.54945933320452));
#2672=CARTESIAN_POINT('Ctrl Pts',(-58.7357113266492,16.9204706972918,8.4456835894462));
#2673=CARTESIAN_POINT('Ctrl Pts',(-59.2459346314621,17.1733696807272,8.39088105083295));
#2674=CARTESIAN_POINT('Ctrl Pts',(-60.2324398406294,17.6612389078963,8.28309745458753));
#2675=CARTESIAN_POINT('Ctrl Pts',(-60.7103622866379,17.8972103509233,8.23005571931538));
#2676=CARTESIAN_POINT('Ctrl Pts',(-61.2121365527424,18.1431624905791,8.17839047170384));
#2677=CARTESIAN_POINT('Ctrl Pts',(-52.0729818693475,14.5076733896603,8.97595070593656));
#2678=CARTESIAN_POINT('Ctrl Pts',(-53.3937485862251,15.296816617375,8.88195174334831));
#2679=CARTESIAN_POINT('Ctrl Pts',(-54.7091600483469,16.0858518362132,8.77693628441454));
#2680=CARTESIAN_POINT('Ctrl Pts',(-56.5156612836625,17.1751322692441,8.60993260804078));
#2681=CARTESIAN_POINT('Ctrl Pts',(-57.013149460313,17.4756996941974,8.56153205832284));
#2682=CARTESIAN_POINT('Ctrl Pts',(-58.0092504746442,18.0772381611805,8.4591372166821));
#2683=CARTESIAN_POINT('Ctrl Pts',(-58.5087270761987,18.378803275424,8.40504940966224));
#2684=CARTESIAN_POINT('Ctrl Pts',(-59.4738286669112,18.9596712391637,8.29816691509215));
#2685=CARTESIAN_POINT('Ctrl Pts',(-59.9408377483345,19.2400145146832,8.24538195905208));
#2686=CARTESIAN_POINT('Ctrl Pts',(-60.4291313904464,19.5303279029766,8.19348326536602));
#2687=CARTESIAN_POINT('Ctrl Pts',(-50.7908946344407,15.6182483278947,8.99293008126641));
#2688=CARTESIAN_POINT('Ctrl Pts',(-52.0305990401287,16.64007380147,8.8980881308885));
#2689=CARTESIAN_POINT('Ctrl Pts',(-53.2657319919525,17.662151488153,8.79403640021341));
#2690=CARTESIAN_POINT('Ctrl Pts',(-54.9617665141193,19.0726968843292,8.63267034052263));
#2691=CARTESIAN_POINT('Ctrl Pts',(-55.4285839741849,19.4616552620437,8.5863011279575));
#2692=CARTESIAN_POINT('Ctrl Pts',(-56.3612838100068,20.2382527791318,8.48809372100113));
#2693=CARTESIAN_POINT('Ctrl Pts',(-56.8278322690254,20.6264750963248,8.43618427593341));
#2694=CARTESIAN_POINT('Ctrl Pts',(-57.7280052188953,21.3726275004733,8.33220377891567));
#2695=CARTESIAN_POINT('Ctrl Pts',(-58.1624898177469,21.7315080958464,8.28031176170186));
#2696=CARTESIAN_POINT('Ctrl Pts',(-58.6118023811967,22.0982231782988,8.22788403096601));
#2697=CARTESIAN_POINT('Ctrl Pts',(-50.1214014726596,16.1559983289098,8.99945708423463));
#2698=CARTESIAN_POINT('Ctrl Pts',(-51.3049618375745,17.2814572160918,8.90456110069339));
#2699=CARTESIAN_POINT('Ctrl Pts',(-52.484520405762,18.4072652402309,8.8014728278243));
#2700=CARTESIAN_POINT('Ctrl Pts',(-54.1043977520181,19.9605847164594,8.64400379126857));
#2701=CARTESIAN_POINT('Ctrl Pts',(-54.5501551124793,20.388763916187,8.59899040605775));
#2702=CARTESIAN_POINT('Ctrl Pts',(-55.4397064984404,21.2426425425606,8.50359058965799));
#2703=CARTESIAN_POINT('Ctrl Pts',(-55.8840485290405,21.6688826427968,8.45314560830584));
#2704=CARTESIAN_POINT('Ctrl Pts',(-56.7406460029137,22.4873785000232,8.35116913083545));
#2705=CARTESIAN_POINT('Ctrl Pts',(-57.1534941041725,22.8804555986278,8.2999155487003));
#2706=CARTESIAN_POINT('Ctrl Pts',(-57.5772493444971,23.2792407155794,8.24720215864143));
#2707=CARTESIAN_POINT('Ctrl Pts',(-48.730482135384,17.1911235370288,9.00841246631895));
#2708=CARTESIAN_POINT('Ctrl Pts',(-49.7805365288661,18.4900006551809,8.91400204294557));
#2709=CARTESIAN_POINT('Ctrl Pts',(-50.8280573070692,19.7890522082403,8.81313825123696));
#2710=CARTESIAN_POINT('Ctrl Pts',(-52.2677227902122,21.5801631418278,8.66307385254033));
#2711=CARTESIAN_POINT('Ctrl Pts',(-52.6638356971303,22.0735648055529,8.62057487034986));
#2712=CARTESIAN_POINT('Ctrl Pts',(-53.4527074660694,23.0555681468565,8.53033947574175));
#2713=CARTESIAN_POINT('Ctrl Pts',(-53.8458165510589,23.544608320495,8.48256450009344));
#2714=CARTESIAN_POINT('Ctrl Pts',(-54.6023353317989,24.482598160292,8.38424277990342));
#2715=CARTESIAN_POINT('Ctrl Pts',(-54.9659592552844,24.9320760243696,8.33414218727615));
#2716=CARTESIAN_POINT('Ctrl Pts',(-55.3338271550994,25.3825114552157,8.28090438393277));
#2717=CARTESIAN_POINT('Ctrl Pts',(-48.0089884782174,17.688557388119,9.01084064432556));
#2718=CARTESIAN_POINT('Ctrl Pts',(-48.9816547587028,19.0572509606842,8.91696895047747));
#2719=CARTESIAN_POINT('Ctrl Pts',(-49.9527321442247,20.4258297695754,8.81736223820494));
#2720=CARTESIAN_POINT('Ctrl Pts',(-51.2883544347479,22.3119552298702,8.67080167878822));
#2721=CARTESIAN_POINT('Ctrl Pts',(-51.6558792109384,22.8313576715229,8.62946078167094));
#2722=CARTESIAN_POINT('Ctrl Pts',(-52.3871915804598,23.8642142432632,8.54158315391838));
#2723=CARTESIAN_POINT('Ctrl Pts',(-52.7512523619042,24.3780496999128,8.49501518517871));
#2724=CARTESIAN_POINT('Ctrl Pts',(-53.4512073288418,25.3632367382987,8.39834913943876));
#2725=CARTESIAN_POINT('Ctrl Pts',(-53.7871947695026,25.8349463402821,8.34876802866468));
#2726=CARTESIAN_POINT('Ctrl Pts',(-54.124662624395,26.3050182091621,8.29529651606544));
#2727=CARTESIAN_POINT('Ctrl Pts',(-45.6209860118494,19.2256462289589,9.01176277108683));
#2728=CARTESIAN_POINT('Ctrl Pts',(-46.33104865579,20.7581481757793,8.92033277322953));
#2729=CARTESIAN_POINT('Ctrl Pts',(-47.0421459005163,22.2891144560173,8.8241572115859));
#2730=CARTESIAN_POINT('Ctrl Pts',(-48.0240074596561,24.3961246421662,8.6841316555348));
#2731=CARTESIAN_POINT('Ctrl Pts',(-48.2944920977833,24.9759343140683,8.64478907510493));
#2732=CARTESIAN_POINT('Ctrl Pts',(-48.8317036042779,26.1274579701852,8.56085775700685));
#2733=CARTESIAN_POINT('Ctrl Pts',(-49.0985459177657,26.699440587459,8.51625089831382));
#2734=CARTESIAN_POINT('Ctrl Pts',(-49.6100766665571,27.7959926992572,8.42215361061812));
#2735=CARTESIAN_POINT('Ctrl Pts',(-49.8547506626294,28.3205962378269,8.37330030272694));
#2736=CARTESIAN_POINT('Ctrl Pts',(-50.0954179030228,28.8391877464626,8.31933668770313));
#2737=CARTESIAN_POINT('Ctrl Pts',(-43.8714516760023,20.1898208369906,9.00189567484603));
#2738=CARTESIAN_POINT('Ctrl Pts',(-44.3794293706507,21.7427842539394,8.91322486216388));
#2739=CARTESIAN_POINT('Ctrl Pts',(-44.8891570059631,23.2928189602516,8.81846704015552));
#2740=CARTESIAN_POINT('Ctrl Pts',(-45.5960358282855,25.4241918337158,8.67572989729065));
#2741=CARTESIAN_POINT('Ctrl Pts',(-45.7911515923656,26.010664126109,8.63513948900849));
#2742=CARTESIAN_POINT('Ctrl Pts',(-46.1793906678196,27.1764071740027,8.54841181236838));
#2743=CARTESIAN_POINT('Ctrl Pts',(-46.3726385380116,27.7560119047515,8.50225122180437));
#2744=CARTESIAN_POINT('Ctrl Pts',(-46.7430239322868,28.8685376998959,8.40577061623982));
#2745=CARTESIAN_POINT('Ctrl Pts',(-46.9203087038843,29.4016289323275,8.35602429365738));
#2746=CARTESIAN_POINT('Ctrl Pts',(-47.0953310228848,29.9317722001574,8.3021114631398));
#2747=CARTESIAN_POINT('Ctrl Pts',(-41.2201247202954,21.468464673817,8.95900908824442));
#2748=CARTESIAN_POINT('Ctrl Pts',(-41.4216666511142,22.9365912417223,8.87411520799197));
#2749=CARTESIAN_POINT('Ctrl Pts',(-41.6247833543263,24.4000215522169,8.78154579832018));
#2750=CARTESIAN_POINT('Ctrl Pts',(-41.9100698846051,26.4107715250462,8.63654633450832));
#2751=CARTESIAN_POINT('Ctrl Pts',(-41.9891985030692,26.9642067352022,8.59475371565056));
#2752=CARTESIAN_POINT('Ctrl Pts',(-42.1469208711339,28.0666121033837,8.50565318003086));
#2753=CARTESIAN_POINT('Ctrl Pts',(-42.2255944266621,28.6160274598135,8.45831036837548));
#2754=CARTESIAN_POINT('Ctrl Pts',(-42.3759836564592,29.672877446668,8.36102589945745));
#2755=CARTESIAN_POINT('Ctrl Pts',(-42.4478432836736,30.180782625835,8.31150415172964));
#2756=CARTESIAN_POINT('Ctrl Pts',(-42.518247284212,30.691634995593,8.25932913428329));
#2757=CARTESIAN_POINT('Ctrl Pts',(-40.3316911606783,21.8667631739383,8.94003496278282));
#2758=CARTESIAN_POINT('Ctrl Pts',(-40.4304831707364,23.2873824016255,8.85634056162735));
#2759=CARTESIAN_POINT('Ctrl Pts',(-40.530610321296,24.7027551353605,8.76451391652884));
#2760=CARTESIAN_POINT('Ctrl Pts',(-40.6738459226543,26.6471484662498,8.61906300238173));
#2761=CARTESIAN_POINT('Ctrl Pts',(-40.7138365299357,27.1824124575483,8.57698104225504));
#2762=CARTESIAN_POINT('Ctrl Pts',(-40.7936013728799,28.249611610235,8.48739111096917));
#2763=CARTESIAN_POINT('Ctrl Pts',(-40.8334325920714,28.7820241939617,8.43984387695077));
#2764=CARTESIAN_POINT('Ctrl Pts',(-40.9092457797901,29.8070051031945,8.34274903346359));
#2765=CARTESIAN_POINT('Ctrl Pts',(-40.9453432553957,30.3001687021521,8.29355819752443));
#2766=CARTESIAN_POINT('Ctrl Pts',(-40.9800157388555,30.7984238163355,8.24223423586797));
#2767=CARTESIAN_POINT('Ctrl Pts',(-38.5569544644171,22.6023741447898,8.8916894959188));
#2768=CARTESIAN_POINT('Ctrl Pts',(-38.4505813297324,23.8898221149926,8.81056457196602));
#2769=CARTESIAN_POINT('Ctrl Pts',(-38.3450998235457,25.1714141566904,8.72078521412915));
#2770=CARTESIAN_POINT('Ctrl Pts',(-38.2035110232591,26.9318994180761,8.57704640595796));
#2771=CARTESIAN_POINT('Ctrl Pts',(-38.1648518326748,27.4167428402366,8.53530152144682));
#2772=CARTESIAN_POINT('Ctrl Pts',(-38.0875503999831,28.3850362588851,8.44681654019455));
#2773=CARTESIAN_POINT('Ctrl Pts',(-38.0489141248061,28.8689517278723,8.40003463173653));
#2774=CARTESIAN_POINT('Ctrl Pts',(-37.9740523495307,29.8018290514442,8.30545835197063));
#2775=CARTESIAN_POINT('Ctrl Pts',(-37.9378320998468,30.2514755324298,8.25791978590115));
#2776=CARTESIAN_POINT('Ctrl Pts',(-37.90023722678,30.7082592640277,8.20893859661473));
#2777=CARTESIAN_POINT('Ctrl Pts',(-37.6707028198956,22.9391513789062,8.86224224759967));
#2778=CARTESIAN_POINT('Ctrl Pts',(-37.4619326773501,24.1406457935872,8.7824899562625));
#2779=CARTESIAN_POINT('Ctrl Pts',(-37.2538247987576,25.3362386722175,8.69402343611417));
#2780=CARTESIAN_POINT('Ctrl Pts',(-36.9694440423455,26.9788272948489,8.55246965080745));
#2781=CARTESIAN_POINT('Ctrl Pts',(-36.8912671322261,27.431330310964,8.51135778665052));
#2782=CARTESIAN_POINT('Ctrl Pts',(-36.7348404236163,28.3357356621602,8.42448096113443));
#2783=CARTESIAN_POINT('Ctrl Pts',(-36.6565656415636,28.7880586727568,8.37867618046484));
#2784=CARTESIAN_POINT('Ctrl Pts',(-36.5055975498563,29.6604889436666,8.2864413419546));
#2785=CARTESIAN_POINT('Ctrl Pts',(-36.4328234955544,30.0812480846099,8.24022961167617));
#2786=CARTESIAN_POINT('Ctrl Pts',(-36.3587155204127,30.5090232415236,8.19273691952909));
#2787=CARTESIAN_POINT('Ctrl Pts',(-36.7991210163546,23.2402196360152,8.82715101563677));
#2788=CARTESIAN_POINT('Ctrl Pts',(-36.4896940224158,24.3375258370582,8.74895500365378));
#2789=CARTESIAN_POINT('Ctrl Pts',(-36.1804009399294,25.4296465528769,8.66227686239836));
#2790=CARTESIAN_POINT('Ctrl Pts',(-35.753571549329,26.930261558125,8.52511436021315));
#2791=CARTESIAN_POINT('Ctrl Pts',(-35.6357977397443,27.3436871670554,8.48541566195659));
#2792=CARTESIAN_POINT('Ctrl Pts',(-35.4001838333283,28.1698391270056,8.40194413518842));
#2793=CARTESIAN_POINT('Ctrl Pts',(-35.2823240970584,28.5828266278609,8.3581464656619));
#2794=CARTESIAN_POINT('Ctrl Pts',(-35.0557429252494,29.3791806542956,8.27006676825304));
#2795=CARTESIAN_POINT('Ctrl Pts',(-34.94692436206,29.7628887677686,8.22601694874443));
#2796=CARTESIAN_POINT('Ctrl Pts',(-34.8384885316009,30.1504059148345,8.18061630195762));
#2797=CARTESIAN_POINT('',(-56.2660550882853,11.7255820699435,8.81156274725276));
#2798=CARTESIAN_POINT('Origin',(-54.3629741774117,11.2850256843359,8.821651472295));
#2799=CARTESIAN_POINT('Ctrl Pts',(-35.0075054512955,29.5500216178802,8.25012809512242));
#2800=CARTESIAN_POINT('Ctrl Pts',(-36.6114848638786,30.0237019826357,8.25148059938373));
#2801=CARTESIAN_POINT('Ctrl Pts',(-38.2644343723166,30.3120811225669,8.25865368478622));
#2802=CARTESIAN_POINT('Ctrl Pts',(-41.6847762709927,30.511721210355,8.27707623529148));
#2803=CARTESIAN_POINT('Ctrl Pts',(-43.441503495617,30.4032396650697,8.28833728644958));
#2804=CARTESIAN_POINT('Ctrl Pts',(-47.8761646779057,29.5887043581157,8.31099043036084));
#2805=CARTESIAN_POINT('Ctrl Pts',(-50.4678400402367,28.584092680364,8.31752011664203));
#2806=CARTESIAN_POINT('Ctrl Pts',(-55.2648733973191,25.5902207531232,8.28953294339098));
#2807=CARTESIAN_POINT('Ctrl Pts',(-57.3953936274614,23.5818090108843,8.25480531201828));
#2808=CARTESIAN_POINT('Ctrl Pts',(-60.0368793393805,19.8577572846358,8.21362028836455));
#2809=CARTESIAN_POINT('Ctrl Pts',(-60.8426742180772,18.3930120132906,8.20139696058878));
#2810=CARTESIAN_POINT('Ctrl Pts',(-62.0875300608924,15.3552839449899,8.19394523513332));
#2811=CARTESIAN_POINT('Ctrl Pts',(-62.5330079442785,13.796181136765,8.19790797533623));
#2812=CARTESIAN_POINT('Ctrl Pts',(-62.8028321743949,12.2024378405137,8.21742777342424));
#2813=CARTESIAN_POINT('',(-51.204524069379,20.1304924370778,8.77652709651006));
#2814=CARTESIAN_POINT('Ctrl Pts',(-36.8396854412264,23.2267488276591,8.82874235657053));
#2815=CARTESIAN_POINT('Ctrl Pts',(-37.6442354563394,23.4598276832621,8.82702153739615));
#2816=CARTESIAN_POINT('Ctrl Pts',(-38.4656805762288,23.6270370221481,8.82390078855468));
#2817=CARTESIAN_POINT('Ctrl Pts',(-39.295851371935,23.7270904484788,8.82065454717046));
#2818=CARTESIAN_POINT('Ctrl Pts',(-39.3453592240757,23.7330572088884,8.82046095515386));
#2819=CARTESIAN_POINT('Ctrl Pts',(-39.394898123683,23.7387851361669,8.82026691683284));
#2820=CARTESIAN_POINT('Ctrl Pts',(-39.4444663439019,23.7442739580975,8.82007270250259));
#2821=CARTESIAN_POINT('Ctrl Pts',(-39.5826131208838,23.7595713211212,8.81953142658731));
#2822=CARTESIAN_POINT('Ctrl Pts',(-39.7209874762968,23.7730114414365,8.81898515361115));
#2823=CARTESIAN_POINT('Ctrl Pts',(-39.8595519525633,23.7845884365027,8.81843637053094));
#2824=CARTESIAN_POINT('Ctrl Pts',(-40.1308118068915,23.8072520663148,8.81736204871404));
#2825=CARTESIAN_POINT('Ctrl Pts',(-40.4028001168341,23.8227755808923,8.81627855935852));
#2826=CARTESIAN_POINT('Ctrl Pts',(-40.675235415532,23.8311145917616,8.81519822278125));
#2827=CARTESIAN_POINT('Ctrl Pts',(-41.3380676099103,23.8514033168272,8.81256977533849));
#2828=CARTESIAN_POINT('Ctrl Pts',(-42.0008653470637,23.8290826463329,8.80998238427392));
#2829=CARTESIAN_POINT('Ctrl Pts',(-42.6595559597148,23.7645396546544,8.80746057129242));
#2830=CARTESIAN_POINT('Ctrl Pts',(-43.0079216589059,23.7304044112001,8.8061268447664));
#2831=CARTESIAN_POINT('Ctrl Pts',(-43.3551385167146,23.684458983095,8.80480794105425));
#2832=CARTESIAN_POINT('Ctrl Pts',(-43.7006040784224,23.626760899763,8.80351039662047));
#2833=CARTESIAN_POINT('Ctrl Pts',(-43.9815238219875,23.5798429647489,8.80245528175839));
#2834=CARTESIAN_POINT('Ctrl Pts',(-44.2612855610335,23.5251538162194,8.80141398321148));
#2835=CARTESIAN_POINT('Ctrl Pts',(-44.5395653322846,23.4627241893256,8.80038612241925));
#2836=CARTESIAN_POINT('Ctrl Pts',(-45.2686922944118,23.2991509479106,8.79769300170281));
#2837=CARTESIAN_POINT('Ctrl Pts',(-45.9843913104205,23.0831691395199,8.79509946215235));
#2838=CARTESIAN_POINT('Ctrl Pts',(-46.6811260874928,22.8167459819959,8.79257176737379));
#2839=CARTESIAN_POINT('Ctrl Pts',(-47.0243036968122,22.6855189135688,8.79132674806409));
#2840=CARTESIAN_POINT('Ctrl Pts',(-47.3628812243418,22.5420542396498,8.79009770314167));
#2841=CARTESIAN_POINT('Ctrl Pts',(-47.6962016190137,22.3865859040758,8.78888060123312));
#2842=CARTESIAN_POINT('Ctrl Pts',(-47.8235143030689,22.3272043258588,8.78841572569435));
#2843=CARTESIAN_POINT('Ctrl Pts',(-47.9500597598552,22.2660716731774,8.78795297201413));
#2844=CARTESIAN_POINT('Ctrl Pts',(-48.0758012157359,22.2032010291405,8.78749259730815));
#2845=CARTESIAN_POINT('Ctrl Pts',(-48.5119440130704,21.9851299214983,8.78589575630866));
#2846=CARTESIAN_POINT('Ctrl Pts',(-48.937163647782,21.7467743166467,8.78432966797869));
#2847=CARTESIAN_POINT('Ctrl Pts',(-49.3501034204903,21.4890338275084,8.78282358638246));
#2848=CARTESIAN_POINT('Ctrl Pts',(-50.0004709127919,21.0831004525611,8.78045155400468));
#2849=CARTESIAN_POINT('Ctrl Pts',(-50.620377742448,20.6290820560848,8.77823227665978));
#2850=CARTESIAN_POINT('Ctrl Pts',(-51.2045240696683,20.1304924374648,8.77652709596503));
#2851=CARTESIAN_POINT('',(-52.8377324603105,18.5121521146353,8.77337300882313));
#2852=CARTESIAN_POINT('Ctrl Pts',(-52.8377324601719,18.5121521147434,8.77337300858045));
#2853=CARTESIAN_POINT('Ctrl Pts',(-52.9376784023809,18.6184263564611,8.76361260493891));
#2854=CARTESIAN_POINT('Ctrl Pts',(-53.0165146333413,18.7427759698424,8.75405512059949));
#2855=CARTESIAN_POINT('Ctrl Pts',(-53.1248303349993,19.0177868064041,8.73624081065337));
#2856=CARTESIAN_POINT('Ctrl Pts',(-53.1519940991393,19.1664435660349,8.7281926458863));
#2857=CARTESIAN_POINT('Ctrl Pts',(-53.1477862108002,19.465325162967,8.71499605618768));
#2858=CARTESIAN_POINT('Ctrl Pts',(-53.116689809255,19.6127074889104,8.70996072944637));
#2859=CARTESIAN_POINT('Ctrl Pts',(-52.9998744287606,19.8873789084285,8.70348121514982));
#2860=CARTESIAN_POINT('Ctrl Pts',(-52.9153037767893,20.0120339673848,8.70209490127195));
#2861=CARTESIAN_POINT('Ctrl Pts',(-52.7031680885432,20.2221474270253,8.70304978211297));
#2862=CARTESIAN_POINT('Ctrl Pts',(-52.5776242788332,20.3055525871359,8.7053805868476));
#2863=CARTESIAN_POINT('Ctrl Pts',(-52.3016151329202,20.4197563361776,8.7133870896179));
#2864=CARTESIAN_POINT('Ctrl Pts',(-52.1537785256166,20.4494131100528,8.71898773293834));
#2865=CARTESIAN_POINT('Ctrl Pts',(-51.8546129549991,20.4505713513462,8.73277021413014));
#2866=CARTESIAN_POINT('Ctrl Pts',(-51.7061474185175,20.4218625940634,8.74082987707356));
#2867=CARTESIAN_POINT('Ctrl Pts',(-51.4326488591013,20.3108221884097,8.75819069394232));
#2868=CARTESIAN_POINT('Ctrl Pts',(-51.3095174318009,20.2310587174346,8.76729614948161));
#2869=CARTESIAN_POINT('Ctrl Pts',(-51.2045240693934,20.1304924370158,8.77652709599791));
#2870=CARTESIAN_POINT('Ctrl Pts',(-52.8377324606888,18.5121521145104,8.77337300856433));
#2871=CARTESIAN_POINT('Ctrl Pts',(-53.2763292732566,18.0077122202558,8.77315737067352));
#2872=CARTESIAN_POINT('Ctrl Pts',(-53.6813509504374,17.4759509134711,8.77368702363945));
#2873=CARTESIAN_POINT('Ctrl Pts',(-54.050488238157,16.9203525404849,8.77520976455753));
#2874=CARTESIAN_POINT('Ctrl Pts',(-54.3988929264973,16.3959593555577,8.77664698071704));
#2875=CARTESIAN_POINT('Ctrl Pts',(-54.7153308177833,15.8503311683969,8.7789774816287));
#2876=CARTESIAN_POINT('Ctrl Pts',(-54.997859068636,15.2863975571108,8.78226116867528));
#2877=CARTESIAN_POINT('Ctrl Pts',(-55.0138630255308,15.2544532500217,8.78244717469949));
#2878=CARTESIAN_POINT('Ctrl Pts',(-55.0297581715733,15.2224502006715,8.78263617697064));
#2879=CARTESIAN_POINT('Ctrl Pts',(-55.0455441522269,15.1903889405159,8.78282816206434));
#2880=CARTESIAN_POINT('Ctrl Pts',(-55.1348467757208,15.00901568869,8.78391423792597));
#2881=CARTESIAN_POINT('Ctrl Pts',(-55.2180570138738,14.831050014204,8.78506483161596));
#2882=CARTESIAN_POINT('Ctrl Pts',(-55.2955196007658,14.6573666459694,8.78625554157457));
#2883=CARTESIAN_POINT('Ctrl Pts',(-55.3628802184849,14.5063334899487,8.78729096992204));
#2884=CARTESIAN_POINT('Ctrl Pts',(-55.425895787173,14.3585384275325,8.78835673359508));
#2885=CARTESIAN_POINT('Ctrl Pts',(-55.4848222487701,14.2145438633321,8.78943678685255));
#2886=CARTESIAN_POINT('Ctrl Pts',(-55.5556615536482,14.0414386987303,8.79073518862174));
#2887=CARTESIAN_POINT('Ctrl Pts',(-55.6206301910332,13.8737266153784,8.79204659421119));
#2888=CARTESIAN_POINT('Ctrl Pts',(-55.6801530153588,13.7124982739486,8.79335023322305));
#2889=CARTESIAN_POINT('Ctrl Pts',(-55.7442623112819,13.5388466441912,8.79475432283296));
#2890=CARTESIAN_POINT('Ctrl Pts',(-55.8020556253552,13.3727173651354,8.79614940286091));
#2891=CARTESIAN_POINT('Ctrl Pts',(-55.8541180919144,13.2154382576303,8.79750952211871));
#2892=CARTESIAN_POINT('Ctrl Pts',(-55.9077693013546,13.0533596068283,8.7989111468973));
#2893=CARTESIAN_POINT('Ctrl Pts',(-55.9553373577138,12.90068017929,8.80027564461718));
#2894=CARTESIAN_POINT('Ctrl Pts',(-55.9974847568614,12.7588051826363,8.80157461506665));
#2895=CARTESIAN_POINT('Ctrl Pts',(-56.0341851712122,12.635265622224,8.80270571104621));
#2896=CARTESIAN_POINT('Ctrl Pts',(-56.0667772347602,12.519917651418,8.8037871223509));
#2897=CARTESIAN_POINT('Ctrl Pts',(-56.0956838512476,12.4136557677162,8.80480009807976));
#2898=CARTESIAN_POINT('Ctrl Pts',(-56.122397091273,12.3154568240202,8.8057362112287));
#2899=CARTESIAN_POINT('Ctrl Pts',(-56.1459639435099,12.2250171465157,8.80661388029616));
#2900=CARTESIAN_POINT('Ctrl Pts',(-56.1666872253266,12.1430177498916,8.80741830704248));
#2901=CARTESIAN_POINT('Ctrl Pts',(-56.1862083415885,12.0657751698279,8.80817606868361));
#2902=CARTESIAN_POINT('Ctrl Pts',(-56.2032069100661,11.9960218683371,8.80886883915866));
#2903=CARTESIAN_POINT('Ctrl Pts',(-56.217896027962,11.934306886165,8.80948424907424));
#2904=CARTESIAN_POINT('Ctrl Pts',(-56.2315986287156,11.876736665324,8.81005832822813));
#2905=CARTESIAN_POINT('Ctrl Pts',(-56.2432918813791,11.8261611721036,8.8105650889213));
#2906=CARTESIAN_POINT('Ctrl Pts',(-56.2531063019011,11.7830101206284,8.8109944903087));
#2907=CARTESIAN_POINT('Ctrl Pts',(-56.2578598976624,11.7621099915857,8.81120247004734));
#2908=CARTESIAN_POINT('Ctrl Pts',(-56.2621720460209,11.7429513505439,8.81139230182932));
#2909=CARTESIAN_POINT('Ctrl Pts',(-56.2660532927574,11.7255816696918,8.81156284476664));
#2910=CARTESIAN_POINT('Origin',(-53.3538764610162,-5.69009925791282,5.20516372770687));
#2911=CARTESIAN_POINT('',(-51.6274600820154,-5.69009925791282,5.43014468960142));
#2912=CARTESIAN_POINT('Origin',(-53.3538764610162,-5.69009925791282,5.43014468960142));
#2913=CARTESIAN_POINT('',(-51.2713362411088,-5.69009925791282,5.08018276581232));
#2914=CARTESIAN_POINT('',(-51.3985177919135,-5.69009925791282,5.20516372770687));
#2915=CARTESIAN_POINT('Origin',(-53.3538764610162,-5.69009925791282,5.08018276581232));
#2916=CARTESIAN_POINT('Origin',(-53.3538764610162,-5.69009925791282,6.60050502782758));
#2917=CARTESIAN_POINT('',(-51.6984838107365,-5.69009925791282,9.49909138290616));
#2918=CARTESIAN_POINT('Origin',(-53.3538764610162,-5.69009925791282,9.49909138290616));
#2919=CARTESIAN_POINT('',(-51.6478887977085,-5.69009925791282,6.60050502782758));
#2920=CARTESIAN_POINT('Origin',(-22.8443897919434,5.00405053462289,5.08018276581232));
#2921=CARTESIAN_POINT('Origin',(-47.3605385186919,26.0789661501947,5.20516372770687));
#2922=CARTESIAN_POINT('',(-45.634122139691,26.0789661501947,5.43014468960142));
#2923=CARTESIAN_POINT('Origin',(-47.3605385186919,26.0789661501947,5.43014468960142));
#2924=CARTESIAN_POINT('',(-45.2779982987845,26.0789661501947,5.08018276581232));
#2925=CARTESIAN_POINT('',(-45.4051798495892,26.0789661501947,5.20516372770687));
#2926=CARTESIAN_POINT('Origin',(-47.3605385186919,26.0789661501947,5.08018276581232));
#2927=CARTESIAN_POINT('Origin',(-47.3605385186919,26.0789661501947,6.60050502782758));
#2928=CARTESIAN_POINT('',(-45.7051458684121,26.0789661501947,9.49909138290616));
#2929=CARTESIAN_POINT('Origin',(-47.3605385186919,26.0789661501947,9.49909138290616));
#2930=CARTESIAN_POINT('',(-45.6545508553842,26.0789661501947,6.60050502782758));
#2931=CARTESIAN_POINT('Origin',(-22.8443897919434,5.00405053462289,5.08018276581232));
#2932=CARTESIAN_POINT('Origin',(-22.8443897919434,5.00405053462291,5.20516372770687));
#2933=CARTESIAN_POINT('',(-21.1179734129426,5.00405053462291,5.43014468960142));
#2934=CARTESIAN_POINT('Origin',(-22.8443897919434,5.00405053462291,5.43014468960142));
#2935=CARTESIAN_POINT('',(-20.7618495720361,5.00405053462291,5.08018276581232));
#2936=CARTESIAN_POINT('',(-20.8890311228407,5.00405053462291,5.20516372770687));
#2937=CARTESIAN_POINT('Origin',(-22.8443897919434,5.00405053462291,5.08018276581232));
#2938=CARTESIAN_POINT('Origin',(-22.8443897919434,5.00405053462291,6.60050502782758));
#2939=CARTESIAN_POINT('',(-21.1889971416637,5.00405053462291,9.49909138290616));
#2940=CARTESIAN_POINT('Origin',(-22.8443897919434,5.00405053462291,9.49909138290616));
#2941=CARTESIAN_POINT('',(-21.1384021286357,5.00405053462291,6.60050502782758));
#2942=CARTESIAN_POINT('Origin',(-22.8443897919434,5.00405053462289,5.08018276581232));
#2943=CARTESIAN_POINT('Origin',(-53.3538764610162,-5.69009925791282,9.49909138290616));
#2944=CARTESIAN_POINT('',(-54.4788764610162,-5.69009925791284,9.49909138290616));
#2945=CARTESIAN_POINT('Origin',(-53.3538764610162,-5.69009925791284,9.49909138290616));
#2946=CARTESIAN_POINT('Origin',(-22.8443897919434,5.00405053462291,9.49909138290616));
#2947=CARTESIAN_POINT('',(-23.9693897919434,5.00405053462289,9.49909138290616));
#2948=CARTESIAN_POINT('Origin',(-22.8443897919434,5.00405053462289,9.49909138290616));
#2949=CARTESIAN_POINT('Origin',(-22.8443897919434,5.00405053462289,25.7991423435546));
#2950=CARTESIAN_POINT('',(-23.8828869593159,5.43665732301088,10.9778601446337));
#2951=CARTESIAN_POINT('',(-23.9693897919434,5.00405053430793,11.0035164654888));
#2952=CARTESIAN_POINT('Ctrl Pts',(-23.8828869593158,5.43665732301094,10.9778601446337));
#2953=CARTESIAN_POINT('Ctrl Pts',(-23.8511252982627,5.51290299441533,10.9715258195916));
#2954=CARTESIAN_POINT('Ctrl Pts',(-23.8110592764216,5.58542835297199,10.9644134871195));
#2955=CARTESIAN_POINT('Ctrl Pts',(-23.7029015013283,5.73861751037143,10.9467434221537));
#2956=CARTESIAN_POINT('Ctrl Pts',(-23.6307533039642,5.81536280210767,10.9358698665134));
#2957=CARTESIAN_POINT('Ctrl Pts',(-23.452409898003,5.95868490924497,10.9105150333285));
#2958=CARTESIAN_POINT('Ctrl Pts',(-23.3435751307178,6.0198235754859,10.8959048270477));
#2959=CARTESIAN_POINT('Ctrl Pts',(-23.0857967730187,6.11306311218665,10.8627301026515));
#2960=CARTESIAN_POINT('Ctrl Pts',(-22.9357140181303,6.13535980850402,10.8442969877168));
#2961=CARTESIAN_POINT('Ctrl Pts',(-22.6456647516325,6.12019899346282,10.8099608825053));
#2962=CARTESIAN_POINT('Ctrl Pts',(-22.5081223002277,6.08676822473767,10.7942548625643));
#2963=CARTESIAN_POINT('Ctrl Pts',(-22.2482064066656,5.96902787496417,10.7657179362047));
#2964=CARTESIAN_POINT('Ctrl Pts',(-22.1288348820032,5.88422674037337,10.7532544956603));
#2965=CARTESIAN_POINT('Ctrl Pts',(-21.9269817279836,5.67175620155747,10.7338762526793));
#2966=CARTESIAN_POINT('Ctrl Pts',(-21.8471916735742,5.54548267302691,10.7272598818753));
#2967=CARTESIAN_POINT('Ctrl Pts',(-21.7414725250501,5.27009394036542,10.7216455045778));
#2968=CARTESIAN_POINT('Ctrl Pts',(-21.7162029717648,5.12398680813603,10.7226574877185));
#2969=CARTESIAN_POINT('Ctrl Pts',(-21.7224290397995,4.86341380709697,10.7315164744843));
#2970=CARTESIAN_POINT('Ctrl Pts',(-21.7423877018279,4.75084529433054,10.7377201843828));
#2971=CARTESIAN_POINT('Ctrl Pts',(-21.7870550973555,4.61891405258344,10.7479670489741));
#2972=CARTESIAN_POINT('Ctrl Pts',(-21.7961353441202,4.59484576668671,10.7499663353131));
#2973=CARTESIAN_POINT('Ctrl Pts',(-21.8060287578671,4.57111709526768,10.7520685099379));
#2974=CARTESIAN_POINT('Ctrl Pts',(-21.8407130260117,4.48792926715619,10.7594383006127));
#2975=CARTESIAN_POINT('Ctrl Pts',(-21.8852262796271,4.40931000453417,10.7680403563385));
#2976=CARTESIAN_POINT('Ctrl Pts',(-21.9963681864721,4.25840331730367,10.7880685825603));
#2977=CARTESIAN_POINT('Ctrl Pts',(-22.0640802976781,4.1878354219941,10.7995872342019));
#2978=CARTESIAN_POINT('Ctrl Pts',(-22.2408560960704,4.04586099964253,10.8281187372796));
#2979=CARTESIAN_POINT('Ctrl Pts',(-22.3549534323217,3.98287738419777,10.8454840589078));
#2980=CARTESIAN_POINT('Ctrl Pts',(-22.6077529276055,3.89557674080237,10.8815960940774));
#2981=CARTESIAN_POINT('Ctrl Pts',(-22.7456237972997,3.87488794120124,10.9000630873573));
#2982=CARTESIAN_POINT('Ctrl Pts',(-23.0268807815025,3.88476639829453,10.935045145091));
#2983=CARTESIAN_POINT('Ctrl Pts',(-23.1678397541297,3.9170329386779,10.9511622287934));
#2984=CARTESIAN_POINT('Ctrl Pts',(-23.4347258717658,4.03497540073312,10.9788283010823));
#2985=CARTESIAN_POINT('Ctrl Pts',(-23.5573549926266,4.12120500684272,10.9899437004109));
#2986=CARTESIAN_POINT('Ctrl Pts',(-23.7615277736607,4.33600448163457,11.0053758005337));
#2987=CARTESIAN_POINT('Ctrl Pts',(-23.841264968172,4.46208744766442,11.0095943023179));
#2988=CARTESIAN_POINT('Ctrl Pts',(-23.9439794856822,4.72905078927181,11.0110320816805));
#2989=CARTESIAN_POINT('Ctrl Pts',(-23.9693897918661,4.86600483939704,11.0086822910027));
#2990=CARTESIAN_POINT('Ctrl Pts',(-23.9693897919434,5.00405053399298,11.0035164654888));
#2991=CARTESIAN_POINT('Ctrl Pts',(-23.9693897919434,5.00405053399298,11.0035164654888));
#2992=CARTESIAN_POINT('Ctrl Pts',(-23.9693897919453,5.00738544995578,11.003391669174));
#2993=CARTESIAN_POINT('Ctrl Pts',(-23.9693749630673,5.01072100280608,11.0032652238004));
#2994=CARTESIAN_POINT('Ctrl Pts',(-23.968253689313,5.13677660753525,10.9984252131006));
#2995=CARTESIAN_POINT('Ctrl Pts',(-23.9470903298138,5.25838449351125,10.9915620116468));
#2996=CARTESIAN_POINT('Ctrl Pts',(-23.8994405812685,5.39519331926213,10.9812255001035));
#2997=CARTESIAN_POINT('Ctrl Pts',(-23.8914667467749,5.4160610558879,10.9795712378435));
#2998=CARTESIAN_POINT('Ctrl Pts',(-23.8828869593158,5.43665732301094,10.9778601446337));
#2999=CARTESIAN_POINT('',(-23.9693897919434,5.00405053462289,25.7991423435546));
#3000=CARTESIAN_POINT('Origin',(-47.3605385186919,26.0789661501947,25.7991423435546));
#3001=CARTESIAN_POINT('',(-48.4271402040486,26.4367172435462,10.5325106666269));
#3002=CARTESIAN_POINT('',(-48.4855385186919,26.0789661507699,10.554715528955));
#3003=CARTESIAN_POINT('Ctrl Pts',(-48.4271402040487,26.4367172435461,10.532510666627));
#3004=CARTESIAN_POINT('Ctrl Pts',(-48.4211540055996,26.4545645387,10.5314695324417));
#3005=CARTESIAN_POINT('Ctrl Pts',(-48.4147149098764,26.4722763367863,10.5304471084688));
#3006=CARTESIAN_POINT('Ctrl Pts',(-48.3531273215195,26.6292604874969,10.5214832270969));
#3007=CARTESIAN_POINT('Ctrl Pts',(-48.2711084329231,26.7564303897603,10.5149174302602));
#3008=CARTESIAN_POINT('Ctrl Pts',(-48.1064388726755,26.9255336283171,10.5074347421017));
#3009=CARTESIAN_POINT('Ctrl Pts',(-48.0394488722221,26.9801486460934,10.5053286271997));
#3010=CARTESIAN_POINT('Ctrl Pts',(-47.9168396953808,27.0585996951067,10.5029102966436));
#3011=CARTESIAN_POINT('Ctrl Pts',(-47.8643489275015,27.0866014076809,10.5022479475469));
#3012=CARTESIAN_POINT('Ctrl Pts',(-47.7584983336223,27.1327191765116,10.5016085563428));
#3013=CARTESIAN_POINT('Ctrl Pts',(-47.7055048101741,27.1512374430399,10.501595942537));
#3014=CARTESIAN_POINT('Ctrl Pts',(-47.5822665748176,27.1842155794273,10.502249579024));
#3015=CARTESIAN_POINT('Ctrl Pts',(-47.5115806477166,27.1960714657041,10.5031025422786));
#3016=CARTESIAN_POINT('Ctrl Pts',(-47.3172035400907,27.2098795725713,10.5067286246768));
#3017=CARTESIAN_POINT('Ctrl Pts',(-47.1935882641132,27.1983195732561,10.5104214926861));
#3018=CARTESIAN_POINT('Ctrl Pts',(-46.9339682447205,27.1300302133497,10.5211862422774));
#3019=CARTESIAN_POINT('Ctrl Pts',(-46.8021151487646,27.0662968154557,10.5286397530406));
#3020=CARTESIAN_POINT('Ctrl Pts',(-46.5669930205651,26.8901609984366,10.5461678166355));
#3021=CARTESIAN_POINT('Ctrl Pts',(-46.4668464885571,26.7782780723848,10.5561317294486));
#3022=CARTESIAN_POINT('Ctrl Pts',(-46.3178286063421,26.5254562262169,10.5767402968834));
#3023=CARTESIAN_POINT('Ctrl Pts',(-46.269068642346,26.3876609608044,10.5871694445097));
#3024=CARTESIAN_POINT('Ctrl Pts',(-46.2278305323694,26.1102980158765,10.6067038400351));
#3025=CARTESIAN_POINT('Ctrl Pts',(-46.2322932265627,25.9736358404626,10.6156950232697));
#3026=CARTESIAN_POINT('Ctrl Pts',(-46.2879135774426,25.7165998793953,10.6313868766529));
#3027=CARTESIAN_POINT('Ctrl Pts',(-46.3357790167796,25.5975847685139,10.6380820805367));
#3028=CARTESIAN_POINT('Ctrl Pts',(-46.4637836193196,25.389707944382,10.6486376686911));
#3029=CARTESIAN_POINT('Ctrl Pts',(-46.5400919932183,25.3004220439407,10.6526246075895));
#3030=CARTESIAN_POINT('Ctrl Pts',(-46.6812771901934,25.1795201921817,10.6570673113625));
#3031=CARTESIAN_POINT('Ctrl Pts',(-46.7377927818168,25.139504163544,10.6582907490766));
#3032=CARTESIAN_POINT('Ctrl Pts',(-46.8463914615626,25.0767437312961,10.6597109841357));
#3033=CARTESIAN_POINT('Ctrl Pts',(-46.8972033475538,25.0522637135959,10.6600538467174));
#3034=CARTESIAN_POINT('Ctrl Pts',(-47.0063526297085,25.0094385188465,10.6601514521092));
#3035=CARTESIAN_POINT('Ctrl Pts',(-47.0647820146024,24.9918301480975,10.6598556992036));
#3036=CARTESIAN_POINT('Ctrl Pts',(-47.2109430469278,24.9604444319342,10.6582930676219));
#3037=CARTESIAN_POINT('Ctrl Pts',(-47.2994202030048,24.9521432909265,10.6566520747189));
#3038=CARTESIAN_POINT('Ctrl Pts',(-47.3879388666203,24.9542998792798,10.6543373135651));
#3039=CARTESIAN_POINT('Ctrl Pts',(-47.4729849533307,24.9563718649222,10.6521133602228));
#3040=CARTESIAN_POINT('Ctrl Pts',(-47.5575030379248,24.9680832903899,10.6492823894743));
#3041=CARTESIAN_POINT('Ctrl Pts',(-47.707944300034,25.0066451908555,10.6431104225993));
#3042=CARTESIAN_POINT('Ctrl Pts',(-47.7742156487653,25.0304290591077,10.6399569226005));
#3043=CARTESIAN_POINT('Ctrl Pts',(-47.9719625333718,25.1230744619122,10.6291613875294));
#3044=CARTESIAN_POINT('Ctrl Pts',(-48.0923224056321,25.2117717621072,10.6205273939298));
#3045=CARTESIAN_POINT('Ctrl Pts',(-48.2916877510747,25.4305242216379,10.6015866549867));
#3046=CARTESIAN_POINT('Ctrl Pts',(-48.3687875117067,25.5584519016889,10.5914604145926));
#3047=CARTESIAN_POINT('Ctrl Pts',(-48.463017799729,25.8199649055674,10.5722012685652));
#3048=CARTESIAN_POINT('Ctrl Pts',(-48.4855385188248,25.9490047767748,10.563243063032));
#3049=CARTESIAN_POINT('Ctrl Pts',(-48.4855385186919,26.078966151345,10.554715528955));
#3050=CARTESIAN_POINT('Ctrl Pts',(-48.4855385186919,26.078966151345,10.554715528955));
#3051=CARTESIAN_POINT('Ctrl Pts',(-48.4855385186825,26.0881130108267,10.5541153494309));
#3052=CARTESIAN_POINT('Ctrl Pts',(-48.4854269656534,26.0972644353794,10.5535173088888));
#3053=CARTESIAN_POINT('Ctrl Pts',(-48.4824586009916,26.2188724468286,10.5456027160833));
#3054=CARTESIAN_POINT('Ctrl Pts',(-48.4628647381784,26.330207860292,10.5387239644406));
#3055=CARTESIAN_POINT('Ctrl Pts',(-48.4271402040487,26.4367172435461,10.532510666627));
#3056=CARTESIAN_POINT('',(-48.4855385186918,26.0789661501947,9.49909138290616));
#3057=CARTESIAN_POINT('',(-48.4855385186919,26.0789661501947,25.7991423435546));
#3058=CARTESIAN_POINT('Origin',(-47.3605385186919,26.0789661501947,9.49909138290616));
#3059=CARTESIAN_POINT('Origin',(-47.3605385186919,26.0789661501947,9.49909138290616));
#3060=CARTESIAN_POINT('Origin',(-53.3538764610162,-5.69009925791284,25.7991423435546));
#3061=CARTESIAN_POINT('',(-54.3810608550684,-5.23127770151471,10.4983005160234));
#3062=CARTESIAN_POINT('',(-54.4788764610162,-5.69009927040392,10.4515716893461));
#3063=CARTESIAN_POINT('Ctrl Pts',(-54.3810608550686,-5.23127770151515,10.4983005160233));
#3064=CARTESIAN_POINT('Ctrl Pts',(-54.3736532829292,-5.21469403757578,10.5003053201899));
#3065=CARTESIAN_POINT('Ctrl Pts',(-54.3658383770304,-5.19827693981643,10.5023293525912));
#3066=CARTESIAN_POINT('Ctrl Pts',(-54.2978961657488,-5.06404685702032,10.5192094434345));
#3067=CARTESIAN_POINT('Ctrl Pts',(-54.2178504773619,-4.95754037542262,10.5347394175982));
#3068=CARTESIAN_POINT('Ctrl Pts',(-54.0391950436024,-4.79091246626978,10.5634863773643));
#3069=CARTESIAN_POINT('Ctrl Pts',(-53.9461916079107,-4.72709479173993,10.5765452207663));
#3070=CARTESIAN_POINT('Ctrl Pts',(-53.7457029635066,-4.62974820044763,10.6014358920498));
#3071=CARTESIAN_POINT('Ctrl Pts',(-53.6394856514066,-4.59632773630941,10.6131524349339));
#3072=CARTESIAN_POINT('Ctrl Pts',(-53.4056247404045,-4.55925430381,10.6360801262493));
#3073=CARTESIAN_POINT('Ctrl Pts',(-53.2786640351706,-4.56054274066649,10.6468465602976));
#3074=CARTESIAN_POINT('Ctrl Pts',(-53.007898248616,-4.60931336706889,10.6662793673154));
#3075=CARTESIAN_POINT('Ctrl Pts',(-52.8678909565614,-4.66457354766246,10.6740281040906));
#3076=CARTESIAN_POINT('Ctrl Pts',(-52.6246460981323,-4.82199742487794,10.6827583982098));
#3077=CARTESIAN_POINT('Ctrl Pts',(-52.5219818669388,-4.91981188949111,10.6840233450002));
#3078=CARTESIAN_POINT('Ctrl Pts',(-52.3557877658889,-5.15131231424628,10.6802597046817));
#3079=CARTESIAN_POINT('Ctrl Pts',(-52.2950131952774,-5.2836279989537,10.6750926718688));
#3080=CARTESIAN_POINT('Ctrl Pts',(-52.225433729714,-5.56910240603725,10.6582824785419));
#3081=CARTESIAN_POINT('Ctrl Pts',(-52.2194115384311,-5.7199031430692,10.6465686395723));
#3082=CARTESIAN_POINT('Ctrl Pts',(-52.2664739797188,-6.01498586307692,10.6180693506182));
#3083=CARTESIAN_POINT('Ctrl Pts',(-52.3192152501488,-6.15632234385126,10.6015549038458));
#3084=CARTESIAN_POINT('Ctrl Pts',(-52.4665151334753,-6.39378617518583,10.5683114058379));
#3085=CARTESIAN_POINT('Ctrl Pts',(-52.5538419889116,-6.49166752642845,10.5521205257399));
#3086=CARTESIAN_POINT('Ctrl Pts',(-52.7418900743996,-6.64042124228464,10.5224910888196));
#3087=CARTESIAN_POINT('Ctrl Pts',(-52.8373756999311,-6.69552936559503,10.5091725519591));
#3088=CARTESIAN_POINT('Ctrl Pts',(-53.0389278725586,-6.77541037972221,10.4842450143506));
#3089=CARTESIAN_POINT('Ctrl Pts',(-53.1437019707253,-6.80048795028523,10.4727255484202));
#3090=CARTESIAN_POINT('Ctrl Pts',(-53.374048380855,-6.82173628530405,10.4504345805497));
#3091=CARTESIAN_POINT('Ctrl Pts',(-53.4987458141191,-6.81263991093995,10.4402137033992));
#3092=CARTESIAN_POINT('Ctrl Pts',(-53.7125346669063,-6.76068000112913,10.4259601079597));
#3093=CARTESIAN_POINT('Ctrl Pts',(-53.8023091490584,-6.72630063075428,10.4211027611799));
#3094=CARTESIAN_POINT('Ctrl Pts',(-53.8866947931602,-6.68092195897054,10.4176950432385));
#3095=CARTESIAN_POINT('Ctrl Pts',(-54.009208522298,-6.61503977767384,10.4127476112755));
#3096=CARTESIAN_POINT('Ctrl Pts',(-54.1184802901159,-6.52698480898158,10.4109315511069));
#3097=CARTESIAN_POINT('Ctrl Pts',(-54.3022520734657,-6.31205604777959,10.4136460298013));
#3098=CARTESIAN_POINT('Ctrl Pts',(-54.3737534335425,-6.1861257458185,10.4183504112295));
#3099=CARTESIAN_POINT('Ctrl Pts',(-54.4589737658628,-5.93394425602762,10.4326069389825));
#3100=CARTESIAN_POINT('Ctrl Pts',(-54.4788764596501,-5.81227275212388,10.4412545296334));
#3101=CARTESIAN_POINT('Ctrl Pts',(-54.4788764610162,-5.69009927049237,10.4515716903934));
#3102=CARTESIAN_POINT('Ctrl Pts',(-54.4788764610162,-5.69009927049237,10.4515716903934));
#3103=CARTESIAN_POINT('Ctrl Pts',(-54.478876461317,-5.66319597431561,10.4538435879274));
#3104=CARTESIAN_POINT('Ctrl Pts',(-54.4779114236817,-5.63626834457797,10.4561965339972));
#3105=CARTESIAN_POINT('Ctrl Pts',(-54.4665617360723,-5.47851645852318,10.4704460978368));
#3106=CARTESIAN_POINT('Ctrl Pts',(-54.434353503222,-5.35058634283244,10.4838772581656));
#3107=CARTESIAN_POINT('Ctrl Pts',(-54.3810608550686,-5.23127770151514,10.4983005160233));
#3108=CARTESIAN_POINT('',(-54.4788764610162,-5.69009925791284,25.7991423435546));
#3109=CARTESIAN_POINT('Origin',(-22.2765442090201,-5.6599884665137,0.218));
#3110=CARTESIAN_POINT('',(-21.974370133526,-1.92209395586048,10.9958225022374));
#3111=CARTESIAN_POINT('',(-21.974370133526,-1.92209395586048,0.218));
#3112=CARTESIAN_POINT('',(-25.7809065620382,-6.99513229525349,11.5668220796398));
#3113=CARTESIAN_POINT('Ctrl Pts',(-25.7809065620382,-6.99513229525348,11.5668220796398));
#3114=CARTESIAN_POINT('Ctrl Pts',(-25.9239572445477,-6.6196660604037,11.5684080309773));
#3115=CARTESIAN_POINT('Ctrl Pts',(-26.0057270629877,-6.22366772384254,11.5653070946869));
#3116=CARTESIAN_POINT('Ctrl Pts',(-26.0416677599482,-5.39421527616392,11.5482622760106));
#3117=CARTESIAN_POINT('Ctrl Pts',(-25.9866930394385,-4.96627523520858,11.5337200873624));
#3118=CARTESIAN_POINT('Ctrl Pts',(-25.7323087626816,-4.13956076360363,11.4914682127432));
#3119=CARTESIAN_POINT('Ctrl Pts',(-25.5319823180365,-3.74807050061656,11.4638065889228));
#3120=CARTESIAN_POINT('Ctrl Pts',(-24.9989635541986,-3.04222301608575,11.3941027407786));
#3121=CARTESIAN_POINT('Ctrl Pts',(-24.6670966623213,-2.73620954329907,11.3522218808211));
#3122=CARTESIAN_POINT('Ctrl Pts',(-23.9595503233588,-2.28599745282677,11.2617745312565));
#3123=CARTESIAN_POINT('Ctrl Pts',(-23.5989243567699,-2.12913456508011,11.2152259567596));
#3124=CARTESIAN_POINT('Ctrl Pts',(-22.8142340584338,-1.92491550856198,11.1112811513619));
#3125=CARTESIAN_POINT('Ctrl Pts',(-22.3928005641987,-1.88826773947401,11.0539506718745));
#3126=CARTESIAN_POINT('Ctrl Pts',(-21.974370133526,-1.92209395586047,10.9958225022374));
#3127=CARTESIAN_POINT('',(-25.7809065620382,-6.99513229525345,0.218));
#3128=CARTESIAN_POINT('Ctrl Pts',(-71.1255823958328,34.6584418755944,20.284922969022));
#3129=CARTESIAN_POINT('Ctrl Pts',(-78.9799489375841,21.3022785014803,16.0073116342286));
#3130=CARTESIAN_POINT('Ctrl Pts',(-86.8343154793355,7.94611512736525,11.7297002994347));
#3131=CARTESIAN_POINT('Ctrl Pts',(-94.6886820210858,-5.41004824674905,7.45208896464104));
#3132=CARTESIAN_POINT('Ctrl Pts',(-95.1527187244529,-6.19913161697524,7.19936729045738));
#3133=CARTESIAN_POINT('Ctrl Pts',(-97.0721288520539,-9.44988099070275,6.24214248335897));
#3134=CARTESIAN_POINT('Ctrl Pts',(-100.152210956857,-16.694715023474,4.80300275604954));
#3135=CARTESIAN_POINT('Ctrl Pts',(-99.9266087223432,-24.9718193920463,4.22023206682002));
#3136=CARTESIAN_POINT('Ctrl Pts',(-97.4052366160437,-30.1113446689544,4.17604498647477));
#3137=CARTESIAN_POINT('Ctrl Pts',(-94.4030588270502,-32.6227551494651,4.2766446222597));
#3138=CARTESIAN_POINT('Ctrl Pts',(-90.2909544656298,-33.617363479849,4.36543535845558));
#3139=CARTESIAN_POINT('Ctrl Pts',(-86.0949356947454,-33.0324589700468,4.29107234248827));
#3140=CARTESIAN_POINT('Ctrl Pts',(-82.4264270188735,-31.9162128649851,4.13341999740137));
#3141=CARTESIAN_POINT('Ctrl Pts',(-80.0885762470396,-30.8265203984367,4.06770216573641));
#3142=CARTESIAN_POINT('Ctrl Pts',(-77.4348308361668,-29.6533535999731,3.96478894385178));
#3143=CARTESIAN_POINT('Ctrl Pts',(-73.5770196706119,-29.2750852092712,3.70669287138533));
#3144=CARTESIAN_POINT('Ctrl Pts',(-69.0722822974383,-29.812315026625,3.49133705602692));
#3145=CARTESIAN_POINT('Ctrl Pts',(-64.7555072848899,-31.9630940770211,3.44402743800043));
#3146=CARTESIAN_POINT('Ctrl Pts',(-62.0828110418878,-34.7478058442332,3.71593614847905));
#3147=CARTESIAN_POINT('Ctrl Pts',(-60.9732736335461,-37.7176976336598,4.18072871265055));
#3148=CARTESIAN_POINT('Ctrl Pts',(-61.0184990363575,-40.5084533590433,4.71437364612564));
#3149=CARTESIAN_POINT('Ctrl Pts',(-61.9298156252224,-42.5464940002097,5.14963190792284));
#3150=CARTESIAN_POINT('Ctrl Pts',(-62.9257175007632,-44.7068963137554,5.67175534324835));
#3151=CARTESIAN_POINT('Ctrl Pts',(-62.7837693099443,-47.8693269832177,6.50145116903531));
#3152=CARTESIAN_POINT('Ctrl Pts',(-60.7053603837491,-50.5522714965923,7.27242724953316));
#3153=CARTESIAN_POINT('Ctrl Pts',(-57.6853175095346,-51.5703922695899,7.64416174132394));
#3154=CARTESIAN_POINT('Ctrl Pts',(-54.4484028124025,-51.1292696836267,7.69390061039609));
#3155=CARTESIAN_POINT('Ctrl Pts',(-51.9776171109675,-49.573079403762,7.54145774836068));
#3156=CARTESIAN_POINT('Ctrl Pts',(-50.7037922854551,-48.3046067360628,7.4675219796324));
#3157=CARTESIAN_POINT('Ctrl Pts',(-43.6990660526905,-41.3293118658255,7.06095130493854));
#3158=CARTESIAN_POINT('Ctrl Pts',(-36.6943398199253,-34.3540169955888,6.65438063024415));
#3159=CARTESIAN_POINT('Ctrl Pts',(-29.6896135871604,-27.378722125352,6.24780995555029));
#3160=CARTESIAN_POINT('Ctrl Pts',(-68.2065931732273,36.1465476837651,16.7599323484143));
#3161=CARTESIAN_POINT('Ctrl Pts',(-73.6364187947564,24.241519499485,13.950692274851));
#3162=CARTESIAN_POINT('Ctrl Pts',(-79.0662444162855,12.3364913152042,11.1414522012874));
#3163=CARTESIAN_POINT('Ctrl Pts',(-84.4960700378138,0.431463130923964,8.33221212772403));
#3164=CARTESIAN_POINT('Ctrl Pts',(-84.8168646388653,-0.27188703777016,8.16624196376826));
#3165=CARTESIAN_POINT('Ctrl Pts',(-86.1255501524793,-3.17368020613983,7.53667049556265));
#3166=CARTESIAN_POINT('Ctrl Pts',(-88.0539784101849,-9.58537647961269,6.5816830595697));
#3167=CARTESIAN_POINT('Ctrl Pts',(-87.3131734330122,-16.8556327943186,6.17985164930335));
#3168=CARTESIAN_POINT('Ctrl Pts',(-84.7669716768325,-21.699541142926,6.13712799525318));
#3169=CARTESIAN_POINT('Ctrl Pts',(-81.9572253145668,-24.3396806288907,6.19699291581646));
#3170=CARTESIAN_POINT('Ctrl Pts',(-78.2714882479366,-25.8385494690327,6.25449717822039));
#3171=CARTESIAN_POINT('Ctrl Pts',(-74.6328986737203,-25.9828532909145,6.21038237389218));
#3172=CARTESIAN_POINT('Ctrl Pts',(-71.5284229819623,-25.5585997325067,6.11439366633091));
#3173=CARTESIAN_POINT('Ctrl Pts',(-69.5552476051297,-24.9952888954678,6.07882353266427));
#3174=CARTESIAN_POINT('Ctrl Pts',(-67.3469066314378,-24.3612856636288,6.01818682991786));
#3175=CARTESIAN_POINT('Ctrl Pts',(-64.1919054353079,-24.3825348635142,5.85366142445689));
#3176=CARTESIAN_POINT('Ctrl Pts',(-60.5112917124689,-25.1638721729234,5.72081511304128));
#3177=CARTESIAN_POINT('Ctrl Pts',(-56.95448242506,-27.2123117048007,5.69738309200362));
#3178=CARTESIAN_POINT('Ctrl Pts',(-54.6374609320585,-29.7465943069788,5.87896660924937));
#3179=CARTESIAN_POINT('Ctrl Pts',(-53.4950299955474,-32.4403531655499,6.1832329871937));
#3180=CARTESIAN_POINT('Ctrl Pts',(-53.2725870226184,-34.9429481195422,6.53147030187043));
#3181=CARTESIAN_POINT('Ctrl Pts',(-53.7538018327383,-36.8234516724865,6.81393563241523));
#3182=CARTESIAN_POINT('Ctrl Pts',(-54.2469511963788,-38.8740222585703,7.15198790832557));
#3183=CARTESIAN_POINT('Ctrl Pts',(-53.7856582678328,-41.8002758157552,7.69290735959021));
#3184=CARTESIAN_POINT('Ctrl Pts',(-51.8056252365561,-44.4176667779549,8.19477102605211));
#3185=CARTESIAN_POINT('Ctrl Pts',(-49.1524853415097,-45.7232791330233,8.43453593282263));
#3186=CARTESIAN_POINT('Ctrl Pts',(-46.3779623043817,-45.8840878233945,8.46416194690073));
#3187=CARTESIAN_POINT('Ctrl Pts',(-44.2816961563183,-45.0849807897513,8.36388300827046));
#3188=CARTESIAN_POINT('Ctrl Pts',(-43.2014320637834,-44.3384517509952,8.3170682615516));
#3189=CARTESIAN_POINT('Ctrl Pts',(-37.2610907580239,-40.2333099476926,8.05963531013325));
#3190=CARTESIAN_POINT('Ctrl Pts',(-31.3207494522641,-36.1281681443903,7.80220235871454));
#3191=CARTESIAN_POINT('Ctrl Pts',(-25.3804081465045,-32.023026341088,7.54476940729619));
#3192=CARTESIAN_POINT('Ctrl Pts',(-65.2876039506217,37.6346534919358,13.2349417278066));
#3193=CARTESIAN_POINT('Ctrl Pts',(-68.2928886519286,27.1807604974897,11.8940729154735));
#3194=CARTESIAN_POINT('Ctrl Pts',(-71.2981733532354,16.7268675030432,10.5532041031402));
#3195=CARTESIAN_POINT('Ctrl Pts',(-74.3034580545419,6.27297450859698,9.21233529080702));
#3196=CARTESIAN_POINT('Ctrl Pts',(-74.4810105532776,5.65535754143492,9.13311663707913));
#3197=CARTESIAN_POINT('Ctrl Pts',(-75.1789714529046,3.10252057842308,8.83119850776632));
#3198=CARTESIAN_POINT('Ctrl Pts',(-75.9557458635124,-2.47603793575135,8.36036336308985));
#3199=CARTESIAN_POINT('Ctrl Pts',(-74.6997381436811,-8.73944619659089,8.13947123178668));
#3200=CARTESIAN_POINT('Ctrl Pts',(-72.1287067376212,-13.2877376168975,8.09821100403159));
#3201=CARTESIAN_POINT('Ctrl Pts',(-69.5113918020834,-16.0566061083164,8.11734120937323));
#3202=CARTESIAN_POINT('Ctrl Pts',(-66.2520220302433,-18.0597354582163,8.1435589979852));
#3203=CARTESIAN_POINT('Ctrl Pts',(-63.1708616526951,-18.9332476117823,8.12969240529609));
#3204=CARTESIAN_POINT('Ctrl Pts',(-60.6304189450512,-19.2009866000284,8.09536733526046));
#3205=CARTESIAN_POINT('Ctrl Pts',(-59.0219189632199,-19.1640573924989,8.08994489959214));
#3206=CARTESIAN_POINT('Ctrl Pts',(-57.2589824267089,-19.0692177272844,8.07158471598393));
#3207=CARTESIAN_POINT('Ctrl Pts',(-54.806791200004,-19.4899845177571,8.00062997752844));
#3208=CARTESIAN_POINT('Ctrl Pts',(-51.9503011274995,-20.5154293192217,7.95029317005564));
#3209=CARTESIAN_POINT('Ctrl Pts',(-49.15345756523,-22.4615293325804,7.95073874600681));
#3210=CARTESIAN_POINT('Ctrl Pts',(-47.1921108222293,-24.7453827697244,8.04199707001969));
#3211=CARTESIAN_POINT('Ctrl Pts',(-46.0167863575487,-27.1630086974399,8.18573726173685));
#3212=CARTESIAN_POINT('Ctrl Pts',(-45.5266750088792,-29.3774428800411,8.34856695761522));
#3213=CARTESIAN_POINT('Ctrl Pts',(-45.5777880402541,-31.1004093447632,8.47823935690761));
#3214=CARTESIAN_POINT('Ctrl Pts',(-45.5681848919944,-33.0411482033851,8.63222047340278));
#3215=CARTESIAN_POINT('Ctrl Pts',(-44.7875472257214,-35.7312246482926,8.88436355014511));
#3216=CARTESIAN_POINT('Ctrl Pts',(-42.905890089363,-38.2830620593174,9.11711480257106));
#3217=CARTESIAN_POINT('Ctrl Pts',(-40.6196531734849,-39.8761659964566,9.22491012432132));
#3218=CARTESIAN_POINT('Ctrl Pts',(-38.3075217963609,-40.6389059631623,9.23442328340537));
#3219=CARTESIAN_POINT('Ctrl Pts',(-36.5857752016692,-40.5968821757407,9.18630826818023));
#3220=CARTESIAN_POINT('Ctrl Pts',(-35.6990718421117,-40.3722967659276,9.1666145434708));
#3221=CARTESIAN_POINT('Ctrl Pts',(-30.8231154633574,-39.1373080295596,9.05831931532796));
#3222=CARTESIAN_POINT('Ctrl Pts',(-25.9471590846029,-37.9023192931918,8.95002408718493));
#3223=CARTESIAN_POINT('Ctrl Pts',(-21.0712027058485,-36.667330556824,8.84172885904209));
#3224=CARTESIAN_POINT('Ctrl Pts',(-62.3686147280162,39.1227593001065,9.70995110719887));
#3225=CARTESIAN_POINT('Ctrl Pts',(-62.9493585091008,30.1200014954943,9.83745355609591));
#3226=CARTESIAN_POINT('Ctrl Pts',(-63.5301022901854,21.1172436908822,9.96495600499296));
#3227=CARTESIAN_POINT('Ctrl Pts',(-64.11084607127,12.11448588627,10.09245845389));
#3228=CARTESIAN_POINT('Ctrl Pts',(-64.14515646769,11.58260212064,10.09999131039));
#3229=CARTESIAN_POINT('Ctrl Pts',(-64.23239275333,9.378721362986,10.12572651997));
#3230=CARTESIAN_POINT('Ctrl Pts',(-63.85751331684,4.63330060811,10.13904366661));
#3231=CARTESIAN_POINT('Ctrl Pts',(-62.08630285435,-0.6232595988632,10.09909081427));
#3232=CARTESIAN_POINT('Ctrl Pts',(-59.49044179841,-4.875934090869,10.05929401281));
#3233=CARTESIAN_POINT('Ctrl Pts',(-57.0655582896,-7.773531587742,10.03768950293));
#3234=CARTESIAN_POINT('Ctrl Pts',(-54.23255581255,-10.2809214474,10.03262081775));
#3235=CARTESIAN_POINT('Ctrl Pts',(-51.70882463167,-11.88364193265,10.0490024367));
#3236=CARTESIAN_POINT('Ctrl Pts',(-49.73241490814,-12.84337346755,10.07634100419));
#3237=CARTESIAN_POINT('Ctrl Pts',(-48.48859032131,-13.33282588953,10.10106626652));
#3238=CARTESIAN_POINT('Ctrl Pts',(-47.17105822198,-13.77714979094,10.12498260205));
#3239=CARTESIAN_POINT('Ctrl Pts',(-45.4216769647,-14.597434172,10.1475985306));
#3240=CARTESIAN_POINT('Ctrl Pts',(-43.38931054253,-15.86698646552,10.17977122707));
#3241=CARTESIAN_POINT('Ctrl Pts',(-41.3524327054,-17.71074696036,10.20409440001));
#3242=CARTESIAN_POINT('Ctrl Pts',(-39.7467607124,-19.74417123247,10.20502753079));
#3243=CARTESIAN_POINT('Ctrl Pts',(-38.53854271955,-21.88566422933,10.18824153628));
#3244=CARTESIAN_POINT('Ctrl Pts',(-37.78076299514,-23.81193764054,10.16566361336));
#3245=CARTESIAN_POINT('Ctrl Pts',(-37.40177424777,-25.37736701704,10.1425430814));
#3246=CARTESIAN_POINT('Ctrl Pts',(-36.88941858761,-27.2082741482,10.11245303848));
#3247=CARTESIAN_POINT('Ctrl Pts',(-35.78943618361,-29.66217348083,10.0758197407));
#3248=CARTESIAN_POINT('Ctrl Pts',(-34.00615494217,-32.14845734068,10.03945857909));
#3249=CARTESIAN_POINT('Ctrl Pts',(-32.08682100546,-34.02905285989,10.01528431582));
#3250=CARTESIAN_POINT('Ctrl Pts',(-30.23708128834,-35.39372410293,10.00468461991));
#3251=CARTESIAN_POINT('Ctrl Pts',(-28.88985424702,-36.10878356173,10.00873352809));
#3252=CARTESIAN_POINT('Ctrl Pts',(-28.19671162044,-36.40614178086,10.01616082539));
#3253=CARTESIAN_POINT('Ctrl Pts',(-24.3851401686908,-38.0413061114266,10.0570033205227));
#3254=CARTESIAN_POINT('Ctrl Pts',(-20.5735687169417,-39.6764704419933,10.0978458156553));
#3255=CARTESIAN_POINT('Ctrl Pts',(-16.7619972651925,-41.3116347725599,10.138688310788));
#3256=CARTESIAN_POINT('Ctrl Pts',(-62.2942277765468,39.1606818979963,9.62012093441346));
#3257=CARTESIAN_POINT('Ctrl Pts',(-62.8131850301679,30.1949045392542,9.78504306985898));
#3258=CARTESIAN_POINT('Ctrl Pts',(-63.3321422837889,21.2291271805121,9.94996520530449));
#3259=CARTESIAN_POINT('Ctrl Pts',(-63.85109953741,12.26334982177,10.11488734075));
#3260=CARTESIAN_POINT('Ctrl Pts',(-63.88175958006,11.73365086431,10.1246309558));
#3261=CARTESIAN_POINT('Ctrl Pts',(-63.95343227887,9.538662838466,10.1587160191));
#3262=CARTESIAN_POINT('Ctrl Pts',(-63.54920432058,4.814473603593,10.18437120821));
#3263=CARTESIAN_POINT('Ctrl Pts',(-61.76486453198,-0.4164282841442,10.14902937713));
#3264=CARTESIAN_POINT('Ctrl Pts',(-59.16837072209,-4.661569332063,10.10926986934));
#3265=CARTESIAN_POINT('Ctrl Pts',(-56.74839109819,-7.562447333779,10.08662728393));
#3266=CARTESIAN_POINT('Ctrl Pts',(-53.92625408204,-10.08268766982,10.08076130036));
#3267=CARTESIAN_POINT('Ctrl Pts',(-51.41672831798,-11.70399115783,10.09791375883));
#3268=CARTESIAN_POINT('Ctrl Pts',(-49.4546923009,-12.68135729569,10.12682375042));
#3269=CARTESIAN_POINT('Ctrl Pts',(-48.22016103064,-13.18422392435,10.1523172908));
#3270=CARTESIAN_POINT('Ctrl Pts',(-46.91397953103,-13.64228776483,10.17731099289));
#3271=CARTESIAN_POINT('Ctrl Pts',(-45.1825085458,-14.47275337417,10.20231145805));
#3272=CARTESIAN_POINT('Ctrl Pts',(-43.17114392984,-15.74852645536,10.23658681061));
#3273=CARTESIAN_POINT('Ctrl Pts',(-41.15363291088,-17.58967894989,10.26151847557));
#3274=CARTESIAN_POINT('Ctrl Pts',(-39.55702486377,-19.61672133405,10.26014977676));
#3275=CARTESIAN_POINT('Ctrl Pts',(-38.34796861867,-21.75117741321,10.23927296426));
#3276=CARTESIAN_POINT('Ctrl Pts',(-37.58336768563,-23.67010739158,10.21197014978));
#3277=CARTESIAN_POINT('Ctrl Pts',(-37.1934183085,-25.23152212368,10.18495587259));
#3278=CARTESIAN_POINT('Ctrl Pts',(-36.66825060148,-27.05963032454,10.15017499618));
#3279=CARTESIAN_POINT('Ctrl Pts',(-35.56013007853,-29.50751096575,10.10618257765));
#3280=CARTESIAN_POINT('Ctrl Pts',(-33.77935582919,-31.9921242717,10.06296340782));
#3281=CARTESIAN_POINT('Ctrl Pts',(-31.86937197637,-33.88004617026,10.03542605741));
#3282=CARTESIAN_POINT('Ctrl Pts',(-30.03141575804,-35.26005691243,10.02431380943));
#3283=CARTESIAN_POINT('Ctrl Pts',(-28.6937328999,-35.99440973287,10.02969205285));
#3284=CARTESIAN_POINT('Ctrl Pts',(-28.00552293725,-36.30506906154,10.03781049698));
#3285=CARTESIAN_POINT('Ctrl Pts',(-24.2210760631789,-38.0133758125193,10.0824535887362));
#3286=CARTESIAN_POINT('Ctrl Pts',(-20.4366291891078,-39.7216825634987,10.1270966804924));
#3287=CARTESIAN_POINT('Ctrl Pts',(-16.6521823150367,-41.429989314478,10.1717397722486));
#3288=CARTESIAN_POINT('Ctrl Pts',(-62.0849412594817,39.3116856643735,9.35791527443069));
#3289=CARTESIAN_POINT('Ctrl Pts',(-62.3882115644511,30.460906328989,9.63435260796046));
#3290=CARTESIAN_POINT('Ctrl Pts',(-62.6914818694206,21.6101269936045,9.91078994149023));
#3291=CARTESIAN_POINT('Ctrl Pts',(-62.99475217439,12.75934765822,10.18722727502));
#3292=CARTESIAN_POINT('Ctrl Pts',(-63.01266941212,12.23644279464,10.20355921831));
#3293=CARTESIAN_POINT('Ctrl Pts',(-63.03090814355,10.06964014124,10.26283118857));
#3294=CARTESIAN_POINT('Ctrl Pts',(-62.52851970032,5.414705377896,10.32700869187));
#3295=CARTESIAN_POINT('Ctrl Pts',(-60.70064598176,0.2668974134282,10.30841903534));
#3296=CARTESIAN_POINT('Ctrl Pts',(-58.10262193586,-3.954631259297,10.27149190034));
#3297=CARTESIAN_POINT('Ctrl Pts',(-55.69958664807,-6.866918415944,10.24745810272));
#3298=CARTESIAN_POINT('Ctrl Pts',(-52.91422343588,-9.42951159538,10.24018464824));
#3299=CARTESIAN_POINT('Ctrl Pts',(-50.45239282376,-11.11103209865,10.25962304631));
#3300=CARTESIAN_POINT('Ctrl Pts',(-48.53823240795,-12.14515737755,10.29279554711));
#3301=CARTESIAN_POINT('Ctrl Pts',(-47.33470016962,-12.69113332127,10.32025013107));
#3302=CARTESIAN_POINT('Ctrl Pts',(-46.06608728764,-13.19352751576,10.3480473308));
#3303=CARTESIAN_POINT('Ctrl Pts',(-44.39308960198,-14.05732596707,10.37939847547));
#3304=CARTESIAN_POINT('Ctrl Pts',(-42.45009124659,-15.35369703503,10.41895371073));
#3305=CARTESIAN_POINT('Ctrl Pts',(-40.49512231344,-17.18747270997,10.44466011782));
#3306=CARTESIAN_POINT('Ctrl Pts',(-38.92758310958,-19.1952153849,10.43589288385));
#3307=CARTESIAN_POINT('Ctrl Pts',(-37.71575878527,-21.30785110049,10.40257958276));
#3308=CARTESIAN_POINT('Ctrl Pts',(-36.92907259833,-23.20356909334,10.36110269831));
#3309=CARTESIAN_POINT('Ctrl Pts',(-36.50371339182,-24.75187964233,10.32231170289));
#3310=CARTESIAN_POINT('Ctrl Pts',(-35.93735517693,-26.5705434673,10.27322635182));
#3311=CARTESIAN_POINT('Ctrl Pts',(-34.80337518383,-28.99884287589,10.20677690835));
#3312=CARTESIAN_POINT('Ctrl Pts',(-33.03149137857,-31.47784874154,10.14199382394));
#3313=CARTESIAN_POINT('Ctrl Pts',(-31.15266934924,-33.38873787866,10.10283194456));
#3314=CARTESIAN_POINT('Ctrl Pts',(-29.35389478114,-34.81684568255,10.08839235213));
#3315=CARTESIAN_POINT('Ctrl Pts',(-28.04818485968,-35.61121637567,10.09640100747));
#3316=CARTESIAN_POINT('Ctrl Pts',(-27.37675187,-35.96289455468,10.10627372687));
#3317=CARTESIAN_POINT('Ctrl Pts',(-23.6845610897933,-37.8967627888867,10.1605635280929));
#3318=CARTESIAN_POINT('Ctrl Pts',(-19.9923703095866,-39.8306310230934,10.2148533293159));
#3319=CARTESIAN_POINT('Ctrl Pts',(-16.30017952938,-41.7644992573001,10.2691431305388));
#3320=CARTESIAN_POINT('Ctrl Pts',(-61.9020902077153,39.6736145609884,9.07226745193475));
#3321=CARTESIAN_POINT('Ctrl Pts',(-61.7850418751169,30.9893305723589,9.4813550240165));
#3322=CARTESIAN_POINT('Ctrl Pts',(-61.6679935425184,22.3050465837295,9.89044259609825));
#3323=CARTESIAN_POINT('Ctrl Pts',(-61.55094520992,13.6207625951,10.29953016818));
#3324=CARTESIAN_POINT('Ctrl Pts',(-61.54402998358,13.10769429204,10.32369909986));
#3325=CARTESIAN_POINT('Ctrl Pts',(-61.4619025543,10.98381739092,10.41390332897));
#3326=CARTESIAN_POINT('Ctrl Pts',(-60.78682368325,6.441957480883,10.53157060703));
#3327=CARTESIAN_POINT('Ctrl Pts',(-58.88446186915,1.426032155799,10.54829821471));
#3328=CARTESIAN_POINT('Ctrl Pts',(-56.28688287598,-2.762239993955,10.52903230004));
#3329=CARTESIAN_POINT('Ctrl Pts',(-53.91652452246,-5.696924948633,10.51234675599));
#3330=CARTESIAN_POINT('Ctrl Pts',(-51.19812647805,-8.33083571279,10.50849467119));
#3331=CARTESIAN_POINT('Ctrl Pts',(-48.82103913958,-10.10847459169,10.53044986896));
#3332=CARTESIAN_POINT('Ctrl Pts',(-46.98993590998,-11.23105996547,10.56615196755));
#3333=CARTESIAN_POINT('Ctrl Pts',(-45.84036346778,-11.84384838462,10.59390115729));
#3334=CARTESIAN_POINT('Ctrl Pts',(-44.63575037503,-12.41565627197,10.62259377274));
#3335=CARTESIAN_POINT('Ctrl Pts',(-43.05828240847,-13.33400277127,10.6574282743));
#3336=CARTESIAN_POINT('Ctrl Pts',(-41.22560107192,-14.66542485858,10.69800688557));
#3337=CARTESIAN_POINT('Ctrl Pts',(-39.36872942124,-16.49337606281,10.71945032907));
#3338=CARTESIAN_POINT('Ctrl Pts',(-37.84570452775,-18.47778468858,10.69944485897));
#3339=CARTESIAN_POINT('Ctrl Pts',(-36.62917086866,-20.56084628318,10.65050481249));
#3340=CARTESIAN_POINT('Ctrl Pts',(-35.80748464751,-22.42260098576,10.5921522433));
#3341=CARTESIAN_POINT('Ctrl Pts',(-35.32642906678,-23.94950058516,10.53901877647));
#3342=CARTESIAN_POINT('Ctrl Pts',(-34.69630727671,-25.75126653525,10.47204785908));
#3343=CARTESIAN_POINT('Ctrl Pts',(-33.52390652717,-28.14822710895,10.37719486114));
#3344=CARTESIAN_POINT('Ctrl Pts',(-31.77025680482,-30.61766458016,10.28181832195));
#3345=CARTESIAN_POINT('Ctrl Pts',(-29.94554515977,-32.56136560463,10.22084143728));
#3346=CARTESIAN_POINT('Ctrl Pts',(-28.2141415041,-34.05788547972,10.19271933147));
#3347=CARTESIAN_POINT('Ctrl Pts',(-26.96419552286,-34.93541561855,10.1956781855));
#3348=CARTESIAN_POINT('Ctrl Pts',(-26.32284030647,-35.34185384574,10.20408771518));
#3349=CARTESIAN_POINT('Ctrl Pts',(-22.7960463401485,-37.5768460165442,10.2503314780389));
#3350=CARTESIAN_POINT('Ctrl Pts',(-19.2692523738271,-39.8118381873484,10.2965752408977));
#3351=CARTESIAN_POINT('Ctrl Pts',(-15.7424584075056,-42.0468303581527,10.3428190037566));
#3352=CARTESIAN_POINT('Ctrl Pts',(-61.8868208912899,40.2707381527495,8.87422361200873));
#3353=CARTESIAN_POINT('Ctrl Pts',(-61.0870457908699,31.8090726079897,9.39634887826248));
#3354=CARTESIAN_POINT('Ctrl Pts',(-60.28727069045,23.3474070632298,9.91847414451624));
#3355=CARTESIAN_POINT('Ctrl Pts',(-59.48749559003,14.88574151847,10.44059941077));
#3356=CARTESIAN_POINT('Ctrl Pts',(-59.44024480296,14.38582553371,10.4714466199));
#3357=CARTESIAN_POINT('Ctrl Pts',(-59.19930962582,12.32082678505,10.58909836591));
#3358=CARTESIAN_POINT('Ctrl Pts',(-58.26705051682,7.936936736184,10.76384929941));
#3359=CARTESIAN_POINT('Ctrl Pts',(-56.25868925166,3.09411172753,10.83673616646));
#3360=CARTESIAN_POINT('Ctrl Pts',(-53.66855088551,-1.059426279589,10.85680076617));
#3361=CARTESIAN_POINT('Ctrl Pts',(-51.35275732469,-4.033010923323,10.86150962224));
#3362=CARTESIAN_POINT('Ctrl Pts',(-48.7388175236,-6.770161397747,10.86887264793));
#3363=CARTESIAN_POINT('Ctrl Pts',(-46.48933529601,-8.677470245789,10.89225090406));
#3364=CARTESIAN_POINT('Ctrl Pts',(-44.7795812289,-9.914804151739,10.9253680917));
#3365=CARTESIAN_POINT('Ctrl Pts',(-43.70896449572,-10.6132306962,10.94950780631));
#3366=CARTESIAN_POINT('Ctrl Pts',(-42.59620947494,-11.2743373742,10.97448583109));
#3367=CARTESIAN_POINT('Ctrl Pts',(-41.14947427133,-12.26572737888,11.00555651234));
#3368=CARTESIAN_POINT('Ctrl Pts',(-39.46401039636,-13.64604667272,11.03850283845));
#3369=CARTESIAN_POINT('Ctrl Pts',(-37.73225048158,-15.47576870922,11.04853442818));
#3370=CARTESIAN_POINT('Ctrl Pts',(-36.26409220863,-17.44145062099,11.01568857055));
#3371=CARTESIAN_POINT('Ctrl Pts',(-35.04068408464,-19.49378712384,10.952791687));
#3372=CARTESIAN_POINT('Ctrl Pts',(-34.1733008912,-21.31522921996,10.88070654989));
#3373=CARTESIAN_POINT('Ctrl Pts',(-33.62007190165,-22.81247429906,10.81561266738));
#3374=CARTESIAN_POINT('Ctrl Pts',(-32.90896917373,-24.58886030252,10.73310335963));
#3375=CARTESIAN_POINT('Ctrl Pts',(-31.69048392347,-26.94517831758,10.61244777258));
#3376=CARTESIAN_POINT('Ctrl Pts',(-29.9675297178,-29.40299412746,10.48347057557));
#3377=CARTESIAN_POINT('Ctrl Pts',(-28.22112406795,-31.3852649366,10.39042020389));
#3378=CARTESIAN_POINT('Ctrl Pts',(-26.58559124923,-32.95940276666,10.3332586194));
#3379=CARTESIAN_POINT('Ctrl Pts',(-25.41501735393,-33.9270780703,10.31596707355));
#3380=CARTESIAN_POINT('Ctrl Pts',(-24.8166321601,-34.39011924397,10.31430731425));
#3381=CARTESIAN_POINT('Ctrl Pts',(-21.5261291171616,-36.9363693963423,10.3051803453953));
#3382=CARTESIAN_POINT('Ctrl Pts',(-18.2356260742231,-39.4826195487145,10.2960533765406));
#3383=CARTESIAN_POINT('Ctrl Pts',(-14.9451230312847,-42.0288697010868,10.2869264076859));
#3384=CARTESIAN_POINT('Ctrl Pts',(-61.9932571439264,40.9320690365769,8.83495765933134));
#3385=CARTESIAN_POINT('Ctrl Pts',(-60.3760545432276,32.7389785093146,9.41478838091422));
#3386=CARTESIAN_POINT('Ctrl Pts',(-58.7588519425288,24.5458879820523,9.99461910249711));
#3387=CARTESIAN_POINT('Ctrl Pts',(-57.14164934183,16.35279745479,10.57444982408));
#3388=CARTESIAN_POINT('Ctrl Pts',(-57.04610486227,15.86874890696,10.60870627686));
#3389=CARTESIAN_POINT('Ctrl Pts',(-56.61667960476,13.87377888847,10.74161781664));
#3390=CARTESIAN_POINT('Ctrl Pts',(-55.38452546523,9.667772145683,10.95936429611));
#3391=CARTESIAN_POINT('Ctrl Pts',(-53.24884648909,5.004215225822,11.09235749111));
#3392=CARTESIAN_POINT('Ctrl Pts',(-50.66758372902,0.8791820662381,11.16151188455));
#3393=CARTESIAN_POINT('Ctrl Pts',(-48.41817546909,-2.142868320754,11.19507976109));
#3394=CARTESIAN_POINT('Ctrl Pts',(-45.93055417462,-4.995415089873,11.21789509597));
#3395=CARTESIAN_POINT('Ctrl Pts',(-43.83352381646,-7.040874696421,11.2410829092));
#3396=CARTESIAN_POINT('Ctrl Pts',(-42.26576650676,-8.397577803275,11.2670923794));
#3397=CARTESIAN_POINT('Ctrl Pts',(-41.28827135026,-9.183471040757,11.28467550815));
#3398=CARTESIAN_POINT('Ctrl Pts',(-40.28144208437,-9.937316988849,11.30217768455));
#3399=CARTESIAN_POINT('Ctrl Pts',(-38.97814470938,-11.01062644392,11.3231628062));
#3400=CARTESIAN_POINT('Ctrl Pts',(-37.45023937642,-12.45044820561,11.34214708127));
#3401=CARTESIAN_POINT('Ctrl Pts',(-35.84580768164,-14.29663087405,11.33776765819));
#3402=CARTESIAN_POINT('Ctrl Pts',(-34.43084907771,-16.25603809833,11.29568161081));
#3403=CARTESIAN_POINT('Ctrl Pts',(-33.19813275197,-18.28360958344,11.22641183047));
#3404=CARTESIAN_POINT('Ctrl Pts',(-32.28138890274,-20.06564142183,11.14944162324));
#3405=CARTESIAN_POINT('Ctrl Pts',(-31.65226175785,-21.52848650614,11.0796939506));
#3406=CARTESIAN_POINT('Ctrl Pts',(-30.85765570454,-23.27325146292,10.99020325106));
#3407=CARTESIAN_POINT('Ctrl Pts',(-29.59284522661,-25.5872323715,10.85559416287));
#3408=CARTESIAN_POINT('Ctrl Pts',(-27.90784279828,-28.03586000367,10.70053109688));
#3409=CARTESIAN_POINT('Ctrl Pts',(-26.25223436172,-30.05725104111,10.57394030324));
#3410=CARTESIAN_POINT('Ctrl Pts',(-24.72764980627,-31.7047144681,10.47926560333));
#3411=CARTESIAN_POINT('Ctrl Pts',(-23.64954111457,-32.75280502926,10.43014753245));
#3412=CARTESIAN_POINT('Ctrl Pts',(-23.1013016557,-33.26417774251,10.41082905565));
#3413=CARTESIAN_POINT('Ctrl Pts',(-20.0865485731176,-36.0762016468028,10.3045973050138));
#3414=CARTESIAN_POINT('Ctrl Pts',(-17.0717954905351,-38.8882255510955,10.1983655543776));
#3415=CARTESIAN_POINT('Ctrl Pts',(-14.0570424079527,-41.7002494553883,10.0921338037414));
#3416=CARTESIAN_POINT('Ctrl Pts',(-62.125300917851,41.5592595447449,8.96244520984858));
#3417=CARTESIAN_POINT('Ctrl Pts',(-59.5883149141673,33.7130870547466,9.53748830996572));
#3418=CARTESIAN_POINT('Ctrl Pts',(-57.0513289104837,25.8669145647483,10.1125314100829));
#3419=CARTESIAN_POINT('Ctrl Pts',(-54.5143429068,18.02074207475,10.6875745102));
#3420=CARTESIAN_POINT('Ctrl Pts',(-54.36445753853,17.55718947672,10.72154810986));
#3421=CARTESIAN_POINT('Ctrl Pts',(-53.72282305086,15.64957886544,10.85578398197));
#3422=CARTESIAN_POINT('Ctrl Pts',(-52.14956720851,11.64339490469,11.09763872179));
#3423=CARTESIAN_POINT('Ctrl Pts',(-49.85712406515,7.159290055296,11.28686415655));
#3424=CARTESIAN_POINT('Ctrl Pts',(-47.28033981881,3.055811273591,11.40817565128));
#3425=CARTESIAN_POINT('Ctrl Pts',(-45.10663663529,-0.02258162769458,11.47415953166));
#3426=CARTESIAN_POINT('Ctrl Pts',(-42.76720336086,-2.998961335176,11.51478322171));
#3427=CARTESIAN_POINT('Ctrl Pts',(-40.84909005403,-5.187537338399,11.5365073312));
#3428=CARTESIAN_POINT('Ctrl Pts',(-39.44541374163,-6.66652904898,11.551997353));
#3429=CARTESIAN_POINT('Ctrl Pts',(-38.57640931489,-7.540436259409,11.5607477239));
#3430=CARTESIAN_POINT('Ctrl Pts',(-37.69083396225,-8.38956424411,11.56801039375));
#3431=CARTESIAN_POINT('Ctrl Pts',(-36.54408742958,-9.555308915031,11.5746491548));
#3432=CARTESIAN_POINT('Ctrl Pts',(-35.18312775161,-11.07026399538,11.57562672636));
#3433=CARTESIAN_POINT('Ctrl Pts',(-33.70688838191,-12.95429919092,11.55579904631));
#3434=CARTESIAN_POINT('Ctrl Pts',(-32.34374926947,-14.92333598363,11.50861457615));
#3435=CARTESIAN_POINT('Ctrl Pts',(-31.10019046452,-16.93352013269,11.44041590608));
#3436=CARTESIAN_POINT('Ctrl Pts',(-30.13110820295,-18.6773338493,11.36688627443));
#3437=CARTESIAN_POINT('Ctrl Pts',(-29.42321623565,-20.10043261255,11.29966020735));
#3438=CARTESIAN_POINT('Ctrl Pts',(-28.54352152449,-21.80694299216,11.21198091641));
#3439=CARTESIAN_POINT('Ctrl Pts',(-27.23185450222,-24.07861701454,11.07571654585));
#3440=CARTESIAN_POINT('Ctrl Pts',(-25.59123123999,-26.52358826182,10.90445787641));
#3441=CARTESIAN_POINT('Ctrl Pts',(-24.03853016786,-28.58734344103,10.74734163459));
#3442=CARTESIAN_POINT('Ctrl Pts',(-22.63990852507,-30.30634488265,10.61264918944));
#3443=CARTESIAN_POINT('Ctrl Pts',(-21.66727208605,-31.42782218983,10.52579493727));
#3444=CARTESIAN_POINT('Ctrl Pts',(-21.17613506896,-31.98173255101,10.48451203959));
#3445=CARTESIAN_POINT('Ctrl Pts',(-18.4753866782946,-35.0276697629788,10.2574985676023));
#3446=CARTESIAN_POINT('Ctrl Pts',(-15.7746382876293,-38.0736069749475,10.0304850956147));
#3447=CARTESIAN_POINT('Ctrl Pts',(-13.0738898969639,-41.1195441869163,9.80347162362703));
#3448=CARTESIAN_POINT('Ctrl Pts',(-62.2281087037962,41.997994841064,9.16646085136758));
#3449=CARTESIAN_POINT('Ctrl Pts',(-58.7830127370042,34.564138570756,9.69852842615839));
#3450=CARTESIAN_POINT('Ctrl Pts',(-55.3379167702121,27.130282300448,10.2305960009492));
#3451=CARTESIAN_POINT('Ctrl Pts',(-51.89282080342,19.69642603014,10.76266357574));
#3452=CARTESIAN_POINT('Ctrl Pts',(-51.68928421435,19.25723311259,10.79409817738));
#3453=CARTESIAN_POINT('Ctrl Pts',(-50.83792568191,17.45005964735,10.92048909529));
#3454=CARTESIAN_POINT('Ctrl Pts',(-48.92396771437,13.64899614285,11.16794393482));
#3455=CARTESIAN_POINT('Ctrl Pts',(-46.46435809029,9.323675225095,11.39530670169));
#3456=CARTESIAN_POINT('Ctrl Pts',(-43.88796164347,5.230408663527,11.55603870833));
#3457=CARTESIAN_POINT('Ctrl Pts',(-41.79130152136,2.092200375218,11.6475720267));
#3458=CARTESIAN_POINT('Ctrl Pts',(-39.60555518871,-1.004684935301,11.70259236681));
#3459=CARTESIAN_POINT('Ctrl Pts',(-37.87196261836,-3.327753114745,11.72273392133));
#3460=CARTESIAN_POINT('Ctrl Pts',(-36.63474383707,-4.920212250053,11.72886525603));
#3461=CARTESIAN_POINT('Ctrl Pts',(-35.87652356273,-5.873928069379,11.7299622267));
#3462=CARTESIAN_POINT('Ctrl Pts',(-35.11371090283,-6.810169993515,11.72838051664));
#3463=CARTESIAN_POINT('Ctrl Pts',(-34.11913398916,-8.06715591009,11.72264902606));
#3464=CARTESIAN_POINT('Ctrl Pts',(-32.91490411555,-9.663217775717,11.70868541204));
#3465=CARTESIAN_POINT('Ctrl Pts',(-31.55356900078,-11.59931571735,11.67728194027));
#3466=CARTESIAN_POINT('Ctrl Pts',(-30.23673840669,-13.58980905797,11.62866623485));
#3467=CARTESIAN_POINT('Ctrl Pts',(-28.98336899276,-15.59051809344,11.56519173806));
#3468=CARTESIAN_POINT('Ctrl Pts',(-27.96556314035,-17.30121412258,11.49844170553));
#3469=CARTESIAN_POINT('Ctrl Pts',(-27.18501879712,-18.68380956768,11.43677993469));
#3470=CARTESIAN_POINT('Ctrl Pts',(-26.22823591953,-20.35024240222,11.35506276406));
#3471=CARTESIAN_POINT('Ctrl Pts',(-24.87390806705,-22.58600236142,11.22397031831));
#3472=CARTESIAN_POINT('Ctrl Pts',(-23.27699951632,-25.03627333442,11.04611560368));
#3473=CARTESIAN_POINT('Ctrl Pts',(-21.82433854244,-27.144280743,10.86863674077));
#3474=CARTESIAN_POINT('Ctrl Pts',(-20.54811903215,-28.92865025804,10.70403501647));
#3475=CARTESIAN_POINT('Ctrl Pts',(-19.67777711561,-30.11159976488,10.58721281489));
#3476=CARTESIAN_POINT('Ctrl Pts',(-19.24166047158,-30.69966141249,10.52803868655));
#3477=CARTESIAN_POINT('Ctrl Pts',(-16.8434675365715,-33.9333955704341,10.2026418495733));
#3478=CARTESIAN_POINT('Ctrl Pts',(-14.4452746015629,-37.1671297283783,9.8772450125965));
#3479=CARTESIAN_POINT('Ctrl Pts',(-12.0470816665544,-40.4008638863224,9.55184817561975));
#3480=CARTESIAN_POINT('Ctrl Pts',(-62.2644992440274,42.1705291893153,9.34637384933941));
#3481=CARTESIAN_POINT('Ctrl Pts',(-57.9336149685083,35.2371850912102,9.83043543513294));
#3482=CARTESIAN_POINT('Ctrl Pts',(-53.6027306929892,28.3038409931051,10.3144970209265));
#3483=CARTESIAN_POINT('Ctrl Pts',(-49.27184641747,21.370496895,10.79855860672));
#3484=CARTESIAN_POINT('Ctrl Pts',(-49.01597737301,20.96087428298,10.82715701008));
#3485=CARTESIAN_POINT('Ctrl Pts',(-47.95983894495,19.27207378706,10.94352033971));
#3486=CARTESIAN_POINT('Ctrl Pts',(-45.70961618934,15.68681362984,11.18388418393));
#3487=CARTESIAN_POINT('Ctrl Pts',(-43.07507296414,11.50047842089,11.42446652603));
#3488=CARTESIAN_POINT('Ctrl Pts',(-40.49624930258,7.405285723634,11.60245429463));
#3489=CARTESIAN_POINT('Ctrl Pts',(-38.47844593222,4.202646140628,11.70617964906));
#3490=CARTESIAN_POINT('Ctrl Pts',(-36.45158186458,0.9868292102428,11.76874482596));
#3491=CARTESIAN_POINT('Ctrl Pts',(-34.90641375246,-1.464833089707,11.78861939749));
#3492=CARTESIAN_POINT('Ctrl Pts',(-33.83575985805,-3.164614422486,11.79036734426));
#3493=CARTESIAN_POINT('Ctrl Pts',(-33.18919646197,-4.191402906678,11.78782359851));
#3494=CARTESIAN_POINT('Ctrl Pts',(-32.54943821137,-5.207631884183,11.78200751571));
#3495=CARTESIAN_POINT('Ctrl Pts',(-31.70156929097,-6.554687625644,11.77035523988));
#3496=CARTESIAN_POINT('Ctrl Pts',(-30.64316890798,-8.236438783715,11.74934670817));
#3497=CARTESIAN_POINT('Ctrl Pts',(-29.38571716715,-10.2336998027,11.71292454504));
#3498=CARTESIAN_POINT('Ctrl Pts',(-28.11339959614,-12.25286666576,11.66480237886));
#3499=CARTESIAN_POINT('Ctrl Pts',(-26.85414150391,-14.25027366902,11.60518476423));
#3500=CARTESIAN_POINT('Ctrl Pts',(-25.79293760372,-15.93312626189,11.54324899243));
#3501=CARTESIAN_POINT('Ctrl Pts',(-24.94642305362,-17.27557639814,11.48562382931));
#3502=CARTESIAN_POINT('Ctrl Pts',(-23.92113850714,-18.90149919715,11.40853611299));
#3503=CARTESIAN_POINT('Ctrl Pts',(-22.52884622227,-21.10963418335,11.28248259003));
#3504=CARTESIAN_POINT('Ctrl Pts',(-20.97365624058,-23.57702405714,11.10421889805));
#3505=CARTESIAN_POINT('Ctrl Pts',(-19.61440733357,-25.73486607953,10.91913294228));
#3506=CARTESIAN_POINT('Ctrl Pts',(-18.45115013489,-27.58293052897,10.74179316263));
#3507=CARTESIAN_POINT('Ctrl Pts',(-17.6734706155,-28.81978337237,10.6114208346));
#3508=CARTESIAN_POINT('Ctrl Pts',(-17.28616871192,-29.43628627079,10.54394806514));
#3509=CARTESIAN_POINT('Ctrl Pts',(-15.1564066365771,-32.8264180523724,10.17291723832));
#3510=CARTESIAN_POINT('Ctrl Pts',(-13.0266445612342,-36.2165498339547,9.80188641149993));
#3511=CARTESIAN_POINT('Ctrl Pts',(-10.8968824858913,-39.6066816155371,9.43085558467989));
#3512=CARTESIAN_POINT('Ctrl Pts',(-62.1064638538907,42.0580464252685,9.39760286583936));
#3513=CARTESIAN_POINT('Ctrl Pts',(-56.9531326313305,35.716409661459,9.86299801714291));
#3514=CARTESIAN_POINT('Ctrl Pts',(-51.7998014087702,29.3747728976495,10.3283931684465));
#3515=CARTESIAN_POINT('Ctrl Pts',(-46.64647018621,23.03313613384,10.79378831975));
#3516=CARTESIAN_POINT('Ctrl Pts',(-46.34201089988,22.65847164598,10.82128390843));
#3517=CARTESIAN_POINT('Ctrl Pts',(-45.09446489636,21.10698270162,10.93270030712));
#3518=CARTESIAN_POINT('Ctrl Pts',(-42.51939337648,17.7519147788,11.15933310767));
#3519=CARTESIAN_POINT('Ctrl Pts',(-39.69801537782,13.68995726221,11.38125179269));
#3520=CARTESIAN_POINT('Ctrl Pts',(-37.10735476037,9.584806511269,11.54485637562));
#3521=CARTESIAN_POINT('Ctrl Pts',(-35.16515142266,6.315443943081,11.64092027442));
#3522=CARTESIAN_POINT('Ctrl Pts',(-33.29865646797,2.982641659315,11.70077378003));
#3523=CARTESIAN_POINT('Ctrl Pts',(-31.94478047949,0.4051142272022,11.72315672659));
#3524=CARTESIAN_POINT('Ctrl Pts',(-31.04200940694,-1.400675703327,11.72930055936));
#3525=CARTESIAN_POINT('Ctrl Pts',(-30.50962284391,-2.496851172233,11.73002521326));
#3526=CARTESIAN_POINT('Ctrl Pts',(-29.99550803274,-3.589130579179,11.72781250699));
#3527=CARTESIAN_POINT('Ctrl Pts',(-29.29284271949,-5.028703843056,11.72105858948));
#3528=CARTESIAN_POINT('Ctrl Pts',(-28.37557591898,-6.803538583448,11.70578314384));
#3529=CARTESIAN_POINT('Ctrl Pts',(-27.21792825846,-8.86865763806,11.67375425038));
#3530=CARTESIAN_POINT('Ctrl Pts',(-25.98954386003,-10.91757809733,11.62624491654));
#3531=CARTESIAN_POINT('Ctrl Pts',(-24.7242631117,-12.91184133291,11.5649533187));
#3532=CARTESIAN_POINT('Ctrl Pts',(-23.61900619036,-14.56769569607,11.50058543144));
#3533=CARTESIAN_POINT('Ctrl Pts',(-22.70783240453,-15.86772324849,11.44095406525));
#3534=CARTESIAN_POINT('Ctrl Pts',(-21.61643326183,-17.44948941496,11.36171702485));
#3535=CARTESIAN_POINT('Ctrl Pts',(-20.1831087963,-19.63492008489,11.23384626404));
#3536=CARTESIAN_POINT('Ctrl Pts',(-18.6621014089,-22.13152753203,11.0581740938));
#3537=CARTESIAN_POINT('Ctrl Pts',(-17.38916380432,-24.35060297805,10.88073490159));
#3538=CARTESIAN_POINT('Ctrl Pts',(-16.33333401274,-26.27131032392,10.7145236688));
#3539=CARTESIAN_POINT('Ctrl Pts',(-15.6453732549,-27.56695282397,10.59528241154));
#3540=CARTESIAN_POINT('Ctrl Pts',(-15.30545632084,-28.21433240096,10.5344896935));
#3541=CARTESIAN_POINT('Ctrl Pts',(-13.4362628357677,-31.7742541536814,10.2001922781199));
#3542=CARTESIAN_POINT('Ctrl Pts',(-11.5670693506955,-35.3341759064027,9.86589486273971));
#3543=CARTESIAN_POINT('Ctrl Pts',(-9.69787586562324,-38.8940976591241,9.53159744735957));
#3544=CARTESIAN_POINT('Ctrl Pts',(-61.7153756897663,41.7653481050042,9.3882434700098));
#3545=CARTESIAN_POINT('Ctrl Pts',(-55.8175500931842,36.0732174839228,9.84022706432654));
#3546=CARTESIAN_POINT('Ctrl Pts',(-49.9197244966021,30.3810868628414,10.2922106586433));
#3547=CARTESIAN_POINT('Ctrl Pts',(-44.02189890002,24.68895624176,10.74419425296));
#3548=CARTESIAN_POINT('Ctrl Pts',(-43.67345481706,24.35266463702,10.77089748561));
#3549=CARTESIAN_POINT('Ctrl Pts',(-42.25055419228,22.95056286597,10.87755022301));
#3550=CARTESIAN_POINT('Ctrl Pts',(-39.36173169299,19.83431205692,11.08144191372));
#3551=CARTESIAN_POINT('Ctrl Pts',(-36.33479088834,15.88457607144,11.26169897344));
#3552=CARTESIAN_POINT('Ctrl Pts',(-33.71619550212,11.76564302754,11.38928637925));
#3553=CARTESIAN_POINT('Ctrl Pts',(-31.84226030927,8.430896578876,11.46421496076));
#3554=CARTESIAN_POINT('Ctrl Pts',(-30.13604827018,4.986304796516,11.51406640071));
#3555=CARTESIAN_POINT('Ctrl Pts',(-28.97903820494,2.287934064243,11.53980826004));
#3556=CARTESIAN_POINT('Ctrl Pts',(-28.25054402229,0.3783340945965,11.55496385073));
#3557=CARTESIAN_POINT('Ctrl Pts',(-27.8384281761,-0.7838138611112,11.56274269648));
#3558=CARTESIAN_POINT('Ctrl Pts',(-27.45657730779,-1.94893721796,11.5685179001));
#3559=CARTESIAN_POINT('Ctrl Pts',(-26.90284204669,-3.485486812276,11.5728153253));
#3560=CARTESIAN_POINT('Ctrl Pts',(-26.12752746747,-5.365210335558,11.57083271589));
#3561=CARTESIAN_POINT('Ctrl Pts',(-25.0666554135,-7.512212435777,11.54944643473));
#3562=CARTESIAN_POINT('Ctrl Pts',(-23.87660162982,-9.595778679259,11.50423200984));
#3563=CARTESIAN_POINT('Ctrl Pts',(-22.59787311114,-11.58599480361,11.44022027031));
#3564=CARTESIAN_POINT('Ctrl Pts',(-21.44117717593,-13.21219531485,11.37136357645));
#3565=CARTESIAN_POINT('Ctrl Pts',(-20.46187706514,-14.46372883796,11.30814392781));
#3566=CARTESIAN_POINT('Ctrl Pts',(-19.30107878936,-15.99337717138,11.22536024623));
#3567=CARTESIAN_POINT('Ctrl Pts',(-17.81710453146,-18.15540071619,11.0954733284));
#3568=CARTESIAN_POINT('Ctrl Pts',(-16.32058609312,-20.68813729858,10.92845361927));
#3569=CARTESIAN_POINT('Ctrl Pts',(-15.13209571679,-22.97689683122,10.77116442542));
#3570=CARTESIAN_POINT('Ctrl Pts',(-14.18982567464,-24.97810665351,10.63288242397));
#3571=CARTESIAN_POINT('Ctrl Pts',(-13.60325826482,-26.33800263224,10.54079589788));
#3572=CARTESIAN_POINT('Ctrl Pts',(-13.31903856071,-27.01940794556,10.49602750215));
#3573=CARTESIAN_POINT('Ctrl Pts',(-11.7561225479473,-30.7664362478527,10.2498473762111));
#3574=CARTESIAN_POINT('Ctrl Pts',(-10.1932065351846,-34.5134645501454,10.0036672502722));
#3575=CARTESIAN_POINT('Ctrl Pts',(-8.63029052242188,-38.260492852438,9.75748712433334));
#3576=CARTESIAN_POINT('Ctrl Pts',(-61.1468967592535,41.3332537838665,9.38752486516137));
#3577=CARTESIAN_POINT('Ctrl Pts',(-54.5651769530457,36.336614403301,9.80695154102758));
#3578=CARTESIAN_POINT('Ctrl Pts',(-47.9834571468378,31.3399750227355,10.2263782168938));
#3579=CARTESIAN_POINT('Ctrl Pts',(-41.40173734063,26.34333564217,10.64580489276));
#3580=CARTESIAN_POINT('Ctrl Pts',(-41.01288872437,26.04813372439,10.67058465965));
#3581=CARTESIAN_POINT('Ctrl Pts',(-39.42710957294,24.80479671362,10.76769770609));
#3582=CARTESIAN_POINT('Ctrl Pts',(-36.23236073491,21.93178185079,10.9374011117));
#3583=CARTESIAN_POINT('Ctrl Pts',(-32.9818026509,18.07972680714,11.06183329214));
#3584=CARTESIAN_POINT('Ctrl Pts',(-30.32133452622,13.94219875364,11.14183322787));
#3585=CARTESIAN_POINT('Ctrl Pts',(-28.51048795989,10.54332723957,11.18863831412));
#3586=CARTESIAN_POINT('Ctrl Pts',(-26.96680278194,6.993094045619,11.22427427449));
#3587=CARTESIAN_POINT('Ctrl Pts',(-26.01442753273,4.181665823396,11.25233544818));
#3588=CARTESIAN_POINT('Ctrl Pts',(-25.46812970706,2.173720850367,11.27694284249));
#3589=CARTESIAN_POINT('Ctrl Pts',(-25.18309067678,0.9509885994181,11.29250310221));
#3590=CARTESIAN_POINT('Ctrl Pts',(-24.94044964238,-0.2822290651998,11.3071945758));
#3591=CARTESIAN_POINT('Ctrl Pts',(-24.53867536976,-1.91929871584,11.32386686144));
#3592=CARTESIAN_POINT('Ctrl Pts',(-23.90421535327,-3.915679707617,11.33746458049));
#3593=CARTESIAN_POINT('Ctrl Pts',(-22.93314125804,-6.162732897644,11.32986779016));
#3594=CARTESIAN_POINT('Ctrl Pts',(-21.77320070576,-8.291202636535,11.29015993962));
#3595=CARTESIAN_POINT('Ctrl Pts',(-20.47337295789,-10.27997559135,11.22679610261));
#3596=CARTESIAN_POINT('Ctrl Pts',(-19.25884902968,-11.87558732344,11.15664552201));
#3597=CARTESIAN_POINT('Ctrl Pts',(-18.20933215554,-13.07271633256,11.09277136729));
#3598=CARTESIAN_POINT('Ctrl Pts',(-16.97757659831,-14.54227244461,11.01044825833));
#3599=CARTESIAN_POINT('Ctrl Pts',(-15.43556160068,-16.67989429276,10.8851881755));
#3600=CARTESIAN_POINT('Ctrl Pts',(-13.95616206564,-19.25308958162,10.73609190451));
#3601=CARTESIAN_POINT('Ctrl Pts',(-12.85205024342,-21.61472670428,10.60859361509));
#3602=CARTESIAN_POINT('Ctrl Pts',(-12.03082792548,-23.69670401353,10.50766420377));
#3603=CARTESIAN_POINT('Ctrl Pts',(-11.55808360131,-25.11828827769,10.44982787525));
#3604=CARTESIAN_POINT('Ctrl Pts',(-11.33820593274,-25.83179560552,10.42475163405));
#3605=CARTESIAN_POINT('Ctrl Pts',(-10.1291049306364,-29.7553519661918,10.2868581018823));
#3606=CARTESIAN_POINT('Ctrl Pts',(-8.92000392853283,-33.6789083268635,10.1489645697147));
#3607=CARTESIAN_POINT('Ctrl Pts',(-7.71090292642925,-37.6024646875353,10.011071037547));
#3608=CARTESIAN_POINT('Ctrl Pts',(-60.5143762808918,40.8725392534024,9.45424163946679));
#3609=CARTESIAN_POINT('Ctrl Pts',(-53.3698460967412,36.5206025896216,9.80662318356119));
#3610=CARTESIAN_POINT('Ctrl Pts',(-46.2253159125906,32.1686659258408,10.1590047276556));
#3611=CARTESIAN_POINT('Ctrl Pts',(-39.08078572844,27.81672926206,10.51138627175));
#3612=CARTESIAN_POINT('Ctrl Pts',(-38.65868622288,27.55961644055,10.53220500604));
#3613=CARTESIAN_POINT('Ctrl Pts',(-36.93724142329,26.4627258463,10.61228347915));
#3614=CARTESIAN_POINT('Ctrl Pts',(-33.47455898203,23.80648857473,10.73913572242));
#3615=CARTESIAN_POINT('Ctrl Pts',(-30.00743219687,20.02756291296,10.80893991273));
#3616=CARTESIAN_POINT('Ctrl Pts',(-27.29673177228,15.8696393557,10.84526228752));
#3617=CARTESIAN_POINT('Ctrl Pts',(-25.53743939255,12.41561636078,10.86668327078));
#3618=CARTESIAN_POINT('Ctrl Pts',(-24.14104043379,8.778165531689,10.88877954057));
#3619=CARTESIAN_POINT('Ctrl Pts',(-23.37945333066,5.875392610621,10.91642247934));
#3620=CARTESIAN_POINT('Ctrl Pts',(-23.00447978096,3.787178141499,10.94623984906));
#3621=CARTESIAN_POINT('Ctrl Pts',(-22.84009854056,2.516939999883,10.96683690405));
#3622=CARTESIAN_POINT('Ctrl Pts',(-22.72873310414,1.228211861297,10.98730125955));
#3623=CARTESIAN_POINT('Ctrl Pts',(-22.46529551773,-0.5020222960279,11.01165320691));
#3624=CARTESIAN_POINT('Ctrl Pts',(-21.95517181975,-2.613682438851,11.03627729361));
#3625=CARTESIAN_POINT('Ctrl Pts',(-21.05569284385,-4.969649374216,11.04085715456));
#3626=CARTESIAN_POINT('Ctrl Pts',(-19.91239925553,-7.151156796832,11.01019511807));
#3627=CARTESIAN_POINT('Ctrl Pts',(-18.58488878398,-9.142735556471,10.9542814313));
#3628=CARTESIAN_POINT('Ctrl Pts',(-17.31190725983,-10.71036145023,10.89061785284));
#3629=CARTESIAN_POINT('Ctrl Pts',(-16.19761676291,-11.85270786107,10.83281953298));
#3630=CARTESIAN_POINT('Ctrl Pts',(-14.90092706234,-13.26026969662,10.75920461408));
#3631=CARTESIAN_POINT('Ctrl Pts',(-13.29999947764,-15.37369043026,10.65017018852));
#3632=CARTESIAN_POINT('Ctrl Pts',(-11.82941042516,-17.98416287479,10.52818795935));
#3633=CARTESIAN_POINT('Ctrl Pts',(-10.80210273715,-20.40978127141,10.4329656914));
#3634=CARTESIAN_POINT('Ctrl Pts',(-10.09881194507,-22.55887595034,10.36650717029));
#3635=CARTESIAN_POINT('Ctrl Pts',(-9.743175810779,-24.02774499419,10.33683516596));
#3636=CARTESIAN_POINT('Ctrl Pts',(-9.591772318062,-24.76465383193,10.32707871697));
#3637=CARTESIAN_POINT('Ctrl Pts',(-8.75920884785298,-28.8168944253705,10.2734282834016));
#3638=CARTESIAN_POINT('Ctrl Pts',(-7.92664537764397,-32.8691350188111,10.2197778498333));
#3639=CARTESIAN_POINT('Ctrl Pts',(-7.09408190743495,-36.9213756122517,10.1661274162649));
#3640=CARTESIAN_POINT('Ctrl Pts',(-59.8904810719559,40.469965667448,9.60059821745752));
#3641=CARTESIAN_POINT('Ctrl Pts',(-52.2798269986473,36.6841053092887,9.85262684385502));
#3642=CARTESIAN_POINT('Ctrl Pts',(-44.6691729253386,32.8982449511293,10.1046554702525));
#3643=CARTESIAN_POINT('Ctrl Pts',(-37.05851885203,29.11238459297,10.35668409665));
#3644=CARTESIAN_POINT('Ctrl Pts',(-36.60888070389,28.88871561207,10.37157397126));
#3645=CARTESIAN_POINT('Ctrl Pts',(-34.77408859036,27.92033975624,10.42763926012));
#3646=CARTESIAN_POINT('Ctrl Pts',(-31.07920208511,25.45029379214,10.50636990442));
#3647=CARTESIAN_POINT('Ctrl Pts',(-27.410906403,21.72365545091,10.53027300202));
#3648=CARTESIAN_POINT('Ctrl Pts',(-24.64850818179,17.54491181389,10.53406265678));
#3649=CARTESIAN_POINT('Ctrl Pts',(-22.93250835596,14.04453606134,10.53746340864));
#3650=CARTESIAN_POINT('Ctrl Pts',(-21.66860014528,10.33697714196,10.54937372698));
#3651=CARTESIAN_POINT('Ctrl Pts',(-21.08214559883,7.363459035893,10.57400162001));
#3652=CARTESIAN_POINT('Ctrl Pts',(-20.86522988767,5.212678915341,10.60378372347));
#3653=CARTESIAN_POINT('Ctrl Pts',(-20.8131882685,3.907718780077,10.62605133074));
#3654=CARTESIAN_POINT('Ctrl Pts',(-20.82247512472,2.574718424682,10.6480286935));
#3655=CARTESIAN_POINT('Ctrl Pts',(-20.68092975332,0.7583585837553,10.67285357965));
#3656=CARTESIAN_POINT('Ctrl Pts',(-20.27734216962,-1.463704120026,10.70102697441));
#3657=CARTESIAN_POINT('Ctrl Pts',(-19.43244324341,-3.932018569047,10.71361313358));
#3658=CARTESIAN_POINT('Ctrl Pts',(-18.29507761079,-6.173092240448,10.69500187281));
#3659=CARTESIAN_POINT('Ctrl Pts',(-16.93664510768,-8.173017258293,10.65385229105));
#3660=CARTESIAN_POINT('Ctrl Pts',(-15.60720725878,-9.71796750129,10.60538652213));
#3661=CARTESIAN_POINT('Ctrl Pts',(-14.43511089859,-10.80808881337,10.56076441836));
#3662=CARTESIAN_POINT('Ctrl Pts',(-13.0820388432,-12.15411161707,10.50411338397));
#3663=CARTESIAN_POINT('Ctrl Pts',(-11.42632996133,-14.24359140474,10.42272796804));
#3664=CARTESIAN_POINT('Ctrl Pts',(-9.961151977426,-16.88522855809,10.33475015496));
#3665=CARTESIAN_POINT('Ctrl Pts',(-9.004335863786,-19.36226963342,10.26963045461));
#3666=CARTESIAN_POINT('Ctrl Pts',(-8.413545572255,-21.56112850275,10.22847571169));
#3667=CARTESIAN_POINT('Ctrl Pts',(-8.173697406196,-23.05966864311,10.21501475209));
#3668=CARTESIAN_POINT('Ctrl Pts',(-8.091893572586,-23.80903948142,10.21300977898));
#3669=CARTESIAN_POINT('Ctrl Pts',(-7.64205663445111,-27.9298082590795,10.2019844892712));
#3670=CARTESIAN_POINT('Ctrl Pts',(-7.19221969631622,-32.050577036739,10.1909591995623));
#3671=CARTESIAN_POINT('Ctrl Pts',(-6.74238275818133,-36.1713458143985,10.1799339098535));
#3672=CARTESIAN_POINT('Ctrl Pts',(-59.4179417283696,40.2304263703577,9.77591208496438));
#3673=CARTESIAN_POINT('Ctrl Pts',(-51.4944455837964,36.8295411720451,9.92624776242292));
#3674=CARTESIAN_POINT('Ctrl Pts',(-43.5709494392232,33.4286559737326,10.0765834398815));
#3675=CARTESIAN_POINT('Ctrl Pts',(-35.64745329465,30.02777077542,10.22691911734));
#3676=CARTESIAN_POINT('Ctrl Pts',(-35.17933240794,29.82684616265,10.2358009631));
#3677=CARTESIAN_POINT('Ctrl Pts',(-33.26805830521,28.9462379091,10.26813469791));
#3678=CARTESIAN_POINT('Ctrl Pts',(-29.41247567782,26.60212298789,10.30475952358));
#3679=CARTESIAN_POINT('Ctrl Pts',(-25.59795212543,22.90442412221,10.29741823286));
#3680=CARTESIAN_POINT('Ctrl Pts',(-22.79618071022,18.70931010409,10.28263908161));
#3681=CARTESIAN_POINT('Ctrl Pts',(-21.11045046783,15.17784079723,10.27682642542));
#3682=CARTESIAN_POINT('Ctrl Pts',(-19.9424215574,11.42529798178,10.28348260193));
#3683=CARTESIAN_POINT('Ctrl Pts',(-19.48427873856,8.408373307948,10.30504143237));
#3684=CARTESIAN_POINT('Ctrl Pts',(-19.38335177111,6.218878498053,10.33248103442));
#3685=CARTESIAN_POINT('Ctrl Pts',(-19.41456683692,4.894623784393,10.35486190977));
#3686=CARTESIAN_POINT('Ctrl Pts',(-19.51170270619,3.532934318128,10.37592176854));
#3687=CARTESIAN_POINT('Ctrl Pts',(-19.454931532,1.651788177864,10.39646234056));
#3688=CARTESIAN_POINT('Ctrl Pts',(-19.12386696844,-0.6537210704041,10.42270992062));
#3689=CARTESIAN_POINT('Ctrl Pts',(-18.31177606231,-3.210755798067,10.43848991556));
#3690=CARTESIAN_POINT('Ctrl Pts',(-17.17276104285,-5.5015589469,10.43056099211));
#3691=CARTESIAN_POINT('Ctrl Pts',(-15.7879838394,-7.511279038619,10.40468237471));
#3692=CARTESIAN_POINT('Ctrl Pts',(-14.41479469121,-9.04253717078,10.37274752645));
#3693=CARTESIAN_POINT('Ctrl Pts',(-13.20107217988,-10.09380106469,10.34187415525));
#3694=CARTESIAN_POINT('Ctrl Pts',(-11.8092782318,-11.39132739757,10.30213189132));
#3695=CARTESIAN_POINT('Ctrl Pts',(-10.11400845948,-13.46135305154,10.24774748697));
#3696=CARTESIAN_POINT('Ctrl Pts',(-8.652616290043,-16.12262836151,10.18917648997));
#3697=CARTESIAN_POINT('Ctrl Pts',(-7.748501326894,-18.63179134901,10.14562374264));
#3698=CARTESIAN_POINT('Ctrl Pts',(-7.243279954371,-20.85905229138,10.11868048566));
#3699=CARTESIAN_POINT('Ctrl Pts',(-7.093427990418,-22.37030172801,10.11126644485));
#3700=CARTESIAN_POINT('Ctrl Pts',(-7.066905855374,-23.12270446063,10.11146012202));
#3701=CARTESIAN_POINT('Ctrl Pts',(-6.92106139436901,-27.2601455382658,10.1125251472309));
#3702=CARTESIAN_POINT('Ctrl Pts',(-6.77521693336402,-31.3975866159016,10.1135901724417));
#3703=CARTESIAN_POINT('Ctrl Pts',(-6.62937247235902,-35.5350276935374,10.1146551976526));
#3704=CARTESIAN_POINT('Ctrl Pts',(-59.130401906956,40.1232535417569,9.92209275528646));
#3705=CARTESIAN_POINT('Ctrl Pts',(-51.025450069094,36.9403069136479,9.99495895223098));
#3706=CARTESIAN_POINT('Ctrl Pts',(-42.920498231232,33.757360285539,10.0678251491755));
#3707=CARTESIAN_POINT('Ctrl Pts',(-34.81554639337,30.57441365743,10.14069134612));
#3708=CARTESIAN_POINT('Ctrl Pts',(-34.33670508748,30.38636487559,10.14499628779));
#3709=CARTESIAN_POINT('Ctrl Pts',(-32.38103288626,29.55592705859,10.15948623553));
#3710=CARTESIAN_POINT('Ctrl Pts',(-28.43092808252,27.28401962746,10.16648810587));
#3711=CARTESIAN_POINT('Ctrl Pts',(-24.52736270535,23.60001121593,10.14091293692));
#3712=CARTESIAN_POINT('Ctrl Pts',(-21.70076075251,19.39442925493,10.11732021805));
#3713=CARTESIAN_POINT('Ctrl Pts',(-20.03286860979,15.84519592636,10.10791412187));
#3714=CARTESIAN_POINT('Ctrl Pts',(-18.92298603309,12.06788728248,10.11262383705));
#3715=CARTESIAN_POINT('Ctrl Pts',(-18.54348805766,9.028118815447,10.13220305458));
#3716=CARTESIAN_POINT('Ctrl Pts',(-18.5137583202,6.818060577632,10.15745295823));
#3717=CARTESIAN_POINT('Ctrl Pts',(-18.5965166138,5.48494704648,10.17981351278));
#3718=CARTESIAN_POINT('Ctrl Pts',(-18.74718305888,4.107206647485,10.19952640635));
#3719=CARTESIAN_POINT('Ctrl Pts',(-18.74018060658,2.185079133725,10.21487966316));
#3720=CARTESIAN_POINT('Ctrl Pts',(-18.45118355461,-0.1726135853422,10.23762502663));
#3721=CARTESIAN_POINT('Ctrl Pts',(-17.65606828483,-2.786454579297,10.25378743518));
#3722=CARTESIAN_POINT('Ctrl Pts',(-16.51304108921,-5.110029066675,10.25307220447));
#3723=CARTESIAN_POINT('Ctrl Pts',(-15.10991361658,-7.127018000638,10.23847124693));
#3724=CARTESIAN_POINT('Ctrl Pts',(-13.70824313958,-8.650928151848,10.21914660514));
#3725=CARTESIAN_POINT('Ctrl Pts',(-12.46896648978,-9.677872695465,10.1983939942));
#3726=CARTESIAN_POINT('Ctrl Pts',(-11.05430222081,-10.94376316327,10.17062315201));
#3727=CARTESIAN_POINT('Ctrl Pts',(-9.334525830618,-13.00062728827,10.13548359614));
#3728=CARTESIAN_POINT('Ctrl Pts',(-7.874978919654,-15.67230840042,10.09659579107));
#3729=CARTESIAN_POINT('Ctrl Pts',(-7.003559199283,-18.19872818136,10.065794924));
#3730=CARTESIAN_POINT('Ctrl Pts',(-6.552460409999,-20.43990275677,10.04554879574));
#3731=CARTESIAN_POINT('Ctrl Pts',(-6.460715010256,-21.95479533828,10.03946274682));
#3732=CARTESIAN_POINT('Ctrl Pts',(-6.470651554783,-22.70598557433,10.03990753819));
#3733=CARTESIAN_POINT('Ctrl Pts',(-6.52529232855134,-26.8367591680537,10.0423534331947));
#3734=CARTESIAN_POINT('Ctrl Pts',(-6.57993310231968,-30.9675327617773,10.0447993281993));
#3735=CARTESIAN_POINT('Ctrl Pts',(-6.63457387608802,-35.098306355501,10.047245223204));
#3736=CARTESIAN_POINT('Ctrl Pts',(-59.0403951497994,40.0942936283635,9.97243780806215));
#3737=CARTESIAN_POINT('Ctrl Pts',(-50.8790322049496,36.978048526269,10.0192443700314));
#3738=CARTESIAN_POINT('Ctrl Pts',(-42.7176692600998,33.8618034241745,10.0660509320007));
#3739=CARTESIAN_POINT('Ctrl Pts',(-34.55630631525,30.74555832208,10.11285749397));
#3740=CARTESIAN_POINT('Ctrl Pts',(-34.07413223593,30.56145027258,10.11562282999));
#3741=CARTESIAN_POINT('Ctrl Pts',(-32.10466705284,29.74644420992,10.12413488116));
#3742=CARTESIAN_POINT('Ctrl Pts',(-28.12511859064,27.49682058794,10.12138743957));
#3743=CARTESIAN_POINT('Ctrl Pts',(-24.1935273795,23.81673666083,10.09014472069));
#3744=CARTESIAN_POINT('Ctrl Pts',(-21.35903143941,19.60780823168,10.06403315534));
#3745=CARTESIAN_POINT('Ctrl Pts',(-19.69670221184,16.0530955494,10.05370728093));
#3746=CARTESIAN_POINT('Ctrl Pts',(-18.60510712063,12.26824597901,10.05794161475));
#3747=CARTESIAN_POINT('Ctrl Pts',(-18.25042360415,9.221640683294,10.07690367458));
#3748=CARTESIAN_POINT('Ctrl Pts',(-18.24316298024,7.005403689463,10.10140645862));
#3749=CARTESIAN_POINT('Ctrl Pts',(-18.34223054589,5.669796480058,10.12377968435));
#3750=CARTESIAN_POINT('Ctrl Pts',(-18.50974510324,4.287131963797,10.14299666017));
#3751=CARTESIAN_POINT('Ctrl Pts',(-18.51822288932,2.351924198216,10.15642792367));
#3752=CARTESIAN_POINT('Ctrl Pts',(-18.24226701476,-0.02232821970336,10.17782615604));
#3753=CARTESIAN_POINT('Ctrl Pts',(-17.45220759122,-2.654310685907,10.19393612675));
#3754=CARTESIAN_POINT('Ctrl Pts',(-16.30761532664,-4.988434240839,10.19555671127));
#3755=CARTESIAN_POINT('Ctrl Pts',(-14.8984696888,-7.007830954661,10.18470284948));
#3756=CARTESIAN_POINT('Ctrl Pts',(-13.4876328946,-8.529521253263,10.16960971371));
#3757=CARTESIAN_POINT('Ctrl Pts',(-12.24028196715,-9.548740592839,10.15221221733));
#3758=CARTESIAN_POINT('Ctrl Pts',(-10.81848675923,-10.80445341982,10.1283561073));
#3759=CARTESIAN_POINT('Ctrl Pts',(-9.090945328216,-12.85703526471,10.09954115564));
#3760=CARTESIAN_POINT('Ctrl Pts',(-7.631927892989,-15.53183543417,10.06701580854));
#3761=CARTESIAN_POINT('Ctrl Pts',(-6.770859013109,-18.0634633382,10.04018877121));
#3762=CARTESIAN_POINT('Ctrl Pts',(-6.337001074424,-20.30868552036,10.02186589932));
#3763=CARTESIAN_POINT('Ctrl Pts',(-6.263886551193,-21.82430701062,10.01599170342));
#3764=CARTESIAN_POINT('Ctrl Pts',(-6.285588425556,-22.5747897947,10.01645320436));
#3765=CARTESIAN_POINT('Ctrl Pts',(-6.4049264111299,-26.7016731303023,10.0189909848115));
#3766=CARTESIAN_POINT('Ctrl Pts',(-6.52426439670379,-30.8285564659045,10.0215287652631));
#3767=CARTESIAN_POINT('Ctrl Pts',(-6.64360238227769,-34.9554398015068,10.0240665457146));
#3768=CARTESIAN_POINT('Ctrl Pts',(-55.6369394433339,38.9992227068998,11.876152179901));
#3769=CARTESIAN_POINT('Ctrl Pts',(-45.3424843835056,38.4051847869706,10.9375570213029));
#3770=CARTESIAN_POINT('Ctrl Pts',(-35.0480293236773,37.8111468670413,9.99896186270482));
#3771=CARTESIAN_POINT('Ctrl Pts',(-24.7535742638494,37.2171089471119,9.06036670410671));
#3772=CARTESIAN_POINT('Ctrl Pts',(-24.145376904644,37.1820131317366,9.00491441513127));
#3773=CARTESIAN_POINT('Ctrl Pts',(-21.654353070431,36.9505331734314,8.78738225766016));
#3774=CARTESIAN_POINT('Ctrl Pts',(-16.5614416722623,35.5435347032651,8.41598081307652));
#3775=CARTESIAN_POINT('Ctrl Pts',(-11.5701001982876,32.0118486222293,8.17042912717799));
#3776=CARTESIAN_POINT('Ctrl Pts',(-8.43710626980772,27.6763790701522,8.04907157478334));
#3777=CARTESIAN_POINT('Ctrl Pts',(-6.98512941921432,23.9144737476622,8.00396581756816));
#3778=CARTESIAN_POINT('Ctrl Pts',(-6.58504515245844,19.8444765930987,7.99022439652775));
#3779=CARTESIAN_POINT('Ctrl Pts',(-7.1686790977356,16.5393480005731,7.98584966518542));
#3780=CARTESIAN_POINT('Ctrl Pts',(-8.01105060308775,14.0894716324791,7.98210136474692));
#3781=CARTESIAN_POINT('Ctrl Pts',(-8.72682614467639,12.6595701306412,8.00495373005767));
#3782=CARTESIAN_POINT('Ctrl Pts',(-9.53142402398958,11.0907083161141,8.0054184016118));
#3783=CARTESIAN_POINT('Ctrl Pts',(-10.1252612576961,8.66089259987984,7.94617268723424));
#3784=CARTESIAN_POINT('Ctrl Pts',(-10.3424357999764,5.6604627333313,7.91663139934488));
#3785=CARTESIAN_POINT('Ctrl Pts',(-9.74355478659288,2.34249069035017,7.9307585204177));
#3786=CARTESIAN_POINT('Ctrl Pts',(-8.53978204433321,-0.390528295311174,
8.02070406991731));
#3787=CARTESIAN_POINT('Ctrl Pts',(-6.90306950625719,-2.50097119677402,8.15154039690732));
#3788=CARTESIAN_POINT('Ctrl Pts',(-5.14562368438911,-3.93872146392856,8.29645461798109));
#3789=CARTESIAN_POINT('Ctrl Pts',(-3.59295738716472,-4.66582507122465,8.40592519413048));
#3790=CARTESIAN_POINT('Ctrl Pts',(-1.90151759223227,-5.53668735103484,8.53009816469547));
#3791=CARTESIAN_POINT('Ctrl Pts',(0.119645932627178,-7.42734190138076,8.74043759399161));
#3792=CARTESIAN_POINT('Ctrl Pts',(1.55864212416698,-10.2200840313764,8.94849800477482));
#3793=CARTESIAN_POINT('Ctrl Pts',(2.02831119975782,-12.9486484411825,9.07193472466017));
#3794=CARTESIAN_POINT('Ctrl Pts',(1.81023507027766,-15.3469241353898,9.12633659115924));
#3795=CARTESIAN_POINT('Ctrl Pts',(1.17885400912867,-16.8901080967691,9.12847326458324));
#3796=CARTESIAN_POINT('Ctrl Pts',(0.712265770299838,-17.6138397621508,9.12956661009982));
#3797=CARTESIAN_POINT('Ctrl Pts',(-1.85348959179182,-21.5936194621909,9.13557888578174));
#3798=CARTESIAN_POINT('Ctrl Pts',(-4.41924495388349,-25.5733991622311,9.14159116146366));
#3799=CARTESIAN_POINT('Ctrl Pts',(-6.98500031597515,-29.5531788622713,9.14760343714558));
#3800=CARTESIAN_POINT('Ctrl Pts',(-52.2334837368685,37.9041517854361,13.7798665517399));
#3801=CARTESIAN_POINT('Ctrl Pts',(-39.8059365620617,39.8323210476723,11.8558696725744));
#3802=CARTESIAN_POINT('Ctrl Pts',(-27.3783893872549,41.760490309908,9.93187279340892));
#3803=CARTESIAN_POINT('Ctrl Pts',(-14.9508422124487,43.6886595721438,8.00787591424341));
#3804=CARTESIAN_POINT('Ctrl Pts',(-14.2166215733581,43.8025759908933,7.89420600027253));
#3805=CARTESIAN_POINT('Ctrl Pts',(-11.2040390880219,44.1546221369427,7.45062963416031));
#3806=CARTESIAN_POINT('Ctrl Pts',(-4.99776475388465,43.5902488185901,6.71057418658304));
#3807=CARTESIAN_POINT('Ctrl Pts',(1.05332698292473,40.2069605836286,6.25071353366598));
#3808=CARTESIAN_POINT('Ctrl Pts',(4.48481889979456,35.7449499086245,6.03410999422668));
#3809=CARTESIAN_POINT('Ctrl Pts',(5.72644337341136,31.7758519459244,5.95422435420631));
#3810=CARTESIAN_POINT('Ctrl Pts',(5.43501681571312,27.4207072071874,5.9225071783055));
#3811=CARTESIAN_POINT('Ctrl Pts',(3.91306540867879,23.8570553178523,5.89479565579085));
#3812=CARTESIAN_POINT('Ctrl Pts',(2.22106177406451,21.1735395754953,5.86279627087383));
#3813=CARTESIAN_POINT('Ctrl Pts',(0.888578256537216,19.6493437812244,5.88612777576534));
#3814=CARTESIAN_POINT('Ctrl Pts',(-0.553102944739163,17.8942846684311,5.86784014305361));
#3815=CARTESIAN_POINT('Ctrl Pts',(-1.73229962607224,14.9698610015437,5.73591745079848));
#3816=CARTESIAN_POINT('Ctrl Pts',(-2.44260458519273,11.343253686366,5.65543664264976));
#3817=CARTESIAN_POINT('Ctrl Pts',(-2.03490198196575,7.33929206660734,5.6675809140854));
#3818=CARTESIAN_POINT('Ctrl Pts',(-0.771948762026424,4.20737765021665,5.84585142856462));
#3819=CARTESIAN_POINT('Ctrl Pts',(1.09233067628562,2.00588856111295,6.11837794433464));
#3820=CARTESIAN_POINT('Ctrl Pts',(3.19638552582177,0.65207832540588,6.42329952225218));
#3821=CARTESIAN_POINT('Ctrl Pts',(5.05436719282056,0.217090450389693,6.65963817093095));
#3822=CARTESIAN_POINT('Ctrl Pts',(7.01545157476546,-0.268921282249681,6.93184022209095));
#3823=CARTESIAN_POINT('Ctrl Pts',(9.33023719347036,-1.99764853805152,7.38133403234322));
#3824=CARTESIAN_POINT('Ctrl Pts',(10.749212141323,-4.9083326285828,7.82998020100964));
#3825=CARTESIAN_POINT('Ctrl Pts',(10.8274814126246,-7.8338335441649,8.10368067811034));
#3826=CARTESIAN_POINT('Ctrl Pts',(9.95747121497932,-10.3851627504195,8.23080728299847));
#3827=CARTESIAN_POINT('Ctrl Pts',(8.62159456945035,-11.9559091829182,8.24095482574648));
#3828=CARTESIAN_POINT('Ctrl Pts',(7.71011996615568,-12.6528897296015,8.24268001583964));
#3829=CARTESIAN_POINT('Ctrl Pts',(2.69794722754625,-16.4855657940796,8.25216678675194));
#3830=CARTESIAN_POINT('Ctrl Pts',(-2.31422551106318,-20.3182418585576,8.26165355766425));
#3831=CARTESIAN_POINT('Ctrl Pts',(-7.3263982496726,-24.1509179230357,8.27114032857655));
#3832=CARTESIAN_POINT('Ctrl Pts',(-48.8300280304031,36.8090808639724,15.6835809235787));
#3833=CARTESIAN_POINT('Ctrl Pts',(-34.2693887406177,41.2594573083739,12.7741823238458));
#3834=CARTESIAN_POINT('Ctrl Pts',(-19.7087494508324,45.7098337527748,9.86478372411302));
#3835=CARTESIAN_POINT('Ctrl Pts',(-5.14811016104809,50.1602101971757,6.95538512438011));
#3836=CARTESIAN_POINT('Ctrl Pts',(-4.28786624207214,50.4231388500499,6.7834975854138));
#3837=CARTESIAN_POINT('Ctrl Pts',(-0.753725105612921,51.3587111004541,6.11387701066047));
#3838=CARTESIAN_POINT('Ctrl Pts',(6.56591216449303,51.6369629339152,5.00516756008955));
#3839=CARTESIAN_POINT('Ctrl Pts',(13.6767541641371,48.4020725450279,4.33099794015397));
#3840=CARTESIAN_POINT('Ctrl Pts',(17.4067440693968,43.8135207470967,4.01914841367002));
#3841=CARTESIAN_POINT('Ctrl Pts',(18.438016166037,39.6372301441866,3.90448289084446));
#3842=CARTESIAN_POINT('Ctrl Pts',(17.4550787838847,34.9969378212761,3.85478996008324));
#3843=CARTESIAN_POINT('Ctrl Pts',(14.9948099150932,31.1747626351314,3.80374164639627));
#3844=CARTESIAN_POINT('Ctrl Pts',(12.4531741512168,28.2576075185114,3.74349117700075));
#3845=CARTESIAN_POINT('Ctrl Pts',(10.5039826577508,26.6391174318077,3.76730182147301));
#3846=CARTESIAN_POINT('Ctrl Pts',(8.42521813451126,24.6978610207482,3.73026188449541));
#3847=CARTESIAN_POINT('Ctrl Pts',(6.66066200555164,21.2788294032075,3.52566221436272));
#3848=CARTESIAN_POINT('Ctrl Pts',(5.4572266295909,17.0260446394006,3.39424188595464));
#3849=CARTESIAN_POINT('Ctrl Pts',(5.67375082266137,12.3360934428645,3.40440330775309));
#3850=CARTESIAN_POINT('Ctrl Pts',(6.99588452028036,8.80528359574448,3.67099878721193));
#3851=CARTESIAN_POINT('Ctrl Pts',(9.08773085882844,6.51274831899993,4.08521549176196));
#3852=CARTESIAN_POINT('Ctrl Pts',(11.5383947360327,5.24287811474032,4.55014442652327));
#3853=CARTESIAN_POINT('Ctrl Pts',(13.7016917728058,5.10000597200404,4.91335114773143));
#3854=CARTESIAN_POINT('Ctrl Pts',(15.9324207417632,4.99884478653548,5.33358227948642));
#3855=CARTESIAN_POINT('Ctrl Pts',(18.5408284543135,3.43204482527773,6.02223047069482));
#3856=CARTESIAN_POINT('Ctrl Pts',(19.9397821584789,0.403418774210802,6.71146239724446));
#3857=CARTESIAN_POINT('Ctrl Pts',(19.6266516254915,-2.71901864714734,7.13542663156051));
#3858=CARTESIAN_POINT('Ctrl Pts',(18.104707359681,-5.42340136544928,7.33527797483771));
#3859=CARTESIAN_POINT('Ctrl Pts',(16.064335129772,-7.02171026906728,7.35343638690972));
#3860=CARTESIAN_POINT('Ctrl Pts',(14.7079741620115,-7.69193969705223,7.35579342157945));
#3861=CARTESIAN_POINT('Ctrl Pts',(7.24938404688433,-11.3775121259682,7.36875468772214));
#3862=CARTESIAN_POINT('Ctrl Pts',(-0.209206068242862,-15.0630845548841,
7.38171595386483));
#3863=CARTESIAN_POINT('Ctrl Pts',(-7.66779618337005,-18.7486569838001,7.39467722000752));
#3864=CARTESIAN_POINT('',(-35.0079274775453,29.5501462611572,10.2561209102017));
#3865=CARTESIAN_POINT('Ctrl Pts',(-21.974370133526,-1.92209395586049,10.9958225022374));
#3866=CARTESIAN_POINT('Ctrl Pts',(-21.5828444223931,-1.20269355692352,10.9054842243694));
#3867=CARTESIAN_POINT('Ctrl Pts',(-21.2318891382137,-0.461726172125054,
10.8141833511807));
#3868=CARTESIAN_POINT('Ctrl Pts',(-20.6627108070382,0.938008387911517,10.6601216401146));
#3869=CARTESIAN_POINT('Ctrl Pts',(-20.4324355918514,1.59123465574672,10.5952934511552));
#3870=CARTESIAN_POINT('Ctrl Pts',(-19.8131527211537,3.65602802243596,10.427662811177));
#3871=CARTESIAN_POINT('Ctrl Pts',(-19.5861620210745,4.91785036672854,10.3839822186119));
#3872=CARTESIAN_POINT('Ctrl Pts',(-19.1295066317299,8.79432196161698,10.2396935014723));
#3873=CARTESIAN_POINT('Ctrl Pts',(-19.3462176871168,11.6418349361516,10.1939779953066));
#3874=CARTESIAN_POINT('Ctrl Pts',(-20.8448523117189,17.0766289762409,10.1511181731994));
#3875=CARTESIAN_POINT('Ctrl Pts',(-22.1058600406797,19.6161149265083,10.1565890766873));
#3876=CARTESIAN_POINT('Ctrl Pts',(-25.190873443429,23.6512611266322,10.1856964565291));
#3877=CARTESIAN_POINT('Ctrl Pts',(-26.8415104000323,25.2292382227962,10.2050399606475));
#3878=CARTESIAN_POINT('Ctrl Pts',(-30.6303488715882,27.864600164703,10.2396181217323));
#3879=CARTESIAN_POINT('Ctrl Pts',(-32.7585004620276,28.8859041843224,10.2542167226641));
#3880=CARTESIAN_POINT('Ctrl Pts',(-35.0079274811607,29.5501462453317,10.2561221588311));
#3881=CARTESIAN_POINT('',(-36.8401368364916,23.2268787828373,10.8310592674349));
#3882=CARTESIAN_POINT('Ctrl Pts',(-36.841399464217,23.2272446472965,10.8310689034985));
#3883=CARTESIAN_POINT('Ctrl Pts',(-36.7828060744734,23.4437082795606,10.8157861285498));
#3884=CARTESIAN_POINT('Ctrl Pts',(-36.7244273909869,23.6580314185295,10.8003138184236));
#3885=CARTESIAN_POINT('Ctrl Pts',(-36.657861841979,23.9008184871221,10.7823774457293));
#3886=CARTESIAN_POINT('Ctrl Pts',(-36.6494591975441,23.9314368816519,10.7801079109393));
#3887=CARTESIAN_POINT('Ctrl Pts',(-36.6013498659616,24.1065778486085,10.7670824433279));
#3888=CARTESIAN_POINT('Ctrl Pts',(-36.5617413165691,24.250114522109,10.7562374323313));
#3889=CARTESIAN_POINT('Ctrl Pts',(-36.4827248646707,24.5350867537948,10.7343573064458));
#3890=CARTESIAN_POINT('Ctrl Pts',(-36.4429368526282,24.6778794771277,10.7232145686736));
#3891=CARTESIAN_POINT('Ctrl Pts',(-36.3409951222327,25.0418657930483,10.694350137608));
#3892=CARTESIAN_POINT('Ctrl Pts',(-36.2776763090304,25.2659060599086,10.6761177480994));
#3893=CARTESIAN_POINT('Ctrl Pts',(-36.199166129035,25.5413742585205,10.6530889487177));
#3894=CARTESIAN_POINT('Ctrl Pts',(-36.1841754746669,25.5938684218664,10.6486728953335));
#3895=CARTESIAN_POINT('Ctrl Pts',(-36.1298626901588,25.7836980322674,10.6326023539852));
#3896=CARTESIAN_POINT('Ctrl Pts',(-36.0904792711871,25.9206511569406,10.620815912944));
#3897=CARTESIAN_POINT('Ctrl Pts',(-36.0116120719017,26.1935711514933,10.5969314975771));
#3898=CARTESIAN_POINT('Ctrl Pts',(-35.9717098817864,26.3309709346508,10.5847038537979));
#3899=CARTESIAN_POINT('Ctrl Pts',(-35.919436279802,26.5101310355035,10.5684924682285));
#3900=CARTESIAN_POINT('Ctrl Pts',(-35.9062560566992,26.5552551933336,10.5643867460602));
#3901=CARTESIAN_POINT('Ctrl Pts',(-35.7925061965871,26.9442623781768,10.5287946894741));
#3902=CARTESIAN_POINT('Ctrl Pts',(-35.6918517924027,27.2855817862939,10.4962293402676));
#3903=CARTESIAN_POINT('Ctrl Pts',(-35.5685507150541,27.6999114078348,10.4550086300235));
#3904=CARTESIAN_POINT('Ctrl Pts',(-35.5457577817005,27.7763438745709,10.4473330953624));
#3905=CARTESIAN_POINT('Ctrl Pts',(-35.4166532572163,28.2083643627994,10.4035423193796));
#3906=CARTESIAN_POINT('Ctrl Pts',(-35.3105689107082,28.5598519041788,10.3663475202784));
#3907=CARTESIAN_POINT('Ctrl Pts',(-35.1854414139234,28.9707335369895,10.3212512836634));
#3908=CARTESIAN_POINT('Ctrl Pts',(-35.1657360561395,29.0353300618094,10.3141131153545));
#3909=CARTESIAN_POINT('Ctrl Pts',(-35.0998543272917,29.2509372252105,10.2901302749615));
#3910=CARTESIAN_POINT('Ctrl Pts',(-35.0537996982403,29.4010630982749,10.2731714615502));
#3911=CARTESIAN_POINT('Ctrl Pts',(-35.007927518028,29.5501461329852,10.2561196806937));
#3912=CARTESIAN_POINT('',(-29.4186586167108,-1.78044260883517,11.6558070679716));
#3913=CARTESIAN_POINT('Ctrl Pts',(-29.4186586168839,-1.78044260868557,11.6558070679762));
#3914=CARTESIAN_POINT('Ctrl Pts',(-28.9183908588453,-1.20038889510023,11.6208944513093));
#3915=CARTESIAN_POINT('Ctrl Pts',(-28.4620927804344,-0.584242468752268,
11.5793001114683));
#3916=CARTESIAN_POINT('Ctrl Pts',(-27.6343429624676,0.726240749973209,11.4879808649405));
#3917=CARTESIAN_POINT('Ctrl Pts',(-27.2664171267743,1.42039327334613,11.4382489466144));
#3918=CARTESIAN_POINT('Ctrl Pts',(-26.3331206249137,3.55891861102796,11.29054117733));
#3919=CARTESIAN_POINT('Ctrl Pts',(-25.9294957080288,5.06433274845482,11.195360016111));
#3920=CARTESIAN_POINT('Ctrl Pts',(-25.5268038674302,8.63931122701217,11.0162003944754));
#3921=CARTESIAN_POINT('Ctrl Pts',(-25.7024566010452,10.6991352611402,10.9464853593596));
#3922=CARTESIAN_POINT('Ctrl Pts',(-26.822477214714,14.5548354754395,10.861411745255));
#3923=CARTESIAN_POINT('Ctrl Pts',(-27.7254282880907,16.3220120913435,10.8438279417945));
#3924=CARTESIAN_POINT('Ctrl Pts',(-29.9024362776214,19.1141043363897,10.8315779079607));
#3925=CARTESIAN_POINT('Ctrl Pts',(-31.0534931873366,20.2005102878459,10.832737488698));
#3926=CARTESIAN_POINT('Ctrl Pts',(-33.0184793037511,21.5575650210986,10.8340214456824));
#3927=CARTESIAN_POINT('Ctrl Pts',(-33.7240920116746,21.9668041779124,10.8344056737307));
#3928=CARTESIAN_POINT('Ctrl Pts',(-34.8379358367195,22.5003576195223,10.8340076687573));
#3929=CARTESIAN_POINT('Ctrl Pts',(-35.2245138841196,22.6665368809495,10.8337053244326));
#3930=CARTESIAN_POINT('Ctrl Pts',(-36.2107543176605,23.0436903859658,10.8324334270709));
#3931=CARTESIAN_POINT('Ctrl Pts',(-36.6711812033678,23.1779214693733,10.8313924267052));
#3932=CARTESIAN_POINT('Ctrl Pts',(-36.8400997747119,23.226868043656,10.8310065708131));
#3933=CARTESIAN_POINT('',(-30.9967427072952,-3.36305543211031,11.7362289252214));
#3934=CARTESIAN_POINT('Ctrl Pts',(-30.9967427094659,-3.36305543568987,11.7362289253376));
#3935=CARTESIAN_POINT('Ctrl Pts',(-30.8959775683286,-3.42422265355369,11.73437708632));
#3936=CARTESIAN_POINT('Ctrl Pts',(-30.7864236144477,-3.46952687479043,11.7320506674453));
#3937=CARTESIAN_POINT('Ctrl Pts',(-30.5771438202522,-3.52045154955554,11.7269204455053));
#3938=CARTESIAN_POINT('Ctrl Pts',(-30.4798444169807,-3.53136168452078,11.724288066412));
#3939=CARTESIAN_POINT('Ctrl Pts',(-30.2369368940825,-3.52763156488181,11.7169969955094));
#3940=CARTESIAN_POINT('Ctrl Pts',(-30.0932823957562,-3.49783765511669,11.712036494151));
#3941=CARTESIAN_POINT('Ctrl Pts',(-29.8195718371394,-3.38419054832269,11.7010738345978));
#3942=CARTESIAN_POINT('Ctrl Pts',(-29.6928927970133,-3.2993977400933,11.6951418376673));
#3943=CARTESIAN_POINT('Ctrl Pts',(-29.4897041645075,-3.09590472293769,11.6839465928298));
#3944=CARTESIAN_POINT('Ctrl Pts',(-29.4111729966486,-2.98281272902914,11.6787684928968));
#3945=CARTESIAN_POINT('Ctrl Pts',(-29.295306298302,-2.72965662482135,11.6692789025264));
#3946=CARTESIAN_POINT('Ctrl Pts',(-29.2606357772073,-2.59088158268955,11.6650966704794));
#3947=CARTESIAN_POINT('Ctrl Pts',(-29.245446801898,-2.3392410898119,11.6594785484032));
#3948=CARTESIAN_POINT('Ctrl Pts',(-29.2546627227302,-2.22879965046185,11.6576680792263));
#3949=CARTESIAN_POINT('Ctrl Pts',(-29.2942501912712,-2.05729226726553,11.6559555311334));
#3950=CARTESIAN_POINT('Ctrl Pts',(-29.3145049303908,-1.99461220176282,11.6555803886896));
#3951=CARTESIAN_POINT('Ctrl Pts',(-29.36234196208,-1.88091768534641,11.6553801797646));
#3952=CARTESIAN_POINT('Ctrl Pts',(-29.3886308739807,-1.82959131044832,11.6554927816233));
#3953=CARTESIAN_POINT('Ctrl Pts',(-29.4186586160726,-1.78044260844505,11.6558070679345));
#3954=CARTESIAN_POINT('',(-56.2706566434137,11.7049171539743,10.8146562391343));
#3955=CARTESIAN_POINT('Ctrl Pts',(-56.2706592986616,11.7049190287671,10.8148319095925));
#3956=CARTESIAN_POINT('Ctrl Pts',(-56.5790525806025,10.3158493919207,10.8283791848048));
#3957=CARTESIAN_POINT('Ctrl Pts',(-56.6945149647212,8.89099868323728,10.8381663006864));
#3958=CARTESIAN_POINT('Ctrl Pts',(-56.5389716019953,6.15451190381097,10.8465071987767));
#3959=CARTESIAN_POINT('Ctrl Pts',(-56.2964831129174,4.85361898145371,10.8461658192474));
#3960=CARTESIAN_POINT('Ctrl Pts',(-55.2735609196091,1.67942991634446,10.8442334013656));
#3961=CARTESIAN_POINT('Ctrl Pts',(-54.2857419746856,-0.101241606392175,
10.8422155223437));
#3962=CARTESIAN_POINT('Ctrl Pts',(-51.7386911887295,-3.11864825519945,10.878408640606));
#3963=CARTESIAN_POINT('Ctrl Pts',(-50.2279617640514,-4.34855320087131,10.9151497832347));
#3964=CARTESIAN_POINT('Ctrl Pts',(-46.8484885535884,-6.18224189377433,11.0537880846185));
#3965=CARTESIAN_POINT('Ctrl Pts',(-45.0134359954232,-6.77484380707357,11.1564012679414));
#3966=CARTESIAN_POINT('Ctrl Pts',(-41.702433125435,-7.20199106118535,11.3688569592509));
#3967=CARTESIAN_POINT('Ctrl Pts',(-40.2677544112969,-7.18806626390684,11.4678245900934));
#3968=CARTESIAN_POINT('Ctrl Pts',(-37.2746770052303,-6.74244992768505,11.6466175476873));
#3969=CARTESIAN_POINT('Ctrl Pts',(-35.7397842354848,-6.26392951722637,11.7201222527982));
#3970=CARTESIAN_POINT('Ctrl Pts',(-33.1109574016039,-4.97081830962814,11.7751351516776));
#3971=CARTESIAN_POINT('Ctrl Pts',(-32.0006431183254,-4.23389585162765,11.7698960731986));
#3972=CARTESIAN_POINT('Ctrl Pts',(-30.9967427086491,-3.36305543054783,11.7362289252646));
#3973=CARTESIAN_POINT('',(-57.3252338006101,11.7887279249393,10.73554843109));
#3974=CARTESIAN_POINT('Origin',(-42.955647216962,-8.88082795911167,-195.608957270726));
#3975=CARTESIAN_POINT('',(-62.7991110193522,12.2243414492026,10.2228767749197));
#3976=CARTESIAN_POINT('Ctrl Pts',(-57.32523380061,11.78872792494,10.73554843109));
#3977=CARTESIAN_POINT('Ctrl Pts',(-57.7411704634521,11.8263893182204,10.7029048667579));
#3978=CARTESIAN_POINT('Ctrl Pts',(-58.186282853335,11.8656266220134,10.6666798903706));
#3979=CARTESIAN_POINT('Ctrl Pts',(-58.8973070313616,11.9258534706178,10.6056197448301));
#3980=CARTESIAN_POINT('Ctrl Pts',(-59.1415230901845,11.9461406975161,10.5841401866407));
#3981=CARTESIAN_POINT('Ctrl Pts',(-59.518719349841,11.9768292020853,10.5500777363438));
#3982=CARTESIAN_POINT('Ctrl Pts',(-59.710039652273,11.9922409025434,10.5325861684765));
#3983=CARTESIAN_POINT('Ctrl Pts',(-59.9380431704482,12.0103390231757,10.5113404599232));
#3984=CARTESIAN_POINT('Ctrl Pts',(-60.0532488479849,12.0194178781233,10.5005036189034));
#3985=CARTESIAN_POINT('Ctrl Pts',(-60.1028812237362,12.0233152479509,10.4958129444425));
#3986=CARTESIAN_POINT('Ctrl Pts',(-60.1360269827747,12.0259149301789,10.4926754847598));
#3987=CARTESIAN_POINT('Ctrl Pts',(-60.1538055592637,12.0273075813038,10.4909898296476));
#3988=CARTESIAN_POINT('Ctrl Pts',(-61.1272887899892,12.1034797116755,10.3985552155778));
#3989=CARTESIAN_POINT('Ctrl Pts',(-61.9994072129745,12.1670310934398,10.3069446911044));
#3990=CARTESIAN_POINT('Ctrl Pts',(-62.7991110193522,12.2243414492026,10.2228767749197));
#3991=CARTESIAN_POINT('',(-40.9393631960088,-13.3515846309967,10.8967220338836));
#3992=CARTESIAN_POINT('Ctrl Pts',(-62.799112411203,12.22434147499,10.2228606090513));
#3993=CARTESIAN_POINT('Ctrl Pts',(-63.1190062369527,10.3464344512032,10.2464613291224));
#3994=CARTESIAN_POINT('Ctrl Pts',(-63.1925232879741,8.4345722556477,10.247751406602));
#3995=CARTESIAN_POINT('Ctrl Pts',(-62.8503360238944,4.72052969498769,10.2324490641011));
#3996=CARTESIAN_POINT('Ctrl Pts',(-62.4564961327512,2.93155941435327,10.2162072900625));
#3997=CARTESIAN_POINT('Ctrl Pts',(-60.8788815615585,-1.50700145758631,10.1735815255204));
#3998=CARTESIAN_POINT('Ctrl Pts',(-59.3843092705654,-4.00863431556436,10.1452876085595));
#3999=CARTESIAN_POINT('Ctrl Pts',(-55.5661838166923,-8.22751468986475,10.1360420677951));
#4000=CARTESIAN_POINT('Ctrl Pts',(-53.3030889566262,-9.92539446627482,10.1509438371327));
#4001=CARTESIAN_POINT('Ctrl Pts',(-48.9274203807148,-12.052049792158,10.2726236746739));
#4002=CARTESIAN_POINT('Ctrl Pts',(-46.9461591363284,-12.6882761388446,10.3356242634097));
#4003=CARTESIAN_POINT('Ctrl Pts',(-44.3151052572471,-13.1407711350527,10.5412590772995));
#4004=CARTESIAN_POINT('Ctrl Pts',(-43.70513328453,-13.2193377813791,10.5980465473506));
#4005=CARTESIAN_POINT('Ctrl Pts',(-42.3764519848742,-13.3340038336781,10.7338448420261));
#4006=CARTESIAN_POINT('Ctrl Pts',(-41.6576668162548,-13.3604654236092,10.8148033202837));
#4007=CARTESIAN_POINT('Ctrl Pts',(-40.9393631960089,-13.3515846310019,10.8967220338855));
#4008=CARTESIAN_POINT('',(-32.6720848629522,-11.6203656044897,11.6342491320783));
#4009=CARTESIAN_POINT('Ctrl Pts',(-32.6720848629698,-11.6203656044893,11.6342491320768));
#4010=CARTESIAN_POINT('Ctrl Pts',(-32.6646877218673,-11.1591354056768,11.6515844185583));
#4011=CARTESIAN_POINT('Ctrl Pts',(-32.7310423648795,-10.6995580217627,11.6648283848571));
#4012=CARTESIAN_POINT('Ctrl Pts',(-33.025359996992,-9.7580018147215,11.6863663004429));
#4013=CARTESIAN_POINT('Ctrl Pts',(-33.2718488732639,-9.2894890431792,11.6935965699843));
#4014=CARTESIAN_POINT('Ctrl Pts',(-33.9357702394848,-8.44410936039488,11.7002110384179));
#4015=CARTESIAN_POINT('Ctrl Pts',(-34.3546507959411,-8.08030876672256,11.6991198678129));
#4016=CARTESIAN_POINT('Ctrl Pts',(-35.3274061918324,-7.51654238795763,11.685903700442));
#4017=CARTESIAN_POINT('Ctrl Pts',(-35.8767550973471,-7.33032451836868,11.6733329980049));
#4018=CARTESIAN_POINT('Ctrl Pts',(-36.9316862569874,-7.19391038395554,11.6365712643631));
#4019=CARTESIAN_POINT('Ctrl Pts',(-37.424029858817,-7.21393487320084,11.6145651716832));
#4020=CARTESIAN_POINT('Ctrl Pts',(-38.3509245528312,-7.41108138426692,11.5609710428253));
#4021=CARTESIAN_POINT('Ctrl Pts',(-38.781197694145,-7.57708432518087,11.5304088480656));
#4022=CARTESIAN_POINT('Ctrl Pts',(-39.6439824677231,-8.07849448217887,11.453988110685));
#4023=CARTESIAN_POINT('Ctrl Pts',(-40.0555440157309,-8.43445269194972,11.4070695568666));
#4024=CARTESIAN_POINT('Ctrl Pts',(-40.7160245009659,-9.26526830366962,11.3051782346728));
#4025=CARTESIAN_POINT('Ctrl Pts',(-40.9642214036401,-9.7293424066371,11.2510853120176));
#4026=CARTESIAN_POINT('Ctrl Pts',(-41.3001290038856,-10.7745252827116,11.1335035842134));
#4027=CARTESIAN_POINT('Ctrl Pts',(-41.3652565194553,-11.3529105458311,11.0709804318589));
#4028=CARTESIAN_POINT('Ctrl Pts',(-41.2722079410558,-12.4193441338686,10.9677167826403));
#4029=CARTESIAN_POINT('Ctrl Pts',(-41.1453373772503,-12.9011414238095,10.9260463562609));
#4030=CARTESIAN_POINT('Ctrl Pts',(-40.9393631959927,-13.3515846309897,10.8967220338888));
#4031=CARTESIAN_POINT('Ctrl Pts',(-32.6720848629499,-11.620365604495,11.6342491320772));
#4032=CARTESIAN_POINT('Ctrl Pts',(-31.3832982604858,-11.0747402363474,11.6912023165562));
#4033=CARTESIAN_POINT('Ctrl Pts',(-30.1483605895346,-10.405888883962,11.7115230381769));
#4034=CARTESIAN_POINT('Ctrl Pts',(-27.8374036508726,-8.85166644457475,11.6896351912517));
#4035=CARTESIAN_POINT('Ctrl Pts',(-26.7640437114129,-7.97114185915916,11.6461776976181));
#4036=CARTESIAN_POINT('Ctrl Pts',(-25.7809065620382,-6.99513229525347,11.5668220796398));
#4037=CARTESIAN_POINT('Origin',(-41.2101045506703,8.54674176895101,-1.004));
#4038=CARTESIAN_POINT('',(-40.9393631959872,-13.3515846310017,0.218));
#4039=CARTESIAN_POINT('Ctrl Pts',(-35.0079274830012,29.5501462458752,10.2561196677723));
#4040=CARTESIAN_POINT('Ctrl Pts',(-36.6100581141817,30.0232456365495,10.257335992223));
#4041=CARTESIAN_POINT('Ctrl Pts',(-38.2610342120247,30.3114716807769,10.2642081969371));
#4042=CARTESIAN_POINT('Ctrl Pts',(-41.678104847224,30.5117616088047,10.2821591217535));
#4043=CARTESIAN_POINT('Ctrl Pts',(-43.4335684867742,30.4039450018633,10.2932334354413));
#4044=CARTESIAN_POINT('Ctrl Pts',(-47.8667559448514,29.591609625337,10.3155149569741));
#4045=CARTESIAN_POINT('Ctrl Pts',(-50.4583581580851,28.588393848923,10.3219386982306));
#4046=CARTESIAN_POINT('Ctrl Pts',(-55.256500075083,25.5971416806,10.2938536103791));
#4047=CARTESIAN_POINT('Ctrl Pts',(-57.3880838964253,23.5896941711259,10.2590463881637));
#4048=CARTESIAN_POINT('Ctrl Pts',(-60.0317050909794,19.8664364792512,10.217999338733));
#4049=CARTESIAN_POINT('Ctrl Pts',(-60.8383933938715,18.4016247134981,10.2058846299907));
#4050=CARTESIAN_POINT('Ctrl Pts',(-62.0830325223236,15.368022397238,10.1988692223851));
#4051=CARTESIAN_POINT('Ctrl Pts',(-62.5284071503562,13.8134914351586,10.2031188845207));
#4052=CARTESIAN_POINT('Ctrl Pts',(-62.7991123509986,12.2243418284143,10.2228896932889));
#4053=CARTESIAN_POINT('Origin',(-37.0015281049678,-11.5509306398262,0.218));
#4054=CARTESIAN_POINT('',(-32.67208486297,-11.6203656045035,0.218));
#4055=CARTESIAN_POINT('Ctrl Pts',(-52.4937914247772,18.9013057340952,7.26990542546867));
#4056=CARTESIAN_POINT('Ctrl Pts',(-52.4937914247772,18.9013057340952,11.5365867453899));
#4057=CARTESIAN_POINT('Ctrl Pts',(-52.5591152547401,18.8275924993223,7.26990542546867));
#4058=CARTESIAN_POINT('Ctrl Pts',(-52.5591152547401,18.8275924993223,11.5365867453899));
#4059=CARTESIAN_POINT('Ctrl Pts',(-52.624439084703,18.7538792645493,7.26990542546867));
#4060=CARTESIAN_POINT('Ctrl Pts',(-52.624439084703,18.7538792645493,11.5365867453899));
#4061=CARTESIAN_POINT('Ctrl Pts',(-52.6897629146658,18.6801660297764,7.26990542546867));
#4062=CARTESIAN_POINT('Ctrl Pts',(-52.6897629146658,18.6801660297764,11.5365867453899));
#4063=CARTESIAN_POINT('Ctrl Pts',(-52.7069246367609,18.6608002630934,7.26990542546867));
#4064=CARTESIAN_POINT('Ctrl Pts',(-52.7069246367609,18.6608002630934,11.5365867453899));
#4065=CARTESIAN_POINT('Ctrl Pts',(-52.7240863588559,18.6414344964104,7.26990542546867));
#4066=CARTESIAN_POINT('Ctrl Pts',(-52.7240863588559,18.6414344964104,11.5365867453899));
#4067=CARTESIAN_POINT('Ctrl Pts',(-52.7412480809509,18.6220687297275,7.26990542546867));
#4068=CARTESIAN_POINT('Ctrl Pts',(-52.7412480809509,18.6220687297275,11.5365867453899));
#4069=CARTESIAN_POINT('Ctrl Pts',(-53.6353859959754,17.6130985256371,7.26990542546867));
#4070=CARTESIAN_POINT('Ctrl Pts',(-53.6353859959754,17.6130985256371,11.5365867453899));
#4071=CARTESIAN_POINT('Ctrl Pts',(-54.3939923699346,16.4917309250352,7.26990542546867));
#4072=CARTESIAN_POINT('Ctrl Pts',(-54.3939923699346,16.4917309250352,11.5365867453899));
#4073=CARTESIAN_POINT('Ctrl Pts',(-54.997859068636,15.2863975571108,7.26990542546867));
#4074=CARTESIAN_POINT('Ctrl Pts',(-54.997859068636,15.2863975571108,11.5365867453899));
#4075=CARTESIAN_POINT('Ctrl Pts',(-55.5643621041617,14.1556430160537,7.26990542546867));
#4076=CARTESIAN_POINT('Ctrl Pts',(-55.5643621041617,14.1556430160537,11.5365867453899));
#4077=CARTESIAN_POINT('Ctrl Pts',(-55.9902749640027,12.9597689242088,7.26990542546867));
#4078=CARTESIAN_POINT('Ctrl Pts',(-55.9902749640027,12.9597689242088,11.5365867453899));
#4079=CARTESIAN_POINT('Ctrl Pts',(-56.2660538476456,11.7255791864088,7.26990542546867));
#4080=CARTESIAN_POINT('Ctrl Pts',(-56.2660538476456,11.7255791864088,11.5365867453899));
#4081=CARTESIAN_POINT('Ctrl Pts',(-56.2716961415846,11.7003282999551,7.26990542546867));
#4082=CARTESIAN_POINT('Ctrl Pts',(-56.2716961415846,11.7003282999551,11.5365867453899));
#4083=CARTESIAN_POINT('Ctrl Pts',(-56.2773384355236,11.6750774135015,7.26990542546867));
#4084=CARTESIAN_POINT('Ctrl Pts',(-56.2773384355236,11.6750774135015,11.5365867453899));
#4085=CARTESIAN_POINT('Ctrl Pts',(-56.2829807294626,11.6498265270479,7.26990542546867));
#4086=CARTESIAN_POINT('Ctrl Pts',(-56.2829807294626,11.6498265270479,11.5365867453899));
#4087=CARTESIAN_POINT('',(-56.2660550906638,11.7255820708059,10.8143603629599));
#4088=CARTESIAN_POINT('',(-56.2660532928471,11.7255816692905,-1.004));
#4089=CARTESIAN_POINT('',(-52.8377324605452,18.5121521151567,10.7756274770937));
#4090=CARTESIAN_POINT('',(-52.8377324605452,18.5121521151566,10.7756274770937));
#4091=CARTESIAN_POINT('Ctrl Pts',(-52.8377324603069,18.5121521149495,10.7756274771149));
#4092=CARTESIAN_POINT('Ctrl Pts',(-53.2761046516307,18.0079705625939,10.7754864766402));
#4093=CARTESIAN_POINT('Ctrl Pts',(-53.6811292696141,17.4762728862289,10.7760922999654));
#4094=CARTESIAN_POINT('Ctrl Pts',(-54.0504051658942,16.9204775734482,10.7776893881806));
#4095=CARTESIAN_POINT('Ctrl Pts',(-54.2655526403568,16.5966601809036,10.778619883508));
#4096=CARTESIAN_POINT('Ctrl Pts',(-54.4685653816905,16.2646629506592,10.7798855827727));
#4097=CARTESIAN_POINT('Ctrl Pts',(-54.6589679431343,15.9251614974569,10.7815092848964));
#4098=CARTESIAN_POINT('Ctrl Pts',(-54.7668002459052,15.7328887506236,10.7824288499363));
#4099=CARTESIAN_POINT('Ctrl Pts',(-54.8677440419026,15.5432755352617,10.7834386487463));
#4100=CARTESIAN_POINT('Ctrl Pts',(-54.9621918987569,15.3571379495998,10.78451810993));
#4101=CARTESIAN_POINT('Ctrl Pts',(-54.9741853616433,15.333501264769,10.7846551853288));
#4102=CARTESIAN_POINT('Ctrl Pts',(-54.9860741340063,15.309920587903,10.784793384047));
#4103=CARTESIAN_POINT('Ctrl Pts',(-54.997859068636,15.2863975571108,10.7849326639613));
#4104=CARTESIAN_POINT('Ctrl Pts',(-55.0929455727781,15.096602464041,10.7860564404767));
#4105=CARTESIAN_POINT('Ctrl Pts',(-55.1812719261778,14.910554452472,10.7872509312984));
#4106=CARTESIAN_POINT('Ctrl Pts',(-55.2632789492881,14.7291644844973,10.7884891265688));
#4107=CARTESIAN_POINT('Ctrl Pts',(-55.3417239652508,14.5556532607804,10.789673540343));
#4108=CARTESIAN_POINT('Ctrl Pts',(-55.4143877264372,14.3864042353012,10.7908979443805));
#4109=CARTESIAN_POINT('Ctrl Pts',(-55.4816917235549,14.2221878995124,10.7921386977149));
#4110=CARTESIAN_POINT('Ctrl Pts',(-55.5551638043807,14.0429219359341,10.7934931600527));
#4111=CARTESIAN_POINT('Ctrl Pts',(-55.6222914258276,13.869545839317,10.7948585221409));
#4112=CARTESIAN_POINT('Ctrl Pts',(-55.6835895865863,13.7031805077289,10.7962129531079));
#4113=CARTESIAN_POINT('Ctrl Pts',(-55.748330454575,13.5274715494676,10.7976434533929));
#4114=CARTESIAN_POINT('Ctrl Pts',(-55.8065703740857,13.3595837433532,10.7990617602207));
#4115=CARTESIAN_POINT('Ctrl Pts',(-55.858957506524,13.2007941045719,10.800442153986));
#4116=CARTESIAN_POINT('Ctrl Pts',(-55.9109719010568,13.0431342645528,10.8018127261584));
#4117=CARTESIAN_POINT('Ctrl Pts',(-55.9572189709113,12.8944437819346,10.8031459228569));
#4118=CARTESIAN_POINT('Ctrl Pts',(-55.9983403551447,12.7559240759428,10.8044165695693));
#4119=CARTESIAN_POINT('Ctrl Pts',(-56.0346191569145,12.6337168825672,10.8055375809617));
#4120=CARTESIAN_POINT('Ctrl Pts',(-56.0669097368653,12.5194253834787,10.8066099070782));
#4121=CARTESIAN_POINT('Ctrl Pts',(-56.0956333196093,12.413841519492,10.807616261036));
#4122=CARTESIAN_POINT('Ctrl Pts',(-56.1225717520749,12.3148196177046,10.8085600708096));
#4123=CARTESIAN_POINT('Ctrl Pts',(-56.146373664161,12.2234563873979,10.8094458538504));
#4124=CARTESIAN_POINT('Ctrl Pts',(-56.1673536849876,12.1403796782307,10.8102593502143));
#4125=CARTESIAN_POINT('Ctrl Pts',(-56.1872445111285,12.0616159633586,10.8110306132589));
#4126=CARTESIAN_POINT('Ctrl Pts',(-56.204599465013,11.9903005319916,10.811736900438));
#4127=CARTESIAN_POINT('Ctrl Pts',(-56.2196457281543,11.9269477043577,10.8123660594499));
#4128=CARTESIAN_POINT('Ctrl Pts',(-56.2337835685199,11.8674198232227,10.8129572327925));
#4129=CARTESIAN_POINT('Ctrl Pts',(-56.245883390618,11.8149219309004,10.8134803100957));
#4130=CARTESIAN_POINT('Ctrl Pts',(-56.2560902449212,11.7698641721876,10.8139252099372));
#4131=CARTESIAN_POINT('Ctrl Pts',(-56.2596389572163,11.7541985206966,10.8140798924174));
#4132=CARTESIAN_POINT('Ctrl Pts',(-56.2629584218093,11.739432095673,10.8142251247341));
#4133=CARTESIAN_POINT('Ctrl Pts',(-56.2660532926409,11.7255816702135,10.8143604831875));
#4134=CARTESIAN_POINT('Origin',(-41.2101045506703,8.54674176895101,-1.004));
#4135=CARTESIAN_POINT('Ctrl Pts',(-64.1046220423625,4.9418078640357,10.5919624087323));
#4136=CARTESIAN_POINT('Ctrl Pts',(-64.4199399959629,3.56002390155787,10.5731685363465));
#4137=CARTESIAN_POINT('Ctrl Pts',(-64.7352579495633,2.17823993908004,10.5543746639607));
#4138=CARTESIAN_POINT('Ctrl Pts',(-65.0505759031638,0.796455976602253,10.5355807915749));
#4139=CARTESIAN_POINT('Ctrl Pts',(-65.7280954159646,-2.17256493186252,10.4951986467682));
#4140=CARTESIAN_POINT('Ctrl Pts',(-66.6618368152031,-6.18194524775991,10.4394579757451));
#4141=CARTESIAN_POINT('Ctrl Pts',(-67.87936520868,-11.2969437290944,10.4497824698635));
#4142=CARTESIAN_POINT('Ctrl Pts',(-68.5160380183958,-14.4359347715875,10.4751289066142));
#4143=CARTESIAN_POINT('Ctrl Pts',(-68.952750945836,-16.5900646926266,10.4430627007088));
#4144=CARTESIAN_POINT('Ctrl Pts',(-68.9123833706236,-17.731034334229,10.3912062719883));
#4145=CARTESIAN_POINT('Ctrl Pts',(-68.9065800976283,-17.8309640845387,10.3861550261374));
#4146=CARTESIAN_POINT('Ctrl Pts',(-68.5670128813441,-23.6781587906658,10.0905912134862));
#4147=CARTESIAN_POINT('Ctrl Pts',(-68.2274456650599,-29.5253534967929,9.79502740083505));
#4148=CARTESIAN_POINT('Ctrl Pts',(-67.8878784487757,-35.37254820292,9.49946358818385));
#4149=CARTESIAN_POINT('Ctrl Pts',(-60.2915037634374,7.06988068931213,10.7463599127014));
#4150=CARTESIAN_POINT('Ctrl Pts',(-60.727043306588,6.16092040262747,10.7194518720909));
#4151=CARTESIAN_POINT('Ctrl Pts',(-61.1625828497386,5.25196011594281,10.6925438314804));
#4152=CARTESIAN_POINT('Ctrl Pts',(-61.5981223928892,4.34299982925817,10.66563579087));
#4153=CARTESIAN_POINT('Ctrl Pts',(-62.5339604436931,2.38992889384832,10.6078188402121));
#4154=CARTESIAN_POINT('Ctrl Pts',(-63.805399165082,-0.248545159536606,10.5227281282667));
#4155=CARTESIAN_POINT('Ctrl Pts',(-65.42925768573,-3.61779876223625,10.4553966155257));
#4156=CARTESIAN_POINT('Ctrl Pts',(-66.3502462859039,-5.68495872485164,10.4224915048461));
#4157=CARTESIAN_POINT('Ctrl Pts',(-66.9901796297207,-7.10104386502107,10.3638411627525));
#4158=CARTESIAN_POINT('Ctrl Pts',(-67.1490522438558,-7.848952237146,10.3097062956022));
#4159=CARTESIAN_POINT('Ctrl Pts',(-67.1614809045655,-7.91443416578911,10.3046274600316));
#4160=CARTESIAN_POINT('Ctrl Pts',(-67.8887197786863,-11.7459816811435,10.007449288669));
#4161=CARTESIAN_POINT('Ctrl Pts',(-68.6159586528071,-15.5775291964979,9.71027111730637));
#4162=CARTESIAN_POINT('Ctrl Pts',(-69.3431975269279,-19.4090767118523,9.41309294594373));
#4163=CARTESIAN_POINT('Ctrl Pts',(-56.4783854845123,9.19795351458857,10.9007574166706));
#4164=CARTESIAN_POINT('Ctrl Pts',(-57.034146617213,8.76181690369707,10.8657352078354));
#4165=CARTESIAN_POINT('Ctrl Pts',(-57.5899077499138,8.32568029280557,10.8307129990002));
#4166=CARTESIAN_POINT('Ctrl Pts',(-58.1456688826146,7.88954368191408,10.795690790165));
#4167=CARTESIAN_POINT('Ctrl Pts',(-59.3398254714215,6.95242271955916,10.7204390336561));
#4168=CARTESIAN_POINT('Ctrl Pts',(-60.948961514961,5.6848549286867,10.6059982807884));
#4169=CARTESIAN_POINT('Ctrl Pts',(-62.97915016278,4.06134620462188,10.4610107611878));
#4170=CARTESIAN_POINT('Ctrl Pts',(-64.1844545534119,3.06601732188418,10.3698541030781));
#4171=CARTESIAN_POINT('Ctrl Pts',(-65.0276083136053,2.38797696258446,10.2846196247963));
#4172=CARTESIAN_POINT('Ctrl Pts',(-65.3857211170879,2.033129859937,10.2282063192161));
#4173=CARTESIAN_POINT('Ctrl Pts',(-65.4163817115028,2.00209575296045,10.2230998939258));
#4174=CARTESIAN_POINT('Ctrl Pts',(-67.2104266760285,0.186195428378759,9.92430736385174));
#4175=CARTESIAN_POINT('Ctrl Pts',(-69.0044716405543,-1.62970489620291,9.62551483377768));
#4176=CARTESIAN_POINT('Ctrl Pts',(-70.79851660508,-3.44560522078462,9.32672230370361));
#4177=CARTESIAN_POINT('Ctrl Pts',(-52.6652672055872,11.326026339865,11.0551549206397));
#4178=CARTESIAN_POINT('Ctrl Pts',(-53.3412499278381,11.3627134047667,11.0120185435798));
#4179=CARTESIAN_POINT('Ctrl Pts',(-54.0172326500891,11.3994004696683,10.9688821665199));
#4180=CARTESIAN_POINT('Ctrl Pts',(-54.69321537234,11.43608753457,10.92574578946));
#4181=CARTESIAN_POINT('Ctrl Pts',(-56.14569049915,11.51491654527,10.8330592271));
#4182=CARTESIAN_POINT('Ctrl Pts',(-58.09252386484,11.61825501691,10.68926843331));
#4183=CARTESIAN_POINT('Ctrl Pts',(-60.52904263983,11.74049117148,10.46662490685));
#4184=CARTESIAN_POINT('Ctrl Pts',(-62.01866282092,11.81699336862,10.31721670131));
#4185=CARTESIAN_POINT('Ctrl Pts',(-63.06503699749,11.87699779019,10.20539808684));
#4186=CARTESIAN_POINT('Ctrl Pts',(-63.62238999032,11.91521195702,10.14670634283));
#4187=CARTESIAN_POINT('Ctrl Pts',(-63.67128251844,11.91862567171,10.14157232782));
#4188=CARTESIAN_POINT('Ctrl Pts',(-66.5321335733707,12.118372537901,9.8411654390345));
#4189=CARTESIAN_POINT('Ctrl Pts',(-69.3929846283014,12.3181194040921,9.540758550249));
#4190=CARTESIAN_POINT('Ctrl Pts',(-72.2538356832322,12.5178662702831,9.2403516614635));
#4191=CARTESIAN_POINT('Ctrl Pts',(-52.0207718009005,11.6857144104684,11.0812512739454));
#4192=CARTESIAN_POINT('Ctrl Pts',(-52.7170744441037,11.8023184000456,11.0367434355902));
#4193=CARTESIAN_POINT('Ctrl Pts',(-53.4133770873068,11.9189223896228,10.9922355972351));
#4194=CARTESIAN_POINT('Ctrl Pts',(-54.10967973051,12.0355263792,10.94772775888));
#4195=CARTESIAN_POINT('Ctrl Pts',(-55.60581600248,12.28607182803,10.85209435579));
#4196=CARTESIAN_POINT('Ctrl Pts',(-57.60972716025,12.62112165028,10.70334280151));
#4197=CARTESIAN_POINT('Ctrl Pts',(-60.11492408278,13.03842459002,10.46757381292));
#4198=CARTESIAN_POINT('Ctrl Pts',(-61.65259947932,13.29608828152,10.30831989794));
#4199=CARTESIAN_POINT('Ctrl Pts',(-62.73332208542,13.48083744871,10.19200801776));
#4200=CARTESIAN_POINT('Ctrl Pts',(-63.32435076756,13.58548705326,10.1329311708));
#4201=CARTESIAN_POINT('Ctrl Pts',(-63.37632486741,13.59472315822,10.12779249256));
#4202=CARTESIAN_POINT('Ctrl Pts',(-66.4174880901425,14.1351558507864,9.8271127439535));
#4203=CARTESIAN_POINT('Ctrl Pts',(-69.4586513128751,14.6755885433528,9.526432995347));
#4204=CARTESIAN_POINT('Ctrl Pts',(-72.4998145356076,15.2160212359191,9.2257532467405));
#4205=CARTESIAN_POINT('Ctrl Pts',(-50.809064625109,12.3689574923958,11.1217272522075));
#4206=CARTESIAN_POINT('Ctrl Pts',(-51.521780098516,12.6384354518839,11.075248020765));
#4207=CARTESIAN_POINT('Ctrl Pts',(-52.234495571923,12.9079134113719,11.0287687893225));
#4208=CARTESIAN_POINT('Ctrl Pts',(-52.94721104533,13.17739137086,10.98228955788));
#4209=CARTESIAN_POINT('Ctrl Pts',(-54.47861334829,13.75641509513,10.88242024856));
#4210=CARTESIAN_POINT('Ctrl Pts',(-56.52885154678,14.53342583658,10.72816837569));
#4211=CARTESIAN_POINT('Ctrl Pts',(-59.08707514429,15.50869809142,10.48212750114));
#4212=CARTESIAN_POINT('Ctrl Pts',(-60.65905113964,16.1089686006,10.3148151414));
#4213=CARTESIAN_POINT('Ctrl Pts',(-61.76307951787,16.53038035546,10.19461990758));
#4214=CARTESIAN_POINT('Ctrl Pts',(-62.37669745856,16.7646113805,10.13506334442));
#4215=CARTESIAN_POINT('Ctrl Pts',(-62.43073954178,16.78523819456,10.12991331995));
#4216=CARTESIAN_POINT('Ctrl Pts',(-65.5929067835968,17.9921760444212,9.82856966879385));
#4217=CARTESIAN_POINT('Ctrl Pts',(-68.7550740254136,19.1991138942825,9.5272260176377));
#4218=CARTESIAN_POINT('Ctrl Pts',(-71.9172412672303,20.4060517441437,9.22588236648155));
#4219=CARTESIAN_POINT('Ctrl Pts',(-49.0610939888566,13.3904187925618,11.1594611579817));
#4220=CARTESIAN_POINT('Ctrl Pts',(-49.7332485390377,13.8654501824845,11.1115060277178));
#4221=CARTESIAN_POINT('Ctrl Pts',(-50.4054030892188,14.3404815724073,11.0635508974539));
#4222=CARTESIAN_POINT('Ctrl Pts',(-51.0775576394,14.81551296233,11.01559576719));
#4223=CARTESIAN_POINT('Ctrl Pts',(-52.52180722356,15.83620662151,10.91255521361));
#4224=CARTESIAN_POINT('Ctrl Pts',(-54.45617484799,17.20765271679,10.75787051935));
#4225=CARTESIAN_POINT('Ctrl Pts',(-56.86739398566,18.92788393629,10.52236223793));
#4226=CARTESIAN_POINT('Ctrl Pts',(-58.34189388739,19.97956796784,10.36154030123));
#4227=CARTESIAN_POINT('Ctrl Pts',(-59.37470461052,20.71249879876,10.24244303989));
#4228=CARTESIAN_POINT('Ctrl Pts',(-59.93997877484,21.109937669,10.18121053129));
#4229=CARTESIAN_POINT('Ctrl Pts',(-59.98969728747,21.14485860392,10.17588547056));
#4230=CARTESIAN_POINT('Ctrl Pts',(-62.8988792172337,23.1881890952352,9.86429991356849));
#4231=CARTESIAN_POINT('Ctrl Pts',(-65.8080611469974,25.2315195865504,9.55271435657697));
#4232=CARTESIAN_POINT('Ctrl Pts',(-68.7172430767611,27.2748500778656,9.24112879958545));
#4233=CARTESIAN_POINT('Ctrl Pts',(-47.3643239086709,14.4238142071945,11.1804655371513));
#4234=CARTESIAN_POINT('Ctrl Pts',(-47.948545481054,15.059383204483,11.1321371734576));
#4235=CARTESIAN_POINT('Ctrl Pts',(-48.532767053437,15.6949522017715,11.0838088097638));
#4236=CARTESIAN_POINT('Ctrl Pts',(-49.11698862582,16.33052119906,11.03548044607));
#4237=CARTESIAN_POINT('Ctrl Pts',(-50.37229778462,17.69615989003,10.93163793076));
#4238=CARTESIAN_POINT('Ctrl Pts',(-52.05497766077,19.53168739332,10.78054271667));
#4239=CARTESIAN_POINT('Ctrl Pts',(-54.15272096348,21.83144975394,10.5653408203));
#4240=CARTESIAN_POINT('Ctrl Pts',(-55.42802233702,23.22891288327,10.41762391775));
#4241=CARTESIAN_POINT('Ctrl Pts',(-56.31865379432,24.1995635488,10.30202050029));
#4242=CARTESIAN_POINT('Ctrl Pts',(-56.79348631374,24.71270102254,10.23835553964));
#4243=CARTESIAN_POINT('Ctrl Pts',(-56.8351502056,24.75768248493,10.23276520468));
#4244=CARTESIAN_POINT('Ctrl Pts',(-59.2730316889967,27.389685146256,9.90565764279482));
#4245=CARTESIAN_POINT('Ctrl Pts',(-61.7109131723935,30.0216878075821,9.57855008090964));
#4246=CARTESIAN_POINT('Ctrl Pts',(-64.1487946557902,32.6536904689082,9.25144251902445));
#4247=CARTESIAN_POINT('Ctrl Pts',(-44.9301940867627,15.9717509184678,11.1875433967148));
#4248=CARTESIAN_POINT('Ctrl Pts',(-45.3447483857418,16.7593923028119,11.1400937411432));
#4249=CARTESIAN_POINT('Ctrl Pts',(-45.7593026847209,17.5470336871559,11.0926440855716));
#4250=CARTESIAN_POINT('Ctrl Pts',(-46.1738569837,18.3346750715,11.04519443));
#4251=CARTESIAN_POINT('Ctrl Pts',(-47.06460431815,20.02706968744,10.9432399832));
#4252=CARTESIAN_POINT('Ctrl Pts',(-48.26236685724,22.30038688434,10.79932287179));
#4253=CARTESIAN_POINT('Ctrl Pts',(-49.76185871497,25.14209519678,10.60838736045));
#4254=CARTESIAN_POINT('Ctrl Pts',(-50.66748299799,26.85885482097,10.47590661172));
#4255=CARTESIAN_POINT('Ctrl Pts',(-51.29637996201,28.04978490055,10.36445054133));
#4256=CARTESIAN_POINT('Ctrl Pts',(-51.61910619016,28.66341973368,10.29788364361));
#4257=CARTESIAN_POINT('Ctrl Pts',(-51.64731933125,28.71708246306,10.29198275845));
#4258=CARTESIAN_POINT('Ctrl Pts',(-53.2981563313779,31.8570525537965,9.94670395647065));
#4259=CARTESIAN_POINT('Ctrl Pts',(-54.9489933315059,34.9970226445329,9.6014251544913));
#4260=CARTESIAN_POINT('Ctrl Pts',(-56.5998303316338,38.1369927352694,9.25614635251195));
#4261=CARTESIAN_POINT('Ctrl Pts',(-42.2465266904344,17.7803925475417,11.1573594915458));
#4262=CARTESIAN_POINT('Ctrl Pts',(-42.4568401430229,18.5897088095311,11.1129392019639));
#4263=CARTESIAN_POINT('Ctrl Pts',(-42.6671535956115,19.3990250715206,11.0685189123819));
#4264=CARTESIAN_POINT('Ctrl Pts',(-42.8774670482,20.20834133351,11.0240986228));
#4265=CARTESIAN_POINT('Ctrl Pts',(-43.3293647797,21.94730847212,10.9286533346));
#4266=CARTESIAN_POINT('Ctrl Pts',(-43.938799617,24.27977156898,10.78980710188));
#4267=CARTESIAN_POINT('Ctrl Pts',(-44.71033065457,27.19004468832,10.58655874343));
#4268=CARTESIAN_POINT('Ctrl Pts',(-45.17918977381,28.95281086558,10.44480255061));
#4269=CARTESIAN_POINT('Ctrl Pts',(-45.50427946682,30.17989586216,10.32959650312));
#4270=CARTESIAN_POINT('Ctrl Pts',(-45.6726576629,30.81990738513,10.26404339566));
#4271=CARTESIAN_POINT('Ctrl Pts',(-45.68738741734,30.87594335451,10.25826105938));
#4272=CARTESIAN_POINT('Ctrl Pts',(-46.5492703092439,34.154778961485,9.91991891421595));
#4273=CARTESIAN_POINT('Ctrl Pts',(-47.4111532011477,37.4336145684601,9.58157676905189));
#4274=CARTESIAN_POINT('Ctrl Pts',(-48.2730360930516,40.7124501754351,9.24323462388783));
#4275=CARTESIAN_POINT('Ctrl Pts',(-39.3952940019188,19.7739486012445,11.0699345382112));
#4276=CARTESIAN_POINT('Ctrl Pts',(-39.3883670070392,20.4840773830463,11.0281875811275));
#4277=CARTESIAN_POINT('Ctrl Pts',(-39.3814400121596,21.1942061648482,10.9864406240437));
#4278=CARTESIAN_POINT('Ctrl Pts',(-39.37451301728,21.90433494665,10.94469366696));
#4279=CARTESIAN_POINT('Ctrl Pts',(-39.35962907508,23.4301792596,10.85499253291));
#4280=CARTESIAN_POINT('Ctrl Pts',(-39.34045092298,25.47322240141,10.72111877032));
#4281=CARTESIAN_POINT('Ctrl Pts',(-39.32436886516,28.02147456137,10.51157409755));
#4282=CARTESIAN_POINT('Ctrl Pts',(-39.31489974511,29.57393074698,10.36726633975));
#4283=CARTESIAN_POINT('Ctrl Pts',(-39.30729205268,30.65941613267,10.25576248544));
#4284=CARTESIAN_POINT('Ctrl Pts',(-39.30167228728,31.23677903621,10.19548796633));
#4285=CARTESIAN_POINT('Ctrl Pts',(-39.30116439873,31.28742261273,10.19020167241));
#4286=CARTESIAN_POINT('Ctrl Pts',(-39.2714462894417,34.2507328542698,9.88088447979936));
#4287=CARTESIAN_POINT('Ctrl Pts',(-39.2417281801534,37.2140430958095,9.57156728718871));
#4288=CARTESIAN_POINT('Ctrl Pts',(-39.2120100708651,40.1773533373493,9.26225009457807));
#4289=CARTESIAN_POINT('Ctrl Pts',(-37.9550044104886,20.8065918283323,11.0027499313172));
#4290=CARTESIAN_POINT('Ctrl Pts',(-37.8384341862891,21.4237901523782,10.9624550981981));
#4291=CARTESIAN_POINT('Ctrl Pts',(-37.7218639620895,22.0409884764241,10.9221602650791));
#4292=CARTESIAN_POINT('Ctrl Pts',(-37.60529373789,22.65818680047,10.88186543196));
#4293=CARTESIAN_POINT('Ctrl Pts',(-37.35482084028,23.98435266903,10.79528445745));
#4294=CARTESIAN_POINT('Ctrl Pts',(-37.01879313043,25.75874354623,10.66527616183));
#4295=CARTESIAN_POINT('Ctrl Pts',(-36.60155844717,27.97322898942,10.46237206813));
#4296=CARTESIAN_POINT('Ctrl Pts',(-36.34649917658,29.32531166168,10.32443758776));
#4297=CARTESIAN_POINT('Ctrl Pts',(-36.1680946733,30.27209354566,10.21950162883));
#4298=CARTESIAN_POINT('Ctrl Pts',(-36.0730045987,30.77625344053,10.16308759516));
#4299=CARTESIAN_POINT('Ctrl Pts',(-36.06466275243,30.82048021808,10.15814102157));
#4300=CARTESIAN_POINT('Ctrl Pts',(-35.5765558653605,33.4083239658937,9.86870190239581));
#4301=CARTESIAN_POINT('Ctrl Pts',(-35.088448978291,35.9961677137074,9.57926278322162));
#4302=CARTESIAN_POINT('Ctrl Pts',(-34.6003420912215,38.5840114615211,9.28982366404744));
#4303=CARTESIAN_POINT('Ctrl Pts',(-37.2200563784711,21.3413310600702,10.9609713003679));
#4304=CARTESIAN_POINT('Ctrl Pts',(-37.0476144288674,21.8992180812268,10.9215142983052));
#4305=CARTESIAN_POINT('Ctrl Pts',(-36.8751724792637,22.4571051023834,10.8820572962426));
#4306=CARTESIAN_POINT('Ctrl Pts',(-36.70273052966,23.01499212354,10.84260029418));
#4307=CARTESIAN_POINT('Ctrl Pts',(-36.33220679529,24.21371658073,10.75781955617));
#4308=CARTESIAN_POINT('Ctrl Pts',(-35.83455555501,25.81803952352,10.63048384768));
#4309=CARTESIAN_POINT('Ctrl Pts',(-35.20956930203,27.82062610737,10.43569763487));
#4310=CARTESIAN_POINT('Ctrl Pts',(-34.8277535271,29.04236769066,10.30473040667));
#4311=CARTESIAN_POINT('Ctrl Pts',(-34.56185619518,29.89750839973,10.20521792083));
#4312=CARTESIAN_POINT('Ctrl Pts',(-34.4235630331,30.34839364935,10.15136660757));
#4313=CARTESIAN_POINT('Ctrl Pts',(-34.41146153482,30.38791070166,10.14663869777));
#4314=CARTESIAN_POINT('Ctrl Pts',(-33.7033659330621,32.7001740501902,9.86999426437614));
#4315=CARTESIAN_POINT('Ctrl Pts',(-32.9952703313042,35.0124373987203,9.59334983098227));
#4316=CARTESIAN_POINT('Ctrl Pts',(-32.2871747295463,37.3247007472505,9.31670539758841));
#4317=CARTESIAN_POINT('Ctrl Pts',(-35.6260926884641,22.5010796162678,10.8703613281652));
#4318=CARTESIAN_POINT('Ctrl Pts',(-35.332475502364,22.9303316059745,10.8327214236716));
#4319=CARTESIAN_POINT('Ctrl Pts',(-35.0388583162638,23.3595835956813,10.7950815191781));
#4320=CARTESIAN_POINT('Ctrl Pts',(-34.7452411301637,23.7888355853881,10.7574416146845));
#4321=CARTESIAN_POINT('Ctrl Pts',(-34.1143497692213,24.7111636533403,10.6765652501668));
#4322=CARTESIAN_POINT('Ctrl Pts',(-33.266167569291,25.9466413166349,10.5550258791837));
#4323=CARTESIAN_POINT('Ctrl Pts',(-32.1906073379488,27.4896592330042,10.37784581921));
#4324=CARTESIAN_POINT('Ctrl Pts',(-31.533880607974,28.4287155731433,10.2619892471303));
#4325=CARTESIAN_POINT('Ctrl Pts',(-31.078227829529,29.0851038548952,10.1742392517013));
#4326=CARTESIAN_POINT('Ctrl Pts',(-30.8462353176456,29.4204464451336,10.1259459957504));
#4327=CARTESIAN_POINT('Ctrl Pts',(-30.8259798431252,29.4497489915256,10.1216923264768));
#4328=CARTESIAN_POINT('Ctrl Pts',(-29.640770203165,31.1643304210638,9.87279715380674));
#4329=CARTESIAN_POINT('Ctrl Pts',(-28.4555605632049,32.8789118506019,9.62390198113666));
#4330=CARTESIAN_POINT('Ctrl Pts',(-27.2703509232448,34.59349328014,9.37500680846658));
#4331=CARTESIAN_POINT('Ctrl Pts',(-34.0321289984572,23.6608281724653,10.7797513559626));
#4332=CARTESIAN_POINT('Ctrl Pts',(-33.6173365758606,23.9614451307222,10.743928549038));
#4333=CARTESIAN_POINT('Ctrl Pts',(-33.2025441532639,24.2620620889792,10.7081057421135));
#4334=CARTESIAN_POINT('Ctrl Pts',(-32.7877517306673,24.5626790472361,10.6722829351889));
#4335=CARTESIAN_POINT('Ctrl Pts',(-31.8964927431526,25.2086107259506,10.5953109441635));
#4336=CARTESIAN_POINT('Ctrl Pts',(-30.697779583572,26.0752431097499,10.4795679106873));
#4337=CARTESIAN_POINT('Ctrl Pts',(-29.1716453738675,27.1586923586384,10.31999400355));
#4338=CARTESIAN_POINT('Ctrl Pts',(-28.240007688848,27.8150634556265,10.2192480875906));
#4339=CARTESIAN_POINT('Ctrl Pts',(-27.5945994638779,28.2726993100603,10.1432605825726));
#4340=CARTESIAN_POINT('Ctrl Pts',(-27.2689076021911,28.4924992409173,10.1005253839308));
#4341=CARTESIAN_POINT('Ctrl Pts',(-27.2404981514303,28.5115872813913,10.0967459551836));
#4342=CARTESIAN_POINT('Ctrl Pts',(-25.5781744732679,29.6284867919374,9.87560004323734));
#4343=CARTESIAN_POINT('Ctrl Pts',(-23.9158507951056,30.7453863024835,9.65445413129105));
#4344=CARTESIAN_POINT('Ctrl Pts',(-22.2535271169432,31.8622858130296,9.43330821934475));
#4345=CARTESIAN_POINT('Ctrl Pts',(-32.4381653084502,24.8205767286628,10.68914138376));
#4346=CARTESIAN_POINT('Ctrl Pts',(-31.9021976493571,24.99255865547,10.6551356744044));
#4347=CARTESIAN_POINT('Ctrl Pts',(-31.366229990264,25.1645405822771,10.6211299650489));
#4348=CARTESIAN_POINT('Ctrl Pts',(-30.830262331171,25.3365225090842,10.5871242556934));
#4349=CARTESIAN_POINT('Ctrl Pts',(-29.6786357170838,25.7060577985608,10.5140566381603));
#4350=CARTESIAN_POINT('Ctrl Pts',(-28.129391597853,26.2038449028648,10.404109942191));
#4351=CARTESIAN_POINT('Ctrl Pts',(-26.1526834097862,26.8277254842726,10.26214218789));
#4352=CARTESIAN_POINT('Ctrl Pts',(-24.946134769722,27.2014113381097,10.1765069280509));
#4353=CARTESIAN_POINT('Ctrl Pts',(-24.1109710982269,27.4602947652255,10.1122819134439));
#4354=CARTESIAN_POINT('Ctrl Pts',(-23.6915798867367,27.5645520367009,10.0751047721112));
#4355=CARTESIAN_POINT('Ctrl Pts',(-23.6550164597355,27.5734255712569,10.0717995838905));
#4356=CARTESIAN_POINT('Ctrl Pts',(-21.5155787433709,28.092643162811,9.87840293266794));
#4357=CARTESIAN_POINT('Ctrl Pts',(-19.3761410270063,28.611860754365,9.68500628144544));
#4358=CARTESIAN_POINT('Ctrl Pts',(-17.2367033106417,29.1310783459191,9.49160963022292));
#4359=CARTESIAN_POINT('Ctrl Pts',(-56.2706598558631,11.704916519011,10.8145622089746));
#4360=CARTESIAN_POINT('Ctrl Pts',(-56.2698950527645,11.7083613592788,10.8145285321625));
#4361=CARTESIAN_POINT('Ctrl Pts',(-56.2691290722259,11.7118059380549,10.8144948604229));
#4362=CARTESIAN_POINT('Ctrl Pts',(-56.2675946532499,11.718695035156,10.8144275229012));
#4363=CARTESIAN_POINT('Ctrl Pts',(-56.2662109446562,11.7248930637822,10.8143669473407));
#4364=CARTESIAN_POINT('Ctrl Pts',(-56.2660568967888,11.7255824728863,10.8143602098145));
#4365=CARTESIAN_POINT('',(-51.2045240698596,20.1304924374319,10.7785454059327));
#4366=CARTESIAN_POINT('Ctrl Pts',(-52.8377324605452,18.5121521151567,10.7756274770937));
#4367=CARTESIAN_POINT('Ctrl Pts',(-52.8861318937876,18.5636160661103,10.7709137009859));
#4368=CARTESIAN_POINT('Ctrl Pts',(-52.9297011663106,18.619446595501,10.7662346919342));
#4369=CARTESIAN_POINT('Ctrl Pts',(-53.0118108682309,18.7474092476512,10.7563867024079));
#4370=CARTESIAN_POINT('Ctrl Pts',(-53.0483626240623,18.8203563035741,10.7512791338554));
#4371=CARTESIAN_POINT('Ctrl Pts',(-53.1244902459684,19.0235666176637,10.7383380884952));
#4372=CARTESIAN_POINT('Ctrl Pts',(-53.1492484623999,19.1580462541474,10.7310596516681));
#4373=CARTESIAN_POINT('Ctrl Pts',(-53.1508118964888,19.446906097353,10.7180322967461));
#4374=CARTESIAN_POINT('Ctrl Pts',(-53.1210450416027,19.5987397156968,10.7127300284547));
#4375=CARTESIAN_POINT('Ctrl Pts',(-53.0248465938115,19.8308404250185,10.7071176396626));
#4376=CARTESIAN_POINT('Ctrl Pts',(-52.975905584082,19.916210332917,10.7057186194186));
#4377=CARTESIAN_POINT('Ctrl Pts',(-52.8753147511217,20.0490182890666,10.7047101835534));
#4378=CARTESIAN_POINT('Ctrl Pts',(-52.8290942727235,20.0998794143578,10.7046914883782));
#4379=CARTESIAN_POINT('Ctrl Pts',(-52.7307292117112,20.1903759073016,10.705415201604));
#4380=CARTESIAN_POINT('Ctrl Pts',(-52.6791898493865,20.2302874149859,10.7061172570691));
#4381=CARTESIAN_POINT('Ctrl Pts',(-52.5551774086914,20.3104974297182,10.7084763399216));
#4382=CARTESIAN_POINT('Ctrl Pts',(-52.4811738344171,20.3477572391255,10.7103328329573));
#4383=CARTESIAN_POINT('Ctrl Pts',(-52.2749657902558,20.4250934740648,10.7166098841268));
#4384=CARTESIAN_POINT('Ctrl Pts',(-52.1385091981749,20.4498846738678,10.7218612204576));
#4385=CARTESIAN_POINT('Ctrl Pts',(-51.850830566225,20.4501248015285,10.7350990213507));
#4386=CARTESIAN_POINT('Ctrl Pts',(-51.7021720217165,20.4208522514758,10.7431648518208));
#4387=CARTESIAN_POINT('Ctrl Pts',(-51.4301172954378,20.309197573628,10.7604372111098));
#4388=CARTESIAN_POINT('Ctrl Pts',(-51.3084080120661,20.2299960768148,10.7694316446757));
#4389=CARTESIAN_POINT('Ctrl Pts',(-51.2045240698595,20.1304924374319,10.7785454059327));
#4390=CARTESIAN_POINT('Ctrl Pts',(-36.8400996936618,23.226868830705,10.8310717248997));
#4391=CARTESIAN_POINT('Ctrl Pts',(-36.8858403521544,23.2401185592254,10.8309710252665));
#4392=CARTESIAN_POINT('Ctrl Pts',(-36.9401024077929,23.2556131864545,10.8308420164786));
#4393=CARTESIAN_POINT('Ctrl Pts',(-37.0023858138532,23.2729216494751,10.830683730314));
#4394=CARTESIAN_POINT('Ctrl Pts',(-37.0705212014257,23.2918563691828,10.8305105720065));
#4395=CARTESIAN_POINT('Ctrl Pts',(-37.1482566511273,23.3129611143541,10.8303023762149));
#4396=CARTESIAN_POINT('Ctrl Pts',(-37.2349460226765,23.3356054936365,10.8300578753571));
#4397=CARTESIAN_POINT('Ctrl Pts',(-37.335451438881,23.3618588015542,10.8297744073836));
#4398=CARTESIAN_POINT('Ctrl Pts',(-37.4479935635564,23.3901803537177,10.8294421400129));
#4399=CARTESIAN_POINT('Ctrl Pts',(-37.5715610092801,23.4195172149736,10.8290590978821));
#4400=CARTESIAN_POINT('Ctrl Pts',(-37.7071398432248,23.4517057693083,10.8286388220955));
#4401=CARTESIAN_POINT('Ctrl Pts',(-37.8559938216306,23.4851126568498,10.8281574206531));
#4402=CARTESIAN_POINT('Ctrl Pts',(-38.0167524431722,23.5183116192472,10.8276122843367));
#4403=CARTESIAN_POINT('Ctrl Pts',(-38.1506299772325,23.5459592513089,10.8271583024286));
#4404=CARTESIAN_POINT('Ctrl Pts',(-38.2927634688883,23.5734607521936,10.8266601183095));
#4405=CARTESIAN_POINT('Ctrl Pts',(-38.4423298357149,23.6000084930186,10.8261162249883));
#4406=CARTESIAN_POINT('Ctrl Pts',(-38.5443598117696,23.6181186164251,10.8257451962355));
#4407=CARTESIAN_POINT('Ctrl Pts',(-38.6498481045635,23.6357852697615,10.8253528963155));
#4408=CARTESIAN_POINT('Ctrl Pts',(-38.7585239555591,23.6527628192314,10.8249388468272));
#4409=CARTESIAN_POINT('Ctrl Pts',(-38.9854780145935,23.6882180167692,10.8240741633565));
#4410=CARTESIAN_POINT('Ctrl Pts',(-39.2131044771545,23.7186057937335,10.8231809985759));
#4411=CARTESIAN_POINT('Ctrl Pts',(-39.4412333490264,23.7439156162384,10.8222747143514));
#4412=CARTESIAN_POINT('Ctrl Pts',(-39.5804985419748,23.7593664326375,10.8217214575612));
#4413=CARTESIAN_POINT('Ctrl Pts',(-39.7199509684091,23.7729248417031,10.8211631983912));
#4414=CARTESIAN_POINT('Ctrl Pts',(-39.8595519525633,23.7845884365027,10.8206024775499));
#4415=CARTESIAN_POINT('Ctrl Pts',(-40.4421397182228,23.8332633629369,10.8182624571611));
#4416=CARTESIAN_POINT('Ctrl Pts',(-41.0273149687819,23.8489384224793,10.8158909790658));
#4417=CARTESIAN_POINT('Ctrl Pts',(-41.6122660424803,23.8314385389014,10.8135715762634));
#4418=CARTESIAN_POINT('Ctrl Pts',(-41.9611890593979,23.8209998672786,10.8121880536756));
#4419=CARTESIAN_POINT('Ctrl Pts',(-42.309562039098,23.7987712763713,10.8108219419671));
#4420=CARTESIAN_POINT('Ctrl Pts',(-42.6567893866861,23.7648104916745,10.8094715329792));
#4421=CARTESIAN_POINT('Ctrl Pts',(-43.0007034940927,23.7311737604754,10.8081340095816));
#4422=CARTESIAN_POINT('Ctrl Pts',(-43.3434937163568,23.6860275925933,10.8068118609381));
#4423=CARTESIAN_POINT('Ctrl Pts',(-43.6845814003175,23.6294282992246,10.8055118083687));
#4424=CARTESIAN_POINT('Ctrl Pts',(-43.6899228513895,23.6285419513133,10.8054914494771));
#4425=CARTESIAN_POINT('Ctrl Pts',(-43.6952637448004,23.627652817941,10.805471096352));
#4426=CARTESIAN_POINT('Ctrl Pts',(-43.7006040784224,23.626760899763,10.8054507490015));
#4427=CARTESIAN_POINT('Ctrl Pts',(-45.0446165372013,23.4022900654995,10.8003298905542));
#4428=CARTESIAN_POINT('Ctrl Pts',(-46.3531726678098,23.0014327253726,10.7955956251632));
#4429=CARTESIAN_POINT('Ctrl Pts',(-47.5923389356855,22.434563604885,10.7910749645381));
#4430=CARTESIAN_POINT('Ctrl Pts',(-47.6270231107568,22.4186969788096,10.790948431571));
#4431=CARTESIAN_POINT('Ctrl Pts',(-47.6616442236987,22.4027042719203,10.790822122031));
#4432=CARTESIAN_POINT('Ctrl Pts',(-47.6962016190137,22.3865859040758,10.7906960393677));
#4433=CARTESIAN_POINT('Ctrl Pts',(-48.2666778317648,22.1205026139481,10.7886146569688));
#4434=CARTESIAN_POINT('Ctrl Pts',(-48.8197895792319,21.820174070002,10.7865882317734));
#4435=CARTESIAN_POINT('Ctrl Pts',(-49.3525855466394,21.4874842578378,10.7846742066508));
#4436=CARTESIAN_POINT('Ctrl Pts',(-50.0018460157241,21.0820713855212,10.7823417925094));
#4437=CARTESIAN_POINT('Ctrl Pts',(-50.6209383402872,20.6286035659472,10.7801807307407));
#4438=CARTESIAN_POINT('Ctrl Pts',(-51.2045240697952,20.1304924373565,10.778545405939));
#4439=CARTESIAN_POINT('Ctrl Pts',(-29.9059455250936,-2.33758432085225,7.32520359189117));
#4440=CARTESIAN_POINT('Ctrl Pts',(-29.9059455250936,-2.33758432085225,12.5317055292073));
#4441=CARTESIAN_POINT('Ctrl Pts',(-29.8367905091014,-2.25861009998491,7.32520359189117));
#4442=CARTESIAN_POINT('Ctrl Pts',(-29.8367905091014,-2.25861009998491,12.5317055292073));
#4443=CARTESIAN_POINT('Ctrl Pts',(-29.7676354931093,-2.17963587911757,7.32520359189117));
#4444=CARTESIAN_POINT('Ctrl Pts',(-29.7676354931093,-2.17963587911757,12.5317055292073));
#4445=CARTESIAN_POINT('Ctrl Pts',(-29.6984804771172,-2.10066165825023,7.32520359189117));
#4446=CARTESIAN_POINT('Ctrl Pts',(-29.6984804771172,-2.10066165825023,12.5317055292073));
#4447=CARTESIAN_POINT('Ctrl Pts',(-29.6306814418307,-2.02323595151755,7.32520359189117));
#4448=CARTESIAN_POINT('Ctrl Pts',(-29.6306814418307,-2.02323595151755,12.5317055292073));
#4449=CARTESIAN_POINT('Ctrl Pts',(-29.5628824065443,-1.94581024478487,7.32520359189117));
#4450=CARTESIAN_POINT('Ctrl Pts',(-29.5628824065443,-1.94581024478487,12.5317055292073));
#4451=CARTESIAN_POINT('Ctrl Pts',(-29.4950833712579,-1.86838453805218,7.32520359189117));
#4452=CARTESIAN_POINT('Ctrl Pts',(-29.4950833712579,-1.86838453805218,12.5317055292073));
#4453=CARTESIAN_POINT('Ctrl Pts',(-28.4589246977246,-0.685103430192542,
7.32520359189117));
#4454=CARTESIAN_POINT('Ctrl Pts',(-28.4589246977246,-0.685103430192542,
12.5317055292073));
#4455=CARTESIAN_POINT('Ctrl Pts',(-27.6098109366571,0.648549848650342,7.32520359189117));
#4456=CARTESIAN_POINT('Ctrl Pts',(-27.6098109366571,0.648549848650342,12.5317055292073));
#4457=CARTESIAN_POINT('Ctrl Pts',(-26.9759996838957,2.08611865541141,7.32520359189117));
#4458=CARTESIAN_POINT('Ctrl Pts',(-26.9759996838957,2.08611865541141,12.5317055292073));
#4459=CARTESIAN_POINT('Ctrl Pts',(-26.3346367614989,3.5408156602908,7.32520359189117));
#4460=CARTESIAN_POINT('Ctrl Pts',(-26.3346367614989,3.5408156602908,12.5317055292073));
#4461=CARTESIAN_POINT('Ctrl Pts',(-25.9205213385201,5.08653165146127,7.32520359189117));
#4462=CARTESIAN_POINT('Ctrl Pts',(-25.9205213385201,5.08653165146127,12.5317055292073));
#4463=CARTESIAN_POINT('Ctrl Pts',(-25.7488932917461,6.66884596204247,7.32520359189117));
#4464=CARTESIAN_POINT('Ctrl Pts',(-25.7488932917461,6.66884596204247,12.5317055292073));
#4465=CARTESIAN_POINT('Ctrl Pts',(-25.5626678979434,8.38573962334277,7.32520359189117));
#4466=CARTESIAN_POINT('Ctrl Pts',(-25.5626678979434,8.38573962334277,12.5317055292073));
#4467=CARTESIAN_POINT('Ctrl Pts',(-25.6644113110549,10.1221684872882,7.32520359189117));
#4468=CARTESIAN_POINT('Ctrl Pts',(-25.6644113110549,10.1221684872882,12.5317055292073));
#4469=CARTESIAN_POINT('Ctrl Pts',(-26.0507163287125,11.8068345610864,7.32520359189117));
#4470=CARTESIAN_POINT('Ctrl Pts',(-26.0507163287125,11.8068345610864,12.5317055292073));
#4471=CARTESIAN_POINT('Ctrl Pts',(-26.5113488015825,13.8156407221853,7.32520359189117));
#4472=CARTESIAN_POINT('Ctrl Pts',(-26.5113488015825,13.8156407221853,12.5317055292073));
#4473=CARTESIAN_POINT('Ctrl Pts',(-27.3680039824639,15.7128817282075,7.32520359189117));
#4474=CARTESIAN_POINT('Ctrl Pts',(-27.3680039824639,15.7128817282075,12.5317055292073));
#4475=CARTESIAN_POINT('Ctrl Pts',(-28.5709235430467,17.3870383111549,7.32520359189117));
#4476=CARTESIAN_POINT('Ctrl Pts',(-28.5709235430467,17.3870383111549,12.5317055292073));
#4477=CARTESIAN_POINT('Ctrl Pts',(-29.7326180990321,19.0038202240992,7.32520359189117));
#4478=CARTESIAN_POINT('Ctrl Pts',(-29.7326180990321,19.0038202240992,12.5317055292073));
#4479=CARTESIAN_POINT('Ctrl Pts',(-31.1951012304617,20.3816978927374,7.32520359189117));
#4480=CARTESIAN_POINT('Ctrl Pts',(-31.1951012304617,20.3816978927374,12.5317055292073));
#4481=CARTESIAN_POINT('Ctrl Pts',(-32.8783552272316,21.4449594313892,7.32520359189117));
#4482=CARTESIAN_POINT('Ctrl Pts',(-32.8783552272316,21.4449594313892,12.5317055292073));
#4483=CARTESIAN_POINT('Ctrl Pts',(-34.1082720396979,22.2218613398037,7.32520359189117));
#4484=CARTESIAN_POINT('Ctrl Pts',(-34.1082720396979,22.2218613398037,12.5317055292073));
#4485=CARTESIAN_POINT('Ctrl Pts',(-35.4415168904211,22.8216086308412,7.32520359189117));
#4486=CARTESIAN_POINT('Ctrl Pts',(-35.4415168904211,22.8216086308412,12.5317055292073));
#4487=CARTESIAN_POINT('Ctrl Pts',(-36.8388001491313,23.2264914585386,7.32520359189117));
#4488=CARTESIAN_POINT('Ctrl Pts',(-36.8388001491313,23.2264914585386,12.5317055292073));
#4489=CARTESIAN_POINT('Ctrl Pts',(-36.9377658928148,23.255168199563,7.32520359189117));
#4490=CARTESIAN_POINT('Ctrl Pts',(-36.9377658928148,23.255168199563,12.5317055292073));
#4491=CARTESIAN_POINT('Ctrl Pts',(-37.0367316364982,23.2838449405874,7.32520359189117));
#4492=CARTESIAN_POINT('Ctrl Pts',(-37.0367316364982,23.2838449405874,12.5317055292073));
#4493=CARTESIAN_POINT('Ctrl Pts',(-37.1356973801817,23.3125216816118,7.32520359189117));
#4494=CARTESIAN_POINT('Ctrl Pts',(-37.1356973801817,23.3125216816118,12.5317055292073));
#4495=CARTESIAN_POINT('',(-36.8388001491313,23.2264914585386,-1.004));
#4496=CARTESIAN_POINT('',(-29.4186586167108,-1.78044260883517,9.65454794170984));
#4497=CARTESIAN_POINT('Ctrl Pts',(-36.6915777789668,23.1838323755262,7.27351053622713));
#4498=CARTESIAN_POINT('Ctrl Pts',(-36.6915777789668,23.1838323755262,11.5547901045075));
#4499=CARTESIAN_POINT('Ctrl Pts',(-36.7406518196363,23.1980523361118,7.27351053622713));
#4500=CARTESIAN_POINT('Ctrl Pts',(-36.7406518196363,23.1980523361118,11.5547901045075));
#4501=CARTESIAN_POINT('Ctrl Pts',(-36.7897258603057,23.2122722966975,7.27351053622713));
#4502=CARTESIAN_POINT('Ctrl Pts',(-36.7897258603057,23.2122722966975,11.5547901045075));
#4503=CARTESIAN_POINT('Ctrl Pts',(-36.8387999009751,23.2264922572831,7.27351053622713));
#4504=CARTESIAN_POINT('Ctrl Pts',(-36.8387999009751,23.2264922572831,11.5547901045075));
#4505=CARTESIAN_POINT('Ctrl Pts',(-37.8246960985897,23.5121708947127,7.27351053622713));
#4506=CARTESIAN_POINT('Ctrl Pts',(-37.8246960985897,23.5121708947127,11.5547901045075));
#4507=CARTESIAN_POINT('Ctrl Pts',(-38.8366102686945,23.6991221528907,7.27351053622713));
#4508=CARTESIAN_POINT('Ctrl Pts',(-38.8366102686945,23.6991221528907,11.5547901045075));
#4509=CARTESIAN_POINT('Ctrl Pts',(-39.8595519525633,23.7845884365027,7.27351053622713));
#4510=CARTESIAN_POINT('Ctrl Pts',(-39.8595519525633,23.7845884365027,11.5547901045075));
#4511=CARTESIAN_POINT('Ctrl Pts',(-41.1414760794046,23.891692578138,7.27351053622713));
#4512=CARTESIAN_POINT('Ctrl Pts',(-41.1414760794046,23.891692578138,11.5547901045075));
#4513=CARTESIAN_POINT('Ctrl Pts',(-42.4317743283745,23.8386750607302,7.27351053622713));
#4514=CARTESIAN_POINT('Ctrl Pts',(-42.4317743283745,23.8386750607302,11.5547901045075));
#4515=CARTESIAN_POINT('Ctrl Pts',(-43.7006040784224,23.626760899763,7.27351053622713));
#4516=CARTESIAN_POINT('Ctrl Pts',(-43.7006040784224,23.626760899763,11.5547901045075));
#4517=CARTESIAN_POINT('Ctrl Pts',(-45.0824173123269,23.3959767523506,7.27351053622713));
#4518=CARTESIAN_POINT('Ctrl Pts',(-45.0824173123269,23.3959767523506,11.5547901045075));
#4519=CARTESIAN_POINT('Ctrl Pts',(-46.4265571508055,22.9787774273018,7.27351053622713));
#4520=CARTESIAN_POINT('Ctrl Pts',(-46.4265571508055,22.9787774273018,11.5547901045075));
#4521=CARTESIAN_POINT('Ctrl Pts',(-47.6962016190137,22.3865859040758,7.27351053622713));
#4522=CARTESIAN_POINT('Ctrl Pts',(-47.6962016190137,22.3865859040758,11.5547901045075));
#4523=CARTESIAN_POINT('Ctrl Pts',(-49.0064051432785,21.7754766997286,7.27351053622713));
#4524=CARTESIAN_POINT('Ctrl Pts',(-49.0064051432785,21.7754766997286,11.5547901045075));
#4525=CARTESIAN_POINT('Ctrl Pts',(-50.2246088713535,20.9839235449008,7.27351053622713));
#4526=CARTESIAN_POINT('Ctrl Pts',(-50.2246088713535,20.9839235449008,11.5547901045075));
#4527=CARTESIAN_POINT('Ctrl Pts',(-51.3153183543291,20.0350177870766,7.27351053622713));
#4528=CARTESIAN_POINT('Ctrl Pts',(-51.3153183543291,20.0350177870766,11.5547901045075));
#4529=CARTESIAN_POINT('Ctrl Pts',(-51.353867723323,20.0014802422311,7.27351053622713));
#4530=CARTESIAN_POINT('Ctrl Pts',(-51.353867723323,20.0014802422311,11.5547901045075));
#4531=CARTESIAN_POINT('Ctrl Pts',(-51.3924170923168,19.9679426973855,7.27351053622713));
#4532=CARTESIAN_POINT('Ctrl Pts',(-51.3924170923168,19.9679426973855,11.5547901045075));
#4533=CARTESIAN_POINT('Ctrl Pts',(-51.4309664613107,19.93440515254,7.27351053622713));
#4534=CARTESIAN_POINT('Ctrl Pts',(-51.4309664613107,19.93440515254,11.5547901045075));
#4535=CARTESIAN_POINT('Ctrl Pts',(-51.4862469663042,19.8863116956639,7.27351053622713));
#4536=CARTESIAN_POINT('Ctrl Pts',(-51.4862469663042,19.8863116956639,11.5547901045075));
#4537=CARTESIAN_POINT('Ctrl Pts',(-51.5415274712978,19.8382182387878,7.27351053622713));
#4538=CARTESIAN_POINT('Ctrl Pts',(-51.5415274712978,19.8382182387878,11.5547901045075));
#4539=CARTESIAN_POINT('Ctrl Pts',(-51.5968079762914,19.7901247819118,7.27351053622713));
#4540=CARTESIAN_POINT('Ctrl Pts',(-51.5968079762914,19.7901247819118,11.5547901045075));
#4541=CARTESIAN_POINT('',(-51.2045240698596,20.1304924374319,8.77652729933787));
#4542=CARTESIAN_POINT('Ctrl Pts',(-51.0982677477198,20.0137101824084,7.19902041387264));
#4543=CARTESIAN_POINT('Ctrl Pts',(-51.0982677477198,20.0137101824084,11.5068334566897));
#4544=CARTESIAN_POINT('Ctrl Pts',(-51.0986431127993,20.0141829032901,7.19902041387264));
#4545=CARTESIAN_POINT('Ctrl Pts',(-51.0986431127993,20.0141829032901,11.5068334566897));
#4546=CARTESIAN_POINT('Ctrl Pts',(-51.0990184778789,20.0146556241718,7.19902041387264));
#4547=CARTESIAN_POINT('Ctrl Pts',(-51.0990184778789,20.0146556241718,11.5068334566897));
#4548=CARTESIAN_POINT('Ctrl Pts',(-51.0993938429585,20.0151283450535,7.19902041387264));
#4549=CARTESIAN_POINT('Ctrl Pts',(-51.0993938429585,20.0151283450535,11.5068334566897));
#4550=CARTESIAN_POINT('Ctrl Pts',(-51.1266711501911,20.0494803757218,7.19902041387264));
#4551=CARTESIAN_POINT('Ctrl Pts',(-51.1266711501911,20.0494803757218,11.5068334566897));
#4552=CARTESIAN_POINT('Ctrl Pts',(-51.1558486058784,20.0821894742761,7.19902041387264));
#4553=CARTESIAN_POINT('Ctrl Pts',(-51.1558486058784,20.0821894742761,11.5068334566897));
#4554=CARTESIAN_POINT('Ctrl Pts',(-51.1867663878019,20.1131118025816,7.19902041387264));
#4555=CARTESIAN_POINT('Ctrl Pts',(-51.1867663878019,20.1131118025816,11.5068334566897));
#4556=CARTESIAN_POINT('Ctrl Pts',(-51.196522893632,20.1228697430814,7.19902041387264));
#4557=CARTESIAN_POINT('Ctrl Pts',(-51.196522893632,20.1228697430814,11.5068334566897));
#4558=CARTESIAN_POINT('Ctrl Pts',(-51.2064527125557,20.1324497721045,7.19902041387264));
#4559=CARTESIAN_POINT('Ctrl Pts',(-51.2064527125557,20.1324497721045,11.5068334566897));
#4560=CARTESIAN_POINT('Ctrl Pts',(-51.2165508476823,20.1418473979873,7.19902041387264));
#4561=CARTESIAN_POINT('Ctrl Pts',(-51.2165508476823,20.1418473979873,11.5068334566897));
#4562=CARTESIAN_POINT('Ctrl Pts',(-51.2686663682873,20.190347656618,7.19902041387264));
#4563=CARTESIAN_POINT('Ctrl Pts',(-51.2686663682873,20.190347656618,11.5068334566897));
#4564=CARTESIAN_POINT('Ctrl Pts',(-51.3252656243413,20.2339901299291,7.19902041387264));
#4565=CARTESIAN_POINT('Ctrl Pts',(-51.3252656243413,20.2339901299291,11.5068334566897));
#4566=CARTESIAN_POINT('Ctrl Pts',(-51.3856597782788,20.2721553846868,7.19902041387264));
#4567=CARTESIAN_POINT('Ctrl Pts',(-51.3856597782788,20.2721553846868,11.5068334566897));
#4568=CARTESIAN_POINT('Ctrl Pts',(-51.5015447928045,20.3453873254231,7.19902041387264));
#4569=CARTESIAN_POINT('Ctrl Pts',(-51.5015447928045,20.3453873254231,11.5068334566897));
#4570=CARTESIAN_POINT('Ctrl Pts',(-51.6296230416749,20.3973286911146,7.19902041387264));
#4571=CARTESIAN_POINT('Ctrl Pts',(-51.6296230416749,20.3973286911146,11.5068334566897));
#4572=CARTESIAN_POINT('Ctrl Pts',(-51.7638474163655,20.4254918734681,7.19902041387264));
#4573=CARTESIAN_POINT('Ctrl Pts',(-51.7638474163655,20.4254918734681,11.5068334566897));
#4574=CARTESIAN_POINT('Ctrl Pts',(-51.8909403424496,20.4521587233708,7.19902041387264));
#4575=CARTESIAN_POINT('Ctrl Pts',(-51.8909403424496,20.4521587233708,11.5068334566897));
#4576=CARTESIAN_POINT('Ctrl Pts',(-52.0216770788901,20.4571147924728,7.19902041387264));
#4577=CARTESIAN_POINT('Ctrl Pts',(-52.0216770788901,20.4571147924728,11.5068334566897));
#4578=CARTESIAN_POINT('Ctrl Pts',(-52.1505000568284,20.4401095267099,7.19902041387264));
#4579=CARTESIAN_POINT('Ctrl Pts',(-52.1505000568284,20.4401095267099,11.5068334566897));
#4580=CARTESIAN_POINT('Ctrl Pts',(-52.2662656977317,20.4248278935628,7.19902041387264));
#4581=CARTESIAN_POINT('Ctrl Pts',(-52.2662656977317,20.4248278935628,11.5068334566897));
#4582=CARTESIAN_POINT('Ctrl Pts',(-52.3790611865957,20.3919988765244,7.19902041387264));
#4583=CARTESIAN_POINT('Ctrl Pts',(-52.3790611865957,20.3919988765244,11.5068334566897));
#4584=CARTESIAN_POINT('Ctrl Pts',(-52.4849920928977,20.3427284736856,7.19902041387264));
#4585=CARTESIAN_POINT('Ctrl Pts',(-52.4849920928977,20.3427284736856,11.5068334566897));
#4586=CARTESIAN_POINT('Ctrl Pts',(-52.5500079144744,20.3124884254145,7.19902041387264));
#4587=CARTESIAN_POINT('Ctrl Pts',(-52.5500079144744,20.3124884254145,11.5068334566897));
#4588=CARTESIAN_POINT('Ctrl Pts',(-52.6120599262872,20.2762306430019,7.19902041387264));
#4589=CARTESIAN_POINT('Ctrl Pts',(-52.6120599262872,20.2762306430019,11.5068334566897));
#4590=CARTESIAN_POINT('Ctrl Pts',(-52.6703348090092,20.2344256224177,7.19902041387264));
#4591=CARTESIAN_POINT('Ctrl Pts',(-52.6703348090092,20.2344256224177,11.5068334566897));
#4592=CARTESIAN_POINT('Ctrl Pts',(-52.7197707545943,20.1989614459794,7.19902041387264));
#4593=CARTESIAN_POINT('Ctrl Pts',(-52.7197707545943,20.1989614459794,11.5068334566897));
#4594=CARTESIAN_POINT('Ctrl Pts',(-52.7663164155173,20.1596286091315,7.19902041387264));
#4595=CARTESIAN_POINT('Ctrl Pts',(-52.7663164155173,20.1596286091315,11.5068334566897));
#4596=CARTESIAN_POINT('Ctrl Pts',(-52.8095325393093,20.1167968338574,7.19902041387264));
#4597=CARTESIAN_POINT('Ctrl Pts',(-52.8095325393093,20.1167968338574,11.5068334566897));
#4598=CARTESIAN_POINT('Ctrl Pts',(-52.8587104955377,20.0680562485203,7.19902041387264));
#4599=CARTESIAN_POINT('Ctrl Pts',(-52.8587104955377,20.0680562485203,11.5068334566897));
#4600=CARTESIAN_POINT('Ctrl Pts',(-52.9033853816194,20.0149745706701,7.19902041387264));
#4601=CARTESIAN_POINT('Ctrl Pts',(-52.9033853816194,20.0149745706701,11.5068334566897));
#4602=CARTESIAN_POINT('Ctrl Pts',(-52.9430130785833,19.9581993114749,7.19902041387264));
#4603=CARTESIAN_POINT('Ctrl Pts',(-52.9430130785833,19.9581993114749,11.5068334566897));
#4604=CARTESIAN_POINT('Ctrl Pts',(-53.0052809071827,19.8689871598964,7.19902041387264));
#4605=CARTESIAN_POINT('Ctrl Pts',(-53.0052809071827,19.8689871598964,11.5068334566897));
#4606=CARTESIAN_POINT('Ctrl Pts',(-53.0545653448228,19.77140293797,7.19902041387264));
#4607=CARTESIAN_POINT('Ctrl Pts',(-53.0545653448228,19.77140293797,11.5068334566897));
#4608=CARTESIAN_POINT('Ctrl Pts',(-53.0894039535808,19.6683734869973,7.19902041387264));
#4609=CARTESIAN_POINT('Ctrl Pts',(-53.0894039535808,19.6683734869973,11.5068334566897));
#4610=CARTESIAN_POINT('Ctrl Pts',(-53.1386215303866,19.522820604799,7.19902041387264));
#4611=CARTESIAN_POINT('Ctrl Pts',(-53.1386215303866,19.522820604799,11.5068334566897));
#4612=CARTESIAN_POINT('Ctrl Pts',(-53.1581537513457,19.3689300933668,7.19902041387264));
#4613=CARTESIAN_POINT('Ctrl Pts',(-53.1581537513457,19.3689300933668,11.5068334566897));
#4614=CARTESIAN_POINT('Ctrl Pts',(-53.1469142880976,19.2158120212997,7.19902041387264));
#4615=CARTESIAN_POINT('Ctrl Pts',(-53.1469142880976,19.2158120212997,11.5068334566897));
#4616=CARTESIAN_POINT('Ctrl Pts',(-53.1368752915648,19.07904821322,7.19902041387264));
#4617=CARTESIAN_POINT('Ctrl Pts',(-53.1368752915648,19.07904821322,11.5068334566897));
#4618=CARTESIAN_POINT('Ctrl Pts',(-53.1024584481776,18.9452261431146,7.19902041387264));
#4619=CARTESIAN_POINT('Ctrl Pts',(-53.1024584481776,18.9452261431146,11.5068334566897));
#4620=CARTESIAN_POINT('Ctrl Pts',(-53.0453391767304,18.8206608657822,7.19902041387264));
#4621=CARTESIAN_POINT('Ctrl Pts',(-53.0453391767304,18.8206608657822,11.5068334566897));
#4622=CARTESIAN_POINT('Ctrl Pts',(-53.0082522193919,18.739781908309,7.19902041387264));
#4623=CARTESIAN_POINT('Ctrl Pts',(-53.0082522193919,18.739781908309,11.5068334566897));
#4624=CARTESIAN_POINT('Ctrl Pts',(-52.9619088167353,18.6634907232054,7.19902041387264));
#4625=CARTESIAN_POINT('Ctrl Pts',(-52.9619088167353,18.6634907232054,11.5068334566897));
#4626=CARTESIAN_POINT('Ctrl Pts',(-52.9072464297726,18.5933148397894,7.19902041387264));
#4627=CARTESIAN_POINT('Ctrl Pts',(-52.9072464297726,18.5933148397894,11.5068334566897));
#4628=CARTESIAN_POINT('Ctrl Pts',(-52.8887210716598,18.5695318796334,7.19902041387264));
#4629=CARTESIAN_POINT('Ctrl Pts',(-52.8887210716598,18.5695318796334,11.5068334566897));
#4630=CARTESIAN_POINT('Ctrl Pts',(-52.8692814825383,18.5465042712454,7.19902041387264));
#4631=CARTESIAN_POINT('Ctrl Pts',(-52.8692814825383,18.5465042712454,11.5068334566897));
#4632=CARTESIAN_POINT('Ctrl Pts',(-52.848976626752,18.5242818431035,7.19902041387264));
#4633=CARTESIAN_POINT('Ctrl Pts',(-52.848976626752,18.5242818431035,11.5068334566897));
#4634=CARTESIAN_POINT('Ctrl Pts',(-52.8396703704588,18.514096712319,7.19902041387264));
#4635=CARTESIAN_POINT('Ctrl Pts',(-52.8396703704588,18.514096712319,11.5068334566897));
#4636=CARTESIAN_POINT('Ctrl Pts',(-52.8301823498457,18.5040807155822,7.19902041387264));
#4637=CARTESIAN_POINT('Ctrl Pts',(-52.8301823498457,18.5040807155822,11.5068334566897));
#4638=CARTESIAN_POINT('Ctrl Pts',(-52.8205172670053,18.4942386361977,7.19902041387264));
#4639=CARTESIAN_POINT('Ctrl Pts',(-52.8205172670053,18.4942386361977,11.5068334566897));
#4640=CARTESIAN_POINT('Ctrl Pts',(-52.7898549340551,18.4630147843186,7.19902041387264));
#4641=CARTESIAN_POINT('Ctrl Pts',(-52.7898549340551,18.4630147843186,11.5068334566897));
#4642=CARTESIAN_POINT('Ctrl Pts',(-52.7574104600863,18.4335412894503,7.19902041387264));
#4643=CARTESIAN_POINT('Ctrl Pts',(-52.7574104600863,18.4335412894503,11.5068334566897));
#4644=CARTESIAN_POINT('Ctrl Pts',(-52.7233342311439,18.405971146967,7.19902041387264));
#4645=CARTESIAN_POINT('Ctrl Pts',(-52.7233342311439,18.405971146967,11.5068334566897));
#4646=CARTESIAN_POINT('Ctrl Pts',(-52.7210094920551,18.4040902643135,7.19902041387264));
#4647=CARTESIAN_POINT('Ctrl Pts',(-52.7210094920551,18.4040902643135,11.5068334566897));
#4648=CARTESIAN_POINT('Ctrl Pts',(-52.7186847529664,18.4022093816601,7.19902041387264));
#4649=CARTESIAN_POINT('Ctrl Pts',(-52.7186847529664,18.4022093816601,11.5068334566897));
#4650=CARTESIAN_POINT('Ctrl Pts',(-52.7163600138776,18.4003284990066,7.19902041387264));
#4651=CARTESIAN_POINT('Ctrl Pts',(-52.7163600138776,18.4003284990066,11.5068334566897));
#4652=CARTESIAN_POINT('Ctrl Pts',(-182.189215009154,112.460875002222,8.15230472231661));
#4653=CARTESIAN_POINT('Ctrl Pts',(-182.189215009154,112.460875002222,12.4609911804094));
#4654=CARTESIAN_POINT('Ctrl Pts',(-131.825938356927,73.8762880563657,8.15230472231661));
#4655=CARTESIAN_POINT('Ctrl Pts',(-131.825938356927,73.8762880563657,12.4609911804094));
#4656=CARTESIAN_POINT('Ctrl Pts',(-81.4626617046996,35.2917011105091,8.15230472231661));
#4657=CARTESIAN_POINT('Ctrl Pts',(-81.4626617046996,35.2917011105091,12.4609911804094));
#4658=CARTESIAN_POINT('Ctrl Pts',(-31.0993850524725,-3.29288583534746,8.15230472231661));
#4659=CARTESIAN_POINT('Ctrl Pts',(-31.0993850524725,-3.29288583534746,12.4609911804094));
#4660=CARTESIAN_POINT('Ctrl Pts',(-31.0885814201966,-3.30116277276279,8.15230472231661));
#4661=CARTESIAN_POINT('Ctrl Pts',(-31.0885814201966,-3.30116277276279,12.4609911804094));
#4662=CARTESIAN_POINT('Ctrl Pts',(-31.0776380628543,-3.30924240460313,8.15230472231661));
#4663=CARTESIAN_POINT('Ctrl Pts',(-31.0776380628543,-3.30924240460313,12.4609911804094));
#4664=CARTESIAN_POINT('Ctrl Pts',(-31.066560624025,-3.31712161547259,8.15230472231661));
#4665=CARTESIAN_POINT('Ctrl Pts',(-31.066560624025,-3.31712161547259,12.4609911804094));
#4666=CARTESIAN_POINT('Ctrl Pts',(-31.0288953165341,-3.34391236600219,8.15230472231661));
#4667=CARTESIAN_POINT('Ctrl Pts',(-31.0288953165341,-3.34391236600219,12.4609911804094));
#4668=CARTESIAN_POINT('Ctrl Pts',(-30.9896799787854,-3.3683859289785,8.15230472231661));
#4669=CARTESIAN_POINT('Ctrl Pts',(-30.9896799787854,-3.3683859289785,12.4609911804094));
#4670=CARTESIAN_POINT('Ctrl Pts',(-30.9491351230616,-3.39042091443789,8.15230472231661));
#4671=CARTESIAN_POINT('Ctrl Pts',(-30.9491351230616,-3.39042091443789,12.4609911804094));
#4672=CARTESIAN_POINT('Ctrl Pts',(-30.9016228818237,-3.41624247739899,8.15230472231661));
#4673=CARTESIAN_POINT('Ctrl Pts',(-30.9016228818237,-3.41624247739899,12.4609911804094));
#4674=CARTESIAN_POINT('Ctrl Pts',(-30.8522845294542,-3.43871552911295,8.15230472231661));
#4675=CARTESIAN_POINT('Ctrl Pts',(-30.8522845294542,-3.43871552911295,12.4609911804094));
#4676=CARTESIAN_POINT('Ctrl Pts',(-30.8014754302853,-3.45764441207537,8.15230472231661));
#4677=CARTESIAN_POINT('Ctrl Pts',(-30.8014754302853,-3.45764441207537,12.4609911804094));
#4678=CARTESIAN_POINT('Ctrl Pts',(-30.6685179483363,-3.50717759916097,8.15230472231661));
#4679=CARTESIAN_POINT('Ctrl Pts',(-30.6685179483363,-3.50717759916097,12.4609911804094));
#4680=CARTESIAN_POINT('Ctrl Pts',(-30.5275504080112,-3.53167403566698,8.15230472231661));
#4681=CARTESIAN_POINT('Ctrl Pts',(-30.5275504080112,-3.53167403566698,12.4609911804094));
#4682=CARTESIAN_POINT('Ctrl Pts',(-30.385708653201,-3.52991119544367,8.15230472231661));
#4683=CARTESIAN_POINT('Ctrl Pts',(-30.385708653201,-3.52991119544367,12.4609911804094));
#4684=CARTESIAN_POINT('Ctrl Pts',(-30.2330083740339,-3.52801340311455,8.15230472231661));
#4685=CARTESIAN_POINT('Ctrl Pts',(-30.2330083740339,-3.52801340311455,12.4609911804094));
#4686=CARTESIAN_POINT('Ctrl Pts',(-30.082222602039,-3.49571873876637,8.15230472231661));
#4687=CARTESIAN_POINT('Ctrl Pts',(-30.082222602039,-3.49571873876637,12.4609911804094));
#4688=CARTESIAN_POINT('Ctrl Pts',(-29.9421651766864,-3.43493472525851,8.15230472231661));
#4689=CARTESIAN_POINT('Ctrl Pts',(-29.9421651766864,-3.43493472525851,12.4609911804094));
#4690=CARTESIAN_POINT('Ctrl Pts',(-29.8095340995092,-3.37737369865521,8.15230472231661));
#4691=CARTESIAN_POINT('Ctrl Pts',(-29.8095340995092,-3.37737369865521,12.4609911804094));
#4692=CARTESIAN_POINT('Ctrl Pts',(-29.6889433778572,-3.29531457909491,8.15230472231661));
#4693=CARTESIAN_POINT('Ctrl Pts',(-29.6889433778572,-3.29531457909491,12.4609911804094));
#4694=CARTESIAN_POINT('Ctrl Pts',(-29.5867253245474,-3.19307090851135,8.15230472231661));
#4695=CARTESIAN_POINT('Ctrl Pts',(-29.5867253245474,-3.19307090851135,12.4609911804094));
#4696=CARTESIAN_POINT('Ctrl Pts',(-29.4796338865477,-3.08595263189954,8.15230472231661));
#4697=CARTESIAN_POINT('Ctrl Pts',(-29.4796338865477,-3.08595263189954,12.4609911804094));
#4698=CARTESIAN_POINT('Ctrl Pts',(-29.3947422706726,-2.95871321099602,8.15230472231661));
#4699=CARTESIAN_POINT('Ctrl Pts',(-29.3947422706726,-2.95871321099602,12.4609911804094));
#4700=CARTESIAN_POINT('Ctrl Pts',(-29.3369526366378,-2.8186687853593,8.15230472231661));
#4701=CARTESIAN_POINT('Ctrl Pts',(-29.3369526366378,-2.8186687853593,12.4609911804094));
#4702=CARTESIAN_POINT('Ctrl Pts',(-29.2881416686078,-2.70038279693426,8.15230472231661));
#4703=CARTESIAN_POINT('Ctrl Pts',(-29.2881416686078,-2.70038279693426,12.4609911804094));
#4704=CARTESIAN_POINT('Ctrl Pts',(-29.259406930693,-2.5747582778244,8.15230472231661));
#4705=CARTESIAN_POINT('Ctrl Pts',(-29.259406930693,-2.5747582778244,12.4609911804094));
#4706=CARTESIAN_POINT('Ctrl Pts',(-29.2519521229027,-2.44697814489153,8.15230472231661));
#4707=CARTESIAN_POINT('Ctrl Pts',(-29.2519521229027,-2.44697814489153,12.4609911804094));
#4708=CARTESIAN_POINT('Ctrl Pts',(-29.2461810729414,-2.34805868888992,8.15230472231661));
#4709=CARTESIAN_POINT('Ctrl Pts',(-29.2461810729414,-2.34805868888992,12.4609911804094));
#4710=CARTESIAN_POINT('Ctrl Pts',(-29.2532184540786,-2.24879841177579,8.15230472231661));
#4711=CARTESIAN_POINT('Ctrl Pts',(-29.2532184540786,-2.24879841177579,12.4609911804094));
#4712=CARTESIAN_POINT('Ctrl Pts',(-29.2728957921769,-2.15166668068912,8.15230472231661));
#4713=CARTESIAN_POINT('Ctrl Pts',(-29.2728957921769,-2.15166668068912,12.4609911804094));
#4714=CARTESIAN_POINT('Ctrl Pts',(-29.2906229885049,-2.06416128447968,8.15230472231661));
#4715=CARTESIAN_POINT('Ctrl Pts',(-29.2906229885049,-2.06416128447968,12.4609911804094));
#4716=CARTESIAN_POINT('Ctrl Pts',(-29.3184810078448,-1.9790149310372,8.15230472231661));
#4717=CARTESIAN_POINT('Ctrl Pts',(-29.3184810078448,-1.9790149310372,12.4609911804094));
#4718=CARTESIAN_POINT('Ctrl Pts',(-29.3559082459026,-1.89794978578387,8.15230472231661));
#4719=CARTESIAN_POINT('Ctrl Pts',(-29.3559082459026,-1.89794978578387,12.4609911804094));
#4720=CARTESIAN_POINT('Ctrl Pts',(-29.3668669844095,-1.87421381767747,8.15230472231661));
#4721=CARTESIAN_POINT('Ctrl Pts',(-29.3668669844095,-1.87421381767747,12.4609911804094));
#4722=CARTESIAN_POINT('Ctrl Pts',(-29.3786245711068,-1.85087441166485,8.15230472231661));
#4723=CARTESIAN_POINT('Ctrl Pts',(-29.3786245711068,-1.85087441166485,12.4609911804094));
#4724=CARTESIAN_POINT('Ctrl Pts',(-29.3911573695631,-1.82797053151466,8.15230472231661));
#4725=CARTESIAN_POINT('Ctrl Pts',(-29.3911573695631,-1.82797053151466,12.4609911804094));
#4726=CARTESIAN_POINT('Ctrl Pts',(-29.4133168506281,-1.78747374220809,8.15230472231661));
#4727=CARTESIAN_POINT('Ctrl Pts',(-29.4133168506281,-1.78747374220809,12.4609911804094));
#4728=CARTESIAN_POINT('Ctrl Pts',(-29.4378998566863,-1.74833845173267,8.15230472231661));
#4729=CARTESIAN_POINT('Ctrl Pts',(-29.4378998566863,-1.74833845173267,12.4609911804094));
#4730=CARTESIAN_POINT('Ctrl Pts',(-29.4647760490716,-1.71077943910254,8.15230472231661));
#4731=CARTESIAN_POINT('Ctrl Pts',(-29.4647760490716,-1.71077943910254,12.4609911804094));
#4732=CARTESIAN_POINT('',(-30.9967427071863,-3.36305542927889,9.73586905132641));
#4733=CARTESIAN_POINT('Ctrl Pts',(-16.7565804319794,188.542004739012,7.30740291139034));
#4734=CARTESIAN_POINT('Ctrl Pts',(-16.7565804319794,188.542004739012,12.669558940652));
#4735=CARTESIAN_POINT('Ctrl Pts',(-29.9264059240676,129.603197299881,7.30740291139034));
#4736=CARTESIAN_POINT('Ctrl Pts',(-29.9264059240676,129.603197299881,12.669558940652));
#4737=CARTESIAN_POINT('Ctrl Pts',(-43.0962314161558,70.664389860751,7.30740291139034));
#4738=CARTESIAN_POINT('Ctrl Pts',(-43.0962314161558,70.664389860751,12.669558940652));
#4739=CARTESIAN_POINT('Ctrl Pts',(-56.266056908244,11.7255824216208,7.30740291139034));
#4740=CARTESIAN_POINT('Ctrl Pts',(-56.266056908244,11.7255824216208,12.669558940652));
#4741=CARTESIAN_POINT('Ctrl Pts',(-56.5027053263641,10.6665117790573,7.30740291139034));
#4742=CARTESIAN_POINT('Ctrl Pts',(-56.5027053263641,10.6665117790573,12.669558940652));
#4743=CARTESIAN_POINT('Ctrl Pts',(-56.6273717042616,9.58551205597936,7.30740291139034));
#4744=CARTESIAN_POINT('Ctrl Pts',(-56.6273717042616,9.58551205597936,12.669558940652));
#4745=CARTESIAN_POINT('Ctrl Pts',(-56.6379767786137,8.5003153297627,7.30740291139034));
#4746=CARTESIAN_POINT('Ctrl Pts',(-56.6379767786137,8.5003153297627,12.669558940652));
#4747=CARTESIAN_POINT('Ctrl Pts',(-56.6511449228914,7.15284462034697,7.30740291139034));
#4748=CARTESIAN_POINT('Ctrl Pts',(-56.6511449228914,7.15284462034697,12.669558940652));
#4749=CARTESIAN_POINT('Ctrl Pts',(-56.4883494805815,5.80945797477185,7.30740291139034));
#4750=CARTESIAN_POINT('Ctrl Pts',(-56.4883494805815,5.80945797477185,12.669558940652));
#4751=CARTESIAN_POINT('Ctrl Pts',(-56.153766363593,4.50415133280237,7.30740291139034));
#4752=CARTESIAN_POINT('Ctrl Pts',(-56.153766363593,4.50415133280237,12.669558940652));
#4753=CARTESIAN_POINT('Ctrl Pts',(-55.6511092221797,2.54313874129555,7.30740291139034));
#4754=CARTESIAN_POINT('Ctrl Pts',(-55.6511092221797,2.54313874129555,12.669558940652));
#4755=CARTESIAN_POINT('Ctrl Pts',(-54.7688253953732,0.699684011702233,7.30740291139034));
#4756=CARTESIAN_POINT('Ctrl Pts',(-54.7688253953732,0.699684011702233,12.669558940652));
#4757=CARTESIAN_POINT('Ctrl Pts',(-53.5572094620089,-0.92194717876149,7.30740291139034));
#4758=CARTESIAN_POINT('Ctrl Pts',(-53.5572094620089,-0.92194717876149,12.669558940652));
#4759=CARTESIAN_POINT('Ctrl Pts',(-52.3283612463184,-2.56664211882895,7.30740291139034));
#4760=CARTESIAN_POINT('Ctrl Pts',(-52.3283612463184,-2.56664211882895,12.669558940652));
#4761=CARTESIAN_POINT('Ctrl Pts',(-50.7851791984487,-3.95049852485034,7.30740291139034));
#4762=CARTESIAN_POINT('Ctrl Pts',(-50.7851791984487,-3.95049852485034,12.669558940652));
#4763=CARTESIAN_POINT('Ctrl Pts',(-49.0178947042337,-4.99364331310767,7.30740291139034));
#4764=CARTESIAN_POINT('Ctrl Pts',(-49.0178947042337,-4.99364331310767,12.669558940652));
#4765=CARTESIAN_POINT('Ctrl Pts',(-47.662811168793,-5.79348529229966,7.30740291139034));
#4766=CARTESIAN_POINT('Ctrl Pts',(-47.662811168793,-5.79348529229966,12.669558940652));
#4767=CARTESIAN_POINT('Ctrl Pts',(-46.195019381887,-6.3818854774626,7.30740291139034));
#4768=CARTESIAN_POINT('Ctrl Pts',(-46.195019381887,-6.3818854774626,12.669558940652));
#4769=CARTESIAN_POINT('Ctrl Pts',(-44.6645249591332,-6.73964137106365,7.30740291139034));
#4770=CARTESIAN_POINT('Ctrl Pts',(-44.6645249591332,-6.73964137106365,12.669558940652));
#4771=CARTESIAN_POINT('Ctrl Pts',(-43.0106180139206,-7.12624516936626,7.30740291139034));
#4772=CARTESIAN_POINT('Ctrl Pts',(-43.0106180139206,-7.12624516936626,12.669558940652));
#4773=CARTESIAN_POINT('Ctrl Pts',(-41.3055810312797,-7.23838192594959,7.30740291139034));
#4774=CARTESIAN_POINT('Ctrl Pts',(-41.3055810312797,-7.23838192594959,12.669558940652));
#4775=CARTESIAN_POINT('Ctrl Pts',(-39.6166588371283,-7.07191290331022,7.30740291139034));
#4776=CARTESIAN_POINT('Ctrl Pts',(-39.6166588371283,-7.07191290331022,12.669558940652));
#4777=CARTESIAN_POINT('Ctrl Pts',(-38.0903614354556,-6.92147303249004,7.30740291139034));
#4778=CARTESIAN_POINT('Ctrl Pts',(-38.0903614354556,-6.92147303249004,12.669558940652));
#4779=CARTESIAN_POINT('Ctrl Pts',(-36.5937092733169,-6.54506376920397,7.30740291139034));
#4780=CARTESIAN_POINT('Ctrl Pts',(-36.5937092733169,-6.54506376920397,12.669558940652));
#4781=CARTESIAN_POINT('Ctrl Pts',(-35.1756056773334,-5.95339358460269,7.30740291139034));
#4782=CARTESIAN_POINT('Ctrl Pts',(-35.1756056773334,-5.95339358460269,12.669558940652));
#4783=CARTESIAN_POINT('Ctrl Pts',(-33.6167746804924,-5.30300822046192,7.30740291139034));
#4784=CARTESIAN_POINT('Ctrl Pts',(-33.6167746804924,-5.30300822046192,12.669558940652));
#4785=CARTESIAN_POINT('Ctrl Pts',(-32.176651274504,-4.40281508332521,7.30740291139034));
#4786=CARTESIAN_POINT('Ctrl Pts',(-32.176651274504,-4.40281508332521,12.669558940652));
#4787=CARTESIAN_POINT('Ctrl Pts',(-30.9090207021749,-3.28638027538592,7.30740291139034));
#4788=CARTESIAN_POINT('Ctrl Pts',(-30.9090207021749,-3.28638027538592,12.669558940652));
#4789=CARTESIAN_POINT('Ctrl Pts',(-30.8123575547107,-3.20124655833163,7.30740291139034));
#4790=CARTESIAN_POINT('Ctrl Pts',(-30.8123575547107,-3.20124655833163,12.669558940652));
#4791=CARTESIAN_POINT('Ctrl Pts',(-30.7156944072464,-3.11611284127735,7.30740291139034));
#4792=CARTESIAN_POINT('Ctrl Pts',(-30.7156944072464,-3.11611284127735,12.669558940652));
#4793=CARTESIAN_POINT('Ctrl Pts',(-30.6190312597822,-3.03097912422306,7.30740291139034));
#4794=CARTESIAN_POINT('Ctrl Pts',(-30.6190312597822,-3.03097912422306,12.669558940652));
#4795=UNCERTAINTY_MEASURE_WITH_UNIT(LENGTH_MEASURE(0.01),#4799,
'DISTANCE_ACCURACY_VALUE',
'Maximum model space distance between geometric entities at asserted c
onnectivities');
#4796=UNCERTAINTY_MEASURE_WITH_UNIT(LENGTH_MEASURE(0.01),#4799,
'DISTANCE_ACCURACY_VALUE',
'Maximum model space distance between geometric entities at asserted c
onnectivities');
#4797=(
GEOMETRIC_REPRESENTATION_CONTEXT(3)
GLOBAL_UNCERTAINTY_ASSIGNED_CONTEXT((#4795))
GLOBAL_UNIT_ASSIGNED_CONTEXT((#4799,#4801,#4802))
REPRESENTATION_CONTEXT('','3D')
);
#4798=(
GEOMETRIC_REPRESENTATION_CONTEXT(3)
GLOBAL_UNCERTAINTY_ASSIGNED_CONTEXT((#4796))
GLOBAL_UNIT_ASSIGNED_CONTEXT((#4799,#4801,#4802))
REPRESENTATION_CONTEXT('','3D')
);
#4799=(
LENGTH_UNIT()
NAMED_UNIT(*)
SI_UNIT(.MILLI.,.METRE.)
);
#4800=(
LENGTH_UNIT()
NAMED_UNIT(*)
SI_UNIT($,.METRE.)
);
#4801=(
NAMED_UNIT(*)
PLANE_ANGLE_UNIT()
SI_UNIT($,.RADIAN.)
);
#4802=(
NAMED_UNIT(*)
SI_UNIT($,.STERADIAN.)
SOLID_ANGLE_UNIT()
);
#4803=SHAPE_DEFINITION_REPRESENTATION(#4804,#4805);
#4804=PRODUCT_DEFINITION_SHAPE('',$,#4807);
#4805=SHAPE_REPRESENTATION('',(#620),#4797);
#4806=PRODUCT_DEFINITION_CONTEXT('part definition',#4811,'design');
#4807=PRODUCT_DEFINITION('RemovableGateOEMv1.1','ThreadHolder v1',#4808,
#4806);
#4808=PRODUCT_DEFINITION_FORMATION('',$,#4813);
#4809=PRODUCT_RELATED_PRODUCT_CATEGORY('ThreadHolder v1',
'ThreadHolder v1',(#4813));
#4810=APPLICATION_PROTOCOL_DEFINITION('international standard',
'ap242_managed_model_based_3d_engineering',2011,#4811);
#4811=APPLICATION_CONTEXT('Managed model based 3d engineering');
#4812=PRODUCT_CONTEXT('part definition',#4811,'mechanical');
#4813=PRODUCT('RemovableGateOEMv1.1','ThreadHolder v1',$,(#4812));
#4814=PRESENTATION_STYLE_ASSIGNMENT((#4816));
#4815=PRESENTATION_STYLE_ASSIGNMENT((#4817));
#4816=SURFACE_STYLE_USAGE(.BOTH.,#4818);
#4817=SURFACE_STYLE_USAGE(.BOTH.,#4819);
#4818=SURFACE_SIDE_STYLE('',(#4820));
#4819=SURFACE_SIDE_STYLE('',(#4821));
#4820=SURFACE_STYLE_FILL_AREA(#4822);
#4821=SURFACE_STYLE_FILL_AREA(#4823);
#4822=FILL_AREA_STYLE('Plate',(#4824));
#4823=FILL_AREA_STYLE('Opaque(200,200,200)',(#4825));
#4824=FILL_AREA_STYLE_COLOUR('Plate',#4826);
#4825=FILL_AREA_STYLE_COLOUR('Opaque(200,200,200)',#4827);
#4826=COLOUR_RGB('Plate',0.6,0.6,0.6);
#4827=COLOUR_RGB('Opaque(200,200,200)',0.784313725490196,0.784313725490196,
0.784313725490196);
ENDSEC;
END-ISO-10303-21;
